苗阿哥,https://www.dianping.com/shop/k3qBm64rNAbe9boJ,22条评价,人均￥26,土豆饼 麻婆豆腐 酸汤牛肉
厨心匠造,https://www.dianping.com/shop/H1lfab5Q3I9kT5lz,1条评价,人均-,北京烤鸭 辣椒炒肉 厨心生煎
食话说辣(岑巩店),https://www.dianping.com/shop/G59poCX1TewAdC2H,4条评价,人均-,小炒黄牛肉 雷辣椒皮蛋 火爆猪肚
不见不散简餐厅(三店),https://www.dianping.com/shop/G8pMkPaFdbCj7sz1,33条评价,人均￥21,水果捞 葡萄干 油炸花生米
重庆自助火锅(岑巩店),https://www.dianping.com/shop/H4OOFvYecI0Putdu,1条评价,人均-,鸭肠
大坛小萝(贵州岑巩店),https://www.dianping.com/shop/H7sZoAifefSJ5Pbc,1条评价,人均-,蕨粑一份卤蛋一份木瓜丝一份 麻辣鸡爪 魔芋豆腐
贵阳特色豆米火锅野菜馆(岑巩店),https://www.dianping.com/shop/G99vNUErtNCdo2z9,,人均-,豆米火锅 川味回锅肉 鱼香肉丝
小黄牛鲜菜馆,https://www.dianping.com/shop/k2w1pyXsXdZtuEKa,1条评价,人均-,凉拌黄瓜 脆香花生米 南瓜饼
老腾鱼酱酸,https://www.dianping.com/shop/H9SyYP9G7ie5sXI0,1条评价,人均-,香辣大虾 肉沫酸菜 折耳根腊味
华莱士·全鸡汉堡(岑巩羊坪店),https://www.dianping.com/shop/G1buLOIgTShsqhhW,35条评价,人均-,蜜汁手扒鸡 香辣鸡肉卷 香辣鸡腿堡
夜来香小豆腐,https://www.dianping.com/shop/G9GETVAQw4FSu2Ks,,人均-,小瓜串 大黑虎虾 千叶豆腐
原时烤肉电音酒场(银海巷店),https://www.dianping.com/shop/H5oj3HJIZKjRpwDP,3条评价,人均-,虾滑 肋条 土豆片
东记螺蛳牛肉,https://www.dianping.com/shop/lan6fQP7OcZueXd7,,人均-,清汤牛肉 螺丝牛排 肥肠炒牛肉
抛抛碳烤肉,https://www.dianping.com/shop/k9QTIEUbEx8UA1UR,1条评价,人均-,凉拌花生 炒尖粑 凉拌黄瓜
万福路口凯里酸汤沙锅粉,https://www.dianping.com/shop/k1QA85lud4dkZCT4,,人均-,牛肉粉
二娃子夜市,https://www.dianping.com/shop/G2Jy16E5Is1uIb2u,,人均-,生蚝 鱿鱼脚 炒饭
不见不散简餐厅(二店),https://www.dianping.com/shop/H2y7MGT2ezJ2Iv5y,15条评价,人均￥21,原味奶茶 香辣鸡翅 葡萄干
不见不散简餐厅(五店),https://www.dianping.com/shop/kanD9H1Jb9VK1DBD,8条评价,人均-,拿铁 卡布奇诺 摩卡
重庆老味火锅,https://www.dianping.com/shop/H6rnpq95psriWlyu,,人均-,南瓜藤 午餐肉 卤猪皮
百里香(渡口路店),https://www.dianping.com/shop/l5traPBXABdpp3LJ,2条评价,人均-,KT猫蛋糕 自行车架子蛋糕 热狗披萨
大唐饼业(思州路店),https://www.dianping.com/shop/l6eRtJZMMYw5Hjs1,1条评价,人均￥21,
辰天餐厅,https://www.dianping.com/shop/l1faUDt1zOBiZaOs,,人均-,
国永餐馆,https://www.dianping.com/shop/jUt6PDPGvkBWZqRT,,人均-,
大龙火锅(思州国际城店),https://www.dianping.com/shop/k3vvINLhHHVVzy8V,8条评价,人均-,
蜜雪冰城,https://www.dianping.com/shop/G24hOjN97h3XC1mA,3条评价,人均-,
炮木糟辣毛肚,https://www.dianping.com/shop/H4cInkOLszaqLpUJ,,人均-,
臻滋味(岑巩店),https://www.dianping.com/shop/k8GJP8CLflzuSJNi,1条评价,人均-,
重庆冷锅鱼,https://www.dianping.com/shop/l9xySOUdbxkt6fxa,3条评价,人均-,
黄记粉馆,https://www.dianping.com/shop/G4TzXW5W00trH6ey,,人均-,
下江腩牛腩火锅,https://www.dianping.com/shop/k1Cg951GP1j20UwW,1条评价,人均-,
二扯火卤味鲜货火锅,https://www.dianping.com/shop/k2AbqwcZ8jRD1qsl,1条评价,人均-,
二娃铺盖面,https://www.dianping.com/shop/k3035j94j8snjBS9,,人均-,牛肉圆粉 怪噜炒饭 芒果凉糕
尝味餐馆,https://www.dianping.com/shop/k6p7GEhE0gyxUNQn,,人均-,毛血旺 泡椒鸡杂 苦瓜炒蛋
正宗特色鹅肉馆,https://www.dianping.com/shop/k4X1KdNjmjncUcqx,1条评价,人均-,特色炸豆腐 无骨鹅肉 鹅翅
好又多西饼屋,https://www.dianping.com/shop/HaqUfcKRcsQKWVWo,55条评价,人均-,水果蛋糕 鲜奶水果蛋糕 水果小蛋糕
遵义羊牛肉粉,https://www.dianping.com/shop/Gahs8eVQvhGwiUEo,,人均-,
臻滋味(地标广场店),https://www.dianping.com/shop/H6EsEBHEPZnSh2He,,人均-,
重庆川潮老火锅,https://www.dianping.com/shop/H2VJn9ZeGaSX8cCz,1条评价,人均-,
安顺牛肉粉,https://www.dianping.com/shop/G33rmrXTmkAceMgH,,人均-,
老北京炸酱面,https://www.dianping.com/shop/k8JaqGfhR6GtqXlj,,人均-,
串门麻辣烫,https://www.dianping.com/shop/l5yM8J7ayQibeLdG,1条评价,人均-,
蔡氏武冈,https://www.dianping.com/shop/H7KIE9bhSu7icFPD,,人均-,
朱氏榨油坊,https://www.dianping.com/shop/H9r8QPLDIg86ZVra,,人均-,
甜蜜时光烘焙,https://www.dianping.com/shop/l3povLeorwfVbEKH,,人均-,
可可茶饮,https://www.dianping.com/shop/k2vSBLjQQvSvNdAq,,人均-,
毕节臭豆腐,https://www.dianping.com/shop/l7FyEtBVyL9N8dJF,,人均-,
农家醉鹅,https://www.dianping.com/shop/l6BgK2KMfAs3USyL,,人均-,
创艺包点,https://www.dianping.com/shop/G7xHrGn6ox832exI,,人均-,绿豆粥 黑米粥 皮蛋瘦肉粥
远古烤肉,https://www.dianping.com/shop/H14h1ldW53wb4AVP,,人均-,竹签烤肉
烧烤岁月,https://www.dianping.com/shop/G1fAgEEy07vicFKk,,人均-,香辣小龙虾 麻辣小龙虾 肉炒湿粉
鑫岑夜市,https://www.dianping.com/shop/H8qcnGyTFK4cC2sp,,人均-,烤金针菇 臭豆腐 小瓜片
糟辣麻辣牛四两,https://www.dianping.com/shop/H3BceN5v2nDp08D6,,人均-,
味香源煲仔饭,https://www.dianping.com/shop/gaLYtj2JNS2x5MWg,,人均-,番茄炒蛋煲仔饭
本地原汤牛羊肉粉,https://www.dianping.com/shop/lacYbMiwQTUt7FY1,,人均-,
原始部落豆花烤鱼,https://www.dianping.com/shop/k69HrFqmDXM9urN5,,人均-,田螺 香辣虾 豆腐花烤鱼
凯里雷氏坨辣子鸡,https://www.dianping.com/shop/G8lSweIXFWuD8LRB,,人均-,剁椒鱼头 泡椒肉片 农家小炒肉
酸汤砂锅粉,https://www.dianping.com/shop/k37GfofpiZM5DqUv,,人均-,
闽台馄饨王,https://www.dianping.com/shop/H6jKNUVURJufdO00,,人均-,特色小笼包 鸡蛋 生馄饨
刀削面(舞水南路店),https://www.dianping.com/shop/k2OoedirOI1LG89a,,人均-,
文化酒楼,https://www.dianping.com/shop/H9uEfHQrDeeuL9dp,,人均-,
