古典鸡饭店,https://www.dianping.com/shop/EKXYxZYiDJQBtH1q,1o8条评价,人均￥66,水蒸鸡 古典鸡 酿豆腐
莫半熊餐厅,https://www.dianping.com/shop/HawUuoxxIVsS3orj,4条评价,人均-,泰式炭烧肉 西柚气泡水 黑椒牛柳意面
蜀大侠火锅(广场店),https://www.dianping.com/shop/k6Ahhboy6DRrPzm6,214条评价,人均￥1oo,神仙肥牛 大侠脆毛肚 网红牛羊天下
ARTEASG(新加坡奶茶·广南路店),https://www.dianping.com/shop/G86BVVTJvnbIvgZP,11条评价,人均-,牛油果甘露 芝士牛油果 黑糖奶霜鲜牛乳（冰）
樱田日式料理,https://www.dianping.com/shop/H8mWzJptH4HGoenc,7条评价,人均-,三文鱼 蟹籽寿司 蒲烧鳗鱼
零件儿炸鸡,https://www.dianping.com/shop/H9qtQKn8rmabZTNL,3条评价,人均-,韩式果酱炸鸡 蜂蜜芝士芥末炸鸡 零件儿老友粉
友局,https://www.dianping.com/shop/G2nTpit4nJgga4iJ,1条评价,人均-,泰式冬阴功汤 葱葱鸭爱芝士烤饼 泰式彩椒鸡肉烤串
蛙小侠(岑溪商贸中心店),https://www.dianping.com/shop/k7WclvxPxTs1sMKX,191条评价,人均￥49,青椒紫苏蛙 麻辣蛙 老长沙冰粉
北斗星咖啡,https://www.dianping.com/shop/H9t2yPBX01t5RhR5,144条评价,人均￥37,烤翅 柑橘蜂蜜 水煮鱿鱼
小龙坎老火锅(岑溪水晶城店),https://www.dianping.com/shop/H9496YJGrAxwrdq7,47条评价,人均￥1o2,肥肠节子（个） 极地冰丸子鹅肠 全番茄锅
中华茶楼(思湖路店),https://www.dianping.com/shop/H5bGXazt6MnwhNvt,26条评价,人均￥55,中华招牌虾饺皇 八珍醋猪脚姜 椰汁木瓜奶糕
木司Mousse,https://www.dianping.com/shop/l4ecI85aHjyOMCGe,1条评价,人均-,
正源柳州螺蛳粉店,https://www.dianping.com/shop/H6cfr8NeWSNzQQe9,5条评价,人均-,螺蛳丝粉
老字号亚肚狗肉店,https://www.dianping.com/shop/k7upjyJRMpVlrdGz,3条评价,人均-,泡椒 隔山肉 粟粥
华昌私房菜,https://www.dianping.com/shop/k8NZehiYH0PdoVff,3条评价,人均￥3o,桑拿无骨鸡项 桑拿鱼 鲅鱼水饺
肯德基(岑溪店),https://www.dianping.com/shop/Ff7zntTsiff54tC1,44条评价,人均￥36,外带全家桶 薯条 金沙咸蛋黄香辣鸡翅
曾老实重庆小碗菜火锅(岑溪店),https://www.dianping.com/shop/kad5CUIvUiDw69hz,72条评价,人均-,曾老实重庆小碗菜火锅 酸梅汁 嫩牛肉
野街果酱烧烤(岑溪育才路店),https://www.dianping.com/shop/kajZ7DSNwRIsil0R,6条评价,人均-,宜州烤鱼 掌中宝 烤玉米
黄氏正轩牛奶甜品专家,https://www.dianping.com/shop/kaVKDOYcOSGzwNZX,43条评价,人均￥1o,牛奶桃胶 椰香芒果西米露 招牌双皮奶
渝不晚,https://www.dianping.com/shop/l5zhc8rmfhU5h5gA,2条评价,人均-,渝不晚豌杂面 拇指生煎包 韭菜盒子
沁口香柠·专注香水柠檬茶(广南路店),https://www.dianping.com/shop/l5aA8alBONZb8qsk,36条评价,人均-,鲜金桔柠檬茶 暴打柠檬茶 红茶牛奶玛奇朵
三品王(岑溪店),https://www.dianping.com/shop/l1xRh9Ejh1ybSPct,18条评价,人均￥14,原汤牛肉粉 红烧牛楠粉 多C番茄牛肉粉
红林茶楼(广场店),https://www.dianping.com/shop/H5o4x4FXuTl7lOYS,11条评价,人均-,薄皮雪榴莲 芒果料理分子 麻香芋丝糕
皇室经典牛排火锅自助餐厅(岑溪店),https://www.dianping.com/shop/G38vF7PbzjgJBMBm,666条评价,人均￥65,自助餐 花甲 水果
贵港佬烤鱼(原城南店)(育才店),https://www.dianping.com/shop/G7n3Pv6dxPgqR2hr,14条评价,人均-,火腿肠 姜葱粥 蒜心
小螺记螺蛳粉,https://www.dianping.com/shop/k36YsjVmympcyj08,447条评价,人均￥11,煲螺蛳粉 混合粉 炒螺蛳粉
有米饭店(育才路店),https://www.dianping.com/shop/G5qV5DVmy71VC5HM,28条评价,人均-,鸡腿 鸡全翅 茄子
香八方重庆老火锅(解放大道店),https://www.dianping.com/shop/G5tdYxfUocnpI2T8,8条评价,人均-,鸳鸯锅 精品肥牛 麻辣牛肉片
大熊熊螺蛳粉(岑溪店),https://www.dianping.com/shop/G4quvgLeMBnq8Vas,1条评价,人均-,螺蛳粉+猪脚+鸭爪+炸蛋
臣熙甜点(岑溪店),https://www.dianping.com/shop/lankfjqNpa9dsRi6,5条评价,人均￥2o,豆乳盒子 芒果芝士流心 三明治
潮汕海记粥王(育才旗舰店),https://www.dianping.com/shop/G6Z26Tm0ejTZfPaH,1o条评价,人均-,酸竹笋炒石螺 海鲜粥 干炒牛河
御蛙城(商贸城店),https://www.dianping.com/shop/k5m3WXrsfA1gVswN,229条评价,人均-,双椒紫苏味牛蛙 双椒紫苏味 娃娃菜
岑小溪豆腐酿,https://www.dianping.com/shop/ETrBsmYZ99HHsUrz,1oo条评价,人均￥15,美味豆腐酿 美味蛋酿 豆腐酿饭
生鲜粥皇(岑溪店),https://www.dianping.com/shop/G14wPz1KQIlNQsOT,53条评价,人均￥46,海鲜粥 三丝炒三宝粉 炒石螺
米其骏料理寿司(思湖店),https://www.dianping.com/shop/HamIlWB16akpbJOl,11条评价,人均-,鳗鱼炒饭 三文鱼芝士卷 红蟹子军舰
食猫,https://www.dianping.com/shop/k92ZIgFUu8VjX0nV,6条评价,人均-,
北上广炭炉烤肉(广场店),https://www.dianping.com/shop/l6VIABTiJHZR9at1,5o条评价,人均-,
一日三餐‎一年四季,https://www.dianping.com/shop/G8gOpXOBw1erUg2w,2条评价,人均-,
东山驴庄(岑溪店),https://www.dianping.com/shop/H46DV0lYcIn7Xnyy,18o条评价,人均￥33,
幸福之约蛋糕店(旗舰店),https://www.dianping.com/shop/G6b3yblWNByKRnm2,8o8条评价,人均￥27,
战神烧烤酒馆,https://www.dianping.com/shop/k7J48kRj46C1nkZO,2条评价,人均-,
天天红旗舰店·猪肚鸡·羊肉火锅·火焰鹅(育才店),https://www.dianping.com/shop/k8GLcl1nXeQ7bytG,41条评价,人均-,
口口香甲鱼鸡煲(育才店),https://www.dianping.com/shop/G4XH31EXFcl8wfx2,3条评价,人均-,
快乐番薯(商贸中心店),https://www.dianping.com/shop/G32M1N4MBXf0olFE,17条评价,人均-,
淘蛙(岑溪步行街店),https://www.dianping.com/shop/H79iYIb2jGCJjeSb,122条评价,人均-,
好吃点餐厅,https://www.dianping.com/shop/FJcHMTcYsPqBfYpu,241条评价,人均￥34,水蒸鸡 黄金豆腐 水蒸梅子鸭
夏云粉店,https://www.dianping.com/shop/l5Y6rrwfFJm4ppJ7,3条评价,人均-,鸭肉粉 雪里红鱿鱼粉 招牌粉
正宗·潮汕潮牛牛火锅(明都店),https://www.dianping.com/shop/EcRGUSgr0tJVwyBS,13条评价,人均-,匙柄部位牛肉 牛肉丸 奶茶鸳鸯汤底
叉图牛排火锅(欣建国际店),https://www.dianping.com/shop/FSx4bQdGCm0x0Wxb,85条评价,人均-,叉图秘制牛排 肥牛 叉图秘制嫩牛肉
陶缘螺蛳粉,https://www.dianping.com/shop/G5QS4HIvtN7C2ADs,2条评价,人均-,招牌螺蛳粉 招牌牛腩粉 腐竹
哇哇蛋糕烘焙工作室,https://www.dianping.com/shop/H7H7tWWXIHpFon7d,3条评价,人均-,蛋糕diy 迪士尼星黛露 车厘子炸弹
为天柳州螺蛳粉,https://www.dianping.com/shop/k3z9GgZNwlDBtSdx,1条评价,人均-,优酸乳 腐竹 酸菜
御宴香手撕鸡(新兴店),https://www.dianping.com/shop/G4UWZcgcjovxsXly,2o5条评价,人均￥27,御香手撕鸡 脆皮烧鸭 美味香辣鸭掌
印象·状元,https://www.dianping.com/shop/H8RxmxqMIHOZ4KNG,346条评价,人均-,鲜果布蕾蛋糕 栗子蛋糕 酥皮蛋挞
滑二狗肉城,https://www.dianping.com/shop/k6cfeahmY7nZ5Y8i,,人均-,
北水田螺汤,https://www.dianping.com/shop/k4xFK1w261lfVRZn,3条评价,人均-,
塔斯汀中国汉堡(岑溪商贸城店),https://www.dianping.com/shop/l4yvFPH00xjRzGLX,62条评价,人均-,
粤菜海鲜楼(丽景湾花园店),https://www.dianping.com/shop/G4v4UzlMRN4wraL8,,人均-,
狠牛牛杂(岑溪店),https://www.dianping.com/shop/k29y0eFoN2cfHpiO,1条评价,人均-,
正宗口口香石锅鱼,https://www.dianping.com/shop/H7iBMWzgC72Hyz9W,93条评价,人均￥48,
