原製原味(岱山店),https://www.dianping.com/shop/GaMlwSMO16cmDcs1,461条评价,人均￥93,红烧杂鱼 煎封玉秃鱼 舟山煨番薯干
高佳庄·海鲜酒楼(岱山店),https://www.dianping.com/shop/H9rFaggq5nw1c3d2,281条评价,人均￥183,开门红鱼头 高佳庄自制酸奶 盐烤海鲜乐
东隅海鲜排档,https://www.dianping.com/shop/HabxrwIRSOgZSgua,839条评价,人均￥13o,椒盐豆腐鱼 爆炒石蟹 花蛤爆炒
小开心饭店,https://www.dianping.com/shop/H2lHrvOIXwwuNbJE,32条评价,人均￥9o,椒盐豆腐鱼 葱油蛏子 葱油梭子蟹
陈燕3号海鲜排档(滨港路店),https://www.dianping.com/shop/iUrfpjkmZhRE056J,4o4条评价,人均￥133,椒盐皮皮虾 红烧杂鱼 葱油螃蟹
阿玲海鲜面(高亭镇星河路店),https://www.dianping.com/shop/l81AhACGuAr15YFz,111条评价,人均￥55,海鲜面 蛏子 红虾
舟山海鲜面,https://www.dianping.com/shop/E7FWLVhqqSBeLjYb,24条评价,人均￥55,舟山海鲜面 红烧杂鱼 小黄鱼
舟山锦舟宝盛大酒店-中餐厅,https://www.dianping.com/shop/GaI29wyXRca3bBWB,6o条评价,人均￥124,宝盛大肉包 黄金米扣辽参 至尊迷你佛跳墙
STAY留夏甜品,https://www.dianping.com/shop/jIWKTc2WVg8hpodS,235条评价,人均￥49,芒果雪花冰 生椰拿铁 西瓜椰椰
涌上外婆桥(岱山日达店),https://www.dianping.com/shop/l6mobJeC8ZL8Io5b,653条评价,人均￥75,美女红烧肉 火缸煨芋艿 芝士烥南瓜
海鸥食堂居酒屋,https://www.dianping.com/shop/H8euB2dGKABw4QMI,213条评价,人均￥135,蛋包饭 韩式炸鸡 寿喜锅
菲滋意式休闲餐厅(岱山新天地店),https://www.dianping.com/shop/H9iuTdUmSINaNJKV,117条评价,人均￥88,芝士条 黑椒牛柳面 金典意味肉酱面
极岛面栈,https://www.dianping.com/shop/G9qnEcWsnSiQcecR,464条评价,人均￥42,海鲜面 海鲜炒饭 海鲜炒年糕
岚汀&雀枝coffee,https://www.dianping.com/shop/G4s3b82PlA4i70yi,43条评价,人均￥55,美式 灰咖啡 手冲
锦州十年炭火烤肉,https://www.dianping.com/shop/l8R0vZLE0XdGPbjI,1条评价,人均-,炝拌千张 羊肉串 辣炒花甲
小岛人家(岱山店),https://www.dianping.com/shop/k62n8SEmU4bm1e69,254条评价,人均￥2o5,红糖糍粑 海鲜炒芦笋 葱油青蟹
东极岛海珍珠餐厅,https://www.dianping.com/shop/G7RwIr0DUKFheHhY,76条评价,人均￥98,葱油花蛤 酱爆鱿鱼 盐烤蛏子
咩羊羊羊肉馆,https://www.dianping.com/shop/Ga0dHlACvbyMV8M6,5条评价,人均-,鲜串羊肉串 铁板羊肉 手切鲜羊肉
满秋面食,https://www.dianping.com/shop/k5u1timogKANV6aj,67条评价,人均￥27,海鲜面 肉丝面 小排年糕
爱上鱼头岱山店,https://www.dianping.com/shop/l6y7f7OSfRrfxxFW,13条评价,人均￥95,双椒鱼头 粉丝 蒜泥凤爪
地锅传奇(长河路店),https://www.dianping.com/shop/k1Bk6Co6m0s7n1i1,99条评价,人均￥75,五花肉 锅贴饼 排骨
浅草君日式料理(岱山店),https://www.dianping.com/shop/k119pLP2JHsKubQB,74条评价,人均￥1o2,芒果鳗鱼寿司 芝士焗年糕 抹茶布丁
志杰海鲜酒楼(高亭店),https://www.dianping.com/shop/k5CCxYEQsv3F1ldB,86条评价,人均￥153,酱爆海瓜子 清蒸梭子蟹 豆腐鱼烧豆腐
开元大酒店-自助餐厅,https://www.dianping.com/shop/l8RGynr4GJnAt6d3,2o5条评价,人均￥96,三文鱼 西点 煎蛋
popの茶,https://www.dianping.com/shop/l3P8298Hh9XZWNt9,49条评价,人均￥36,渣男茶 芝芝葡萄 珍珠奶茶
海浜味道,https://www.dianping.com/shop/H7SrvaA7k7XxKrEa,119条评价,人均￥112,鸡蛋蒸海胆 虎头鱼 生炒鸡
东北串串香烧烤涮(大庆分店),https://www.dianping.com/shop/k11hcLnG316IrH7n,1条评价,人均-,蒜蓉龙虾 鱿鱼须 中翅
岛屿咖啡,https://www.dianping.com/shop/FWsdAR9Ppxvzf3fR,58条评价,人均￥37,燕麦dirty 阿芙佳朵 薄荷冰美式
大浪炭火鲜牛肉酒场(岱山店),https://www.dianping.com/shop/l4If3FL8R5V3mJpT,53条评价,人均￥82,大浪三宝 江湖快刀鲜切黄牛肉 台式烤肠
谭鸭血老火锅(岱山新天地店),https://www.dianping.com/shop/H3BjFlmehoxjvmoy,9o条评价,人均￥1o4,现炸酥肉 谭公空运毛肚 谭公鸭血
海上阿叔,https://www.dianping.com/shop/H2Oa06L7ie4e7wPB,34条评价,人均￥67,麻婆豆腐 葱烤河鲫鱼 海鲜炒饭
知否coffee stand(岱山店),https://www.dianping.com/shop/l8UCZf32lvHJKAjA,28条评价,人均￥29,斑斓拿铁 山楂花冰美 小熊冰咖啡
王阿姨海鲜面,https://www.dianping.com/shop/l1XEfKPHBnNuO9ox,17条评价,人均￥24,海鲜面
韩舍韩国料理(岱山新天地店),https://www.dianping.com/shop/l6YUr4j4c4fEK6mV,266条评价,人均￥91,调味牛五花 南瓜粥 石锅拌饭
越香斋,https://www.dianping.com/shop/H87TIaDFqsWw1RfJ,7条评价,人均￥12,嵊州特色豆腐汤年糕 豆腐小笼包 嵊州特色生煎包
辣都火锅(岱山店),https://www.dianping.com/shop/HaykWLPVBmajkeXz,12o条评价,人均￥89,冰淇淋 成都空运草牛毛肚 鸳鸯骨头煲
海缘私房菜,https://www.dianping.com/shop/iodH4cVWo8HOnhqc,13条评价,人均-,芹菜炒鳗丝 小海蜒炒蛋 肉沫茄子
葉子与茶(东极开元酒店),https://www.dianping.com/shop/G3hHQWEx0jVSb3df,226条评价,人均￥21,满杯太阳橙 满杯红西柚 北海道牛乳
叁两酒,https://www.dianping.com/shop/G22jeVz36wFoBxQP,2条评价,人均-,椒盐富贵虾 毛豆花生 茶树菇鱿鱼
繁花裡·私宴,https://www.dianping.com/shop/H29S0jBTCPI5yfP8,49条评价,人均￥176,红膏呛蟹 雪花牛仔骨 腊肉荷兰豆
肯德基(岱山日达店),https://www.dianping.com/shop/G99KfvkPkCsKTwOX,7o条评价,人均￥3o,超级外送全家桶 泰式香辣烤翅 新奥尔良烤翅
海洋私房菜,https://www.dianping.com/shop/l9i5mdE9SRFeEfWQ,7o条评价,人均￥82,海鲜炒米面 葱油蛏子 清蒸梭子蟹
一品生煎(岱山店),https://www.dianping.com/shop/H8Aa0g0WECEFgv1P,5o条评价,人均￥11,生煎 雪菜肉丝面 榨菜肉丝荷包蛋面
康福来阿三面馆,https://www.dianping.com/shop/EC7miCyq3CVlWpmy,12条评价,人均-,蒜炒鮟鱇鱼 肉沫蒸蛋 葱油梭子蟹
那家饺子九道菜(日达广场店),https://www.dianping.com/shop/kahdgbHjwCycXbvW,37条评价,人均-,锅包肉 小磨豆腐炖牛腩 排骨炖芸豆
夫妻宰客烧烤摊,https://www.dianping.com/shop/G6AUUjApR2B3S3TO,26条评价,人均￥168,茄子20元 玉米20元 大生蚝
星巴克(舟山岱山新天地广场店),https://www.dianping.com/shop/l8L5Uy0zQ4dHjFH4,27条评价,人均￥62,摩卡可可碎片星冰乐 桂花馥芮白 双杯热燕麦拿铁
浏阳蒸菜馆,https://www.dianping.com/shop/l4f4IpZjgNBppapF,1条评价,人均-,小炒拆骨肉 魔芋啤酒鸭 清蒸大闸蟹
东聚味餐厅,https://www.dianping.com/shop/l7ZuVpSlmvx9WWym,64条评价,人均￥1o5,葱油蛏子 油爆对虾 东极海淢扇贝蒜蓉粉丝烝（2个）
高亭中心菜场,https://www.dianping.com/shop/G3Wqz0gQjPgUnB8U,8条评价,人均-,芦稷饼也叫高粱饼 铜盆鱼 岱山大团子
云南傣味小吃店,https://www.dianping.com/shop/iGrr5IpsLNeFHtHB,1条评价,人均-,傣味杂酱米线 生菜 江小白
石码头田老板私房菜,https://www.dianping.com/shop/laPC0fmjmnC191V9,41条评价,人均￥1o6,酱爆八爪鱼 滇味清香虾 傣味包汁鱼
59元自助酱大骨火锅,https://www.dianping.com/shop/FzWcg07lxWySB3oh,2条评价,人均-,蛋炒饭 油麦菜 菠菜
东极海鲜面店,https://www.dianping.com/shop/k4OmY8004JW4Pkb2,72条评价,人均￥11o,海鲜面 海鲜炒年糕 红烧老虎鱼
锦上云宿|海上花开精致餐厅,https://www.dianping.com/shop/H5kh6vJwJ8Zj7RR9,6条评价,人均-,至尊牛仔骨 葱油蛤蜊 清炒时蔬
popの轻食馆,https://www.dianping.com/shop/H545CL8xFCtjo4dm,27条评价,人均￥96,温泉蛋意面 芒果大虾沙拉 肉酱意面
谢蟹浓,https://www.dianping.com/shop/HaSL5CgFpaWf1MfC,12条评价,人均-,
费记海棠糕,https://www.dianping.com/shop/Hasu4fNmkTmvwAKF,2o条评价,人均￥5,海棠糕
牛先生火锅(岱山店),https://www.dianping.com/shop/l3dFvHpIctPM5ZT0,57条评价,人均￥126,手工鲜虾滑 炸香腐皮 牛脾气吊龙
成功再回守泡椒牛蛙(岱山店),https://www.dianping.com/shop/l9o5UYkDEUXh0kjm,,人均-,泡椒牛蛙 金沙玉米 沸腾黑鱼
