三星酒楼,https://www.dianping.com/shop/k6amig5Ywn7nQIjZ,1条评价,人均-,猪血 排骨
福家源饭店,https://www.dianping.com/shop/HaCzbQhSMEOmgaQd,,人均-,
大理寺过桥米线(朝阳店),https://www.dianping.com/shop/k1EuTbb8TTFjr4q0,2条评价,人均￥16,米线 大窑
今夜烧烤,https://www.dianping.com/shop/HaWK09XyofSKQR37,,人均-,
羊山村大馆子(朝阳店),https://www.dianping.com/shop/G6fnLofY4LG9FI5h,1条评价,人均-,花生米 鸡排
川味家常菜(振兴街店),https://www.dianping.com/shop/k2vhu5ZfNbsTBEc5,,人均-,
双汇冷鲜肉(鞍羊线店),https://www.dianping.com/shop/k2Hu944gEo2vJSWJ,,人均-,
英华饭店,https://www.dianping.com/shop/l8GFiWgLgnzvcxvp,,人均-,
朝阳县保供,https://www.dianping.com/shop/G2RDszh22u9DRmZ4,,人均-,蔬菜盒 桔子 鸡蛋装
金洋小厨(朝阳店),https://www.dianping.com/shop/H7zqk0tKl1H9ktvn,2条评价,人均-,干锅土豆片 熏鸡 松林啤酒
八一饭店(二缸线店),https://www.dianping.com/shop/k9CmRyGxqujdessE,1条评价,人均-,蒜香大黄鱼 锅包肉 干炸三样
诚实饭店,https://www.dianping.com/shop/l2PdQfzgd6JTCL6G,,人均-,
张师傅过桥米线,https://www.dianping.com/shop/iTGIcB1XrxDdHgzd,,人均￥15,
东方小吃,https://www.dianping.com/shop/H6LV2inKIBP4eMfQ,,人均-,
薪鑫饭庄,https://www.dianping.com/shop/G2nJtQas6tzDUwNx,,人均-,
利民粮店,https://www.dianping.com/shop/l7u8Zz2VrMbVWn0M,,人均-,
大波烧烤,https://www.dianping.com/shop/G5i2qLQTovLqoGaX,,人均-,
淑华粮油超市,https://www.dianping.com/shop/G9zoKcGBWM7IZ77W,,人均-,
小徐熏酱面馆,https://www.dianping.com/shop/k6wNhM8LmHbRcJpA,,人均-,小宽汤 腐竹花生米 拍黄瓜
玉鼎源饭店,https://www.dianping.com/shop/k9W3avCMe73dI0ul,,人均-,韭菜煎蛋 干煸肺丝 圆葱木耳炒鸡蛋
赵家特味饭店,https://www.dianping.com/shop/l9bBsnlUNH8W0Yc7,,人均-,
国辉粮油,https://www.dianping.com/shop/G3viaJ11tV9HlzrB,,人均-,
万家合早餐店,https://www.dianping.com/shop/GaSUmZMAshYrfHxU,,人均-,
大鹏蔬菜水果副食超市,https://www.dianping.com/shop/G52sFf8azWuJSSbn,,人均-,
丽阳蛋糕店(朝阳店),https://www.dianping.com/shop/k3usr253oilE4NHb,1条评价,人均-,
北街粮油经销处,https://www.dianping.com/shop/G8lZM2oLjVqL5XTJ,,人均-,
金子音乐餐厅,https://www.dianping.com/shop/l3AllVDBG11l4QEH,,人均-,
祥艳农家菜饺子馆,https://www.dianping.com/shop/G6RrtInXd6VvKzCR,,人均-,
亮子牛肉板面,https://www.dianping.com/shop/FM3Way7e38zemNAv,,人均-,
志辉美食,https://www.dianping.com/shop/jHPEYcoAfEMrhXoB,,人均-,
天天乐蛋糕店粮油,https://www.dianping.com/shop/k5dCksBhyxMp7rlY,1条评价,人均-,散装脱水蛋糕 款生日蛋糕 散装泡芙
马帮六婆串串香火锅经营店(陈瓦线店),https://www.dianping.com/shop/H3R0EAeGgvz8ZIew,,人均-,
小由水果蔬菜批发零售超市,https://www.dianping.com/shop/G3Cv1HGnLaICFgVo,,人均-,
鑫源烧烤,https://www.dianping.com/shop/G5EEg4liKdnHvo5B,,人均-,
朝阳县粮满仓粮油商行,https://www.dianping.com/shop/k7FmCLfbsElwVC0S,,人均-,
西西里餐饮店,https://www.dianping.com/shop/H5h58t0OAlOYSouG,,人均-,咖喱蛋包饭 红烧肉蛋包饭
大伟油坊,https://www.dianping.com/shop/G5HH6A1fHJP7AKEY,,人均-,
爱尚香锅,https://www.dianping.com/shop/k7Zfj2XQPf74T9IM,,人均-,
大屯乡圣德农贸综合市场,https://www.dianping.com/shop/l91sxxHuWegd8xTr,,人均-,
QQ鸡架,https://www.dianping.com/shop/G3O21Vr1madjUdLQ,,人均-,
大众小吃(羊根线店),https://www.dianping.com/shop/H572BD3pruxF0YpN,,人均-,
艳姐板面,https://www.dianping.com/shop/l9XLZVlMhFy7QAM4,,人均-,
锦州特色浩仔烧烤,https://www.dianping.com/shop/G6lHhAJFAMc2ncm2,,人均-,
双汇冷鲜肉,https://www.dianping.com/shop/ixCW2J0xMGCpyLZk,,人均-,
李龙小吃部,https://www.dianping.com/shop/H7av4XKw6N6iuuYD,,人均-,
红刚果蔬超市,https://www.dianping.com/shop/k5KbVeJeonleTTQH,,人均-,
二十家子镇贝克汉堡店(二缸线店),https://www.dianping.com/shop/k5QsSoqqgZ8UXjzf,4条评价,人均-,
口口香蛋糕大世界,https://www.dianping.com/shop/EomXeKIfAJoFZlTW,,人均-,
苏氏小厨,https://www.dianping.com/shop/G4bSwY8S7e5m4wCB,,人均-,板面
丁记板面(二缸线店),https://www.dianping.com/shop/G7Cj6iC0u56BHH2H,,人均-,
万阁粮油超市,https://www.dianping.com/shop/k5RrfdBMoRUwiKtP,,人均-,
小梅蛋糕,https://www.dianping.com/shop/k8wGK61yDZobObqW,,人均-,
新农村家常菜餐厅,https://www.dianping.com/shop/G9VBVDjLHjd5Eenm,,人均-,
阿山小吃,https://www.dianping.com/shop/jvWs5bZtx4OqwfHh,,人均-,
晓娟快餐12元盒饭自助,https://www.dianping.com/shop/jhJIMaODkLtssvRk,,人均-,今麦郎冰红茶 今麦郎青梅绿茶 熘鸡肉段
小张抻面馆,https://www.dianping.com/shop/H33YB6YO12EZRCmD,,人均-,
抻面水饺炒菜,https://www.dianping.com/shop/G47CRLBDae6fAf6j,,人均-,
贵宾农家饭店,https://www.dianping.com/shop/l1HatUxjiLxfrbvF,1条评价,人均-,东北酱大骨头 凉菜拼盘 干煸酸菜肉丝
李记刀削面板面,https://www.dianping.com/shop/l6R55GJJ6QaYj6n4,,人均-,
鲜之林,https://www.dianping.com/shop/k5Gcyx1Qiyz38sWs,,人均-,
