陆阿姨臭豆腐夹饼,https://www.dianping.com/shop/ka4wQ2hKBkeCNxid,33条评价,人均￥7,臭豆腐夹饼 常山夹饼
宴三衢,https://www.dianping.com/shop/G5Op9v528OesB17b,79条评价,人均￥89,藤椒美味牛蛙 红烧土猪肉 小炒黄牛肉
姚记黑鱼面(白马路店),https://www.dianping.com/shop/H6xEWzkK5lVRpRTw,89条评价,人均￥38,酸菜黑鱼面 蒜辣鸡爪 酸菜黑鱼米粉
周家食堂(天马街道店),https://www.dianping.com/shop/G7kjlEMp4k9jNPl3,35条评价,人均￥53,萝卜丝带鱼 滑肉汤 猪脚
王阿盖手工小吃(常山店),https://www.dianping.com/shop/H5fkK5dWPCV4VjoK,34条评价,人均￥28,特色拌粉干 葱花肉饼 葱花馒头
印象东方(东方广场店),https://www.dianping.com/shop/k50Ekvbl7Z6E8SHf,35条评价,人均￥68,菌菇汤 猪肝花蛤 油炸花生
渔歌宴(阳灿东方店),https://www.dianping.com/shop/G7gCA1HdIMtzVTHe,9条评价,人均-,战斧牛排 皮皮虾 油淋双脆
先进鱼馆(文教西路店),https://www.dianping.com/shop/i4bL7TusHMr0qVdS,27条评价,人均￥93,土烧鱼 红烧豆腐 常山贡面
阿甘私房菜(远洋新天地小区店),https://www.dianping.com/shop/H3wBjOFfbHlCRjfL,1条评价,人均-,小炒肉 红烧肉 空心菜
天天餐馆(白马路店),https://www.dianping.com/shop/inElLXEQtVwS89Bh,4条评价,人均-,鱼头豆腐 肚片 辣椒炒肉
常山树下餐厅,https://www.dianping.com/shop/G27LXPln9Qgn9Xl4,27条评价,人均-,普罗旺斯烤鸡 嫩煎原切大战斧牛排（500g共享版） 铁板菲力牛排
遇见西餐厅,https://www.dianping.com/shop/H998OfNfdtRcBm4d,14条评价,人均-,西西里肉酱意面 芝士条 大战斧牛排
二姐石锅鱼,https://www.dianping.com/shop/k4QUuM88xb8qBllY,2条评价,人均-,小料 大头鱼 梅林午餐肉
妙妙夜宵(中商店),https://www.dianping.com/shop/iMRiaVMD7kfeChgy,17条评价,人均-,炒粉干 鸭掌 咸菜豆腐干
大城小院,https://www.dianping.com/shop/k5WGMXmxh8xZdVr4,54条评价,人均￥68,农家小炒肉 千岛湖鱼干 冬瓜皮滑肉汤
定阳楼(天马街道店),https://www.dianping.com/shop/l1M3UDf4Zsy607mV,4条评价,人均-,劲酒 蒜泥空心菜 卷心菜
杨爱珍大排档,https://www.dianping.com/shop/G6NbvnfaiRJdPMg2,3条评价,人均-,肉丝炒粉干 麻辣豆腐 龙游蒸发糕
腩潮鲜牛腩火锅（下江腩）(常山店),https://www.dianping.com/shop/G3KZ0YrDqKryUK8O,277条评价,人均￥85,秘制土黄牛腩 秘制油黄鸡 番茄鸳鸯锅
老舅东北铁锅炖,https://www.dianping.com/shop/H75sC8k9nJCGIvCi,4条评价,人均-,东北大笨鸡 排骨鸡爪锅 东北大烤肉
韩小馆,https://www.dianping.com/shop/HapdNoIAZQa4w5OX,9条评价,人均-,韩式炸鸡 泡菜部队火锅 鱼饼
匠子日式料理,https://www.dianping.com/shop/G4HivGKD7vjtb9Xq,27条评价,人均-,鲷鱼牛蒡卷 牛肉泡菜锅 三文鱼脆脆卷
翰风日料(清河街店),https://www.dianping.com/shop/G3FnGRC5jcKE0JMP,1条评价,人均-,蟹肉鳗鱼炒饭 地狱拉面
天真汉西饼屋,https://www.dianping.com/shop/H6KdNCl3MxLVYbtA,465条评价,人均￥76,稀奶油蛋糕 至尊披萨 蛋挞
玩味龙虾,https://www.dianping.com/shop/FtyNIQY0VnRFXQLC,8条评价,人均-,
铁锅年代(常山店),https://www.dianping.com/shop/l4m1aSbc3XsDlYT3,39条评价,人均-,农家土灶地锅 土豆 锅贴
德庄火锅(常山店),https://www.dianping.com/shop/l2oKalvWYOTjJUgT,246条评价,人均￥115,招牌肥牛 虾滑 嫩牛肉
九庄火锅(常山店),https://www.dianping.com/shop/k8Fi2xiyVsn9aSEL,286条评价,人均￥1o8,极品肥牛 牛百叶 虾滑
老东北烤肉(常山东方店),https://www.dianping.com/shop/F7mx486ZVN1IoeGf,57条评价,人均￥1o8,新鲜猪五花 秘制里脊肉 蒜泥锡纸金针菇
椰之星,https://www.dianping.com/shop/G5KSjjP7mbZ97MEB,2条评价,人均-,网红清补凉 马蹄爆珠椰清水 日式椰蓉大福
刘一捞肥牛之家(常山店),https://www.dianping.com/shop/H7vF25iUDL9T6NyZ,76条评价,人均￥42,招牌肥牛 土豆片 手工面
鱼香馆(定阳北路店),https://www.dianping.com/shop/H5IJ08LLTPwyzg93,1条评价,人均-,
塔斯汀·中国汉堡(定阳北路店),https://www.dianping.com/shop/G6pu2RvaQrvtJXdC,2o条评价,人均-,香辣鸡腿中国汉堡 板烧凤梨中国汉堡 香辣鸡翅
UKNOW意诺(常山店),https://www.dianping.com/shop/G6q7AHyyxb1hAiDQ,25条评价,人均-,新意式芝士火腿 魔法提拉米苏 枫糖唱片
幸福港湾酒店,https://www.dianping.com/shop/G6AsGxv8vowG1ZcD,6o条评价,人均￥71,手工大包 铁板芋头 田螺鸭掌
权小盛肉蟹煲(新东方广场店),https://www.dianping.com/shop/H6T2DNY3WgLJS6eA,177条评价,人均￥53,鸡翅煲 小肉串 牛蛙煲
品香馆(胜利街店),https://www.dianping.com/shop/laatw2qzFETNdKnA,37条评价,人均￥15,招牌馄饨 肉饼 薯粉饺
余记烤饼(常山店),https://www.dianping.com/shop/H995Sm3z4PWgwJHG,55条评价,人均￥15,小葱饼 烤饼 秘制鸭头
一品豆花(常山店),https://www.dianping.com/shop/k6ZossYRYPdr2e0Y,5条评价,人均-,
新渔夫鱼馆,https://www.dianping.com/shop/G6qRGLedmgtY6phv,29条评价,人均￥61,螺蛳 黑鱼二吃 肉圆
栖里咖啡,https://www.dianping.com/shop/k53321PUru38F8yq,1条评价,人均-,丹桂美式 秋桂燕麦拿铁 玫瑰红丝绒芝士
鼎味家宴,https://www.dianping.com/shop/k3a7EyAzow2NDty6,,人均-,香辣蟹煲
焗千岁,https://www.dianping.com/shop/G1gpgfErgOtRhRUz,1条评价,人均-,
柚鄉大院(常山店),https://www.dianping.com/shop/H1LpnH8rMILVu6rj,41条评价,人均￥58,双柚酵素汁
鲍先生活泼木炭烤肉(常山店),https://www.dianping.com/shop/l3rKUz07RwvTIjRk,6条评价,人均-,
大龙燚火锅(常山店),https://www.dianping.com/shop/l7Va7NcKCrJ7blK7,12条评价,人均-,麻辣红汤 鱿鱼 蘸料
ARTEASG(文峰西路店),https://www.dianping.com/shop/kaof1dtcqrWXrW8x,1o条评价,人均-,锡兰红茶鲜牛乳 鲜芒果奶昔 桂花乌龙鲜牛乳
再渡首自助餐厅(常山东方广场店),https://www.dianping.com/shop/l1KOV4IWFSast1KF,9条评价,人均-,
王掌柜私房菜,https://www.dianping.com/shop/l1e3jiYSpX6xyCYV,13条评价,人均-,哈啤 酸辣土豆丝 糖醋里脊
荷花园农家乐,https://www.dianping.com/shop/G3Dw7YxwjtjojeaJ,3条评价,人均-,糯米饭
天真汉(东方广场店),https://www.dianping.com/shop/G2w2NpPMUbIjJfrC,11条评价,人均-,蛋挞 蟹小方 丹麦披萨
新星主题餐厅,https://www.dianping.com/shop/l5ebW19GWuMTvW9r,24条评价,人均￥75,石锅鱼 酸菜鱼 海瓜子
北岸海鲜,https://www.dianping.com/shop/l34HyXWdDTomDThg,1条评价,人均-,
悦咖啡(常山店),https://www.dianping.com/shop/jFsjAfU9dR6iQt29,22条评价,人均-,沙朗黑椒牛排 奥尔良烤鸡披萨 德国咸猪手
星巴克(衢州常山东方广场店),https://www.dianping.com/shop/iylpX4qnJ8nDu37U,31条评价,人均￥43,提拉米苏风味星冰乐TCF 椰绿仙踪抹茶星冰乐COMCRM 金钻凤梨拿铁
黄家小厨,https://www.dianping.com/shop/HaIUbP2ZgjsaWWR9,1条评价,人均-,泡椒牛蛙 农家小炒肉 红烧鲳鱼
草原牧神·羊蝎子火锅(常山店),https://www.dianping.com/shop/k9L7HnclWF2gCP9c,1oo条评价,人均￥128,
红旗豆花店,https://www.dianping.com/shop/l8JoG5ZxYZmmAzFd,13条评价,人均￥14,
签挂缸烤(东河北街店),https://www.dianping.com/shop/H6t0ucck02roRN5p,8条评价,人均-,
luckincoffee瑞幸咖啡(常山文峰店),https://www.dianping.com/shop/H289o7sYHIENFocy,13条评价,人均-,
蒋记餐馆,https://www.dianping.com/shop/EOfC8JyHTo1PW5iS,19条评价,人均￥16,
