郑食堂韩国大排档(万达新天地店),https://www.dianping.com/shop/l2NmdCTPFCvgS9oe,13条评价,人均￥39,五花肉石锅拌饭 鱿鱼泡菜饼 牛肉大酱汤
京鹿料理(万达店),https://www.dianping.com/shop/k2H0Zgmz9cP43LdV,259条评价,人均￥1o8,京鹿牛肉饭 青脆柠檬虾 鹅肝芒果握寿司
家和食尚小馆(兴民街店),https://www.dianping.com/shop/k3O0cC8tqfgA4V8C,34o条评价,人均￥87,炸甜酒 酱板鸭炖牛蛙 牛肉炖牛油
德小钵•肥肠馆(金钻店),https://www.dianping.com/shop/H6riaqy2Be7iaowr,145条评价,人均￥62,招牌肥肠钵 拔缸擂茶 天椒小笨鸡
杨永胜,https://www.dianping.com/shop/k8c9RmGWhuQP8Lki,352条评价,人均￥18,双码红烧牛肉粉 穿眼粑粑 牛肉牛杂双码米粉
牛家酒场(常德万达店),https://www.dianping.com/shop/FPHj16h7jjFUzkBD,193条评价,人均￥116,炭烤龙利鱼 澳洲黑毛和牛M9+ 菠萝腌牛肋条
寻钵记民菜馆·正宗常德钵子菜(滨湖路店),https://www.dianping.com/shop/G8UnLVaFOGFc4d1r,8o3条评价,人均￥68,香芋蒸排骨 跳水鱼 谷鸭火锅
市子喫茶店,https://www.dianping.com/shop/G1rQPKj57oYm65kT,2o8条评价,人均￥51,南瓜肉桂芝士 栗子蛋糕 可露丽
麻伊伏土菜馆,https://www.dianping.com/shop/k802U2HXh7M3SLef,131条评价,人均￥96,肥肠钵 田鸡 油豆腐
木林小院·无国界料理,https://www.dianping.com/shop/GaT3S9tFyJGw6tKF,2条评价,人均-,甘梅地瓜条 川辣牛肉披萨配芝麻叶 黑椒牛柳意面
春武里料理(翊恩店),https://www.dianping.com/shop/k2M4wqneSqa2V2yP,24条评价,人均￥86,冬阴功汤 妈妈面 咖喱牛腩
NANABistro,https://www.dianping.com/shop/k7Fkmqfxb6BsUCoL,1o3条评价,人均￥72,鹅肝牛肉小汉堡 香辣牛肉可丽饼 迷迭香慢烤春鸡
青山(吃茶·吃饭),https://www.dianping.com/shop/l9waQlQHrnlCUgzb,5条评价,人均-,米豆腐 莲藕丸子 排骨
哎哩泰·皇厨泰式茶餐厅(常德万达店),https://www.dianping.com/shop/k48I8JhmIkOmJ0ly,142条评价,人均￥97,冬阴功海鲜汤 泰煌咖喱面包牛腩 泰式菠萝海鲜炒饭
朗州烟火湖畔渔村•常德土菜(沙滩公园分店),https://www.dianping.com/shop/kaxuXWUgWGW1Fy6m,18条评价,人均-,牡蛎煎蛋 樟树港辣椒 羊排
捞缘猪肚鸡·椰子鸡粤派火锅(武陵万达店),https://www.dianping.com/shop/H5f0lebWp3IVBS5Q,1o59条评价,人均￥82,虫草花胡椒猪肚鸡 皇上皇煲仔饭 捞缘招牌煲仔饭
上男·烧肉小酒馆,https://www.dianping.com/shop/k5eszxWNSHuhHK47,123条评价,人均￥16o,招牌干式熟成牛排 烤牛乳冰淇淋吐司 澳洲雪花牛排
熊記粉馆,https://www.dianping.com/shop/H5PcGyVXgLFw3yx0,62条评价,人均￥19,麻辣牛肉干腌粉 汽水肉 红烧牛肉粉
罐头公园bistro,https://www.dianping.com/shop/l9qh5kghe6yBDsZE,21条评价,人均￥96,黑松露奶油卡波纳拉意面 安格斯谷饲原切肉眼 芝士芒果鸡肉三明治
隐竹·烧鸟深夜食堂(万达店),https://www.dianping.com/shop/l438ISxO5x5crphF,1o条评价,人均-,拉丝牛肉棒 大葱鸡肉串 鸡三角脆骨
犇犇串串牛,https://www.dianping.com/shop/k2oCG0fK7I6pL9hu,231条评价,人均￥9o,牛肉串 麻辣藕 铁板韭菜
聚兴阁,https://www.dianping.com/shop/igrlHUkjsOsoh08d,57条评价,人均￥83,小龙虾 牛肉串 凉拌毛豆
吃饭皇帝大(中泽天润广场店),https://www.dianping.com/shop/H2q5zhPygErrBgSR,36o条评价,人均￥82,灶膛罐罐牛腩 土家桂花红糖凉粉 柴火稻香鱼
常德武陵天济喜来登酒店-盛宴餐厅,https://www.dianping.com/shop/H60Vp1HqLjzM7j61,2328条评价,人均￥219,哈根达斯冰淇淋 海鲜 鹅肝
李先生原味牛肉串(总店),https://www.dianping.com/shop/H50KauJNjANKEZFC,335条评价,人均￥1o8,招牌原味牛肉串 牛筋串 招牌擂茶
点兵点将•四川传统小吃集(万达店),https://www.dianping.com/shop/k8BlXUXbfQhQm8HY,162条评价,人均￥38,红糖糍粑 脆炸平菇 老成都担担面
和记潮汕牛肉火锅,https://www.dianping.com/shop/l6Ni3H7KuX5GtjkZ,251条评价,人均￥63,鲜嫩肉 牛肉丸 高钙牛骨原汤锅底
叁拾叁,https://www.dianping.com/shop/kaBueWWL8bnFX8Wk,49条评价,人均-,富桂拿铁 叁拾叁美式 传统意式提拉米苏
小钵爷(高山街店),https://www.dianping.com/shop/l4QQDiSVs2UyElbt,22o条评价,人均￥53,钵爷红烧肉 钵爷猪手 干锅四季豆
许大优的炸鸡铺(武陵万达店),https://www.dianping.com/shop/H5bOgR9ZjtsyrUrj,23条评价,人均-,芝士薯条 拉丝芝士丸子 芝士皇冠薯
老程牛肉王,https://www.dianping.com/shop/H7PdptWRXDjkwwoV,12o条评价,人均￥62,牛肉串 香肠 牛油
高原郎西北菜·陕西面(常德万达店),https://www.dianping.com/shop/H9dJvNzPm2ZJkXZT,477条评价,人均￥44,现烤酥皮羊肉肉夹馍 油泼biangbiang面 西北铁锅焖面
蛙来哒(常德万达店),https://www.dianping.com/shop/Ejy1zDzNZlhAfGSD,1535条评价,人均￥71,泰国茉莉香米饭 炭烤牛蛙 可乐鸡翅
司乎·日式鲜吐司(常德朝阳时光店),https://www.dianping.com/shop/G9rZQoP1i3xHh9m8,9条评价,人均-,珍珠爆浆吐司 流沙麻薯吐司 一颗榴莲吐司
撩糖•食研社,https://www.dianping.com/shop/l76NjFsXqLRSTZwN,59条评价,人均￥53,焦糖海盐蛋糕 半面妆 提拉米苏
功夫菜馆,https://www.dianping.com/shop/k47KSlJttyPUhhij,62条评价,人均￥54,功夫谷鸭 擂辣椒皮蛋 牛腩顿牛筋
郝大姐乌龙山特色铁板烧(文理学院店),https://www.dianping.com/shop/l7CAyzLmmCXK0Lq1,53条评价,人均￥39,萝卜丝 韭菜鸡蛋 香辣牛肉
小小吧干腌粉,https://www.dianping.com/shop/H8xtmKF2pFvRBvhy,257条评价,人均￥17,小炒牛肉干腌粉 麻辣牛肉干腌粉 双码肉丝干腌米面
大福宇治抹茶專門店,https://www.dianping.com/shop/G4qjoTshzZhr4IEN,33o条评价,人均￥43,招牌抹茶千层 特浓宇治抹茶冰激凌 抹茶大福
夏日玛莉(常德万达店),https://www.dianping.com/shop/H2djmjb9uSAm367t,123条评价,人均-,招牌榴莲薄脆1 黑椒牛肉面 炙烤果木沙朗牛排
曹小勺姜茶面,https://www.dianping.com/shop/l2nyWqiuGZDkNnah,3条评价,人均-,姜汤面 水煮牛蛙面 外婆牛肉蛋炒饭
小钵爷(武陵大道店),https://www.dianping.com/shop/l8ZSsot54u1jgFgM,194条评价,人均￥49,钵爷猪手 鲜肉豌豆米 红煨带皮牛肉
不二民谣,https://www.dianping.com/shop/l1x21Zpa5u0QNZVp,335条评价,人均￥133,不二手撕牛肉 毛血旺 不二辣子鸡
西柚小院,https://www.dianping.com/shop/H3pEkWJXW7TX49qb,13条评价,人均-,泰式黄咖喱芝士饼 咖喱旋风蛋包饭 炸鸡
BOB中西餐厅(常德店),https://www.dianping.com/shop/H8WIj318D1jEGPoe,25o3条评价,人均￥8o,啵啵酸菜鱼 湘嫂藕丸 啵啵海鲜家族
岩崎烧肉酒場(万达店),https://www.dianping.com/shop/H5lCO3l9kuc5G6dV,9o8条评价,人均￥89,招牌牛肉炒饭 寿司 招牌特选上脑
谭福锅北京烤鸭(常德万达店),https://www.dianping.com/shop/H6egcz1ttXPGwvcs,97条评价,人均￥85,烤鸭（半只） 老坛酸菜鱼 京酱肉丝
鑫刘记老字号,https://www.dianping.com/shop/k2dCovLNZ8rbMyDo,199条评价,人均￥17,红烧牛肉粉 穿眼粑粑 煎米茶
夏日玛莉(欢乐城店),https://www.dianping.com/shop/H4IMEqBaK1LzY3sc,264条评价,人均￥66,招牌榴莲薄脆. 萌萌熊奶茶杯 招牌榴莲薄脆披萨
古法烧虾•牛友记,https://www.dianping.com/shop/F2wiVIGVE8Ho8VdB,381条评价,人均￥1o2,叮咚豆花 烈火牛肉 古法捞虾
重庆德庄火锅(常德万达店),https://www.dianping.com/shop/k6oZImSbLfTTEI0g,1154条评价,人均￥8o,新鲜鸭血 精品肥牛 德庄三宝之德庄毛肚
哈瑞斯牛排馆,https://www.dianping.com/shop/Gan0e68OGpDOH0NL,8条评价,人均-,澳洲战斧牛排 传统凯撒沙拉 澳洲肉眼
大火中式烤肉(汇景中央广场店),https://www.dianping.com/shop/k1RKscRK6X8xkoY1,3o条评价,人均-,秘制牛肉 六花肉 酱汁蘑菇
隐厨梅子鸭,https://www.dianping.com/shop/G6nXtc55FG6TdrSy,14条评价,人均-,招牌梅子鸭 砂锅素肉藕丸 肉酿豆腐
有你现烤三明治,https://www.dianping.com/shop/l1WJPlAmHJ8jW6hD,43条评价,人均￥25,德式烟熏烤肠三明治 新奥尔良鸡排三明治 香溢蛋料
重庆袁老四老火锅,https://www.dianping.com/shop/l8Dxbe6ej8Sdbz9g,1615条评价,人均￥71,太阳肥牛 水牛鲜毛肚 虾滑
益阳卤味麻辣烫,https://www.dianping.com/shop/k9xsxcWfzwPVf7Ox,8条评价,人均-,卤味大鸡爪 宽红薯粉 卤味鹌鹑蛋
喜代手返火炙日式料理,https://www.dianping.com/shop/kaNGLSXTcdHHSEBa,144条评价,人均￥75,玉龙豚骨拉面 照烧脆皮鸡排 北海芝士豆腐
止间书店(老西门店),https://www.dianping.com/shop/k6Pwe5GsBnv7GOi1,216条评价,人均￥43,金桔冻柠茶 抹茶拿铁 原味华夫饼
草塘院子,https://www.dianping.com/shop/k2w5E7dRFClQTNvh,4条评价,人均-,尖椒牛柳 三文鱼 四季时蔬
