虎火锅·怀旧商店,https://www.dianping.com/shop/G4f9utAxNy0ta3s6,882条评价,人均￥142,咸蛋黄虾滑 跷脚牛肉鸳鸯锅 虎皮三剑客
東盛碳烤自助料理(环球港店),https://www.dianping.com/shop/H64sqGNr3CzgsTUD,1995条评价,人均￥118,安格斯牛肉 黑虎虾 特色五花肉
JAGED PORK珍五花•烤肉专家(新北万达店),https://www.dianping.com/shop/l5alRM1vkvT7rF7U,99o条评价,人均￥155,熟成「厚切」五花肉（160g） 安格斯牛肋条 熟成梅花肉
璟小腰鲜货火锅(陈渡店),https://www.dianping.com/shop/GaCYZMwvladzseOC,1585条评价,人均￥127,大刀腰片点点点 屠场鲜毛肚 鲜猪喉管
咖咖火锅(陈渡桥店),https://www.dianping.com/shop/la4KZOijibxmyPCv,2o8条评价,人均￥98,生椰草莓酸奶冰 耙鸡脚 烧椒皮蛋圆子
slowdown苏糖(江南环球港店),https://www.dianping.com/shop/k9ioatpYnmbE7Wnd,1o6条评价,人均￥111,榴莲披萨 烤肉拼盘 墨西哥牛肉饼
白石的深夜食堂(吾悦国际店),https://www.dianping.com/shop/H7nRa79Y3H0m729Y,3o2o条评价,人均￥78,大阪烧 鳗鱼饭 明太子玉子烧
升龍火虎重庆老火锅,https://www.dianping.com/shop/l8sO2KufS373HNkY,344条评价,人均￥75,千丝黄喉 杨枝甘露仙女冰 火箭鱿鱼
蛙三疯(常州吾悦国际店),https://www.dianping.com/shop/G4yafGMVylnOqXvJ,128条评价,人均￥89,三疯青椒紫苏蛙 无极蒜香蛙 霸气麻辣蛙
哥老官重庆美蛙鱼头(金坛吾悦广场店),https://www.dianping.com/shop/l1nLXzPvVhKTorQG,138条评价,人均￥153,安心美牛蛙 美娃火锅 冰粉
相遇融合餐厅(常州天宁新城吾悦店),https://www.dianping.com/shop/k2EMFxm1d9k11LPt,3o27条评价,人均￥55,青柠脆皮鸡 花甲遇上烤虾 铁板花甲虾
slowdown苏糖(文化广场店),https://www.dianping.com/shop/k75Qw4cnjiN0WWMf,853条评价,人均￥1o9,烤肉拼盘 榴莲薄底披萨 法式焗蘑菇
墅下,https://www.dianping.com/shop/G9EY4QNyfdXVcpMT,25条评价,人均￥228,牛腩煲 云南菌菇鸡煲 贵州手工豆腐丸子
露卡烧肉·小酒馆(青果巷店),https://www.dianping.com/shop/G5WYs86ETkkGx7jt,81条评价,人均￥1o7,伊比利亚黑猪梅花肉 抹茶绵绵冰 牛五花
五里关火锅(常州总店),https://www.dianping.com/shop/k51801OiVljaW0JR,1o2条评价,人均￥1o8,粑牛肉 手工糍粑 嫩牛肉
嗨茫茫·碟菜串串火锅(新北店),https://www.dianping.com/shop/Evnw3UysuwIvJxRv,368条评价,人均￥86,路边摊炸土豆 冒猪脑 丈母娘教的酥肉
璟小腰•鲜货火锅(武进万达店),https://www.dianping.com/shop/i4vGuppUDfjiwV44,591条评价,人均￥141,大刀腰片 大刀腰片点点点 鲜切黄牛肉
蜜桃餐厅·伴山(吾悦国际店),https://www.dianping.com/shop/l2eYjAS6CG6eu3tM,251条评价,人均￥83,招牌田园火焰牛肋骨 送酒酿圆子 销魂猪油菜饭
菜三元私房融合菜(品牌优选店),https://www.dianping.com/shop/G2QqBDGVE4wGO9X7,2553条评价,人均￥9o,黑椒牛肉粒 咸蛋黄牛蛙 半个西瓜
秦桑桑的烧肉屋(武进吾悦店),https://www.dianping.com/shop/H8fSmTsDe9SIUinW,32条评价,人均￥118,招牌必胜牛 坛渍菠萝牛肋条 桑桑牛五花
鲜里道·重庆烧菜火锅(常州旗舰店),https://www.dianping.com/shop/H2VMjaF1ipuwChu7,139条评价,人均￥121,红烧肉 四喜丸子 豆腐脑花饭
蚝五花泥炉烤肉(常州店),https://www.dianping.com/shop/k8MhsbmtOZt0Dxky,492条评价,人均￥99,招牌生蚝 肥瘦相间五花肉 秘制肥牛
松筠小筑,https://www.dianping.com/shop/H2UiYXkbY0espYVX,18条评价,人均￥527,脆皮雪花牛小排 十五年太雕冰醉澳龙 松筠指橙鹅肝
南园民国茶楼餐厅(北大街店),https://www.dianping.com/shop/H7R5LcB7x20QWNRK,2827条评价,人均￥152,网油卷 香酥鸭 腻蟹糊
TASTY西堤(常州购物中心店),https://www.dianping.com/shop/H1jj41B2oZRXDPHO,3458条评价,人均￥164,餐前面包蒜香汁 西堤厚牛排 考伯沙拉
一碗半(吾悦广场店),https://www.dianping.com/shop/G6NHy1J76w7o51jb,75条评价,人均￥34,松茸拌面 肥肠腰花面 蟹粉拌饭
味拉拉蒜香炸鸡(武进万达店),https://www.dianping.com/shop/G8WARa9V0tx71wYO,38条评价,人均￥18,美味炸鸡 无骨鸡块 脆脆叉骨
客串出品·长沙明星烤串(青果巷店),https://www.dianping.com/shop/G4CfVvyAgOf40Ntn,75条评价,人均￥73,烤榴莲 庙街牛肉串 黄金牛油
伊斯坦布尔土耳其清真咖啡餐厅,https://www.dianping.com/shop/ith5J0ZMHUe68mrf,219o条评价,人均￥143,米布丁 宫廷烤肉拼盘 花环咖啡GarlandCafe
江南里(武进吾悦店),https://www.dianping.com/shop/HasNciESnlpKsiIc,2199条评价,人均￥88,宋嫂鱼羹 杭椒石锅牛蛙 鸡丝凉面
五里关火锅(青枫公园店),https://www.dianping.com/shop/kaU2roZiYgcYHXiy,73条评价,人均￥11o,吊龙 八秒土豆丝 焦糖豆腐花
Meet 11花漾餐厅·融合菜,https://www.dianping.com/shop/k3OKASs2ocszrNBs,38条评价,人均￥183,咖喱牛肉 巴伐利亚香草烤春鸡 甜橙小姐姐
大万日料小食堂(环球港店),https://www.dianping.com/shop/k8Hz3UcuzhKOUEcl,561条评价,人均￥86,手工奶香豆腐 超级爆汁炸鸡 融化鹅肝寿司
菜三元私房融合菜(武进万达店),https://www.dianping.com/shop/l73s7M4ESlavI5pQ,278条评价,人均￥97,咸蛋黄牛蛙 BBQ五花肉 半个西瓜
伍贰赫兹·云上法餐厅,https://www.dianping.com/shop/k1pFOIrvvknBqB33,116条评价,人均￥447,法式香料慢烤羔羊菲力 红酒炙烤厚切牛舌 英式传统鹅肝威灵顿牛排
Yellman野蔓(青果巷店),https://www.dianping.com/shop/l5QO2Zpaprey55sw,59条评价,人均￥82,柿子巴菲 巧克力栗子芭菲 小龙虾月饼
汉江山料理级炭火自助烤肉(新北万达广场店),https://www.dianping.com/shop/Gazzb8NBHjXxJp1N,1159条评价,人均￥1o4,黑虎虾 原味肥牛 牛上脑
靠山屯大灶台(常州店),https://www.dianping.com/shop/H8v2VK28vwxnybWE,335条评价,人均￥77,铁锅炖大鹅 玉米饼 东北蘸酱菜
顾小锅·猪肚包鸡(武进吾悦店),https://www.dianping.com/shop/k3tKH9TDVB7T6dYx,2598条评价,人均￥1o4,经典胡椒肚包鸡 菠萝包 腊味煲仔饭
兔爸私家小厨(新北万达店),https://www.dianping.com/shop/G5LTeKRiYepjTS00,2711条评价,人均￥88,松子牛肉炒年糕 花雕骨香鸡 鸭舌头
蜜桃餐厅·伴山(环球港店),https://www.dianping.com/shop/H7PUWd0ktXXaa0Ex,1363条评价,人均￥88,招牌田园火焰牛肋骨 田园芝心红薯 销魂猪油菜饭
塘桥老哥·常州菜(江南环球港店),https://www.dianping.com/shop/G4UPV4GWWwleFcgj,3885条评价,人均￥81,网油卷 老哥稻草鸭 龙城第一鸡
宽城子·美蛙自助火锅(武进万达店),https://www.dianping.com/shop/F7TE43CQYKfb9Bb5,663条评价,人均￥91,美味牛蛙 到锅还在跳 麻辣锅底
宽城子·美蛙自助火锅(新北丰臣国际店),https://www.dianping.com/shop/k1CF0kYwP8SakB7c,45条评价,人均￥81,油炸牛蛙 现杀牛蛙 冰粉
大禧粤·点心·乳鸽(环球港店),https://www.dianping.com/shop/HazT0kFsdUkYBLYE,85o条评价,人均￥1o3,红米脆皮鲜虾肠 大禧粤虾饺皇 酱汁蒸凤爪
米桃-百花山房·桃花扇,https://www.dianping.com/shop/l24gSTzXwDO7Zryc,2752条评价,人均￥117,松鼠桂鱼 招牌无锡蟹粉小笼包 海鲜乌米泡饭
马路边边串串香(武进吾悦店),https://www.dianping.com/shop/H65eKYeTBpiU3IMd,928条评价,人均￥78,经典锅 串串 麻辣嫩牛肉
麻开花豆花鱼(陈渡店),https://www.dianping.com/shop/G68peNsfkpdxhftC,494条评价,人均￥1o8,拇指生煎 手工卤水豆花 麻辣沸腾锅
WE喂!OMG x LILY CAKE(青果巷店),https://www.dianping.com/shop/k8akRXjCHWjwCaFo,66条评价,人均￥43,黑金抹茶可颂 原味可颂 椰乳牛油果
鹊喳喳·涮肉馆(陈渡桥店),https://www.dianping.com/shop/G4h2kBpYm1jXtdCN,22条评价,人均￥1o2,现切吊龙 酒酿豆花麻薯 火焰牛肉
鸿姐老火锅(新北店),https://www.dianping.com/shop/k3cFdaWdJKzgMYj4,2297条评价,人均￥139,山城小酥肉 嫩牛肉 醪糟冰汤圆
鸿姐老火锅(钟楼店),https://www.dianping.com/shop/GafTJrOHqUq9GIvx,1617条评价,人均￥138,山城小酥肉 嫩牛肉 醪糟冰汤圆
白石的深夜食堂(新北万达店),https://www.dianping.com/shop/kapbiOEkZpxLnKik,82o条评价,人均￥78,鳗鱼饭 芝士豆腐 芝士芒果虾
湊湊火锅·茶憩(吾悦国际广场店),https://www.dianping.com/shop/l7ADGmEGhUNWzOw5,2259条评价,人均￥153,大红袍珍珠奶茶 台式麻辣锅 红颜花胶鸡
米纸越南小馆(环球港店),https://www.dianping.com/shop/l67PmPnxT2etXiuT,57条评价,人均￥81,越南香茅烤肉 越式鲜虾纸米卷 胡志明豆腐花
My camp·天台露营·小酒馆·BBQ我的营地,https://www.dianping.com/shop/FMbUH3bjiEwnHqNy,79条评价,人均￥9o,安格斯肥牛 黑椒五花肉 自制小酥肉
好利来(吾悦店),https://www.dianping.com/shop/jq8QDfRSSoNGLAtz,565条评价,人均￥86,奥巧半熟芝士 冰山熔岩 网红半熟芝士
柿·Persimmon,https://www.dianping.com/shop/l3jGBLQeeLhr8S9O,337条评价,人均￥92,北非蛋 奶油蘑菇培根意面 柿蛋糕
老西门·常州菜·湖塘雅序,https://www.dianping.com/shop/G9J9RP6I39xl11C9,385条评价,人均￥1o1,常州麻糕 老西门第一鸡 梅花烤肉
小玲珑菜馆,https://www.dianping.com/shop/G1iD3vAlh4tBB34K,293条评价,人均￥73,韭香猪肝 泡菜鱼 番茄牛腩
