玉龙传说(新街口店),https://www.dianping.com/shop/H8X3ia0wTHIuK5b9,621条评价,人均￥85,脆皮猪手 鱼头王泡饭 干捞粉丝
楚詞CHUCI(国贸店),https://www.dianping.com/shop/G8WcyUVNACovQUdh,13o3条评价,人均￥73,楚词脆皮猪手 蟹黄干捞粉丝煲 土豆
赤壁渔乡,https://www.dianping.com/shop/l5fIFRc2o6f9c9fx,1738条评价,人均￥55,豆花鱼 萝卜炖牛腩 桂花花仁酿凉粉
楚词CHUCI(广电店),https://www.dianping.com/shop/l4VRWnmbo4XOMFid,219条评价,人均￥7o,楚词脆皮猪手 北京琉璃酥烤鸭 蟹黄干捞粉丝
老谢牛杂(新区店),https://www.dianping.com/shop/G4GFEUdxL57qEmxL,261条评价,人均￥7o,鲜牛肉 牛杂 牛百叶
大众美食城(沿河大道店),https://www.dianping.com/shop/G1NF0KtPyQnH2y1r,2o3条评价,人均￥23,豆皮 热干面 大众凉面
深梦年华法餐厅(东州大厦店),https://www.dianping.com/shop/H5NRViM4ccxS2bh7,113条评价,人均￥129,牛排 液氮水果沙拉 黑椒意大利面
日日是小满•咖啡(赤壁店),https://www.dianping.com/shop/l2wOlfsUktyu7Hu1,15条评价,人均￥24,生椰斑斓拿铁 桂花拿铁 熊猫蛋糕
集盒Missbox,https://www.dianping.com/shop/G14DybfgAL29HCzA,2条评价,人均-,暴打香水柠檬茶
金爷儿龙妞咖啡馆,https://www.dianping.com/shop/jUW98bzybSKjsXHC,48条评价,人均￥5o,拿铁咖啡 草莓慕斯 榴莲千层
老谢牛杂(沿河大道店),https://www.dianping.com/shop/H4cIH8PlDra3qYKW,59条评价,人均￥72,牛杂火锅 现切牛肉 酱油炒饭
滋滋烤肉,https://www.dianping.com/shop/l6xQajd8go9nAgmF,1242条评价,人均￥56,招牌五花肉 金针菇 土豆
酒拾烤肉(赤壁店),https://www.dianping.com/shop/H4w0I3YB3J6Ue9wv,572条评价,人均￥61,招牌五花肉 爆汁龙利鱼 细细小香肠
valley 山谷手作,https://www.dianping.com/shop/l76khE2aScDAbpXn,3条评价,人均-,黑椒口蘑蟹柳滑蛋三明治 提拉米苏迷你杯 原味米面包
重庆刘一手火锅(赤壁西湖国际广场二楼店),https://www.dianping.com/shop/H1Y14xFlypzX8J78,159条评价,人均-,至尊肥牛 团圆鸭血 吉品小羔羊
粥堂里养生餐厅(赤壁店),https://www.dianping.com/shop/H1CMo0Nu0S7bXopK,1o2条评价,人均￥84,皮蛋瘦肉粥 小炒黄牛肉 北京烤鸭
茶满桃山(新街口商业街店),https://www.dianping.com/shop/Ha1va7UJzgqrTbe2,72条评价,人均￥16,茶满桃山包装 意式拿铁 茶满烧仙草
dodo,https://www.dianping.com/shop/k3hm3KcxATBs4Bck,15条评价,人均-,巧克力麻薯厚蛋挞 榴莲千层 桂花芋泥吐司
饶师傅面馆,https://www.dianping.com/shop/k5URy7kHro46K6Kr,1条评价,人均-,猪肉炒面 炸酱面 炒牛肉面
一品韵味,https://www.dianping.com/shop/G7m0saSA3lJcTQgq,46条评价,人均-,蛤蜊蒸蛋 招牌柠檬酸菜鱼 竹荪菌王汤
陨石碳烤牛肉(赤壁店),https://www.dianping.com/shop/k6hRuZvoyvoJcc6t,115条评价,人均￥88,罐腌牛肋条 秘制五花肉 口袋饼
铁锅年代(赤壁店),https://www.dianping.com/shop/H1g2zdDqteZ2d8c4,229条评价,人均￥61,锅贴 地锅鸡 五花肉
炙烤肉,https://www.dianping.com/shop/k8lVPam4Jx8XZ7y7,25条评价,人均-,香煎青花鱼 风味炭烤肉 纯三文鱼刺身拼盘
陈师傅腊鲢鱼(赤壁总店),https://www.dianping.com/shop/GaUwOwYHwpHc5OKP,17条评价,人均￥65,招牌腊鲢鱼 香芹炒牛肉 玉米排骨汤
桃园酒店,https://www.dianping.com/shop/l2o91rvEG7oiDWvP,145条评价,人均￥36,农家鱼糕 特色鱼 大河一锅鲜
赤壁小镇 家概念餐厅,https://www.dianping.com/shop/H1OhmsRobQqljsGL,392条评价,人均￥67,老妈下饭菜特别爽口 辣椒皮蛋 铁板土豆片
彩霞牛脚店,https://www.dianping.com/shop/j9rBFAWJgGIoc9P2,1条评价,人均-,牛蹄粉 牛角
海川日料,https://www.dianping.com/shop/H8MRDTVOi256P4V9,77条评价,人均-,海川招牌卷 三文鱼刺身 西京银鳕鱼
潮汕九李香李记牛肉火锅店,https://www.dianping.com/shop/G3Z2GRLKcGBtFyZa,15条评价,人均-,牛筋丸子 吊龙 五花趾
原味土灶台(赤壁店),https://www.dianping.com/shop/l8f6tDGR2KM7amWT,739条评价,人均￥52,排骨 黄骨鱼 五花肉
M+nailsalon,https://www.dianping.com/shop/k76RTMMDbe48RMZm,2条评价,人均-,港式冻奶茶 暴打柠檬茶 旺仔拿铁
浅海湾时尚餐厅(西湖国际店),https://www.dianping.com/shop/k53JedUIovezFLeZ,414条评价,人均￥55,蟹黄粉丝煲 砂锅土鸭 金汤酸菜鱼
桥边小串烧烤,https://www.dianping.com/shop/l5mTWFkfOF4W2Ta7,24条评价,人均￥48,网红面筋 年糕 虾球
食尚汇,https://www.dianping.com/shop/k97lgLNxLcgbyurt,7条评价,人均-,鸽王响螺汤 长沙脆米炒饭
启达西饼生日蛋糕全国连锁(蛋糕送到家赤壁1店),https://www.dianping.com/shop/H92YHfxD71DCSiev,57o条评价,人均-,芒果知心 黑森林 榴芒双拼
漫樱川町,https://www.dianping.com/shop/FSkU4XFy0iNCxIne,71条评价,人均-,
袁老四火锅(新街口店),https://www.dianping.com/shop/H6UxWqIEyJK52Qd8,299条评价,人均￥84,
川娃子烧烤(赤壁总店),https://www.dianping.com/shop/G1g9FW7xCKZ3mRqS,3o条评价,人均-,
瑞幸咖啡luckincoffee(赤壁西湖国际广场店),https://www.dianping.com/shop/kaS1RyxTg1XCeSuF,1o条评价,人均-,
赤壁竹园,https://www.dianping.com/shop/l7S25c4rqEq228h6,2条评价,人均-,
积乐,https://www.dianping.com/shop/Ha2gIMsFvQucSTKz,2条评价,人均-,
老熊头羊肉馆,https://www.dianping.com/shop/k6TGFefFSomabU8g,4条评价,人均-,
福合城·潮汕牛肉火锅,https://www.dianping.com/shop/H7gKwWncczMkY6FY,,人均-,
七七地摊火锅(赤壁店),https://www.dianping.com/shop/l5GuJ1LnjE0riBLH,16条评价,人均-,
麻小度青花椒鱼,https://www.dianping.com/shop/H5XzsQjeqfrcpiv8,5条评价,人均-,
小龙坎火锅(龙翔路店),https://www.dianping.com/shop/katsnYrP9bnGMNRz,143条评价,人均￥92,红糖糍粑 麻辣牛肉 龙味香肠
烧烤邱,https://www.dianping.com/shop/k46bS21PBAqpCZQK,2条评价,人均-,五花肉 牛油 脆骨
黄龙渔村餐饮垂钓生态农庄,https://www.dianping.com/shop/l7j3vDsLIHVSwEVH,8条评价,人均-,腊肉鳝鱼炖豆渣 黄龙红烧肉 秘制鲜活蚌壳肉
农门小镇(高铁店),https://www.dianping.com/shop/l5UgZL9ylggUNSE5,13条评价,人均-,冬笋炒腊肉
红霞餐馆,https://www.dianping.com/shop/G9MJyk39fUqKPFX8,1条评价,人均-,
众人牛杂(体育馆路店),https://www.dianping.com/shop/H2AbztNL7vehb8Kq,5条评价,人均-,牛杂
风滚草江湖菜馆,https://www.dianping.com/shop/H8RITcarSVgyLTZx,88条评价,人均￥52,柠檬酸菜鱼 农家小炒肉 干锅茶树菇
朋厨湖南土菜(赤壁高铁站店),https://www.dianping.com/shop/k9pQXdNXGSzKfzZe,373条评价,人均￥55,有机花菜 干捞粉丝 陈坛肉炒肉
小食候湘(赤壁店),https://www.dianping.com/shop/k3LCcd3SFGIPttw2,9条评价,人均-,黄骨鱼火锅 大蒜腊牛肉 铁板蒜蓉虾
Daytto地道(赤壁华美达店),https://www.dianping.com/shop/k5hxuLI5zfM84tTh,5条评价,人均-,青砖茶1号 桂香青砖奶茶
友人牛杂(亚龙湾商务大酒店),https://www.dianping.com/shop/H9lMd2ULcpjp6BVL,3条评价,人均-,牛杂 红烧鱼 养生锅底
烤味轩旗舰店,https://www.dianping.com/shop/H1hcJQvmCQDIj6iH,6条评价,人均-,炒粉 鸡盹 肉沫小青豆
继哥羊肉馆(赤壁店),https://www.dianping.com/shop/k7yx5WV69JYCDtN8,2o条评价,人均-,炭锅羊肉 羊血 特色羊棒骨
半亩塘艺术村,https://www.dianping.com/shop/iYmttmrqxqUbWBOa,,人均-,
粤湛烧鹅王(雍景新城店),https://www.dianping.com/shop/l243V8rXwsxJvHMb,3条评价,人均-,烧鹅拼叉烧饭 水晶饺 香滑猪肉肠
