有吃不瞒天地·飞哥豆花,https://www.dianping.com/shop/l4RGNTpQtgFRhlDk,724条评价,人均￥49,飞哥豆花 炝炒鲜笋 凉拌竹燕
桶桶烧(赤水店),https://www.dianping.com/shop/k3SJ14Ieb9bxTDNR,1413条评价,人均￥75,牛肉 特色三线肉 豆腐
老字号·赤水第一蒸烧,https://www.dianping.com/shop/l6MDSDQlScSfmKqi,73条评价,人均￥39,豆腐 五花肉 香辣鱼
老革命家常馆,https://www.dianping.com/shop/k5p3RdCfGCb6APx9,46条评价,人均￥45,竹荪鸡汤 宫保鸡丁 冷水鱼
炙见烧肉居酒屋,https://www.dianping.com/shop/G8QnYi8WdDaaUpIw,39条评价,人均-,一口爆汁牛肉粒 梅五花 五花肉
龙液酸汤乌鱼府,https://www.dianping.com/shop/H16l0eh3zmGG7wFC,541条评价,人均￥56,乌鱼 手工面块 风吹排骨
正宗陈豆花(步行街店),https://www.dianping.com/shop/k6fMfbaZ2eKgDKJt,1o4条评价,人均￥49,豆花 竹笋红烧肥肠 蒜泥白肉
赤水私房菜,https://www.dianping.com/shop/H2u0XDdaiRYa2jDJ,3条评价,人均-,牛肉火锅 干锅牛肉 烧白
德克士(鸿利店),https://www.dianping.com/shop/Z4GyoNWUKeH4Fax1,4o7条评价,人均￥36,椰香咖喱鸡腿饭 咔滋薯霸（中） 香辣鸡翅（一对）
博宇轩火锅天地(赤水红军大道店),https://www.dianping.com/shop/k9P8FGgvrwEbN4yT,33条评价,人均￥42,鲜牛肉 鲜毛肚 新鲜蔬菜
高山牛肉火锅(寰宇江山店),https://www.dianping.com/shop/l11pYPc9j2h084Ws,14条评价,人均￥5o,菜汁包 带皮牛肉 鸳鸯锅底
九街淑芬掌中宝串串公司(赤水店),https://www.dianping.com/shop/l10kmjjgTsq7pA6i,25条评价,人均-,烧烤味掌中宝串串 麻辣味掌中宝串串 八星报喜鱼籽虾滑
重庆麻辣鱼(西河路店),https://www.dianping.com/shop/k5OFgRpl9rtYY07B,3条评价,人均-,麻辣鱼
卤校长老火锅(赤水店),https://www.dianping.com/shop/H9Vus9BMyph4xPyw,38条评价,人均-,辣卤耙鸡爪 泰式奶茶宝藏冰 红油锅底
赤水第一烧,https://www.dianping.com/shop/l3mLyOrbhLrubggR,385条评价,人均￥51,香辣烤鱼 大牛肉串 烤豆腐
赤水潮牛,https://www.dianping.com/shop/l9QOdKICVibiTOVj,1o5条评价,人均-,吊龙 匙肉 牛腩
布尔牛排海鲜自助餐厅,https://www.dianping.com/shop/H1bhQIyNF1C1nqae,6o条评价,人均￥66,牛排 烤鸭 香芋卷
大丙农家乐,https://www.dianping.com/shop/HaifwxZJc3Cv8wsK,35条评价,人均￥4o,特色麻辣鱼 腊肉香肠 鲜竹笋炒腊味
渝福记,https://www.dianping.com/shop/G4jYrrew14YACkOu,7条评价,人均-,鲜牛鞭 麻辣掌中宝 牛杂
陈多多·新式豆腐·鲜果茶(红军大道店),https://www.dianping.com/shop/l5ztwZbJ4CC6Xpux,6条评价,人均-,桂花酿豆腐 桃桃柠檬 满杯红宝石
鼎味美蛙鱼头(红军大道店),https://www.dianping.com/shop/G3wlBntrExQnJ6iS,2条评价,人均-,特色牛蛙 劲酒 炒土豆丝
小玲豆花面,https://www.dianping.com/shop/k1zJU1Ar1q1dSsPw,22条评价,人均￥9,豆腐花面干拌不煮 豆浆 豆腐花面蘸水
风云香鹅掌(恒瑶观山水店),https://www.dianping.com/shop/G7PLOpb4AvQlGdzd,9条评价,人均-,
杠上花重庆老火锅(红军大道店),https://www.dianping.com/shop/G1fG8O6COKCVWBRY,1条评价,人均-,
香佰里鲜货火锅(红军大道店),https://www.dianping.com/shop/l7E88tNhAVHIhj1F,11条评价,人均-,鸳鸯小锅 鲜鸭血 麻辣牛肉
赤水记忆,https://www.dianping.com/shop/G1qzQtXXBoXCMYvj,85条评价,人均￥64,赤水黑豆花 复兴豆腐 罗汉笋
无名羊肉粉(赤水店),https://www.dianping.com/shop/G9cQBQKnLi3wMvGx,18o条评价,人均￥1o,糟辣羊杂汤 泡椒牛杂粉 牛肉粉
任氏芋儿鸡(红军大道店),https://www.dianping.com/shop/H9sZBSoibEUz5w6h,616条评价,人均￥4o,芋儿鸡 竹笋鸡 酸梅汤
攒予轩自助烤肉火锅(红军大道店),https://www.dianping.com/shop/k25mtYMLg3hZ3gBy,38条评价,人均-,鸳鸯锅 可乐 牛排串
一柒烤吧,https://www.dianping.com/shop/jsU8jqfSaCpTNWcx,3条评价,人均-,阿根廷牛肋条 烤鸡爪 炭烤中翅
赤水市复兴镇黄豆花店,https://www.dianping.com/shop/G2aF9fKJDbTtcz4A,13条评价,人均￥23,豆花 笋子 粉蒸排骨
赤水曾氏晒醋,https://www.dianping.com/shop/FixH5Mb7hbAnSoqG,7条评价,人均-,手工酱油
蔡二孃叉洋芋,https://www.dianping.com/shop/jk07ixCeROrIQZ21,34条评价,人均￥29,炒洋芋粉 叉洋芋 炒米粉
老双竹家常馆,https://www.dianping.com/shop/k8QJyx89GGk614dh,31条评价,人均￥38,双竹炒豆渣 苗家牛肉 双竹过水鱼
粤东海鲜烧烤砂锅粥,https://www.dianping.com/shop/la1Z1UMqQwhf4Ifv,52条评价,人均￥3o,铁板鱿鱼须 扇贝 小黄鱼
赤桫椤食府,https://www.dianping.com/shop/H2qExLqfesmj0HLh,6条评价,人均-,
叙知香美蛙鱼头火锅(赤水店),https://www.dianping.com/shop/k9VpwNnVIltLQNFH,5条评价,人均-,
陈记猪儿粑,https://www.dianping.com/shop/k4QNxRdZ03lPRDnS,36条评价,人均￥7,
晏伙二煳辣壳面,https://www.dianping.com/shop/G42qBZrLs08vtxll,34条评价,人均￥8,
钰欣火锅,https://www.dianping.com/shop/H9PHJSHFdP7epfJZ,5条评价,人均￥35,
喜匠炭火烤肉,https://www.dianping.com/shop/G9h3R2YnGPmRuzgU,3条评价,人均-,
竹庄(赤水店),https://www.dianping.com/shop/H5E7PRBWJAAnRftP,37条评价,人均￥59,
黔豆园豆米火锅、野菜馆,https://www.dianping.com/shop/l8FIfAVjh79IW7t8,26条评价,人均￥44,
7号院街火山黑鱼(红军大道店),https://www.dianping.com/shop/G9woxCZsGLTcpZvP,32条评价,人均￥7o,
碳烤海鲜生蚝,https://www.dianping.com/shop/k6kbUO7DrkS0DOlP,76条评价,人均￥43,
清汤黄牛肉(老兵一店),https://www.dianping.com/shop/l1QybNrWh4acKddv,27条评价,人均￥78,黄牛肉 养生大骨汤 泡菜
向阳豆花馆,https://www.dianping.com/shop/k3IHzCikS0Uxc4nt,24条评价,人均￥34,筒筒笋腊猪脚 筒筒笋腊肉 赤水豆花
Sev Mekg麦田网红生日蛋糕(赤水店),https://www.dianping.com/shop/G7IYX2qdZmThZpfS,3条评价,人均-,玫瑰情侣网红生日蛋糕 奥利奥搞怪煤丸子网红生日蛋糕 满园春色关不住生日蛋糕
钢管厂五区小郡肝串串香,https://www.dianping.com/shop/k7cfcJk2GTeD0wTi,1o条评价,人均￥82,折耳根牛肉 鬼肉魔芋 小郡肝
龙门虾客,https://www.dianping.com/shop/k32rhBF92Fr1T0nz,3条评价,人均￥49,白灼大龙虾 椒盐皮皮虾 炒田螺
月儿咖啡,https://www.dianping.com/shop/k3Z8krkSaTyNJG60,2条评价,人均-,果蔬沙拉 巧克力玄香拿铁咖啡 雪顶漂浮冰咖啡
潮牛道涮烤牛排养生火锅(赤水店),https://www.dianping.com/shop/k4MfxcIlhJAfVZ3j,2条评价,人均-,菌王锅 精品黄牛肉 美颜番茄锅
CAFFE PASCUCCI(三十里河滨大道店),https://www.dianping.com/shop/G3EeYBkBVljrtqxb,3条评价,人均-,
豆先生土菜馆,https://www.dianping.com/shop/GaiCysWCMY978ePb,1条评价,人均-,
辣子千红成都火锅(赤水华融公馆店),https://www.dianping.com/shop/G5vMDW4ltiMGr3hz,88条评价,人均-,辣子千红嫩牛肉 冰鲜脆鸭肠 成都四宝
王氏独特包浆豆腐(茵特拉根店),https://www.dianping.com/shop/inaGNB9AOuydHJuI,83条评价,人均￥57,包浆豆腐 鲜笋腊肉 豆花鱼
龙先生纯手工冰粉,https://www.dianping.com/shop/G8zft4FPIGIbir3K,6条评价,人均-,招牌全家福冰粉 荔香玫瑰冰汤圆 红糖糍粑冰粉
麻麻鱼自助火锅夜宵烧烤,https://www.dianping.com/shop/k7EzA02hXE8pAq9W,3条评价,人均-,麻辣卤甲鱼 麻辣卤肥肠 蒜泥小龙虾
遵义脆哨豆花面余波家常馆,https://www.dianping.com/shop/H2vSYROKwgWu7ELE,,人均-,芽菜肉丝炒饭 干锅鸡 酸辣土豆丝
张大汉餐饮,https://www.dianping.com/shop/k7VOwNXPkbtAdLIG,14条评价,人均-,羊肉卷 新鲜毛肚 清汤牛蹄
