阿旺餐馆,https://www.dianping.com/shop/l8OfbJ22HF0XrMkE,41条评价,人均￥48,特色豆腐 春笋炒肉 豆腐酿肉
高阿姨餐馆,https://www.dianping.com/shop/k1CBeIFISTN3Be14,14条评价,人均￥27,炒粉干 沙煲猪小肠 爆炒腰花
味道工厂,https://www.dianping.com/shop/H5izQY9MWBqYFPCg,12条评价,人均￥83,红烧鸡脚 凉拌黄瓜 牛蛙煲
南洲料理,https://www.dianping.com/shop/G9sEWu1N2EqIhXIJ,8条评价,人均￥66,吞拿鱼沙拉 热点寿司 鸭子石锅饭
非尝味道(崇义店),https://www.dianping.com/shop/G3ZyTts86hCRcTxM,12条评价,人均-,羊肉串 烤小黄鱼 秋刀鱼
古茗(崇义阳明路一店),https://www.dianping.com/shop/k1oNPA7kqo5Cz2Ys,45条评价,人均￥14,芝士多肉葡萄 杨枝甘露 布雷脆脆奶芙
耀升国际饭店,https://www.dianping.com/shop/H8dDp4yEyAAABrzU,35条评价,人均￥85,竹燕窝三丝羹 竹胎儿溜虾仁 甜笋扣肉
吉祥山庄,https://www.dianping.com/shop/H3FypEQJAn0R6j1O,1条评价,人均-,炒时蔬 清蒸鲈鱼 蔬菜汤粉
味之源休闲餐厅,https://www.dianping.com/shop/k4c6juPBNhwGQxQZ,1o条评价,人均-,清蒸鱼 糯米猪肉丸 松露煲老鸭汤
ARTEASG(鲜奶茶·阳岭大道店),https://www.dianping.com/shop/l1RhDSPXN64PFGUm,1条评价,人均-,芝士牛油果 牛油果甘露 酸奶牛油果
崇义水饺品牌体验馆,https://www.dianping.com/shop/G1zRgBuXZYFoTAsV,3条评价,人均-,
金六福食府,https://www.dianping.com/shop/l3euvFCHnt5n3KzR,1条评价,人均-,
恬心家,https://www.dianping.com/shop/l9UnACq6IHOcHB3A,2条评价,人均-,
春伶上堡客家梯田餐馆,https://www.dianping.com/shop/l4xcnQKzatzkkvOk,1条评价,人均-,
陨石烤肉,https://www.dianping.com/shop/H5eiNO1bnFHr6BQi,2条评价,人均-,
钢管厂小月君肝串串香(新世界购物公园店),https://www.dianping.com/shop/H4rcXKXF6N8Pzgbe,2条评价,人均-,韭菜 鱼豆腐 腐竹
味可佳牛排(崇义店),https://www.dianping.com/shop/l9w5QeSzSZz2ona8,5条评价,人均-,带骨纽约客牛排 川式香辣牛排 澳洲牛小排牛排
山城老火锅(广场北路店),https://www.dianping.com/shop/G8B0oI33441bttIw,3条评价,人均-,凉拌皮蛋 凉拌腐竹 凉拌鸭胗
湘东印象(江西崇义店),https://www.dianping.com/shop/G21JHiATigfHbCfv,1条评价,人均-,剁椒鱼头 攸县香干 蒜香牛肉
漓江月宴,https://www.dianping.com/shop/l57NnXOlkSTnnKMZ,1条评价,人均-,养生鸭
喜姐炸串(阳明路店),https://www.dianping.com/shop/jdyFgj0BOoNlfAMP,1条评价,人均-,喜姐掌中宝 拉丝芝士棒 弹鱼豆腐
阿朱海鲜楼,https://www.dianping.com/shop/iSLBJ84LzADuZw3f,4条评价,人均-,小龙虾 金山小驴肉 皮皮虾
鱼娘,https://www.dianping.com/shop/G9C5ffqwTAJuRwvX,3条评价,人均-,
汕头牛肉丸(沿河西路店),https://www.dianping.com/shop/laAk3S0kdd7J2OWJ,4条评价,人均-,牛肉面
章江源大酒店,https://www.dianping.com/shop/H4nvRsxPICFD0AF2,1条评价,人均-,手拍黄瓜 酸辣鸭庆饭 野果世界
菲尔雪(阳明路店),https://www.dianping.com/shop/l6YlugAS5iyav2ns,9条评价,人均-,水果缤纷 香芒物语冰皮月饼 大冰雪奇缘生日蛋糕
环球海鲜牛排自助餐厅,https://www.dianping.com/shop/k7ZfJtzg8GcF4gJJ,7条评价,人均-,黑椒牛柳沙拉 香脆鸡米花 照烧鸡肉炒饭
资溪面包(崇义店),https://www.dianping.com/shop/l91NO0wuZghrvDtM,1o条评价,人均-,资溪面包 水果姆斯生日蛋糕 黑森林巧克力生日蛋糕
崇义饺子馆(文竹路店),https://www.dianping.com/shop/G4pWAcgYxJZw5Z74,1条评价,人均-,田螺 萝卜瘦肉饺 香菜瘦肉饺
忠记陡水湖鱼庄,https://www.dianping.com/shop/l1Ws2zFQrTJ3S0nC,2条评价,人均-,
粮全其美(崇义阳明路店),https://www.dianping.com/shop/FTG5CekecOOIYF3p,38条评价,人均￥13,手抓饼 黑椒牛肉 生菜
塔斯汀中国汉堡(崇义店),https://www.dianping.com/shop/H89EqpAauPfkqNKQ,,人均-,蜜汁手扒鸡 双享翅根 劲爆鸡米花
龙门鱼府(章源大道店),https://www.dianping.com/shop/H9RfnGcqnJw3BtkK,4条评价,人均-,酸菜鱼 酸菜炒鸡杂 农家米粉肉
七食巷热卤,https://www.dianping.com/shop/H3twChi19bPm8qEt,1条评价,人均-,千叶豆腐 旺仔水果捞 原味水果捞
古茗(阳明路二店),https://www.dianping.com/shop/kaKf7zdHazb2uIlk,19条评价,人均-,芋泥厚厚牛奶 杨枝甘露椰奶 杨枝甘露
小明家麻辣烫(崇义店),https://www.dianping.com/shop/k3cMlKjs1s3Z9yCy,1条评价,人均-,霞迷饺 油炸大鸡腿 油炸小肉串
四海酒家(文林路店),https://www.dianping.com/shop/H3cph2elXG5AtxFY,4条评价,人均-,鱼头汤 炒冬瓜 炒魔芋
老地方夜宵快餐(阳岭大道店),https://www.dianping.com/shop/Ga8Qm4YBjAYwB5K9,1条评价,人均-,烤大蒜 手撕芥末鱿鱼 肉炒河粉
云花饭店(沿江路),https://www.dianping.com/shop/G28ALTMOsjMPlVbe,,人均-,
半糖烘焙,https://www.dianping.com/shop/l4ZdZtjk8NxZ0eaL,,人均-,红丝绒盒子蛋糕 杯子蛋糕 草莓芒果双拼
朱阿姨烧烤,https://www.dianping.com/shop/l2WwhQlgpTXen0ie,2条评价,人均-,土豆片 名仁苏打水 夺命大乌苏
唐老鸭大酒店(崇义店),https://www.dianping.com/shop/G9QPIVT25s2Lkdmu,,人均-,锅仔羊肉 赣南小炒鱼 腐竹焖牛腩
蜜雪冰城(城关小学店),https://www.dianping.com/shop/k9PJcgs0kgjjIRZV,1条评价,人均-,外婆烧仙草 大王奇异果 葡萄肉多多
财富大酒店(崇义店),https://www.dianping.com/shop/k6sjHI5AZOWdIsgc,1条评价,人均-,雪梨肉饼汤 水煮肉片
燕子烧烤(阳岭大道店),https://www.dianping.com/shop/EWdVYxjBqC7UbbSk,1条评价,人均-,千叶豆腐 鸡肉串 苕皮串
聂都大酒店,https://www.dianping.com/shop/G6hKzZFNua65syzN,3条评价,人均-,
新隆木桶饭,https://www.dianping.com/shop/H62keFo7ilheelgl,2条评价,人均-,茄子肉沫十米饭 味动力 豆奶
塔塔手工烘焙馆(新世界购物公园店),https://www.dianping.com/shop/H9QmcPthGmg9Gkl9,1条评价,人均-,奥利奥木糠杯 水果盒子 推推乐
横水农贸市场,https://www.dianping.com/shop/k2PolBeUcGyMyxhZ,,人均-,
星望月美食城,https://www.dianping.com/shop/k4aRFrryaRjT1ZkU,1条评价,人均-,
华莱士·全鸡汉堡(崇义店),https://www.dianping.com/shop/jzcarfzMy9qCrXUP,149条评价,人均￥14,香辣鸡腿堡 香辣鸡翅 手扒鸡。
蜜雪冰城(崇义店),https://www.dianping.com/shop/H4z4TQLqcGRcBJvB,4条评价,人均-,黑糖珍珠大圣代 满杯百香果 草莓摇摇奶昔
钰菲餐馆,https://www.dianping.com/shop/H5cRoVmVPmQmvSis,,人均-,米粉肉 炒田螺 小龙虾
年年有鱼(阳岭大道店),https://www.dianping.com/shop/H9Jy9b21heYVhYvk,1条评价,人均-,豆鼓味巴沙鱼 泡椒酸菜味江团鱼 泡椒酸菜味巴沙鱼
崇义水饺(046号店),https://www.dianping.com/shop/G4UcjebP7RIvNN0k,1条评价,人均-,茶叶蛋 凉拌鸭庆 蛋炒饭
高记肠粉皇,https://www.dianping.com/shop/l4xk5Ipuw24pVM0s,,人均-,
李记串串香(崇义店),https://www.dianping.com/shop/H4DkMMQd6JOH2doD,,人均-,
慕凯客家菜(崇义店),https://www.dianping.com/shop/G6Pua0M7gBXMUc7Q,,人均-,
吴记客家盐焗,https://www.dianping.com/shop/k3y0BP7aJw9RdIRV,,人均-,
杨记水酒坊,https://www.dianping.com/shop/H6S5ROr3HQ0bKbIn,1条评价,人均-,
