铁锅年代(崇阳店),https://www.dianping.com/shop/G1jbyy3L6KSKuQAW,24o条评价,人均￥7o,地锅鸡 锅贴 土豆
重庆刘一手火锅(崇阳店),https://www.dianping.com/shop/GaXz5MbzPFHBaT4e,17o条评价,人均-,极品雪花肥牛 一刘三拼 冰川鸭肠
深海渔港烤肉海鲜火锅自助(崇阳店),https://www.dianping.com/shop/G4IESbHfoIXDc9cW,4o6条评价,人均￥66,生蚝 螃蟹 五花肉
小馋猫时尚烤鱼餐厅(崇阳店),https://www.dianping.com/shop/l1R8XOChQ6ESdVBJ,255o条评价,人均￥77,香辣味的烤鱼 陆水河生态草鱼 热干面
盘溪日式料理(崇阳店),https://www.dianping.com/shop/H3a0ndTraNLOxLjV,19条评价,人均-,火炙鳗鱼寿司 北极贝刺身 香酥黑金鸡块
醉得意(崇阳店),https://www.dianping.com/shop/H5W67tRpMoSxUuCd,1o条评价,人均-,
潮牛壹号鲜牛肉火锅(崇阳店),https://www.dianping.com/shop/H4g3IcH3wr5XJxgn,217条评价,人均￥61,
牛一锅(崇阳二店),https://www.dianping.com/shop/G89WlmwZdzOMQjL8,1o条评价,人均-,
乐见咖啡馆(白鹭广场店),https://www.dianping.com/shop/iFsKoorYlBXjYSKM,8条评价,人均-,
老地方烧烤,https://www.dianping.com/shop/H83lYtH4Qkxh4LbW,9条评价,人均￥61,
胖胖烧烤大排档,https://www.dianping.com/shop/k8pQXf7FGCafKdkm,9条评价,人均-,
鸽王天下生态主题餐厅(崇阳店),https://www.dianping.com/shop/k8OtVvvzLBv400Xy,37条评价,人均-,
民厨,https://www.dianping.com/shop/k6BDGMIjMCsmRFK6,19条评价,人均￥3o,
大斌家火锅串串(崇阳店),https://www.dianping.com/shop/H86pu1WwkICb9pMb,12条评价,人均-,
春風宴,https://www.dianping.com/shop/H3ZklI0AvoSqsPvu,2条评价,人均-,
明月坝鲜货火锅(白鹭广场店),https://www.dianping.com/shop/l5Exu3tLfGGTndmY,143条评价,人均-,现切黄牛肉 手工虾滑 特色牛肉
米兰西饼生日蛋糕(崇阳总店),https://www.dianping.com/shop/GaJQyZfMG8gK6Iup,224条评价,人均-,生日蛋糕 父爱如山双层 大双层幸福果园
鲜味小锅灶(崇阳店),https://www.dianping.com/shop/Ha4yuG0HCnJaGIYL,12条评价,人均￥89,清蒸鲈鱼
牛一锅,https://www.dianping.com/shop/l6XO4k6aYGHJprzn,4条评价,人均￥3o,牛百叶 鲜牛肉 热干面
炭索·现拌烤肉,https://www.dianping.com/shop/G8DtSFiaEOc7AwTg,88条评价,人均-,招牌五花肉 一口牛油香 蒜蓉大白虾
亲青菜(天府广场店),https://www.dianping.com/shop/l149THS6J53z7Mi7,213条评价,人均￥46,
牛与鹅的故事,https://www.dianping.com/shop/H4WOfGoaQ8kSxKN5,58条评价,人均-,
舌尖大师铁板锅(崇阳店),https://www.dianping.com/shop/k6SbNfjMheeJ9bEI,13条评价,人均-,
牧羊人烤全羊,https://www.dianping.com/shop/Ha3qasK4RaXFT1FM,1条评价,人均￥35,
爱尚特色烤牛肉(中山步行街店),https://www.dianping.com/shop/k6bDzSt5UGfs37U4,4条评价,人均-,
如意馄饨(崇阳妇幼店),https://www.dianping.com/shop/G7srFeXXareOMA0q,17条评价,人均￥2o,
签王之王牛肉串串,https://www.dianping.com/shop/l5ihWJrePpOlOlFK,2条评价,人均-,
小食侯湘(崇阳店),https://www.dianping.com/shop/H4OcvGM9VAZn6yOU,16条评价,人均-,
楚南渔村,https://www.dianping.com/shop/F8ClazrGzd6AHwll,7条评价,人均-,
鸡公虾婆(崇阳店),https://www.dianping.com/shop/l3uuztttpIfD2zsU,71条评价,人均-,
乐悦坊中西时尚复合餐厅,https://www.dianping.com/shop/k3i4oYTv543QpzoM,11条评价,人均-,碳烤谷饲肉眼牛排 新奥尔良鸡肉风味披萨 招牌炒饭
卤师雷棒棒骨(崇阳白鹭广场店),https://www.dianping.com/shop/G4gvUGzrMn6DSHco,45条评价,人均-,棒棒骨 牛骨头 卤猪脚
肯德基(信达步行街店),https://www.dianping.com/shop/H4N6SaEJxHPe4NlL,39条评价,人均￥48,薯条 香辣鸡翅 新奥尔良烤翅
爱饭(崇阳店),https://www.dianping.com/shop/HafGhVpmlCacQhUZ,26条评价,人均￥58,肉丸汤 白糖酥 海皇粉丝煲
Lapizza 辣披萨,https://www.dianping.com/shop/H1rJlICoFniC34IG,42条评价,人均￥5o,榴莲披萨 夏威夷汉堡 番茄意面
崇阳印象,https://www.dianping.com/shop/k6cvVAvEyUdwv3gB,25条评价,人均￥52,小炒肉 荠菜圆子 干煸野小鱼
陨石碳烤牛肉(崇阳店),https://www.dianping.com/shop/k4PqOKZvfnDMpyGO,14条评价,人均-,秘制五花肉 牛肉炒饭 罐腌牛肋条
庆渝火锅,https://www.dianping.com/shop/l4ZBodO1fxlcz23C,43条评价,人均-,鲜鸭血 庆渝毛肚 一号肥牛
金记面馆(崇阳A店),https://www.dianping.com/shop/H30RTx70TlgquLtI,3条评价,人均￥12,金记三杂面 羊排 鸭头
酒拾烤肉(崇阳店),https://www.dianping.com/shop/G7zBHyR7cgucWDEl,54条评价,人均-,酒拾招牌五花肉 香辣牛肉 和牛嫩五花
成都屋头串串香,https://www.dianping.com/shop/H4m62JxYrkLzUnNV,5条评价,人均-,傻儿牛肉
一休寿司(美食街店),https://www.dianping.com/shop/G1OMB7vUi2CALXzx,4o条评价,人均￥1o,泡菜牛肉卷 招牌鳗鱼卷 瑶柱培根
古茗(紫晶城店),https://www.dianping.com/shop/H8SC2COFVHCNNKDJ,76条评价,人均￥17,杨枝甘露 大叔奶茶 芝士多肉葡萄
胖嫂热干面,https://www.dianping.com/shop/l4R3feajK2s86CeG,3条评价,人均-,热干面 鸽子汤 鸭头鸡脚
奇果咖啡能量站,https://www.dianping.com/shop/l1ZN7RnOVvPgMRVh,4条评价,人均-,三明治 提拉米苏 低脂瘦身餐
池塘边·美蛙鱼头老火锅(崇阳店),https://www.dianping.com/shop/l3His7acr4gkVTce,6条评价,人均-,花鲢鱼头 重庆牛油火锅 羊肉卷
汪勇鸭头面,https://www.dianping.com/shop/k7kuM9vd6rz86ZJ6,6条评价,人均-,牛肉面 鸭头粉 肥肠面
蜜雪冰城(白鹭广场店),https://www.dianping.com/shop/k35vps0hzXL68rvd,14条评价,人均-,棒打鲜橙 蜜桃四季春 芋圆
懒谈秦市井羊肉馆(崇阳店),https://www.dianping.com/shop/G3Vh2Tq6PEum4hlx,1o条评价,人均-,手工虾滑 网红炸饺 卤虾
经典热火烧烤,https://www.dianping.com/shop/k6YdJB7iPFlcttV4,,人均-,烧烤五花肉 腊兔 火锅料
火四爷烤吧(崇阳总店),https://www.dianping.com/shop/l6Eoqah3SOHfERmA,86条评价,人均￥52,香烤五花肉一份 香辣牛肉 美味鸡中翅
伍界烧烤(新建路店),https://www.dianping.com/shop/l8dmknBjNNczdTt7,,人均-,
好恰地摊火锅,https://www.dianping.com/shop/G8wayiOvzgiwosOI,,人均-,烈火鱿鱼 烈火鸡爪
味轩生态农庄,https://www.dianping.com/shop/k3luSQMg679Y7Sq8,86条评价,人均￥47,农家鸡汤 小炒肉 野生小河虾
禧食记•北京烤鸭,https://www.dianping.com/shop/l4QfHsbkLbBtzC94,4条评价,人均-,特制啤酒 烤鸭伴侣 酸梅汤
古茗(崇阳大道店),https://www.dianping.com/shop/k6320Ub9Se3Et2EP,81条评价,人均￥12,芝士多肉葡萄 杨枝甘露 大叔奶茶
古茗(民主路店),https://www.dianping.com/shop/H6jDZqMzVj2nxr47,48条评价,人均-,杨枝甘露 布雷脆脆奶芙 嫩仙草满福
塔斯汀·中国汉堡(崇阳金泰广场店),https://www.dianping.com/shop/G2abdvNOFsOiugNX,54条评价,人均￥19,香辣鸡翅 香辣鸡腿中国汉堡 多汁牛肉中国汉堡
沈记三汁焖锅,https://www.dianping.com/shop/G6SQr5TmkYh0zK92,57条评价,人均-,三汁焖鲜牛肉 鲜虾 莲藕片
老谭鳝鱼面,https://www.dianping.com/shop/G1m8HqCzc73yX74f,1条评价,人均-,鳝鱼面 炒面 清炒黄瓜
