来点烤肉(崇仁店),https://www.dianping.com/shop/k3re3X3kRV2kQq9v,155条评价,人均￥75,招牌五花肉 来点小牛排 招牌肥牛
爷爷的土钵菜,https://www.dianping.com/shop/l3NTqDOpn7ZgZS8T,13条评价,人均-,铁板大虾
大浪烤肉(崇仁店),https://www.dianping.com/shop/l3UF6qiqaBjOmZfJ,61条评价,人均-,鲜切牛舌 精选五花肉 鲜切黄牛肉
德克士(崇仁店),https://www.dianping.com/shop/H3q6j5wwXzBYO3m8,72条评价,人均￥28,脆皮手枪腿皮卷 香辣鸡翅 德克士鸡块
老三样(崇仁总店),https://www.dianping.com/shop/k4mYveQSP6HAFsMX,17条评价,人均-,蟹脚捞粉 鲜豆腐牛蛙 辣椒炒肉
豪渝火锅(崇仁店),https://www.dianping.com/shop/k2wzPxhF2XGG8yGU,42条评价,人均-,豪渝脆毛肚 重庆椒麻牛肉 麻辣骨汤锅
印象崇仁,https://www.dianping.com/shop/k4KwjYdBwDjZR8ZA,1条评价,人均-,
季季红火锅(崇仁万象店),https://www.dianping.com/shop/Gat2GxH8uYnX76bZ,365条评价,人均￥9o,尊品肥牛卷 毛肚片 牛肉片
小清水煮店,https://www.dianping.com/shop/G4957FtSzcU1oieW,12条评价,人均￥29,鸭头 鸡脚 藕片
安记羊肉火锅(第三分店),https://www.dianping.com/shop/H3BBlM20wj0eJsG7,1条评价,人均-,豆皮 羊肉 牛肉
肯德基(崇仁新天地店),https://www.dianping.com/shop/E6NrILT59Ieg8SVt,16条评价,人均-,安格斯牛堡明星餐 肯德基白桃雪芭花筒 太妃榛子风味拿铁
韩炉村烤肉(崇仁店),https://www.dianping.com/shop/jtOhxNIjiPQzUWGR,29条评价,人均-,韩式辣白菜 厚切五花肉 东北一口肠
黄厨匠(崇仁店),https://www.dianping.com/shop/H71Gb6neUMLtSdHp,6条评价,人均-,盐焗鸡 腊味花生苗 小炒田螺肉
山斜饭店,https://www.dianping.com/shop/l1uldQiCJwJPWj9d,8条评价,人均-,红烧麻鸡 猪血 小白菜
汇烤官(新天地崇仁店),https://www.dianping.com/shop/l19XIltyuooNltPR,1条评价,人均-,藤椒大肉串 热卤猪脚面 蒜香排骨
艾記小郡肝火锅,https://www.dianping.com/shop/l2e7xllwMukvKeRm,7条评价,人均-,方便面 麻辣牛肉 贡菜
古茗(崇仁中山路店),https://www.dianping.com/shop/l8imDJLGrQ7eiqn2,4o条评价,人均-,大叔奶茶 芋泥青稞奶绿 芝士多肉葡萄
胖子鱼头店(崇仁店),https://www.dianping.com/shop/G9lIQEIwbfzXgkdo,8条评价,人均-,砂锅红烧鱼头 辣椒炒蛋 鱼头豆腐汤
塔斯汀中国汉堡(胜利店),https://www.dianping.com/shop/H8QfOVZxGplKPurN,1条评价,人均-,香辣鸡腿中国汉堡 酥香鱼排中国汉堡 啃定好鸡脖
鱼羊馆,https://www.dianping.com/shop/EblwAubyvarukbhY,18条评价,人均-,蒜蓉虾 米饼 泡椒凤爪
崇仁开元名庭主题宴,https://www.dianping.com/shop/H3tpuIfVajPHavdS,4条评价,人均-,香煎韭菜饺 小炒藕条 红烧大黄鱼
山斜麻鸡店(建材市场店),https://www.dianping.com/shop/k7nf0r9NljuG9tTQ,2条评价,人均-,豆泡烧肉 卷子 水煮滑肉
勇仔烧烤,https://www.dianping.com/shop/Gami29EL2jdJ0f4G,,人均-,大肉串 鸡腿 掌中宝
林记开心蛋糕(崇仁店),https://www.dianping.com/shop/l7lhdIP9Qjf2xqyq,289条评价,人均￥24,培根披萨 芒果圣代杯 草莓炸弹
赣乡肴,https://www.dianping.com/shop/l8cFwZLWXLXRlvh4,1条评价,人均-,香煎鲈鱼 米粉肉 蒜蓉生菜
最湘菜(崇仁店),https://www.dianping.com/shop/l8ncBNYAyWLa6VsK,2条评价,人均-,临川牛杂 香辣凤爪 水煮活鱼
佳佳基(崇仁店),https://www.dianping.com/shop/H6tn5GFL5836v37H,1587条评价,人均￥26,香辣鸡翅 qq烤鸡腿堡 佳佳鸡肉卷
林记开心蛋糕(新天地店),https://www.dianping.com/shop/l9ggVtkOsNCGnS1O,1条评价,人均-,手工蛋挞 黄金吐司 小蛋酥
杨国福麻辣烫(创造路店),https://www.dianping.com/shop/G4s17SFLlGeot1FI,1条评价,人均-,土豆片 牛肉卷 油泡包肉
CoCo都可(崇仁万象店),https://www.dianping.com/shop/FnpdZTLBqvcssm7I,19条评价,人均-,莓莓果茶 珍珠奶茶 闪光爆爆葡萄
源川婆婆,https://www.dianping.com/shop/G81OJ2NrtMgh4OH2,3条评价,人均-,锡纸花甲粉 扬州炒饭 青菜瘦肉粥
悦享来牛排自助(新天地店),https://www.dianping.com/shop/l4XRwH2rAYe8WPlI,,人均-,
火立方烧烤店,https://www.dianping.com/shop/H6dgkME4ld0g8Xpq,1条评价,人均-,碳烤整个羊腰 手工羊肉串 包浆豆腐串
特色资溪烧烤,https://www.dianping.com/shop/laiNcuyYm0TCKkVA,5条评价,人均-,手撕干鱿鱼 掌中宝 骨肉相连
七蟹天迷宗蟹,https://www.dianping.com/shop/F2bLVnLRDuqL6MvA,,人均-,白灼虾 迷宗蟹 弹墨鱼仔
古茗(嘉家隆超市店),https://www.dianping.com/shop/l64EAkDTlrtv1hfc,27条评价,人均-,杨枝甘露 古茗奶茶 布雷脆脆奶芙
天天渔港(崇仁店),https://www.dianping.com/shop/GasZ6lzylWpJymAe,3条评价,人均-,自包水饺 回锅牛肉 大刀苦瓜
海鲜排挡(崇仁店),https://www.dianping.com/shop/G3bqoRxqQz2mTnmx,4条评价,人均-,
喜粥来(崇仁店),https://www.dianping.com/shop/H9Bb3hRrmeSB7Ifc,,人均-,
喜姐炸串(崇仁店),https://www.dianping.com/shop/H81r2U31EWABUz2C,8条评价,人均-,甘梅红薯条 爆香一口肠 雪花鸡柳串
沸悦火锅茶馆,https://www.dianping.com/shop/k1RoJpc8ytQ0hZUq,1条评价,人均-,
古茗(崇仁胜利路店),https://www.dianping.com/shop/G6dsuziMJXH1PKvM,2o条评价,人均-,布雷脆脆奶芙 大叔奶茶 杨枝甘露椰奶
忆江南时尚餐厅,https://www.dianping.com/shop/l4EvEwAtImLX1d6p,22条评价,人均￥38,铁板韭菜 一品红酥肉 肉枣汤
礼陂菜馆,https://www.dianping.com/shop/G2OR1oW7SlPr6vnP,1条评价,人均-,
沙堤烧烤,https://www.dianping.com/shop/G3n9LaaODDEOKviu,,人均-,小黄鱼 生蚝 鸡柳
欧麦斯,https://www.dianping.com/shop/lanZkWg03u8MIE6d,248条评价,人均￥88,水果蛋糕 浪漫粉蛋糕 摇头娃娃蛋糕
林记开心蛋糕(宝水店),https://www.dianping.com/shop/kaWx4zbiCRq0nBpQ,2o条评价,人均￥15,开心创意蛋糕 水果蛋糕 卡通蛋糕
百姓大食堂(县府西路店),https://www.dianping.com/shop/k6YFGIpNMX5Qbr6V,,人均-,糯米肉丸 豆腐肉沫 大蒜炒蛋
古茗(新天地店),https://www.dianping.com/shop/H9KJuUKHkwPrOWV9,6条评价,人均-,超A芝士桃桃 爆有料水果桶 生椰拿铁冰淇淋
贝思蜜(崇仁店),https://www.dianping.com/shop/k72tJkcCHj6cM6NQ,554条评价,人均￥28,迷你蛋糕 蜘蛛侠 火烈鸟
蜜雪冰城·冰淇淋与茶(广场店),https://www.dianping.com/shop/k1rT1p5oQNXudhZF,69条评价,人均-,杨枝甘露 草莓摇摇奶昔 魔天脆脆冰淇淋
喜相逢酒家(育才路店),https://www.dianping.com/shop/ihBldspnmfopJvy5,,人均-,
幸福蛋糕,https://www.dianping.com/shop/H8IeS83JRCLHTxhF,5条评价,人均-,水果蛋糕 网红小猪佩奇蛋糕 浪漫爱心蛋糕
重庆石锅鱼(创造路店),https://www.dianping.com/shop/H613bTs98MeaAgq5,,人均-,
农家小炒,https://www.dianping.com/shop/G903Fm8YDk3BMDZD,,人均-,麻婆豆腐 蒜泥菠菜 汪刺鱼烧荷包蛋
中华烧烤,https://www.dianping.com/shop/H2Gxp9L5IbzsL0xR,,人均-,雪津啤酒  （蓝瓶:) 羊肉串 掌中宝
蜜雪冰城(崇仁店),https://www.dianping.com/shop/H10xU57C4Kn6DFzj,14条评价,人均-,珍珠奶茶 外婆烧仙草 芝士奶盖绿茶
虾兵蟹将(蜀谷公园堤上健走步道店),https://www.dianping.com/shop/l9hWgOjPQznB8i8v,,人均-,
纯手工水饺(宝水街店),https://www.dianping.com/shop/l31XYMjZZ99QWxTc,2条评价,人均-,白菜猪肉馅 红萝卜猪肉水饺 纯肉水饺
南昌瓦罐汤,https://www.dianping.com/shop/l4GzolN1sWOiOr0g,3条评价,人均-,天麻鸽子汤 炒米粉！ 猪脚饭
