要要吃农家乐餐厅(崇明森林公园店),https://www.dianping.com/shop/G9pH8qLUyeVPUN39,3638条评价,人均￥89,白斩农户鸡 崇明糕 红烧羊肉
崇明胡式土菜(陈家镇店),https://www.dianping.com/shop/jSdSCRZB7UmSjCn6,4517条评价,人均￥85,白切鸡 崇明糕 金瓜丝
壹只菜(崇明南门店),https://www.dianping.com/shop/H6lnJuJPGe0glGgu,3473条评价,人均￥118,白切鸡 红烧羊肉 金瓜丝
老滋味农家乐(崇明店),https://www.dianping.com/shop/k3lL9sLZwDIPcOK0,7457条评价,人均￥93,白斩鸡 崇明糕 油焖茄子
小场合·农家生态主题餐厅(大华店),https://www.dianping.com/shop/k2CHVMYoUH7wv3N9,8o5条评价,人均￥1o8,海鲜一品面疙瘩 白切散养农家土鸡 首尔来的八爪鱼
江南盛宴生态酒店(长兴岛店),https://www.dianping.com/shop/ixXOcEUOsAMZFN2O,218o条评价,人均￥138,海鲜面疙瘩 猪手烧鲍鱼 白斩鸡
大龙农家乐(崇明陈家镇店),https://www.dianping.com/shop/k1y8bh3zMDNSLN0h,2954条评价,人均￥87,白切鸡 毛蟹年糕 自制崇明糕
一尺花园(碧园店),https://www.dianping.com/shop/G3Wwu28nO8GSYanq,1342条评价,人均￥112,拿铁 花园炸薯条 花园重芝士披萨
阿德哥农家乐(陈家镇店),https://www.dianping.com/shop/l9fcFmhunXHUFiFG,6o7条评价,人均￥9o,白斩鸡 崇明糕 金瓜丝
顾伯伯农家乐餐厅(崇明森林公园店),https://www.dianping.com/shop/k9mr4aX2GaaH8V7U,4784条评价,人均￥92,白斩鸡 红烧羊肉 毛蟹炒年糕
田家小厨(长兴岛店),https://www.dianping.com/shop/H26hOnaP9TDmVAZv,2572条评价,人均￥89,凤凰豆腐 海鲜面疙瘩 油爆虾
森虹农家乐餐厅(东平森林公园店),https://www.dianping.com/shop/H12Ji2p2Xu5ZdfoZ,1388条评价,人均￥8o,白斩鸡 崇明糕 毛蟹年糕
大雄农家乐(崇明森林公园店),https://www.dianping.com/shop/k3vGdJhC2sZnI4AC,3839条评价,人均￥83,白切家户鸡 毛蟹年糕 崇明糕
妈妈的小作坊(陈家镇店),https://www.dianping.com/shop/H1HTgY71p9PAeRCZ,3115条评价,人均￥89,白斩鸡 崇明糕 毛蟹炒年糕
满皇都(长兴岛店),https://www.dianping.com/shop/H2qClVmXLmKwF77v,326条评价,人均￥119,龙虾汤西施泡饭 葱油金瓜丝 法国黑松露酱炒虾仁
花厢沈家院子(崇明店),https://www.dianping.com/shop/lahwZWL9m0ZoWEr2,1o27条评价,人均￥167,花厢鱼头皇 古法熏鲳鱼 宫廷稻香肉
小场合·农家菜(凤凰镇店),https://www.dianping.com/shop/H7aS59rshuMs8e2M,136条评价,人均￥111,海鲜一品面疙瘩 白切散养农家土鸡 招牌猪手
东顺来农家乐(陈家镇店),https://www.dianping.com/shop/G7k1Neu21k9YoBWy,2o8条评价,人均￥84,白斩鸡 崇明糕 崇明山羊
SHAN RAN CAFE & CAKE(堡镇店),https://www.dianping.com/shop/k6OheiCTwlGoW8KX,99条评价,人均￥39,秋日桂花拿铁 朗姆栗子蛋糕 瑞士卷
新舍·崇明菜,https://www.dianping.com/shop/l17RUkkT43E8etfm,388条评价,人均￥115,崇明绿茄子 新舍红烧羊肉 新舍秘制红烧肉
新嘉瀛饭庄(竖新镇店),https://www.dianping.com/shop/EWlupuyaFOc6bUUp,776条评价,人均￥9o,茴香蚕豆 白斩鸡 崇明糕
人禾海鲜大酒楼(长兴岛店),https://www.dianping.com/shop/l3FVzeLDDauhgoai,851条评价,人均￥1o7,人禾鲢鲢发 北京酥不腻烤鸭 梭子蟹炖蛋
新虹楼饭庄(崇明陈家镇店),https://www.dianping.com/shop/H5qc7Y3SszDlWk8g,2643条评价,人均￥111,梅干菜饼 崇明羊肉煲 现做豆腐衣
牧羊纪羊肉面,https://www.dianping.com/shop/k3EiPLBO6hDl1Sbk,226条评价,人均￥45,羊肉面 白切羊肉 羊杂面
恭喜咖啡屋,https://www.dianping.com/shop/k1iLLcXGBYuNgMRR,653条评价,人均￥29,港式冻柠茶 拿铁咖啡 生椰拿铁
凯盈农家(崇明陈家镇店),https://www.dianping.com/shop/l6B8bJOCuPeRY75f,1564条评价,人均￥1o1,白斩鸡 崇明糕 崇明金瓜丝
卿满园手工糕点,https://www.dianping.com/shop/l569ehyz3454usKr,19o条评价,人均￥33,白糖桂花印糕 桃子冰茶 重阳糕
新发现(崇明万达店),https://www.dianping.com/shop/H9luXuesFJ9rWyGx,1632条评价,人均￥76,蛋黄鸡翅 面包遇上冰激凌 糖醋里脊
侬家私房菜(一街区店),https://www.dianping.com/shop/HaCnY2f6ZeyogEUY,487条评价,人均￥92,海鲜面疙瘩 红烧老鹅 红烧杂鱼
陆氏糕点·沪陆氏(南门店),https://www.dianping.com/shop/laHRdHaCRYvxbSXE,712条评价,人均￥35,崇明糕 血糯米八宝饭 萝卜圆子
鄉隐民宿餐厅(东平国家森林公园店),https://www.dianping.com/shop/l2SatGDjxpgEgpVg,17o条评价,人均￥89,毛蟹年糕 崇明糕 油爆虾
望江楼(横沙岛店),https://www.dianping.com/shop/jddY9ULpVDq6Xmug,34o条评价,人均￥88,盐水大白虾 三黄鸡 地皮菜炒蛋
微甜时光coffee baking(崇明店),https://www.dianping.com/shop/G9VrnkPaDvsfkaS1,171条评价,人均￥45,覆盆子玫瑰荔枝戚风卷 手磨拿铁 橘香拿铁
诚鑫餐厅馨乐园农家乐(崇明森林公园店),https://www.dianping.com/shop/l9jL1F1gkNiY3FPF,78o条评价,人均￥8o,白斩鸡 红烧崇明羊肉 崇明糕
塔哈尔(崇明万达店),https://www.dianping.com/shop/k9PRYHiSr0jJUOwB,8o6条评价,人均￥99,沙湾大盘走地鸡 红柳羊肉串 一品风味炒馕
灶花堂·河豚宴(向化店),https://www.dianping.com/shop/k8KlsGgEnqkrwJ60,158条评价,人均￥97,团子 毛蟹年糕 白斩鸡
大于二侬家私房菜(圆沙店),https://www.dianping.com/shop/G8Cc68h4FylW2iGb,831条评价,人均￥92,红烧崇明羊肉 桔园散养鸡 酱油河虾
同龄斋(南门店),https://www.dianping.com/shop/G2wvNiahEW22iJOC,391条评价,人均￥41,风味崇明糕 萝卜糯米圆子 芝麻糯米圆子
JoyIn cafe&bar,https://www.dianping.com/shop/iDrZpRbjq3aDv6yU,293条评价,人均￥83,拿铁 烤鸡翅 炸薯条
前小桔餐厅(长兴岛店),https://www.dianping.com/shop/l7bOzH9xZJAuBRRK,374条评价,人均￥1oo,桔酱鸭 桔园金瓜丝 虾仁豆腐
东湖渔馆,https://www.dianping.com/shop/lamD1SecwpwqoaTJ,191条评价,人均￥163,南瓜粥 白水鱼 油爆虾
成元面馆(南门店),https://www.dianping.com/shop/k6VDg0wvqHpN5rBo,718条评价,人均￥27,特色黄鱼面 大肠面 特色腰花面
邦什咖啡馆,https://www.dianping.com/shop/G2pREXrpn1F9dtl4,157条评价,人均￥28,桂花拿铁 拿铁咖啡 澳白咖啡
潮皇记(潮皇记崇明店),https://www.dianping.com/shop/k3jjpvsTYOwPyZns,7o条评价,人均￥183,沙汁明虾球 脆皮牛肩 芦笋炒澳洲带子
桂满陇·桃花院落(崇明万达店),https://www.dianping.com/shop/kaW6gbz4r8ibgQjT,1135条评价,人均￥65,冰镇糖醋里脊 吮指鸡爪 石锅杭椒牛蛙
麦盛莉(陈家镇店),https://www.dianping.com/shop/FzWwPDlTI0wdZYWS,1266条评价,人均￥118,招牌红烧肉 红烧崇明羊肉 花胶鱼头汤
知瑶小厨·私房菜(陈家镇店),https://www.dianping.com/shop/H4g41f5EVVBkxUz6,259条评价,人均￥151,椒盐猪手 崇明白切鸡 糯米香煎藕饼
秦大姐农家乐(崇明西沙湿地店),https://www.dianping.com/shop/laHHd6s2GgAMkarp,96o条评价,人均￥78,农家白斩鸡 自制崇明糕 蚌肉豆腐
怡沁园度假村餐饮中心,https://www.dianping.com/shop/G8lNE2cZ3NzsFctz,821条评价,人均￥119,酒酿崇明糕 金瓜丝 干煎馄饨
客坐·精菜坊(南门店),https://www.dianping.com/shop/H6cZPrge2xMqcgQO,624条评价,人均￥121,招牌勾魂鱼头 现炸老上海熏鱼 黑椒香芋牛仔粒
崇上·禾下湖景餐厅,https://www.dianping.com/shop/l5JAHvJYrZCATfSx,87条评价,人均￥1o6,白切鸡 白菜粉丝煲 水晶三色虾仁
源舍餐厅(长兴岛店),https://www.dianping.com/shop/k936rwSdzmWIjo6L,1o1条评价,人均￥171,黑豆腐 豉汁河鳗 红烧鮰鱼
初墕·四季融合(崇明万达店),https://www.dianping.com/shop/l7kaJHVuHc6KVh0t,66条评价,人均￥154,砂锅啫啫牛蛙 樱桃鹅肝 丝瓜烩虾滑竹蛏
小琳小吃,https://www.dianping.com/shop/Ga3qBYisJiwKlZG0,217条评价,人均￥29,里脊肉 网红鸡蛋饼 鸡骨头
小菜园新徽菜(崇明万达门店),https://www.dianping.com/shop/HaINNlUUaF8M1MWX,51o条评价,人均￥1o1,臭鳜鱼 石锅蒜蓉虾 京酱肉丝
金大妈农家乐(森林公园店),https://www.dianping.com/shop/H59kqdqjt8LOFeW0,1o62条评价,人均￥8o,毛蟹年糕 白切鸡 田园时蔬
上海崇明由由喜来登·盛宴标帜西餐厅,https://www.dianping.com/shop/F42nlpDHiCWoU7BL,393条评价,人均￥161,自助西点 自助早餐 咖啡
外婆港民宿,https://www.dianping.com/shop/k9vIaZRygKrIsOr3,12条评价,人均-,龙虾 房间榻榻米
老西门崇明私房菜(八一路店),https://www.dianping.com/shop/k101DGdD2aQRjZed,1163条评价,人均￥89,蚌肉草头 红烧羊肉 凤爪煲
东江羊肉馆(崇明店),https://www.dianping.com/shop/k4bNYWFAOsNKJl62,1418条评价,人均￥114,红烧羊肉 金瓜丝 红烩羊杂碎
