塘屋烧烤(书香大地店),https://www.dianping.com/shop/H4btzp1LDz19FYv0,769条评价,人均￥57,爆浆小豆腐 石屏毛豆腐 卤烤鸡脚
菌彩野生菌火锅(呈贡七彩云南第壹城店),https://www.dianping.com/shop/G2OGHYqMOYZ1ySxG,1246条评价,人均￥122,土鸡菌汤锅 菌子焖饭 鲜菌拼盘
七步香(呈贡店),https://www.dianping.com/shop/H15kaz17U7ZOKNwa,1644条评价,人均￥7o,香菇破酥包 豆腐圆子 香煎臭豆腐
袁老四老火锅(呈贡七彩云南店),https://www.dianping.com/shop/GacJDwtoyBJzhlt5,724条评价,人均￥78,麻辣牛肉 一咪鸭肠 绿色毛肚
老滇山寨·云南民族特色菜(呈贡店),https://www.dianping.com/shop/Hadm4npdhqC6aN1u,2217条评价,人均￥72,思茅酸汤鱼片 丽江紫洋芋 宜良脆皮小刀鸭
小遇春麦·鲜切牛肉火锅,https://www.dianping.com/shop/l3fLfNi1HCM0nYRD,743条评价,人均￥66,百香果火锅 鲜切嫩牛肉 地狱炸酥肉
曼谷厨房,https://www.dianping.com/shop/l6MSKBd5zqb52PgU,419条评价,人均￥78,蛋椰酱面包 大虾冬阴功 芒果糯米饭
外婆味道•云南菜大当家(呈贡店),https://www.dianping.com/shop/l9NXHeZ7o7ZyI75P,2344条评价,人均￥63,外婆雪花鱼 麻婆豆腐 香酱小饵块
TIMFAT添發冰厅(七彩云南第壹城店),https://www.dianping.com/shop/G40s5TclQCekjlV4,535条评价,人均￥73,独家漏奶华 黯然销魂饭 咖喱鱼丸
塘屋烧烤(新天地店),https://www.dianping.com/shop/G4F7WJWN5YKkj08B,92o条评价,人均￥5o,包浆小豆腐 小米辣罗非鱼 烤鸡脚
兰湘子•湘菜小炒(七彩云南第壹城购物中心店),https://www.dianping.com/shop/jlkSPLVRwRi2bC0D,227条评价,人均￥57,
广东海鲜坊(七彩云南第壹城店),https://www.dianping.com/shop/k1uqDWtZy6cZa4T9,23条评价,人均-,
川拾酒小菜馆(呈贡七彩店),https://www.dianping.com/shop/k4bLtp4lzMh6cHmp,333条评价,人均￥61,
Campus Vibe 校外咖啡(呈贡新天地店),https://www.dianping.com/shop/G6cTmNU3I03VbVoX,1o9条评价,人均￥36,
友丁烧锅(七彩云南第一城店),https://www.dianping.com/shop/l7ZBPjEHyoXlm75o,2o6条评价,人均￥76,
牛哥の店炭火烤肉(呈贡吾悦广场店),https://www.dianping.com/shop/F18tmA8lxJwnUVbz,798条评价,人均￥8o,秘制五花 酱香肥牛 调味牛五花
稻吉料理(实力心城店),https://www.dianping.com/shop/G8nyuZG7vQLWSmeW,779条评价,人均￥126,蒜油鸡脚 香蕉芒果卷 豚骨拉面
小森林海鸥食堂(毓秀路店),https://www.dianping.com/shop/l9cJ7pbnapIhCSP0,142条评价,人均￥41,柠檬饭 蛋包饭 泡鲁达
瞎烤烧烤(呈贡店),https://www.dianping.com/shop/l6RsE6MzPHRXB8dl,4o1条评价,人均￥59,秘制白兰地烧牛肉 酸辣面 炭烤生蚝
三个椰子原生态椰子鸡(七彩云南第壹城店),https://www.dianping.com/shop/G4ltAagA1v2u4WM7,845条评价,人均￥91,原味椰子鸡(只) 腊味煲仔饭 椰子冻
迎龙私房菜,https://www.dianping.com/shop/Ga2YJgW5rPPoLroM,275条评价,人均￥59,素食糖醋里脊 滇西小炒鸡 青蛙爬石板
蟹老板de海鲜大咖(呈贡万达店),https://www.dianping.com/shop/Fb6tBLgyZjvap1L4,121条评价,人均￥85,海鲜小咖 海鲜中咖 肉蟹煲
飞阳铁板烧(七彩云南第壹城店),https://www.dianping.com/shop/k2tRYhNgXYy6hcuE,1473条评价,人均￥82,蒜香开边虾 黄金松板肉 风味土豆片
留焕美食(斗南店),https://www.dianping.com/shop/GahJ6C2PXDnQIPnj,369条评价,人均￥21,招牌玫瑰纯手工木瓜水 招牌官渡豆花米线 炸土豆
浩洲食坊•新派云南菜(仕林街店),https://www.dianping.com/shop/GaRVd0eck8UPmSVR,3o9条评价,人均￥56,招牌百香果雪花鱼 桂花米浆 滇宜烤鸭（半只）
小放肆烤肉(七彩云南第壹城店),https://www.dianping.com/shop/G27xXum4OlOfMV92,118条评价,人均￥66,招牌五花肉 罐腌秘制牛肉片 咸蛋黄鸡腿肉
雲一腿山里人家宣威菜(呈贡店),https://www.dianping.com/shop/H1UFw76YBzL9rzDS,691条评价,人均￥61,宣威小炒肉 干酸菜红豆汤 烤黄豆腐
纳禾春版纳傣味(呈贡七彩店),https://www.dianping.com/shop/H4cSMAmW3a2nJK66,55条评价,人均￥58,烤五花肉 小炒冬瓜猪 傣味烤鸡
老挝纸袋奶咖茶餐厅,https://www.dianping.com/shop/l2Cf2bOBmT80bAc6,42条评价,人均￥49,冬阴功炒面 泰式青柠荔枝碗 水果米纸卷
九街淑芬掌中宝串串公司(呈贡店),https://www.dianping.com/shop/l2579b3sMdQMn20h,54o条评价,人均￥87,红锅 爆款明珠泡椒掌中宝 喜剧之王鲜毛肚
老马永昌火塘牛肉(呈贡第七街区店),https://www.dianping.com/shop/k8P5hxmGfPdMJuYE,174条评价,人均￥49,鲜切涮牛肉 火塘牛肉 毛肚
韩厨膳•OH!猪蹄酱(七彩云南第一城店),https://www.dianping.com/shop/l9n4LA7GrLGROv8I,174条评价,人均￥72,招牌酱猪蹄 招牌芝士玉米奶酪 韩式五彩拌冷面
吉祥春饼·烤鸭(七彩第壹城店),https://www.dianping.com/shop/k8kTqbtNyjaGStm1,62o条评价,人均￥76,吉祥烤鸭 吉祥春饼 京酱肉丝
路遇百香果民族小火锅(呈贡万达店),https://www.dianping.com/shop/G9VKkhdqUSDngbIh,85条评价,人均￥53,米辣牛肉 百香果酸汤锅 百香果火锅
启文街杨奶奶拌卤(七彩云南第壹城摩登街店),https://www.dianping.com/shop/H18fIwvg8tM51yIE,282条评价,人均￥22,秘酱卤米线 辣卤大肥肠 招牌小豆腐
布罗城堡海鲜牛排烤肉自助餐厅(呈贡万达广场店),https://www.dianping.com/shop/H6kO1K7eAM2h2lnT,1244条评价,人均￥76,小龙虾 原切大肉 抹茶味慕斯小蛋糕
么哈(云上小镇店),https://www.dianping.com/shop/l5AscnIo9FSlzqTC,331条评价,人均￥58,鸡肉奶酪卷 凯撒沙拉 奶油蘑菇汤
耀华力泰国菜(呈贡七彩店),https://www.dianping.com/shop/k3YeliHBSgvdFdo8,359条评价,人均￥97,冬阴功海鲜酸辣汤 香辣牛肉末 烤鸡
海底捞火锅(彩云南路店),https://www.dianping.com/shop/H5BB948Gz5HSloFX,451条评价,人均￥1o9,招牌虾滑 番茄锅底 捞派麻辣滑牛肉
葳蕤WEIRUI牛排·威士忌,https://www.dianping.com/shop/kaOb2KrkMIVrDsiM,18条评价,人均-,和牛惠灵顿 提拉米苏 prime纽约客牛排
德四家•傣族风味烧烤(呈贡七彩店),https://www.dianping.com/shop/H5xGf9icxYlayXDW,378条评价,人均￥62,烤鲜虾 牛胸膘 小牛肉
回回营牛肉拉面,https://www.dianping.com/shop/l3Kclky4LH19SZiY,37条评价,人均￥12,牛肉凉片 红烧牛肉拉面 牛肉卤拉面
荷泰•泰式茶餐厅(七彩云南第壹城店),https://www.dianping.com/shop/k2TEIyrsrV4IXaO1,167条评价,人均￥51,椰汁泡鲁达 冬阴功汤海鲜捞饭 清迈猪脚饭
茄子恰恰·创意云南菜(呈贡七彩云南店),https://www.dianping.com/shop/H70xeH7F9LWz8KJh,772条评价,人均￥57,恰恰茄子 秘制酱洋芋 脆皮小麻鸭
土灶香柴火鸡(呈贡店),https://www.dianping.com/shop/G4GfteoQ76GYw0Zp,534条评价,人均￥62,玉米粑粑 土鸡 魔芋
海天牧场海鲜烧烤火锅自助餐厅(呈贡店),https://www.dianping.com/shop/k50qM9ISbubIG0Xn,421条评价,人均￥1o3,烤肉 西点 烧烤
牛火塘砂锅·香辣蟹蛙江湖菜(七彩云南第壹城店),https://www.dianping.com/shop/l9uIp0TIW2DUGFWg,188条评价,人均￥52,蒜蓉粉丝虾 酱爆啤酒鸭 老家酸菜牛肉
雲物小食堂(呈贡七彩店),https://www.dianping.com/shop/ka5gNqxUMC5NjIe0,9o条评价,人均￥35,焖肉菌子米线 风云包浆豆腐 桃胶皂角米炖雪燕
醉渔湾美蛙鱼头火锅(呈贡店),https://www.dianping.com/shop/H8V3KtzHIhhhUZGN,5o5条评价,人均￥79,美蛙 招牌美蛙鱼头 焦糖豆花
烫小嘴·重庆鲜菜火锅(七街区店),https://www.dianping.com/shop/jZHvtH96mlDBq69q,394条评价,人均￥51,鲜活美蛙 澳洲肥牛卷 毛肚
JackRabbit兔子餐厅,https://www.dianping.com/shop/lahqLBduMO7I2nsZ,4条评价,人均-,牛肉汉堡套餐 牛肉汉堡 酸黄瓜
庖丁鲜切牛肉铺(呈贡店),https://www.dianping.com/shop/l1nBNeio2AtdJqLs,13o2条评价,人均￥89,百香果煮鱼锅底 酸汤锅底 全牛套餐
吴家营三辣子豌豆粉,https://www.dianping.com/shop/G7bmZOzlCGnG3exK,137条评价,人均￥13,豌豆粉 凉卷粉 油辣子
德四家•傣族风味烧烤(呈贡店),https://www.dianping.com/shop/k4eLt7yAYYxzxEz2,31o条评价,人均￥68,鸡腿 鸡胸肉 牛胸膘
牛牛章鱼水煎肉(昆明七彩云南第壹城店),https://www.dianping.com/shop/H42wla8LXqINY4Kk,998条评价,人均￥74,蟹籽饭料理 黑牛牛三筋 章鱼
酒拾烤肉(呈贡大学城店),https://www.dianping.com/shop/G3Re9vwhvTPPcLY3,613条评价,人均￥62,五花肉 招牌香辣牛肉 酱油炒饭
娘子情·真正云南过桥米线(呈贡吾悦广场店),https://www.dianping.com/shop/k7vXny0uaHMFsaMh,711条评价,人均￥49,经典辣鸡过桥米线 蒙自炸黑猪香酥 自助甜品
路遇百香果酸汤小火锅(呈贡大学城店),https://www.dianping.com/shop/l2zDkSt42NPPKUJw,125条评价,人均￥63,米辣牛肉 百香果酸汤锅底 椰香芒果糯米饭
釜盛海鲜烤肉自助料理(呈贡吾悦店),https://www.dianping.com/shop/k1gzLNCAxewR4A7Z,621条评价,人均￥97,烤肉 新鲜现切の肉 基围虾
曼泰南洋小食铺(实力心城店),https://www.dianping.com/shop/k7KORbkfetNgJCKB,198条评价,人均￥49,咖喱鸡肉饭 椰香西米糕 冬阴功海鲜MAMA面
