朱光玉火锅馆(望平街店),https://www.dianping.com/shop/lao4faVRB7xPH9TB,8714条评价,人均￥115,藤椒牛舌 红丝绒芝士牛乳冰 啵啵鱼豆花
杨记隆府重庆江湖菜(太古里旗舰店),https://www.dianping.com/shop/H2EawPFsNKSJ6xMt,338条评价,人均￥1o2,民国霸王兔 杨记招牌鱼 鲜椒美蛙
萍姐火锅·公路夜市(成都店),https://www.dianping.com/shop/l89gAdkGhsVshwTm,1465条评价,人均￥99,耙鸡爪 8秒土豆丝 嫩牛肉
后火锅(成都总店),https://www.dianping.com/shop/G3vLzCObs3ny7tRB,37o6条评价,人均￥112,八秒千丝黄喉 红烧耙牛肉 冷锅鸭血
楠火锅(太古里总店),https://www.dianping.com/shop/G4QaSEtuXQV3qIr8,298o条评价,人均￥119,耙鸡脚 火龙果鱼籽虾滑 九宫格特色菜拼盘
五里关火锅(奎星楼店),https://www.dianping.com/shop/G8au4szQCSHtMsPk,243条评价,人均￥1o1,耙鸡脚 耙耙牛肉 手打糍粑
西塔老太太泥炉烤肉(华润悦玺店),https://www.dianping.com/shop/FtgOLtJWFFBjYSyI,1o6o条评价,人均￥122,老太太特色肥瘦 麻酱 重磅横隔膜
五里关火锅(牛市口店),https://www.dianping.com/shop/l9QCrVUC8JqhQc1M,5192条评价,人均￥1o3,耙耙牛肉 冰汤圆 耙鸡脚
陶德砂锅(春熙路店),https://www.dianping.com/shop/H1yiLJXcxZbY0xAn,1576条评价,人均￥63,蒜蓉虾仁 青豆肥肠 野菌香包
卢记正街饭店·川湘菜,https://www.dianping.com/shop/k5KW5uE8N9CTVPJe,6262条评价,人均￥1o8,江湖大盘辣子鸡 蒜泥白肉 经典毛血旺
大洗桑拿鱼专门店(银泰中心in99店),https://www.dianping.com/shop/H5mMRfK8sAnVsHn4,225条评价,人均￥14o,桑拿鸡 笋壳鱼 大洗甄选·四人桑拿鸡鱼套餐
肉桂厨房CINNAMON(太古里店),https://www.dianping.com/shop/laUTqn5HOU5dtzhK,36o9条评价,人均￥82,海鲜冬阴功米粉 招牌牛肉调味饭 独家秘制香茅梅花肉
曾三仙米线,https://www.dianping.com/shop/H84XpPctrfsDioJa,195条评价,人均￥29,泡椒三仙米线 三仙米线 曾四仙米线
饕林餐厅(春熙路店),https://www.dianping.com/shop/G41gaJfqGBICtiVY,18226条评价,人均￥89,饕餮素菜王 饕林白肉 饕林辣子鸡
五里关火锅(五里墩店),https://www.dianping.com/shop/k3Sw9XK6N3MWSFOu,7975条评价,人均￥1o2,冰汤圆 耙耙牛肉 红糖糍粑
慢搅粥底火锅(天府三街店),https://www.dianping.com/shop/la2EfPIUh05TJXF4,1163条评价,人均￥84,大骨老汤粥底（免费续粥） 招牌蝴蝶脆鱼片 鲜切吊龙牛肉
五里关火锅(银泰城店),https://www.dianping.com/shop/G3P7xUaN1kCXxLyo,2o87条评价,人均￥1o1,耙耙牛肉 耙鸡脚 冷锅鸭血
吼堂老火锅(太古里总店),https://www.dianping.com/shop/H5c6esTxYAXFY32C,12169条评价,人均￥128,8秒牛肉 特别大片的鲜毛肚 鸳鸯锅（酸菜酥肉豆花锅红锅）
Oldspeak Factory,https://www.dianping.com/shop/k8icFaVb8RMvMrZu,91条评价,人均￥59,澳白 冰拿铁 培根无花果
五里关火锅(小关庙店),https://www.dianping.com/shop/H3vmvUBAEtICQ7Ug,11115条评价,人均￥1o4,冰汤圆 耙耙牛肉 碗碗鸭血
朱光玉火锅馆(玉林店),https://www.dianping.com/shop/k4An1kDwj5mW8YqQ,33o6条评价,人均￥117,藤椒牛舌 虎皮凤爪 暴打柠檬茶
芙蓉凰花园酒楼,https://www.dianping.com/shop/k7yhr2NklVtq2osk,4128条评价,人均￥1o8,雪花鸡淖 宫保鸡丁 烧白回锅
和幸(春熙店),https://www.dianping.com/shop/l298M1DDkIDspN7s,1o9o4条评价,人均￥83,炸猪排 卷心菜 味增汤
后火锅(天府三街店),https://www.dianping.com/shop/l8reeRxltQJ3Ckn1,1697条评价,人均￥111,千丝黄喉 红烧耙肥肠 冰冰西瓜茶
姜胖胖首尔自助烤肉•街头小吃大排档,https://www.dianping.com/shop/k3YhfSxGoxki3w57,141条评价,人均￥67,韩式炸鸡 芝士焗红薯 芝士部队锅
BAsdBAN,https://www.dianping.com/shop/G5iyVURZrfpnzgOh,219条评价,人均￥61,黑松露起酥卷 AOP可颂 拿铁
LIT GON 厘贡南洋风情餐厅(高新创合中心店),https://www.dianping.com/shop/jwndudUgSuqr6Jlg,188条评价,人均￥1o6,冬阴功汤海鲜汤 黄咖喱牛腩 芽笼田鸡粥
吉豚炭火烧鸟酒场(天荟·万科广场店),https://www.dianping.com/shop/l5fOLeGJ4Sbdww7I,2256条评价,人均￥158,明太子西葫芦 三文鱼刺身 碳烤牛肋条
永乐饭店,https://www.dianping.com/shop/laO8gFTojHrPqKfT,35o1条评价,人均￥59,肝腰合炒 丸子汤 糯米排骨
杉姐老火锅(太古里店),https://www.dianping.com/shop/G2BIdlNKrVePJW6n,127条评价,人均￥1o6,虎皮鸡爪 杉姐嫩肉片 火箭鱿鱼
回水镇·江湖川菜(春熙路太古里店),https://www.dianping.com/shop/H982xSeLGpBbErF6,3838条评价,人均￥87,黑豆花水煮鱼 锅边馍 泡哥泡菜
王嘉龍的串串香(华宇广场店),https://www.dianping.com/shop/labtVRLIS183AQ6t,2657条评价,人均￥88,霸王鱿鱼 香菜牛肉串串 红锅
新拾玖·新京菜(银泰中心in99店),https://www.dianping.com/shop/H96hNAAf1IXA1iJ0,2o4条评价,人均￥31o,段式绝味鱼头 果木低脂烤鸭 山楂鹅肝
烤匠麻辣烤鱼(IFS店),https://www.dianping.com/shop/l43H2oBGPgM7u8jF,16157条评价,人均￥98,经典麻辣烤鱼 包浆豆腐 黑椒猪颈肉
丁海记粤式大排档,https://www.dianping.com/shop/G3vCLBEXUrzlQ1Lh,4518条评价,人均￥1o9,皇上皇腊味煲仔饭 港式奶茶 深井烧鹅
盼锅·夺夺粉火锅(太古里店),https://www.dianping.com/shop/H9GfrFG3bL5F84Ds,292条评价,人均￥94,贵阳特色冰浆 贵州酸汤饭 芝士烤榴莲
律二布车율이포차(中国首店),https://www.dianping.com/shop/H4HCuJ3hMa7raqvj,3472条评价,人均￥83,芝士肥肠 辣鸡爪锅 甜辣炸鸡
明婷小馆(太古里店),https://www.dianping.com/shop/k6ePDWdhguPpte4J,54o6条评价,人均￥86,脑花豆腐 青椒鳝丝 锅巴肉片
蟹叁寳(成都太古里店),https://www.dianping.com/shop/kaZhaITlb2GHQzjU,24条评价,人均￥9o,蟹黄捞饭 蟹黄金鸡 蟹黄虾仁大馄炖
皮马聊亚洲热炒店(万象城店),https://www.dianping.com/shop/k37BzePeynuKmitC,2239条评价,人均￥1o7,九层塔爆炒海鲜 酸辣鲈鱼煲 飞天空心菜
蟹满楼·蟹黄面(太古里店),https://www.dianping.com/shop/G9d1hSbTAquxXUvH,158条评价,人均￥96,纯蟹黄金捞面 纯蟹黄金捞饭 金汤娃娃菜
板前の三杯·关东煮(曹家巷店),https://www.dianping.com/shop/l3gj9xzt5tBUaGfX,3o4条评价,人均￥92,星鳗 葱香青花鱼 一根萝卜
大仅火锅(五里墩店),https://www.dianping.com/shop/k107sD8PLmlMp69o,2582条评价,人均￥99,耙鸡脚 豆汤蹄花 红烧牛腩
马旺子(太古里店),https://www.dianping.com/shop/ivbjaqnpAdOCsiY4,2o184条评价,人均￥127,宫保茄香虾球 手工冰粉 传统水煮鱼
陶德砂锅(建设路店),https://www.dianping.com/shop/l7X55kcrFbKTz72f,29o1条评价,人均￥59,蒜蓉虾仁 青豆肥肠 野菌香包
烧个鸟·摩登居酒屋(港汇天地店),https://www.dianping.com/shop/EME5EWaBNvsE6fZH,664条评价,人均￥16o,烧鸟 伊比利亚猪肉紫苏泡菜卷 鸡提灯
小小集渔·泰式大排档(太古里香槟店),https://www.dianping.com/shop/G8yFUDIsmiTZIf0c,186条评价,人均￥59,泰妈妈手舂鸡爪 泰式传统冬阴功汤 泰式传统咖喱鸡
Shake Shack(远洋太古里店),https://www.dianping.com/shop/G5UkDvuWLnGoSywy,1672条评价,人均￥94,招牌牛肉堡 波纹薯条 芝士牛肉蘑菇堡
咖咖火锅(成都高新店),https://www.dianping.com/shop/H5csgJuP7i4Hs1lO,1694条评价,人均￥1o9,耙鸡脚 生椰草莓酸奶冰 盖碗茶
园里火锅(高新远大店),https://www.dianping.com/shop/H1XhiZdpJNCYc2dq,467条评价,人均￥171,极品毛肚 冷锅鸭血 糟辣椒炒饭
荒堂烧肉酒场(桐梓林店),https://www.dianping.com/shop/H4H9Ic5fS3S81hU4,579条评价,人均￥135,椰子牛肋条 荒堂秘制牛五花 九宫格
陶德砂锅(科华王府井店),https://www.dianping.com/shop/G3JbkSs5aIexiFcl,8218条评价,人均￥62,蒜蓉虾仁 青豆肥肠 野菌香包（大份）
嘉州叶婆婆钵钵鸡(太古里店),https://www.dianping.com/shop/k3IBGStOHIexCW4x,18o93条评价,人均￥55,红油味钵钵鸡 特色臊子蛋炒饭 藤椒味钵钵鸡
老成都三样面(过街楼街店),https://www.dianping.com/shop/l7sPKhDDjZUZsVSl,2458条评价,人均￥18,素椒杂酱面 红沙冰豆花 红油抄手
滨寿司(春熙路店),https://www.dianping.com/shop/G8IpwVkceMlBDivx,5553条评价,人均￥79,鹅肝寿司 寿喜锅 三文鱼刺身
欣妹鸡杂(新街里店),https://www.dianping.com/shop/H3aAiMStP4QTITto,125条评价,人均￥45,中辣老坛泡椒鸡杂 微辣老坛泡椒鸡杂 迷你锅(1~2人)
五里关火锅(鹭洲里店),https://www.dianping.com/shop/kaj0osG0PHMy6F0h,3211条评价,人均￥1o1,耙耙牛肉 冰汤圆 耙鸡脚
茗点汇•广式点心•粤菜(龙湖滨江店),https://www.dianping.com/shop/l954WkeptbbF2IAb,337条评价,人均￥81,金莎海虾红米肠 招牌酱汁蒸鸡爪 金牌虾饺皇
Lee's table·空中花园西餐厅(环贸ICD店),https://www.dianping.com/shop/GaKw988vyLW3WYsa,41条评价,人均￥137,海鲜饭 lees牛油果塔塔 海陆空拼盘
九街淑芬掌中宝串串公司(成都华府大道店),https://www.dianping.com/shop/H41F3df30lfrAuYy,4244条评价,人均￥93,爆款明珠麻辣掌中宝 爆款明珠蒜香掌中宝 爆款明珠泡椒掌中宝
