澄城水盆羊肉(学斌店),https://www.dianping.com/shop/l3DaauI97bX7lrmU,224条评价,人均￥37,羊肉水盆 月牙饼 羊肉墩子
一刀涮肉,https://www.dianping.com/shop/ERrGDZS34hFHy2ix,,人均-,级肥牛 秘制料碗 精选羔羊里脊
李二鲜鱼火锅店(澄城店),https://www.dianping.com/shop/l490CltghJbNSHJZ,43条评价,人均-,李二炒饭 李二酸菜鱼 李二番茄鱼
小桃梨(澄城店),https://www.dianping.com/shop/jup34WNTNggA6RV6,5条评价,人均-,夏威夷鲜果披萨 意式红酒牛排 黑椒牛柳炒意面
法国T排涮烤城,https://www.dianping.com/shop/k9UvFLw5egq3nC1N,2条评价,人均-,牛排 培根披萨 回锅肉盖浇饭
老东北特色烤肉(澄城店),https://www.dianping.com/shop/lat7yCgjhOHXPiLS,4条评价,人均-,
一尊皇牛(澄城店),https://www.dianping.com/shop/l8KcKlDHhCa8vliu,946条评价,人均￥173,
东北第一锹,https://www.dianping.com/shop/G59d0kLf6YNkHeaP,1条评价,人均-,
寛窄巷,https://www.dianping.com/shop/k5E620IG3XgO0M52,2条评价,人均-,
建荣羊肉馆,https://www.dianping.com/shop/G2udTm6kB38kmBIk,14条评价,人均-,
李想大虾(澄城店),https://www.dianping.com/shop/H11BsaucGpEQgHky,2853条评价,人均￥51,
壶山香(澄城店),https://www.dianping.com/shop/H51KH4pGCe0TuVUc,39条评价,人均￥23,
大锅麦子泡,https://www.dianping.com/shop/H3BW6lmAsjtbbS0B,65条评价,人均￥18,
超港烘焙坊(惠民西路店),https://www.dianping.com/shop/EZ2N0Wxqit4kbW5k,147条评价,人均-,
禧樾府,https://www.dianping.com/shop/H1xBiOxSAcaLW8xA,1条评价,人均-,
肯德基(青正店),https://www.dianping.com/shop/k3xrDHw61AP8HUTW,43条评价,人均￥21,超级外送全家桶 红豆派 香辣鸡腿堡
印象古征,https://www.dianping.com/shop/H9yfiDOsdY78hEzV,19条评价,人均￥35,农家晒茄干 农家小炒鸡 农家孜卷
小小河边鱼(澄城店),https://www.dianping.com/shop/H7e5txUtIJu64hTA,35条评价,人均-,香辣锅 大刀毛肚 农家小酥肉
同福居(东九路店),https://www.dianping.com/shop/k9YneYcemTJTbtGu,82条评价,人均￥46,北京烤鸭 黄金老碗鱼 同福麻辣锅
渝蜀香火锅店,https://www.dianping.com/shop/k1MNVecDTDM1fXtk,44条评价,人均-,精品肥牛 手工面 鲜豆皮
胖子餐饮,https://www.dianping.com/shop/G4pyWHdaDSMuMwRS,34o条评价,人均￥55,胖子烤鱼 烤饼 烤茄子
老字号 福来香麦子泡,https://www.dianping.com/shop/k1UqqHw7uBAoe2us,21条评价,人均￥27,麦子泡（大） 手工馍 小米稀饭
牛莂特碳火烤肉,https://www.dianping.com/shop/ELEFg33aQQhqUT94,3条评价,人均-,特色调味五花肉 原味雪花牛排 鱼豆腐
澄城老哥主题餐厅,https://www.dianping.com/shop/H495u8g4ePqkIXde,2条评价,人均-,麦子泡
梁山大牌档,https://www.dianping.com/shop/kap4Z73QNDKwcXMg,17条评价,人均-,重庆鸡捞面 时蔬冷串串 李逵砍大排
有拈头成都市井火锅(澄城店),https://www.dianping.com/shop/j4ga9sTvf6Mp7rdN,45条评价,人均￥65,醪糟冰粉 麻辣牛肉 四川苕粉
林仕郎鲜炒鸡,https://www.dianping.com/shop/G73LV9tTw0Mi9wZp,2条评价,人均-,虫草花土鸡汤 油豆泡 油麦菜
三原西鉴大锅台(澄城分店),https://www.dianping.com/shop/H3iLwIRDhN1lgr8X,29条评价,人均￥14,五花肉 麻麻鸡 豆腐
澄城水盆羊肉(晓军总店),https://www.dianping.com/shop/l3TcMzkjt32vVASt,23条评价,人均￥32,月牙饼 澄城水盆 水盆羊肉
麦田牛排.咖啡,https://www.dianping.com/shop/jNoHj7JjWCF5wsXI,79条评价,人均-,薯条 雪花牛排 美式咖啡
川湘小炒(万泉街店),https://www.dianping.com/shop/H9vJpb5q3J9vvDgl,2条评价,人均-,鸡肉代替的猪肉比猪肉卖的还贵 不诚信商家挠屁股的手继续切菜 豆角烧茄子
山泉鱼坊(澄城县店),https://www.dianping.com/shop/H1pdVdSd0OSp1k62,16条评价,人均-,椒麻酸菜锅 金针菇 油炸馍片
赵九记呱呱老火锅(澄城店),https://www.dianping.com/shop/H1KF1Y8A4I2xcppm,,人均-,淮山 腐竹 皇帝菜
香特莉蛋糕(正街四路店),https://www.dianping.com/shop/k81ulLdBSoZJNnCp,42条评价,人均￥3o,奶油蛋糕 酸奶小蛋糕 生日蛋糕
澄城水盆羊肉旗舰店,https://www.dianping.com/shop/k6oZobg6VGQdfuJe,3条评价,人均-,
华莱士·全鸡汉堡(澄城店),https://www.dianping.com/shop/laHeHVVlFvtbJh31,416o条评价,人均￥1o,香辣鸡腿堡 辣味鸡肉卷 薯条
yj重庆鸡公煲,https://www.dianping.com/shop/l7GXJ4455KMQn7cq,37条评价,人均￥21,鸡公小煲 土豆片 腐竹
聚贤庄,https://www.dianping.com/shop/l2IlWLKwWisbyrE9,5条评价,人均￥1o7,豆角 大葱 粉丝
香特莉蛋糕(古徵街店),https://www.dianping.com/shop/k5mza7Jg0EE9Qj3K,1条评价,人均-,爆浆巧克力脏脏包 长辈祝寿款蛋糕 淡奶油小王子蛋糕
幸运咖(育才西路店),https://www.dianping.com/shop/k47UP0TuxH6nMYkF,1条评价,人均-,摩卡咖啡 招牌厚乳拿铁 椰椰拿铁
名酱大骨,https://www.dianping.com/shop/H3YR5Ar38U3OkHyE,,人均-,
安琪尔蛋糕烘焙,https://www.dianping.com/shop/G2urXLt2quvV15xi,32o条评价,人均-,果仁巧克力夹心蛋糕 创意蛋糕 水果拼盘
大唐小厨酸菜鱼,https://www.dianping.com/shop/k8iyk009KdEe7G2l,2条评价,人均-,大唐小厨酸菜鱼
闲坐火锅(澄城店),https://www.dianping.com/shop/H4yspftwI2bnIVOe,33条评价,人均-,特色牛油鸳鸯三味锅 面筋 蟹肉棒
一碗香麦子泡,https://www.dianping.com/shop/H48TQyzNHZn5M4HB,13条评价,人均-,特色麦子泡 呼肉 香小酥肉
老字号赵记正宗水盆羊肉,https://www.dianping.com/shop/G1V5LtraxvKVrEMp,18条评价,人均-,水盆羊肉 辣子蒜羊血
焦记手工石子馍,https://www.dianping.com/shop/G9pC7YfAt44Pew68,11条评价,人均-,
大拇指熟食店,https://www.dianping.com/shop/G67VhbVaWoPoXyWn,1条评价,人均-,麻辣鸡爪 猪头肉 鸭架
万家粗粮王自助涮烤(澄城店),https://www.dianping.com/shop/l72KAHL23HFqc4Pq,4条评价,人均￥47,
大粮仓自助(七路店),https://www.dianping.com/shop/l1LRHQhhunijEEhG,15条评价,人均￥24,
小史烧烤(十路店),https://www.dianping.com/shop/l3r8rfdkxo7lUeil,11条评价,人均-,
秦蜀味馆,https://www.dianping.com/shop/G3AsQgPbv87oXKfU,1条评价,人均-,
鱼尚鱻纸包鱼特色干锅(澄城店),https://www.dianping.com/shop/jTpcmzBhpe50sdRa,149条评价,人均￥43,
小杨烧烤(澄馨苑店),https://www.dianping.com/shop/G1nOk7U9CKw4o2HW,1条评价,人均-,
吃鸡吃虾,https://www.dianping.com/shop/H7p56oG8xHOUgcfa,,人均-,
慕巴夫鲜花主题蛋糕(宝塔店),https://www.dianping.com/shop/G6LD9xdSmmSH9mn8,,人均-,
武松家(澄城店),https://www.dianping.com/shop/k5TB4lS7BQqqYeki,13条评价,人均-,
玛思客,https://www.dianping.com/shop/la4G7xVXiWMjhKhF,4条评价,人均-,
梦想咖啡,https://www.dianping.com/shop/H7SWGCGZ32TQ9cJ5,43条评价,人均￥18,
家乡饭,https://www.dianping.com/shop/HalONC9adbRWjkvE,1条评价,人均-,
