老茶树庭院火锅(成县店),https://www.dianping.com/shop/k93iqFTq3gVPn8gJ,1oo条评价,人均-,红堂鲜鸭血 生态毛肚 梅林午餐肉
码头故事(东滨北路店),https://www.dianping.com/shop/l2e3bcD7DdGUU6Wu,372条评价,人均￥82,一品肥牛 草原千层肚 澳洲雪花肥牛
尚品宫牛排海鲜自助涮烤吧,https://www.dianping.com/shop/H9YAJ4zYhYLC9Zav,314条评价,人均-,螃蟹 五花肉 红虾
靖远金峰羊羔肉(同谷北路店),https://www.dianping.com/shop/H7NIFJTTJ8QfnIke,14条评价,人均￥58,爆炒肉片 老醋花生 烤羊肉
马占祥馄饨,https://www.dianping.com/shop/l1zIwVw42ng4iM9C,37条评价,人均￥9,馄饨 香醋 牛肉面
周记香土菜,https://www.dianping.com/shop/k7xBluHE9Rrp1EeS,19条评价,人均￥55,
聚友排骨面,https://www.dianping.com/shop/l3kONlcJCE4SOg94,8条评价,人均-,
【清真】杨大师鸭爪爪特色火锅,https://www.dianping.com/shop/H19VuN60DDKvwZoc,19条评价,人均￥62,
宽窄巷子杨家老火锅,https://www.dianping.com/shop/H8pPdLoU83CwndOz,1条评价,人均-,
玖葵·清宴清吧餐厅,https://www.dianping.com/shop/H6cXZB9gfykCj2b4,4条评价,人均-,
山城老火锅,https://www.dianping.com/shop/G2NApe4qPVmVBSsD,1o条评价,人均-,
1986欢乐干锅·火锅,https://www.dianping.com/shop/l5fSdweY2JyjJwRW,166条评价,人均￥55,
盖子烤肉餐厅(中汇国际店),https://www.dianping.com/shop/Ga53IO4MTALDMyPN,7条评价,人均-,
名厨,https://www.dianping.com/shop/kaSLUA8GeJxnYyhb,8条评价,人均-,
月满大江(成县店),https://www.dianping.com/shop/H6PcyMCAsLtVOvsz,117条评价,人均￥111,
盘旋路小吃城,https://www.dianping.com/shop/l6u2pSD0QrVbfSDf,,人均-,兄弟饺子
贾小强饭馆,https://www.dianping.com/shop/l8HSjctkPNjs0V4y,5条评价,人均-,牛肉手擀面 肉牛面片 牛肉馄饨
清真草原往事冰煮羊火锅,https://www.dianping.com/shop/l4gsBGo5qroncn8g,1条评价,人均-,冰煮羊肉 桂花乌梅汁 传统芝麻酱
锦州烧烤(成州大桥店),https://www.dianping.com/shop/G54IJFZ6axb2r6Ls,1条评价,人均-,卤羊蹄 东北酱龙骨 川卤鸭头
老成都川菜馆,https://www.dianping.com/shop/k5f9VKAn4VjdWWZT,3o条评价,人均-,水煮肉片 酸辣土豆丝 麻婆豆腐
西域烤肉(成县店),https://www.dianping.com/shop/H47thK17w4jpK8sT,1o条评价,人均-,花蛤 烧烤 羊排
舌尖尖牛肉面,https://www.dianping.com/shop/G8basIHh3IgygiNw,1条评价,人均-,体质能量 干拌面 炒面
钻石传说RTV,https://www.dianping.com/shop/l1MnujY6l6LVqyKj,46条评价,人均-,海鲜大咖 特色秘制烤鱼 铁观音
洪崖洞老火锅(成县店),https://www.dianping.com/shop/jvMVrU38oh07tTSz,76条评价,人均￥58,德庄鹅肠 火锅培根 麻花
西狭茶餐厅,https://www.dianping.com/shop/l2O8GwAnMdGnlHoc,2条评价,人均-,手抓羊肉 青菜钵 铁板黑椒牛柳
弓老二烤鱼城总店,https://www.dianping.com/shop/k48NG1sX4k12KkgR,1条评价,人均-,重庆留一手烧鱼《江团鱼》
北木南烤肉和酒(成县店),https://www.dianping.com/shop/labZb72WYFe5idBa,41条评价,人均-,麻辣五花肉 黑椒牛排 金针菇
华莱士·全鸡汉堡(十字街店),https://www.dianping.com/shop/H1OXiUPXbG6ocZsv,4o条评价,人均-,鸡米花 黑椒鸡块 红运热辣鸡排
沪上阿姨鲜果茶(五洲购物广场店),https://www.dianping.com/shop/H2CISxXmzrJkVPbX,15条评价,人均-,美式咖啡 QQ芋泥米麻薯 QQ血糯米麻薯
马占祥羊肉泡馍,https://www.dianping.com/shop/H1gg6KSUPaxti8io,4条评价,人均-,牛肉馄饨 豆芽 牛肉面片
春惠苑,https://www.dianping.com/shop/kaZaw73xOhHPrQ98,,人均-,杂酱面 馒头 搅团
阿丹饭馆(东街分店),https://www.dianping.com/shop/H6VhAC8irXvKvcua,1条评价,人均-,
干锅兄弟·卤味老火锅(万德金街三楼店),https://www.dianping.com/shop/G7Bt2nPz40syX4Ui,3条评价,人均-,西和宽粉 自助料台 鲜竹笋
张记面馆(支王路店),https://www.dianping.com/shop/H1YWnBCTpbQLUTS2,1条评价,人均￥27,招牌炒面片 烩面片 水饺
保强面皮,https://www.dianping.com/shop/k1ZZpxP2rzTLMBPt,,人均-,手撕面筋拌豆芽 酸辣粉 米线
水月庐火锅餐饮店,https://www.dianping.com/shop/k1S7gBLLX7Vu9BOZ,1条评价,人均-,干锅钳鱼 手擀面 南瓜饼
麻辣蜀都发酵型火锅店,https://www.dianping.com/shop/j8RfiajiMv0wjcl4,,人均-,黄金大饼 麻园 麻辣三鲜猪肚锅底
韩达莱烤肉,https://www.dianping.com/shop/G5VXoPbWafqaTuYT,,人均-,水煮肉片 干锅排骨虾 麻辣小龙虾
玉龙尚品中餐火锅(陇南中路店),https://www.dianping.com/shop/k5QT3M0TajE90kvX,12条评价,人均￥45,红烧肉 炝锅鱼 肥肠鱼
锅老弟土砂锅,https://www.dianping.com/shop/l3uIAiM6I6KroPTm,,人均-,方便面砂锅 干煸四季豆 水煮肉片
老坎鱼火锅,https://www.dianping.com/shop/k5fPZMAtgXFXgMC8,1条评价,人均-,
燚火锅,https://www.dianping.com/shop/H7q3fgLQLcZVs6uh,1条评价,人均-,卤猪手 烧烤 红糖糍粑
四季鲜水果干果店(支王路店),https://www.dianping.com/shop/k912tDmwaJ14Ztbk,,人均-,
龙虾部落,https://www.dianping.com/shop/G3rsTaHll0dcPgQh,7条评价,人均-,小龙虾 大锅原味生蚝 麻辣甲鱼
圣品天下酒店,https://www.dianping.com/shop/H5w5PoDh50iMeVgR,1条评价,人均-,蛋炒饭 溜汁宽粉 蒜蓉油麦菜
李大串烤肉,https://www.dianping.com/shop/G3gLlCYobIAIRLAb,1条评价,人均-,羊肉筋 原味羊骨头 麻辣虾尾
阿丹饭馆(陇南大道南路分店),https://www.dianping.com/shop/H3huiwpZXKh2iEk1,4条评价,人均-,汤面片
清真马琪林牛肉面,https://www.dianping.com/shop/l3ObNC3KG5kSMBQw,2条评价,人均-,牛肉拉面 牛肉面垃圾
海鲜君(体育中心店),https://www.dianping.com/shop/laNeB8XHlJen00B3,,人均-,鲜活皮皮虾 水手牌鱼豆腐 芋泉魔芋丝结
优点蛋糕店(陇南大道店),https://www.dianping.com/shop/k5bXyTioUnl93XWd,22条评价,人均-,大双层欧式水果蛋糕 生日蛋糕 草莓公主
贾古伯牛肉面馆,https://www.dianping.com/shop/G4Oh7tqqLnfCaNUW,2条评价,人均-,面片 康师傅茉莉清茶 康师傅绿茶
国豪茶餐厅,https://www.dianping.com/shop/k9dzixtgOPcA4BxT,7条评价,人均-,橄榄菜 兰州牛肉拉面
蟹香居快活林酒馆,https://www.dianping.com/shop/H4eoHUzfJGQ5HcMs,1条评价,人均-,蒜蓉小龙虾 香辣虾 姜葱螃蟹
长寿老妈砂锅串串香,https://www.dianping.com/shop/G4n2WQsf4sip7ieh,2条评价,人均￥84,五香牛肉 韭菜牛肉 魔芋结
如见文化酒店,https://www.dianping.com/shop/l7HceHcY2gWDlj07,1o条评价,人均-,碟雨 德国咸猪肘 小米扣辽参
日膳坊,https://www.dianping.com/shop/H9cuhL8yvLKnxhoX,,人均-,韩国泡菜 韩式冷面 美式黑椒牛肉盖浇饭
钢管厂五区小郡肝火锅串串香,https://www.dianping.com/shop/H1sl4nRTvEoMuGCN,35条评价,人均-,麻辣牛肉 小郡肝 冰镇百香果
莲湖小区蔬菜饮食市场,https://www.dianping.com/shop/H2uGUntd5R7QDh6z,1条评价,人均-,
久味熟食,https://www.dianping.com/shop/j5d74QmUDtOCPXjm,,人均-,椒麻鸡 泡椒无骨鸡爪 鸭食管
弓老三烤吧(一分店),https://www.dianping.com/shop/H6bNzysYwjhqGZD3,2条评价,人均-,清香锅底 木桶鱼 烤茄子
