喜当椰清迈小牌档(澄海店),https://www.dianping.com/shop/l4P7nKAnBxSKXUZC,15o条评价,人均￥71,泰式冬阴功海鲜汤（微辣） 泰北炸猪颈肉. 清迈酸辣凤爪.
日日香鹅肉饭店,https://www.dianping.com/shop/k7C8xsdBim55kPb3,2227条评价,人均￥85,鹅肝 鹅肉三拼(任选) 鹅肉五拼(任选五样)
潮人卤创•伟弟白粥鹅肉饭生腌,https://www.dianping.com/shop/H1n4ooan87d1Y660,295条评价,人均￥73,鹅肉 鹅肉拼盘 生腌虾
泰棒•泰式大排档,https://www.dianping.com/shop/k92TutKJH01GpYgS,19条评价,人均￥7o,古法咖喱虾 青芒汁 曼谷海鲜炒面
杯莫停中式小酒馆,https://www.dianping.com/shop/l1F98RSfwSeOQMSV,8条评价,人均-,牛吊龙蟹皇面 清蒸大闸蟹 猪油渣炒米粉
逢源鹧鸪饭,https://www.dianping.com/shop/G9c4m5MrLKSWkZpU,187条评价,人均￥74,炒饭 鹧鸪 腌芹菜
伟雄澄海老式粿条,https://www.dianping.com/shop/G7BRsRgazvNNognu,243条评价,人均￥12o,老式炒果条 大腰花 鹅肠
鮨代宗师·中華料理(澄海卜蜂中心店),https://www.dianping.com/shop/G7wWsHx6JLPZq27e,43条评价,人均￥88,一阳指炙烤和牛 融化鹅肝 爆汁炸鸡
欣记鹅肠,https://www.dianping.com/shop/k7xRczjKszPeTIjB,159条评价,人均￥1o5,招牌卤水鹅肠 卤水鹅肝 卤水鹅肉
八角楼长记牛肉,https://www.dianping.com/shop/l1evhJsc5hBPLoOA,172条评价,人均￥2o,牛肉粿条 牛肉丸 粿条汤
老式乌米冰(阜阳园店),https://www.dianping.com/shop/G5brHjJq8eoqP503,291条评价,人均￥27,乌米水果拼盘 双拼冰 海石花
铁锅·青年地锅鸡,https://www.dianping.com/shop/H5HUh3hotWLAHS5Y,11o条评价,人均￥55,招牌地锅鸡 凉拌鱼皮 农家土灶地锅汤底
King猪排皇,https://www.dianping.com/shop/k8vwmUDTcXfbDn3s,71条评价,人均￥43,沙拉芝士猪排皇 招牌猪排皇 烤大鸡翅
阿沛牛肉,https://www.dianping.com/shop/l8RMjjaunFN0WW2V,34条评价,人均￥116,雪花 匙柄 脚趾
老柴枝猪脚饭,https://www.dianping.com/shop/G1DUAjq1ED46Do49,21条评价,人均￥15,猪脚饭 蚝汤 菜脯
万藏烧肉酒场,https://www.dianping.com/shop/l3aqze1x4XSlNA7Z,383条评价,人均￥95,牛五花 牛肋条 椒香鸡腿肉
坂一日式料理,https://www.dianping.com/shop/GaP4eGzFeci2e96E,5条评价,人均-,火炙蟹脚 三文鱼刺身 火炙鹅肝寿司
野·field,https://www.dianping.com/shop/lawGJMUvcRDiHG1K,2条评价,人均-,
秋一十五,https://www.dianping.com/shop/l2638ElWwn39cgSi,379条评价,人均￥77,西班牙taco牛肉酱拌饭 鲷鱼烧 招财进宝
杏园树下,https://www.dianping.com/shop/H5yOTbURbMbQLaX1,21条评价,人均￥37,冰酷黑加仑 酥炸宽薯 蜜柚焙茶
本酉食肆,https://www.dianping.com/shop/k6wcSFzqy6fX41iP,131条评价,人均￥1o7,香茅鸡扒 香茅烤鸡扒佐蔬菜 泰式冬阴功汤
老龙猪脚饭,https://www.dianping.com/shop/H58ciHEh3Z510E1p,26条评价,人均￥1o,猪蹄 蚝汤 菜脯
初小凤·椰子鸡,https://www.dianping.com/shop/G7teehRMu685ih1S,58o条评价,人均￥74,清爽椰子鸡 爽口虾滑 泰式凤爪
路烤·传统果木烧烤,https://www.dianping.com/shop/l9IN9iSGKK977e0A,11条评价,人均-,鸡中翅 鲜鸡翅 鸭舌
瑞记螺佳鲜螺蛳粉(澄海店),https://www.dianping.com/shop/iPbhTccKuoC2OEz3,258条评价,人均￥38,螺蛳煲 【推荐】很吸汁的炸蛋 虎皮鸡爪
牧渔人家,https://www.dianping.com/shop/k3vHOcz7vvhGqOiu,7o条评价,人均￥268,明炉碳烧响螺 腌青龙虾 紫菜炒饭
野炙·街头烧鸟,https://www.dianping.com/shop/H1Wzn5trneWvkNSm,3条评价,人均-,京葱鸡肉串
光头牛肉饭牛杂饭鸭肉饭粿条面,https://www.dianping.com/shop/GaIgSeS9YYVC8mKy,3条评价,人均-,牛肉饭 牛杂饭
咕的咖啡馆,https://www.dianping.com/shop/G8uTE2fvisCTRZre,2条评价,人均-,玫瑰Dirty 燕麦拿铁 生椰拿铁
D’olive,https://www.dianping.com/shop/G46ztPvt1fLINtHz,14o条评价,人均￥355,手工冰淇淋 餐前面包 黄金生蚝
大秦颂•手工面•西北菜(璟泰广场店),https://www.dianping.com/shop/H7IpVsc8cPEElgG6,72条评价,人均￥56,老陕biangbiang面 霸王红柳枝羊肉串 老酸奶
千樂喜·烧鸟·日料居酒屋,https://www.dianping.com/shop/k7AWLV362pnFBt2k,77条评价,人均￥1o8,溏心薯泥沙拉 芝士厚蛋烧 豚骨叉烧拉面
正品鱼粥,https://www.dianping.com/shop/k8zvat34ot6ep15y,95条评价,人均￥19,虾鱼骨粥 膏蟹粥 海鲜粥
知更有食LYNIN,https://www.dianping.com/shop/H4aS100Q6UWy86Nu,45条评价,人均￥58,金枪鱼藜麦饭团全餐 凤梨咖喱鸡肉卷饼 北非炖蛋番茄意面
沧谷东南亚料理·简餐,https://www.dianping.com/shop/H9iiRoTo3YUEYqI1,35条评价,人均￥51,冬阴功海鲜粉 南蛮鸡块 肥牛冷檬
本木食研社(奥飞广场店),https://www.dianping.com/shop/H396jdeLQiORRQHI,52条评价,人均￥1o2,椰奶芝士南瓜鸡腿 海苔温泉蛋拌面 火山石猪排肉
木本木研食,https://www.dianping.com/shop/H67szm8ZVsXsGqQw,128条评价,人均￥95,芒果糯米饭 舂木瓜 酸角汁
匠本米所(澄海卜蜂中心店),https://www.dianping.com/shop/G8m0ScU7zY1WIhV5,273条评价,人均￥32,招牌炸酱小锅米线 秘制炸酱干捞米线 酸菜炸酱小锅米线
哥蛙呱重庆美蛙火锅(澄海店),https://www.dianping.com/shop/G8r7cLhzXEYiXCZp,363条评价,人均￥8o,品牌妙龄美蛙 蛙哥招牌美蛙火锅 碳烤牛蛙
大喜,https://www.dianping.com/shop/H671vvfojm449UW4,16条评价,人均￥46,日式咖喱鸡排蛋包饭 火腿芝士厚蛋烧三明治 时蔬轻食沙拉
炮炮烤肉(澄华店),https://www.dianping.com/shop/laIjI5Kr4EBWg2eT,187条评价,人均￥9o,鲜牛肉 厚切猪颈肉 芝士玉米烧
潮庭田蛙·铁锅牛蛙(澄海卜蜂中心店),https://www.dianping.com/shop/H9yf7dfPYatdnkal,24条评价,人均￥67,鲜青椒紫苏味 椰奶水果冰粉 娃娃菜
本来不该有·鲜果咖啡(汕头莲下店),https://www.dianping.com/shop/k6htB5GqQtRZKQOu,18条评价,人均-,美式 榴莲厚乳拿铁 石榴美式
谭鸭血老火锅(澄海店),https://www.dianping.com/shop/l73rQVNWuvNYVTOK,192条评价,人均￥91,谭公鸭血 手工鲜虾滑 谭公酥肉
江原道烤肉大排档,https://www.dianping.com/shop/G823pMefnTl1lbiS,8o条评价,人均￥86,牛肉粒 北海道蟹柳拌饭 黑椒柠檬鸡腿肉
大牛仔炭炉牛杂煲,https://www.dianping.com/shop/l7Q3a0PnxbQkjoYp,9条评价,人均￥78,牛杂煲 牛肚 嘉士伯
后溪桥牛肉蟹皇面,https://www.dianping.com/shop/i5P0NbjlfDKdgztB,6条评价,人均-,
点心传说(港式点心·澄海店),https://www.dianping.com/shop/Ha2elnlkrjg0y8Hj,585条评价,人均￥77,豉汁蒸凤爪 厨神一品虾饺 红米脆皮肠
臻园,https://www.dianping.com/shop/k9nriBY0nsLnbTMf,29条评价,人均￥1o3,干巴菌炒饭 凉拌黑皮鸡枞菌 竹荪酿虾滑
不早,https://www.dianping.com/shop/FjyROY17EuqD9Rvi,24条评价,人均￥73,鸡排黑椒意面 沙拉 黑椒猪扒意面
醉得意(汕头澄海卜蜂店),https://www.dianping.com/shop/k6gL3oNBD2x5Vz2g,132条评价,人均￥53,豆花片片鱼 香酥脆皮鸭 肉沫蒸蛋
生隆羊腩店(澄华店),https://www.dianping.com/shop/k3udjvpY9KwP2FA7,11条评价,人均￥86,羊腩锅底 卤羊肉 卤羊腿
阿华小食店,https://www.dianping.com/shop/G6jECnmsD0BJzbZp,24条评价,人均￥9,隆都米钱双拼 豆沙米钱 芋泥米钱
屾菌高原山珍火锅,https://www.dianping.com/shop/l8DofZtttMoJRjID,41条评价,人均￥69,凉拌鸡枞 炸松茸 菌菇拼盘
赫品万格岩烧牛扒(澄海店),https://www.dianping.com/shop/imIP7zPPrO9UEkkd,231条评价,人均￥135,火山石大满足牛扒 黑松露酱雪花牛排 榴莲薄饼
易厨房,https://www.dianping.com/shop/H7Eq2mS5SWAUpsEm,262条评价,人均￥64,酥皮海鲜汤 法式海鲜焗饭 鸡皇焗饭
川味火锅(半自助火锅店),https://www.dianping.com/shop/k12zKGfCW9rLZrcg,18条评价,人均￥86,冬阴功汤 牛奶芝士海鲜汤 药膳滋补汤
屋里甜汤(中冠华府店),https://www.dianping.com/shop/H2K11kShDLFqsf7C,78条评价,人均￥22,草果大满贯 芋泥牛奶冰 姜薯东京丸
牛汉斯牛排自助餐厅(澄海店),https://www.dianping.com/shop/l6AnsGREnVhze1OU,168条评价,人均￥77,沙朗牛排 红酒菲力牛排 黑胡椒传奇牛排
KUMO ZAWA 芝士蛋糕(澄海店),https://www.dianping.com/shop/lafxJe8zaaAbxOyU,6条评价,人均-,茉绿鲜牛乳 茉莉香茶 泰式鲜牛乳
