巢湖名吃·徽府农家菜(半汤店),https://www.dianping.com/shop/l84ONDmF2ZBo29PK,1626条评价,人均￥57,瓦罐牛肉 特色蒸饺 农家土鸡汤泡炒米(大)
老巢县(龟山路店),https://www.dianping.com/shop/l1bska1NrNJwbLZt,74条评价,人均￥165,小罐汤 红烧农家豆腐 古法糖醋排骨
九田家黑牛烤肉料理(巢湖万达店),https://www.dianping.com/shop/l4l4nEPTX2iixaCW,1217条评价,人均￥123,黑牛牡蛎肉 黑牛肋条 风花雪月
巢湖名吃·东关老鹅汤(半汤店),https://www.dianping.com/shop/EIyB8hG14O7PJXXo,495条评价,人均￥82,东关老鹅汤 瓦罐牛肉 臭鳜鱼
广元早点,https://www.dianping.com/shop/irB64gHMoud3He3d,18o条评价,人均￥33,凉拌千张 三鲜锅巴 鸡蛋锅贴
蛙喔·炭烧牛蛙·烧烤(合肥巢湖万达店),https://www.dianping.com/shop/Ha9JRN3pbB7GlJLQ,127条评价,人均￥79,鲜嫩牛蛙双人套餐 蒜香牛蛙 馋嘴麻辣牛蛙
煌灿林庄园火锅,https://www.dianping.com/shop/k948ffJkSqbFAA49,57条评价,人均￥139,煌灿林水牛毛肚 锡盟高钙羊肉 农夫山泉鸳鸯锅
小龙坎火锅(步行街店),https://www.dianping.com/shop/k4A5HAIDwds5BlG1,682条评价,人均￥1o7,红糖糍耙 小龙坎毛肚 鲜虾滑
迎湖轩,https://www.dianping.com/shop/EzrMts15GdG1TwnX,241条评价,人均￥4o,拌千张 三鲜锅巴 鸡蛋锅贴
半天妖烤鱼(巢湖万达广场店),https://www.dianping.com/shop/H4aQhwcWFVN0zHsW,79条评价,人均-,烤鱼 大叉烤肉 泡椒鱼皮
合肥·桃李春风悦色餐厅,https://www.dianping.com/shop/l8v2AvEUMssLzejU,13条评价,人均-,小食拼盘 香烤菲力牛排 主厨密炒牛肉意面
巢湖名吃·东关老鹅汤(江南风情街店),https://www.dianping.com/shop/Ha3K7LQQLdyKzFvr,685条评价,人均￥86,东关老鹅汤/小份 瓦罐牛肉 鹅汤锅巴
嘎嘎鸭下巴,https://www.dianping.com/shop/kaviSYztElCtSfkI,11条评价,人均-,香辣干锅 醇辣鸭下巴 锅巴
农家院·地锅鸡(农家散养的土公鸡，江南风情街店),https://www.dianping.com/shop/k572I7wKUx5Gc7Ci,118条评价,人均-,地锅鸡 地锅土公鸡 麻辣小龙虾
碳锅村,https://www.dianping.com/shop/k95vylCL5xVm1xSC,35条评价,人均￥69,地锅鸡 山芋粉烧肉 螃蟹炒年糕
潮记潮汕牛肉火锅(巢湖店),https://www.dianping.com/shop/G7Q1vWMsAfVaDUAs,26条评价,人均-,极品雪花肉 三花趾 潮汕牛肉丸
古茗(半岛商业广场店),https://www.dianping.com/shop/G6ZDDFF6Xyu3S6fu,1o条评价,人均-,超A芝士葡萄 嫩仙草满福 龙井香小丸子
小菜园新徽菜(巢湖万达店),https://www.dianping.com/shop/l5FeTl7aedX1YQ4s,37o条评价,人均￥87,凤爪 鸡丝凉面 农家红烧肉
朝阳门(上海饺子店),https://www.dianping.com/shop/G7rgXPalDONXgmL0,1o5条评价,人均￥18,煎饺 凉拌干丝 豆浆
川佬馆·老派川菜,https://www.dianping.com/shop/k52osuuz0noX08Uc,15o条评价,人均￥91,辣子鸡 菠萝咕咾肉 歌乐山辣子鸡
春二咖啡,https://www.dianping.com/shop/iytPI0JmIsaalbAZ,13条评价,人均-,燕麦dirty 薄荷拿铁 慕斯
朴灿旭首尔大排档,https://www.dianping.com/shop/k884qZxcyexxfnuZ,232条评价,人均￥79,韩式拉面部队火锅 网红倒扣汽水 梨泰院盒饭
無二日式炭烤,https://www.dianping.com/shop/l2CgiXMCz3dJvjSR,19条评价,人均-,牛胸口朥 奶香椰子冻 精品牛上脑
小鱼小虾(中庙店),https://www.dianping.com/shop/FiJQSBIwPNQAyEoe,417条评价,人均￥68,银鱼蒸蛋 红烧白丝鱼 青椒炒小虾
荣公馆鱼头泡饭(巢湖万达店),https://www.dianping.com/shop/k5D6xeBvcw0n5xIF,685条评价,人均￥74,赵四小姐砂锅鱼头煲 美龄虾球 老北京烤鸭
水韵·渔家臻品私房菜(中庙店),https://www.dianping.com/shop/kaAcLWXbjY4pD9QY,779条评价,人均￥61,银鱼蒸蛋 杂鱼锅仔 砂锅鱼头
大成小火锅(万达店),https://www.dianping.com/shop/l7qOGCzmo68t243r,78条评价,人均￥49,肥牛卷 鸡胸肉 招牌牛油锅
蓝鲨自助,https://www.dianping.com/shop/G62bVdM1V3HiZrqL,13条评价,人均-,羊肉串 海鲜自助 生蚝
千炉台·石板烧肉专门店(万达店),https://www.dianping.com/shop/l45FbPhWyGVl12kP,439条评价,人均￥93,南瓜粥 薄切牛五花（浇汁） 酱烧牛五花
重庆鸡公煲,https://www.dianping.com/shop/H9Hj1RKW71A3ouTw,194条评价,人均￥33,牛肉丸 羊肉卷 火锅
京祥缘老北京铜火锅,https://www.dianping.com/shop/l88wGnwpy6Cub19x,6条评价,人均-,吊龙 羊羔卷 红糖糍粑
周家私厨·农家土菜(巢湖半汤店),https://www.dianping.com/shop/l2Lp8p5aeCHOtoPm,167条评价,人均￥31,小罐牛肉 农家椒盐猪手/片 周家小炒
小禾屋·韩国料理烤肉(巢湖万达店),https://www.dianping.com/shop/G3WNR9ogxxhAMIFu,244条评价,人均￥75,瓦罐牛肋条 厚切猪五花 黑椒牛肉拌饭
东方宫中国兰州牛肉拉面,https://www.dianping.com/shop/l8NvROhFfu1laRGe,4条评价,人均-,兰州牛肉面 羊肉串 杏皮水
老李特色面馆,https://www.dianping.com/shop/k7r0uSuijHcvWohB,6条评价,人均-,肉丝面
老奶奶砂锅,https://www.dianping.com/shop/iWYMibi3XWoKB62d,85条评价,人均￥27,鸭血汤 牛肉丸砂锅 鸭血砂锅
欢乐牧场自助餐厅(巢湖万达店),https://www.dianping.com/shop/l9lB5brtqh4TQNlB,855条评价,人均￥67,菜品丰富 牛排 自助菜品
麦当劳(巢湖万达店),https://www.dianping.com/shop/G7uEK9sk8VFkNkQ0,58条评价,人均￥31,薯条冰淇淋混搭拼盘 美国辣味麦乐鸡 无辣不欢单人餐
郭家小厨,https://www.dianping.com/shop/k59xC8wpUnRDyW7j,6o9条评价,人均￥75,干锅鸭下巴 农家地锅鸡 干锅手撕包菜
莫奈•甜品(团结路小区二店),https://www.dianping.com/shop/k5QiiQLLzNnrhP96,27条评价,人均-,太妃焦糖海盐盒子 芋泥麻薯肉松 菠萝包
国际饭店·国际餐厅,https://www.dianping.com/shop/k2PzwngAhzxxzJZE,1o2条评价,人均￥113,凤梨排骨 蒜蓉粉丝开片虾 红糖麻糍
首尔海鲜烤肉自助餐厅,https://www.dianping.com/shop/l5ieoIP0y0r6UdBg,32o6条评价,人均￥62,鱿鱼 冰淇淋 烤生蚝
盛鑫街头烤肉(耳街店),https://www.dianping.com/shop/H94ei2AjbQEJ1wEu,166条评价,人均￥58,烤五花肉 精选牛五花 猪梅花肉
湘遇·新湘菜(巢湖万达店),https://www.dianping.com/shop/H8RQhsq5GvvXn4jr,334条评价,人均￥67,肉汤拌饭 湘味脆骨 十八秒雪花牛肉
李想大虾(巢湖万达店),https://www.dianping.com/shop/G56mOzCU30bV9uJW,2o1条评价,人均￥56,海带丝 鸡翅虾小锅 金针菇
Yeah! Thailand 泰吉餐厅(巢湖万达店),https://www.dianping.com/shop/F8OMdHdIOI1FfGdl,3o1条评价,人均￥68,炭烧猪青肉 泰妈妈面包咖喱鸡 泰皇咖喱虾
伊兹铁板烧(巢湖万达店),https://www.dianping.com/shop/l6fpauNOQKrm8ASQ,325条评价,人均￥91,火焰牛排 经典牛肉炒饭 蒜香龙利鱼
晋家门(巢湖万达店),https://www.dianping.com/shop/H9bWza8mYdulNu6J,94条评价,人均￥7o,烤羊肉串 贝勒爷烤肉 小米凉糕
呷哺呷哺(巢湖万达店),https://www.dianping.com/shop/Ha8q3mDGctYHZpuv,469条评价,人均￥76,精选肥牛 呷哺羔羊肉 精品牛眼肉芯
韩宫宴炭火烤肉(巢湖万达广场店),https://www.dianping.com/shop/G5v9kVXfN7in80Cg,317条评价,人均￥83,厚切五花肉 黑椒鸡腿肉 特味肥牛
友达面馆(耳街店),https://www.dianping.com/shop/G7GRoasMn6bnHOgY,264条评价,人均￥4o,特色酸菜鱼面 三鲜面 豆腐
东北铁锅炖鱼(江南风情街),https://www.dianping.com/shop/k7ugjZpWpSiyUWRb,324条评价,人均￥51,铁锅炖鱼 豆腐 鱼肉
必胜客(巢湖万达店),https://www.dianping.com/shop/l58OiyxTSYsHELNU,69条评价,人均￥6o,意式经典肉酱面 新三味小食拼盘 榴莲多多披萨
点兵点将•四川传统小吃集(巢湖万达店),https://www.dianping.com/shop/l7D1LvemCgM7Bj9q,218条评价,人均￥27,锅巴土豆 包浆豆腐 鸡汤饭
口口椰(巢湖万达广场店),https://www.dianping.com/shop/G8ssGdFGT7pyYbeE,21条评价,人均-,招牌爆珠马蹄椰子水 生椰拿铁 招牌清补凉
韩福园自助烤肉店(人民路店),https://www.dianping.com/shop/l5axlY0TeM53S1Xn,842条评价,人均￥66,中翅 腌牛肉块 水果
深业假日酒店-百香全日餐厅,https://www.dianping.com/shop/G8VxQ8AZi9D4MTYP,261条评价,人均￥11o,自助晚餐 竹笋麻鸭 菜品齐全
延旭烧烤(巢湖耳街店),https://www.dianping.com/shop/k2ZoSTHtoppyq5Oy,251条评价,人均￥36,延旭烤鸡翅 延旭牛肉串 延旭羊肉串
绿色吴家粥铺(巢湖万达店),https://www.dianping.com/shop/G5mJBAg3WcDbE1dx,131条评价,人均￥91,双黄皮蛋瘦肉粥 京酱肉丝 招牌皮蛋瘦肉粥
九田家黑牛烤肉料理(巢湖万尚店),https://www.dianping.com/shop/k9BE4gaC5WTKj7sn,25o条评价,人均￥1o7,黑牛牡蛎 厚切猪五花 黑牛肋条
