哈利魔法餐厅(成武店),https://www.dianping.com/shop/G4J3vPvuyBollWd5,161条评价,人均￥81,乳酪枫糖烤面包 哈利臻烤菲力牛排 哈利黑椒牛排
一家亲妈妈菜,https://www.dianping.com/shop/l24w40UZa8DfxpvH,6o条评价,人均￥75,大拉皮 蓝莓山药 炸茄盒
重庆老火锅(成武店),https://www.dianping.com/shop/k3VJnDBiMvdE9vM3,1o79条评价,人均￥49,重庆老火锅 锡盟羔羊肉 鸳鸯锅
牛鲜生炭火烤肉(总店),https://www.dianping.com/shop/lar4HuOIJG1yaj5T,296条评价,人均￥87,石锅拌饭 鸡蛋羹 韩式烤肠
小龙坎火锅(御景华府店),https://www.dianping.com/shop/l8lkcxPRtlBw5Q9c,377条评价,人均￥71,红糖糍粑 极品鲜毛肚 水晶牛肉
喜虾客火锅(聚龙湾店),https://www.dianping.com/shop/H1z9EHXNvZwmbfK3,161条评价,人均￥65,招牌虾锅 手工面 青菜拼盘
武松家(成武店),https://www.dianping.com/shop/l7brPSuAVXvRvNok,5条评价,人均-,香芋绿茶饼 鲜豆皮 红糖滋耙
王二煎包(成武店),https://www.dianping.com/shop/H7pzrdHnAzrPAqUc,4条评价,人均-,南瓜粥 皮蛋瘦肉粥 土豆丝
阿瓦山寨,https://www.dianping.com/shop/H9yXM5W6qvlp4uFY,32条评价,人均-,油淋剁椒鱼头王 香锅牛三鲜 鱼头拌面
壹号烤场,https://www.dianping.com/shop/G3Ct9HX8l1MBcl7B,3条评价,人均-,面包片 烤羊肉串 烤鸡翅
欢乐汀烤鱼音乐餐厅(成武店),https://www.dianping.com/shop/G3HZLRBoRM6tDEhG,21o条评价,人均-,青花椒烤鱼 荔枝香辣味 豆油皮
朝天门火锅(成武店),https://www.dianping.com/shop/G24i74MTCaW2VAN5,27条评价,人均-,飞鱼籽虾滑 羔羊肉卷 精品肥牛
顺得利蛋糕(府东店),https://www.dianping.com/shop/H7mUidwYObt1Dq1U,536条评价,人均￥53,迷你水果蛋糕 花生碎 双层女神皇冠
千椒悦鲜货火锅(成武店),https://www.dianping.com/shop/l8ZxfNTRgrlcAHEQ,19条评价,人均-,劲爆牛肉丸 现杀清江花鲢 现剁虾滑
古城烤全羊,https://www.dianping.com/shop/k6ZZ0JXjSlkNnQ7T,9条评价,人均-,羊肉串小串 烤全羊 羊头
小城故事(通乐路店),https://www.dianping.com/shop/k7Hlah4veIbwnmua,34条评价,人均￥55,凤爪 酸辣土豆丝 糖醋里脊
伯乐居,https://www.dianping.com/shop/k8KC6oC6QA1S9ClL,3条评价,人均-,红烧肉 鲜虾饼
乡村小毛驴(成武店),https://www.dianping.com/shop/l5Yywl96xwUHbsIK,11条评价,人均-,糖醋虾仁 驴肉 山药驴尾汤
成武名吃满香肉盒,https://www.dianping.com/shop/G2CbesbkC5tNfavf,9条评价,人均￥12,鸡蛋肉盒 豆粥 糖糕
巴蜀尚品海鲜自助餐厅,https://www.dianping.com/shop/kaEaK3FLtNXZy4iZ,,人均-,单人晚餐 午餐单人
那嘎达烤肉(成武县店),https://www.dianping.com/shop/H3xZSQLvmVZi4vDf,52条评价,人均-,黑胡椒牛肉 秘制五花肉 鸡蛋羹
喜八宝螺蛳粉火锅(成武店),https://www.dianping.com/shop/GaFwvEXM6hwJYZqd,33条评价,人均-,无限量米粉 手切鲜牛肉 自制臭豆腐
北辰家炭火烤肉,https://www.dianping.com/shop/G9A2kZzO1ulYe7Ox,176条评价,人均￥57,招牌牛五花 黑椒牛肉 调味猪五花
朋友圈火锅城(成武店),https://www.dianping.com/shop/H67rP46ZvTcPG09C,1845条评价,人均￥25,冰淇淋 麻汁 豆腐
一头牛碳火烤肉,https://www.dianping.com/shop/H7lJzxQbaG5BwALg,153条评价,人均￥59,金牌蒜香肥牛 芝士玉米 精品牛五花
和福顺焖锅,https://www.dianping.com/shop/G7cLh1tVC3CSmwsx,8条评价,人均-,招牌牛肉鸡虾锅 招牌焖嫩牛肉鸡翅锅 招牌焖锅
御鼎牛排自助,https://www.dianping.com/shop/G4wt7kIaMUZ06dKt,11条评价,人均-,御鼎牛排自助餐厅 海鲜大咖 御鼎经典牛排
胡同烤全羊(成武店),https://www.dianping.com/shop/G6MVzp7XWUDwBFto,12条评价,人均-,烤羊排 黄鳝 天山烤羊腿
七只羊铜锅涮肉·烧烤生蚝,https://www.dianping.com/shop/j3q8PCIDiAWcjhnq,28条评价,人均-,秘制高汤鸳鸯铜锅 烤鲜鸡翅尖 锡纸花蛤
北辰家的烤肉(翡翠城店),https://www.dianping.com/shop/l1FAnRuXNixInhkY,83条评价,人均-,烤榴莲 金针菇 石锅拌饭
谭鸭血老火锅,https://www.dianping.com/shop/k9i1uidOciVTbMiq,38条评价,人均-,精选肥牛 大刀五花肉 厚切午餐肉
友食料理研究所,https://www.dianping.com/shop/laERtwImFhDGFWNO,11条评价,人均-,冬阴功汤海鲜汤 澳洲原切牛排 麦西恩饼
王营特色羊棒骨火锅店,https://www.dianping.com/shop/H1UmTkDikRTIWSy4,1条评价,人均-,羊棒骨 牛排骨 羊前小拐筋
金汉轩自助烤肉(成武店),https://www.dianping.com/shop/H9E5DhKh3Ej4wFsA,3362条评价,人均￥46,培根肉卷金针菇 披萨蛋挞 小点心
徐家满当烧牛肉,https://www.dianping.com/shop/G5VlXUj6MJZL2rDh,22条评价,人均￥56,牛肉 风味茄子 生蚝
逅角巷涮烤一体自助烤肉(蓝水湾店),https://www.dianping.com/shop/G4DhnGLPGKKZcUeq,43条评价,人均-,坨坨牛肉 猪梅肉 剪刀五花肉
菏泽赵家羊肉汤,https://www.dianping.com/shop/FN1eO4EtzbM2Q1qy,3条评价,人均-,微山地锅鸡 羊肉汤 青椒牛肉
顿炖香大锅台（成武第一锅）(总店),https://www.dianping.com/shop/k5Dcxiobr9darR0w,86条评价,人均-,排骨 锅贴 菜鸡
湖上渔村,https://www.dianping.com/shop/H7ZgKcHtVBSXi2dH,2条评价,人均-,生煎 江南小抄 干锅花菜
泰山王老三串店(菏泽成武店),https://www.dianping.com/shop/l7MgqxtkH2UIIE3r,1条评价,人均-,芬达丨橙汽水 逸品纯生 小山羊羊肉串
婆婆羊油饼,https://www.dianping.com/shop/k4Kkx6pQbkLCGXBt,3条评价,人均-,羊油饼 鸡蛋饼 小张羊油饼
徐家满当烧牛肉(徐家满当烧牛肉店),https://www.dianping.com/shop/G5hREkDDrXSbQgzW,2条评价,人均-,猪蹄 素材拼盘 烧牛肉
ORANGE·橘艺术烘焙美学,https://www.dianping.com/shop/k9Yi6VwrEjRv7zDB,1条评价,人均-,俄式提拉米苏 蜜桃乌龙千层 草莓炸弹
木屋披萨(银座店),https://www.dianping.com/shop/k7Vgs5zFuDIDRfUy,22条评价,人均-,奥尔良烤肉披萨 奥尔良烤肉焗饭 甜甜圈
爵士牛排自助西餐厅,https://www.dianping.com/shop/l1whBplnzhxKki1c,44条评价,人均-,新西兰黑椒牛排 美式T骨牛排 麻辣牛排
左岸乔木思(成武店),https://www.dianping.com/shop/G5N6cUyobYyFWBWx,1111条评价,人均￥14,喜洋洋蛋糕 蛋糕面包 迷你水果蛋糕
木屋披萨(成武店),https://www.dianping.com/shop/kaMDSTHBK5jcaE9T,2634条评价,人均￥28,奥尔良烤肉披萨 缤纷水果披萨 夏威夷风情披萨
超意兴快餐,https://www.dianping.com/shop/l7wbXkDr5A7BT0wa,2条评价,人均-,把子肉 炒有机菜花 炒合菜
仟味一鼎(成武旗舰店),https://www.dianping.com/shop/kaXH1eIH6XgugX7Y,3条评价,人均-,麻辣锅底
维尔纳斯意大利手工艺生日蛋糕(成武店),https://www.dianping.com/shop/H2d2THS2C3ZK8Tbr,14条评价,人均-,水果阵地裸蛋糕 双层妈妈生日快乐 我爱你祖国
成武小潘记串串火锅麻辣烫,https://www.dianping.com/shop/k4oAlR7yAVW6c6RU,4条评价,人均￥38,油黄鸡 鱿鱼脚 鸳鸯锅
熊家无二·韩式炸鸡(成武店),https://www.dianping.com/shop/iP2qAZFJZtgYNvQi,11条评价,人均-,招牌粗薯 熊家韩式黄金脆皮炸鸡 酱酱裹炸年糕
下江腩牛腩火锅店,https://www.dianping.com/shop/H5d2RCyfICapeTHk,18条评价,人均-,秘制土黄牛腩 鸳鸯锅底 嫩牛肉
九牛道鲜牛火锅(成武店),https://www.dianping.com/shop/H1BHbCtgV8CgfFUY,21条评价,人均-,牛肉丸 爽口嫩肉 吊龙
枣曹渔村,https://www.dianping.com/shop/H2y9tCi3K3du70rP,,人均-,地锅鱼
庆刚果木炭烧饼,https://www.dianping.com/shop/k3IHnjjzXUrQQ98J,1条评价,人均-,
鱼尚鲜斑鱼庄,https://www.dianping.com/shop/k1lxXvTlNzDMar4K,1条评价,人均-,秘制大锅 秘制鸳鸯锅 招牌现杀斑鱼
华莱士·炸鸡汉堡(成武银座店),https://www.dianping.com/shop/l34nwQqn9xjdLuP5,132条评价,人均-,鸡米花 香辣鸡排堡 大薯
华莱士·全鸡汉堡(成武县店),https://www.dianping.com/shop/k6PUF8QFkR1egQ9h,59条评价,人均-,蜜汁手扒鸡 薯条 黑椒鸡块
兴巴鼎菌汤火锅,https://www.dianping.com/shop/k1NxOtgtyXiZHEt9,8条评价,人均-,毛肚 巴鼎火锅 鸡蛋牛肉
