楚雄味道•云南民族特色菜餐厅(楚雄店),https://www.dianping.com/shop/k8e0JobrTxkETI4C,843条评价,人均￥91,铁板牛肉 彝家小炒肉 滇味凉鸡
山菌美食苑(振兴路店),https://www.dianping.com/shop/G7esJA5skzuOfDYe,343条评价,人均￥125,菌火锅 干巴菌炒饭 烤豆腐
德宏味道(楚雄总店),https://www.dianping.com/shop/H146I6BirejJEegA,1171条评价,人均￥42,傣味手抓饭 香草烤鱼 舂鸡脚
彝府轩土菜馆,https://www.dianping.com/shop/k7nR0I9G0IhwWvkw,472条评价,人均￥47,炭烧肉 菌王手撕鸡 火爆牛肉
外婆味道•云南菜大当家(兆顺店),https://www.dianping.com/shop/H4id6WtfjQICB0tB,277条评价,人均￥62,外婆雪花鱼 外婆小炒肉 铁锅牛肉
外婆味道•云南菜大当家(开发区店),https://www.dianping.com/shop/Ga2Iqs5SIXQAoox7,382条评价,人均￥59,外婆雪花鱼 铁锅牛肉 外婆炒藕丁
川蜀记海鲜自助火锅(古镇店),https://www.dianping.com/shop/H1UFrW5dB0zp92qP,2o5条评价,人均-,三文鱼 牛排 雪花牛肉
彝人居·野生菌农家菜馆,https://www.dianping.com/shop/G5kAjc6py5MdNcvR,263条评价,人均￥47,杀猪菜 铁板烤肉 野生菌
菌莱餐厅·黑山羊火锅,https://www.dianping.com/shop/G72xjIOpQBEu1NZR,24条评价,人均-,黄牛肝菌子焖饭 羊肉＋羊杂拼盘 烤羊肉串
豆花西施(彝人古镇店),https://www.dianping.com/shop/k82qVQqjt63ebXcb,49条评价,人均￥76,西施石磨豆花 豆花鱼片 口水牛肉
稻生一·美食艺术空间,https://www.dianping.com/shop/l406byK9oKe4oT3o,316条评价,人均￥84,稻生一罐香 桃花酿 山珍海味叫花鸡
王宝器麻椒鱼(楚雄店),https://www.dianping.com/shop/laoz299y32HtwNEp,26条评价,人均-,焦糖豆花 糊辣生脆土豆 精品鸭肠
巴蜀大掌柜火锅(古镇店),https://www.dianping.com/shop/k6pzZzGB5ZJbmLpq,1351条评价,人均￥96,红糖糍粑 木板肥牛 酸梅汤
月野MoonBeamLab,https://www.dianping.com/shop/GapeHGMVd89BFcoO,8o条评价,人均￥47,酥皮泡芙 接骨木气泡水 定制生日蛋糕
勺一蛙美蛙鱼头(楚雄店),https://www.dianping.com/shop/l7ADQXfiLjSs4UJE,447条评价,人均￥55,绝味美蛙 绝味锅底 酸梅汤
元谋凉鸡店(百年老店),https://www.dianping.com/shop/kaWoRuRL02yd4qcI,272条评价,人均￥7o,元谋百年凉鸡 土豆 烤猪
彝只椰子,https://www.dianping.com/shop/HayCF7Uqp73kYUJI,113条评价,人均-,椰子鸡 椰皇冻 椰子鸡芥末鸡翅
九田家黑牛烤肉料理(楚雄店),https://www.dianping.com/shop/k9d7tAELX9sSqK4H,1214条评价,人均￥91,谷饲黑牛肋条 九田家黑牛烤肉 风花雪月黑牛肉
田家大院土菜馆,https://www.dianping.com/shop/H9azgVvqrCevP8DM,16条评价,人均￥54,凉面 炒牛肝菌 小炒肉
三街小宝羊汤锅(总店),https://www.dianping.com/shop/H77E37w6tEMN8R3i,22条评价,人均￥74,羊汤锅 炒羊肉 山猪火腿
三街小宝羊汤锅,https://www.dianping.com/shop/Gaab7xYrKY4084ID,61条评价,人均￥55,小炒羊肉 清汤羊肉 老火腿
沁合轩海鲜餐厅,https://www.dianping.com/shop/l2ctYUTm8T1crqL9,25条评价,人均-,黄焖鲍鱼 蛋黄焗基围虾 豆花牛肉
香园羊,https://www.dianping.com/shop/EXeZeg5VfKdBIaIZ,35条评价,人均￥7o,东山羊锅 炒羊肝 烤羊肉串
小春一丁·炭火烧肉,https://www.dianping.com/shop/G2ejm9tyPb2MZ3HY,29条评价,人均-,炭烤虎虾 烤棉花糖 嫩牛小方
冬冬尖椒鸡,https://www.dianping.com/shop/G6kZwiLH9QhFUUTv,133条评价,人均￥47,尖椒鸡 鲜榨柠檬汁 尖椒牛蛙
庖丁家牛肆(楚雄店),https://www.dianping.com/shop/FUPoY3djmMNiBT47,131条评价,人均-,红糖糍粑 水煮牛排 番茄牛骨汤
猫二·猫咖,https://www.dianping.com/shop/l7Bs11orsvn1zU6O,36条评价,人均-,糯叽叽雪媚娘 mini小泡芙 意式小番茄烩饭
原林野生菌火锅(武定店),https://www.dianping.com/shop/l1z3vD3Fh5MdjKx7,276条评价,人均￥1o3,野生菌火锅 干巴菌炒饭 蘸料
君悦阁野坝子菌火锅,https://www.dianping.com/shop/l1NnRfReyjmXtHGg,927条评价,人均￥77,野生菌火锅 菌子火锅 干巴菌炒饭
石板宴遇(元谋店),https://www.dianping.com/shop/G1dXubYNvVgEhblm,271条评价,人均￥33,柠檬汁 石屏豆腐 鸡脚筋
禄丰家常便饭,https://www.dianping.com/shop/k8m8yzcF9tWayMXh,154条评价,人均￥33,炸排骨 炒老奶洋芋 三菜一汤
彝山菌宴,https://www.dianping.com/shop/G1PvoLZ5Vp6rrhi6,16条评价,人均￥1o4,红烧肉牛肝菌 烩鸡油菌 干椒红葱
鱼跳楼(城区店),https://www.dianping.com/shop/l6dHCr3QJToT3aJI,7条评价,人均-,鱼跳楼 牛干巴
武家饭店,https://www.dianping.com/shop/l51ixxbIYQoXU2hl,11条评价,人均￥21,灰豆腐 牛干巴 盐焖鸡
随合人家土菜馆,https://www.dianping.com/shop/l5P8ClF490gS4m0C,13条评价,人均-,随合秘制蜜鸭 烤排骨 手撕鸡
金牛食府(金山印象步行街店),https://www.dianping.com/shop/k97mFMSByrnVXO3w,4条评价,人均-,红烧牛肉 清蒸牛排 豌豆尖
彝政珍味私房菜,https://www.dianping.com/shop/H6yAhiJb4fThY1ri,59条评价,人均￥56,酸菜牛肉 干椒风干肉 彝家小炒肉
鸿鑫饭庄,https://www.dianping.com/shop/k8JHRa6byzfZx19u,25条评价,人均￥79,元谋生态凉鸡 元谋凉粉 烤猪肉
菌王村野生菌火锅(元谋店),https://www.dianping.com/shop/H1lEjAulDnPPh84X,158条评价,人均￥61,野生菌鸡肉锅 牛肝菌炒饭 红豆酸菜腊鸭
豆花西施(禄丰店),https://www.dianping.com/shop/H8zbRm0DMpglObMw,5条评价,人均-,
红锅莊·民俗藏族餐厅(玖龙国际店),https://www.dianping.com/shop/k1KLilEwVrfVRxcb,237条评价,人均-,生态牦牛肉 特色手抓牦牛肉 红原牦牛肉拼盘
泰炭泰式烤肉馆,https://www.dianping.com/shop/layarYgQhHsfgT2M,88条评价,人均-,五花肉 泰式烤肉 芒果糯米饭
Ma coffee,https://www.dianping.com/shop/H77I0NDrdqtArhAh,2条评价,人均-,
跳跳龙潮牌火锅(天一公园店),https://www.dianping.com/shop/HaX5RSznxcTpwNDT,8条评价,人均-,和牛雪花肥牛 酸辣粉 超薄豆干
胡同小吃,https://www.dianping.com/shop/G3kocL4Upe0a4zeb,23条评价,人均￥75,冬阴功火锅 生炸鸡脚 红糖糍粑
星途&CAMPSITE,https://www.dianping.com/shop/H4cBObMSPuTv43y2,3条评价,人均-,烤猪排 墨西哥牛肉饼
象皮树泰国火锅,https://www.dianping.com/shop/G3vdsfwdsO72cBUu,75条评价,人均-,泰式火锅 泰式秘制锅 牛肉拼盘
菌乡阁•野生菌餐厅,https://www.dianping.com/shop/G3QIpPogXniZR0fB,162条评价,人均-,牛肝菌 牛肝菌炒饭 土鸡
傣一嘴·傣味餐厅,https://www.dianping.com/shop/G7cehbCDZRhB5Xca,45条评价,人均￥8o,柠檬撒 香茅草烤鸡 老奶洋芋
浮生六记,https://www.dianping.com/shop/G1NvnMi97MCKpWOs,7条评价,人均￥65,乐堡 果盘 特色小吃
山珍美食苑,https://www.dianping.com/shop/k44TMpH2278awhBa,171条评价,人均￥7o,火锅 野生菌大拼 正宗乌骨鸡
品知味饭庄,https://www.dianping.com/shop/k2xugvgNnlo0Cvqo,3条评价,人均-,鳝鱼 烧豆腐 小笼包
良栖小院,https://www.dianping.com/shop/G3dPcrjsTAw3GfeX,1条评价,人均-,
老房老舍火锅(丰胜路店),https://www.dianping.com/shop/l1kWiYXwpG6iYs1E,4oo条评价,人均￥72,老房精品肥牛 老房泰米糍粑 老房秘制麻辣牛肉
菌芝林,https://www.dianping.com/shop/k48uHLwOUtI0Mq1D,13条评价,人均-,美味牛肝菌 美味土鸡锅 铜绿菌
韩贝家园,https://www.dianping.com/shop/G9M48uCvHpI6KAKp,1165条评价,人均￥54,蛋包饭 烤五花肉 金枪鱼紫菜包饭
和顺园野生菌火锅店,https://www.dianping.com/shop/k4BvsuLS0yFniszn,86条评价,人均￥99,野生菌火锅 干巴菌炒饭 见手青
川劲香兔,https://www.dianping.com/shop/G1vv5kHDdkzXEezv,1o条评价,人均-,兔肉 兔头 兔子
袁老四老火锅,https://www.dianping.com/shop/G4ezIw3Rx2iDZYN4,29条评价,人均-,一咪鸭肠 经典红锅 麻辣牛肉
越南手工卷粉,https://www.dianping.com/shop/H2fyW3RtnFOBD2NJ,2条评价,人均-,腌菜肉馅卷粉 香菇木耳肉馅卷粉 越南炸春卷
