海棠小院烧烤,https://www.dianping.com/shop/H7StkFFJ31SnT2vW,1条评价,人均-,生烤五花肉 羊肉串 锡纸娃娃菜
正德源煎牛肉,https://www.dianping.com/shop/laeczWQZYMg2yaL0,5条评价,人均-,猪肉肠 石锅拌饭
小草房烤肉,https://www.dianping.com/shop/l3nmx1vEM3T1pYkN,213条评价,人均￥57,精品五花肉 酱油炒饭 洋葱
辣小二脆毛肚火锅(承德县店),https://www.dianping.com/shop/k5RM9uFDhOSGrmk3,38条评价,人均￥76,创店招牌脆毛肚 功勋鸭血 重庆小酥肉
乡村大妈农家饭,https://www.dianping.com/shop/l6nsGgSmn5Qeb7Gs,721条评价,人均￥49,排骨豆角面 大拿肘子 特色干烧鱼
北京老字号铜锅涮肉,https://www.dianping.com/shop/G3zPOmLxzYJh3Uxx,181条评价,人均￥38,麻酱小料 高钙肉 鸳鸯锅
虾总管(万荣广场店),https://www.dianping.com/shop/l1d0B7xHEfWCCzPs,28条评价,人均-,香酥鸭头 草鱼 脆皮香辣虾
上坐东北泥炉烤肉,https://www.dianping.com/shop/k9P0MdxqOkrOVEDD,16条评价,人均-,奥尔良鸡腿肉 风干肠 香辣牛板筋
十年汤厨,https://www.dianping.com/shop/G6XVurdc9GQbgsOa,31条评价,人均￥83,小吊柴鸡汤 孜然羊肉粒 葱油鲜豆皮
烤鱼诱惑(华时悦里店),https://www.dianping.com/shop/l36zXmISjhAjdK13,129条评价,人均-,爆米花 烤鱼 麻辣诱惑烤鱼
老成都串串香火锅(华时悦里购物中心店),https://www.dianping.com/shop/G2vbct6J50c2x1ma,53条评价,人均-,串串 红糖糍粑 小料
君安凯莱大酒店-餐厅,https://www.dianping.com/shop/G7L8QqFXiHEMQ4G8,693条评价,人均￥85,水果披萨 美式炸猪排配薯条 椒香烤鱼
食其乐牛排海鲜烤肉自助餐厅,https://www.dianping.com/shop/jpga4S0LwCJm64eK,2条评价,人均-,
志刚火锅鸡(承德县店),https://www.dianping.com/shop/H4oBuPOjzMtd6G2b,96条评价,人均-,麻酱蒜泥小料 翅腿锅 炸烧饼
老铺功夫烤鸭(承德县店),https://www.dianping.com/shop/k8dtS9m2vA0cOSZl,16条评价,人均￥65,烤鸭 炙子烤虾 包您满意
板城砂锅,https://www.dianping.com/shop/k1YHlOwG8zI0LxHZ,5条评价,人均￥37,酸菜什锦锅 菠菜豆皮 鱼杂
闹闹熊韩式烤肉,https://www.dianping.com/shop/k9bM41DiU2VSWvdH,176条评价,人均￥45,牛排 五花肉 石锅拌饭
麦德士蛋糕,https://www.dianping.com/shop/H2XRTOXxidgJWCfN,675条评价,人均￥36,巧克力 鲜奶蛋糕 水果夹心
麦子熟了(万荣店),https://www.dianping.com/shop/k8TVJid6sG2J4zCz,311条评价,人均￥2o,10英寸水果蛋糕 提拉米苏 醇香鲜奶大泡芙
汉釜宫烤肉涮锅,https://www.dianping.com/shop/H5ykhWoQceSsbIDz,2条评价,人均-,小料 黄瓜豆皮 朝鲜冷面
德克士(承德县宽广店),https://www.dianping.com/shop/H9WkBSLmyVS5wIbP,625条评价,人均￥35,超级鸡腿堡 香酥双鸡堡 脆皮炸鸡
合品居涮烤,https://www.dianping.com/shop/k6i0dXd6gHDMB41U,199条评价,人均￥4o,麻将黄瓜 青菜 精品五花
徐家大院(板城大街店),https://www.dianping.com/shop/kallWteoAbRnhGU1,2条评价,人均-,炒茄丝 酸菜粉条肉 土豆丝炒肉
新兴鱼杂火锅,https://www.dianping.com/shop/H5yAx21c0ot5xWX1,4条评价,人均-,鱼杂
欢聚时尚客牛排(下板城店),https://www.dianping.com/shop/l7pDKz3kkm36h7gN,67条评价,人均￥68,西冷牛排 战斧牛排 奥尔良烤翅
虾烤虾涮(华时悦里购物中心店),https://www.dianping.com/shop/l8odUGNsiFqNbZuO,2条评价,人均-,招牌绝味双虾锅 槐香大虾 大虾锅
焖锅部落(承德县店),https://www.dianping.com/shop/H30IoZ94opABcqjr,253条评价,人均-,鲜虾 龙利鱼 焖肥牛
热辣部落汤烤锅王,https://www.dianping.com/shop/G5HFCkqNPDfZabeC,46条评价,人均-,八色烤肉拼盘 麻辣小龙虾 养生猪肚鸡锅底
月阳地锅,https://www.dianping.com/shop/l3f3rBZyjjQEMqZg,47条评价,人均￥62,排骨锅 排骨鸡 鱼肉锅
米氏鸡汁抻面馆,https://www.dianping.com/shop/H6D4NSVoMaruGMgF,1条评价,人均-,刀削面 馄饨 鸡蛋
巴蜀坊重庆老火锅,https://www.dianping.com/shop/FCsfv2EGnu2EvmQG,61条评价,人均-,嫩牛肉 冰粉 金针菇
山边城外乡村锅台院(承德县店),https://www.dianping.com/shop/ka4SssgLDf1Anb3n,16条评价,人均￥36,煎饼拌豆芽 土豆 茄子
永和蛋糕(板城大街店),https://www.dianping.com/shop/G1LKXTWbiGfihG8d,1o6条评价,人均￥58,水果夹心蛋糕 果仁水果 冰雪女王
小猪查理川式烤肉(承德华时悦里店),https://www.dianping.com/shop/l4d5v6TBColB5Zev,76条评价,人均-,奥辣鸡翅中 玉米芝士 藤椒梅肉
平泉二子羊汤,https://www.dianping.com/shop/G89ODxwIwuhiaRaD,9条评价,人均-,羊汤烧饼 羊杂汤 肚肠汤
滴滴滴旋转小火锅(板城西大街店),https://www.dianping.com/shop/G7aaUbt8etxa2Yil,1条评价,人均-,
金来顺铜锅涮羊肉,https://www.dianping.com/shop/k6zsQuYaIdmISA3a,9条评价,人均￥45,白菜 冬瓜 手擀面
爱辣屋咕噜鱼(金融街店),https://www.dianping.com/shop/l7IA6IAIaorBNYnE,3条评价,人均-,龙虾丸子 菠菜 红薯片
胶东海鲜,https://www.dianping.com/shop/G6srI09RarpBaKT5,2条评价,人均￥123,
华莱士·全鸡汉堡(万荣广场店),https://www.dianping.com/shop/H5no4IwxoP7qFrEo,1o条评价,人均-,原味鸡排堡 川味脆脆鸡小食餐 中可乐
御园春饼,https://www.dianping.com/shop/H3XSzQwUWvFkAeaz,17条评价,人均￥37,鹅肝酱捞粉丝 水煮肉片 酸菜粉条肉
谭富农家饭,https://www.dianping.com/shop/ERju7SD3EE8uXiVr,2条评价,人均-,
老头烧烤(南环路店),https://www.dianping.com/shop/l7mis5yv0duEtqi8,,人均-,羊肉串
张亮麻辣烫(农业局店),https://www.dianping.com/shop/k5ok6SXrLUGSPMs8,1条评价,人均-,培根 蟹柳 蟹排
大国饭店,https://www.dianping.com/shop/G6xO1THzJsNO6ekh,8条评价,人均-,花开富贵虾 肉蘑炒肉 川味烤鱼
老四羊汤,https://www.dianping.com/shop/G4GNCwvjEQ1QyISQ,2条评价,人均-,口条 夹菜烧饼 拌牛肉
御尚甜品店(承德县店),https://www.dianping.com/shop/l9wvKpLk4oP8wCJM,14条评价,人均-,巧克力慕斯 秘密花园 爆浆蛋糕
蜜雪冰城(万荣商场店),https://www.dianping.com/shop/G5krxf6d7vOxB80p,,人均-,布丁奶茶 外婆烧仙草 草莓雪王大圣代
云尚谣,https://www.dianping.com/shop/H80pOPMePQ6dECHV,,人均-,
三里乡豆花鱼,https://www.dianping.com/shop/H9cRbwoTZyX7uFZE,11条评价,人均￥2o,炸豆皮 面条 豆花鱼杂锅
雅斋涮羊肉,https://www.dianping.com/shop/H7p4312AetoQHzBd,18条评价,人均￥68,羊肉 炸烧饼 面条
老北京果木酱香鸭(景泰店),https://www.dianping.com/shop/H47HLvPKFLz9nQT4,1条评价,人均-,老北京果木烤鸭 鸭酱 矿泉水水
泰和饭店,https://www.dianping.com/shop/k7uq3z698JusVTxv,3条评价,人均-,
雷厨特色大饼,https://www.dianping.com/shop/k7H4Wj5uiyDWy2mk,6条评价,人均-,牛肉饼 卷子 宫保龙利鱼
朝梁子农家饭庄·二搂子,https://www.dianping.com/shop/l4rpKBcMWGXANfuz,6条评价,人均￥5o,烙糕 石墨热浆豆腐 粘饼
中街骨餐馆,https://www.dianping.com/shop/H4RSm0aIf9BsrO7N,4条评价,人均￥4o,大骨头 松仁玉米 红烧带鱼
和瑞轩涮肉,https://www.dianping.com/shop/H4zHOyF20wBMnBMZ,4条评价,人均-,羊肉串 炸麻团 宫后筋
丰谷膳酒店,https://www.dianping.com/shop/l3aFqGMOlu9G4N0q,314条评价,人均￥34,碳烤鸭 高烧红薯 蒸鸡蛋糕
清真平泉羊汤烧饼,https://www.dianping.com/shop/k6Py1Cc5mMqiuhVC,32条评价,人均￥15,羊头肉汤 烧饼夹羊头肉 肚肠汤
良人の茶品,https://www.dianping.com/shop/G94MzWgKQdoz0sOd,4条评价,人均-,白桃乌龙牛乳茶 奇异果酪酪 草莓酪酪
