兰州牛肉面馆(共玉高速店),https://www.dianping.com/shop/G2pFhsbkm32vF4Af,2条评价,人均-,
民和麻辣馆,https://www.dianping.com/shop/k17irBQ3q9e7zCiw,,人均-,
糌粑藏餐厅,https://www.dianping.com/shop/l5AwblL759BjSzZQ,,人均-,
星月饭馆,https://www.dianping.com/shop/k1ZjK04TFbU82Iyp,,人均-,
丰收餐厅,https://www.dianping.com/shop/l6YblaorepIl3Eux,,人均-,
湟中馍馍店,https://www.dianping.com/shop/H1HJhcK6WuErWEjY,1条评价,人均-,
称多县农副产品平价商店(扎西路),https://www.dianping.com/shop/H7K0LhlnpN7ZMikl,,人均-,
扎朵镇国香馍馍铺,https://www.dianping.com/shop/l1kOyQKAQnEOmW8v,,人均-,
姐妹蔬菜铺,https://www.dianping.com/shop/H9izXNV36dDTKdeS,,人均-,
清雅老炒炮仗,https://www.dianping.com/shop/k6JtB9pbtxAxj7nc,3条评价,人均-,红烧牛肉盖饭 老炒炮仗 牛肉面
鑫源居饺子馆,https://www.dianping.com/shop/jFC2EoCDQzPYhBB5,,人均-,
甜美时光烘焙坊,https://www.dianping.com/shop/G1dcxZVTn8DijJ0I,,人均-,
四川农家菜馆,https://www.dianping.com/shop/G2jfCshIU3bz9z6T,,人均-,
称多县天府砂锅,https://www.dianping.com/shop/jwhsMrKPYJKKFkj9,,人均-,
称多县大酒店-茶艺,https://www.dianping.com/shop/l1m0I1PUuACsFW69,,人均-,
四季青蔬菜铺,https://www.dianping.com/shop/H6844WE032t8Ffej,,人均-,
派乐汉堡·炸鸡(幸福路店),https://www.dianping.com/shop/H375JgavRrdPV7c0,,人均-,韩式炸鸡 香辣鸡翅 多c柠檬汁
称多县兄弟小炒(青年路店),https://www.dianping.com/shop/H7tsVbpLKLD0gIFw,,人均-,
临夏忠华餐厅,https://www.dianping.com/shop/G3D7hf0ZBpBhWKPR,1条评价,人均-,
兰州牛肉面馆(共玉高速店),https://www.dianping.com/shop/G2pFhsbkm32vF4Af,2条评价,人均-,
民和麻辣馆,https://www.dianping.com/shop/k17irBQ3q9e7zCiw,,人均-,
糌粑藏餐厅,https://www.dianping.com/shop/l5AwblL759BjSzZQ,,人均-,
星月饭馆,https://www.dianping.com/shop/k1ZjK04TFbU82Iyp,,人均-,
丰收餐厅,https://www.dianping.com/shop/l6YblaorepIl3Eux,,人均-,
称多县农副产品平价商店(扎西路),https://www.dianping.com/shop/H7K0LhlnpN7ZMikl,,人均-,
湟中馍馍店,https://www.dianping.com/shop/H1HJhcK6WuErWEjY,1条评价,人均-,
扎朵镇国香馍馍铺,https://www.dianping.com/shop/l1kOyQKAQnEOmW8v,,人均-,
姐妹蔬菜铺,https://www.dianping.com/shop/H9izXNV36dDTKdeS,,人均-,
甜美时光烘焙坊,https://www.dianping.com/shop/G1dcxZVTn8DijJ0I,,人均-,
鑫源居饺子馆,https://www.dianping.com/shop/jFC2EoCDQzPYhBB5,,人均-,
清雅老炒炮仗,https://www.dianping.com/shop/k6JtB9pbtxAxj7nc,3条评价,人均-,红烧牛肉盖饭 老炒炮仗 牛肉面
称多县大酒店-茶艺,https://www.dianping.com/shop/l1m0I1PUuACsFW69,,人均-,
四川农家菜馆,https://www.dianping.com/shop/G2jfCshIU3bz9z6T,,人均-,
称多县天府砂锅,https://www.dianping.com/shop/jwhsMrKPYJKKFkj9,,人均-,
四季青蔬菜铺,https://www.dianping.com/shop/H6844WE032t8Ffej,,人均-,
派乐汉堡·炸鸡(幸福路店),https://www.dianping.com/shop/H375JgavRrdPV7c0,,人均-,韩式炸鸡 香辣鸡翅 多c柠檬汁
临夏忠华餐厅,https://www.dianping.com/shop/G3D7hf0ZBpBhWKPR,1条评价,人均-,
称多县兄弟小炒(青年路店),https://www.dianping.com/shop/H7tsVbpLKLD0gIFw,,人均-,
兰州牛肉面馆(共玉高速店),https://www.dianping.com/shop/G2pFhsbkm32vF4Af,2条评价,人均-,
民和麻辣馆,https://www.dianping.com/shop/k17irBQ3q9e7zCiw,,人均-,
糌粑藏餐厅,https://www.dianping.com/shop/l5AwblL759BjSzZQ,,人均-,
星月饭馆,https://www.dianping.com/shop/k1ZjK04TFbU82Iyp,,人均-,
扎朵镇国香馍馍铺,https://www.dianping.com/shop/l1kOyQKAQnEOmW8v,,人均-,
称多县农副产品平价商店(扎西路),https://www.dianping.com/shop/H7K0LhlnpN7ZMikl,,人均-,
湟中馍馍店,https://www.dianping.com/shop/H1HJhcK6WuErWEjY,1条评价,人均-,
丰收餐厅,https://www.dianping.com/shop/l6YblaorepIl3Eux,,人均-,
甜美时光烘焙坊,https://www.dianping.com/shop/G1dcxZVTn8DijJ0I,,人均-,
鑫源居饺子馆,https://www.dianping.com/shop/jFC2EoCDQzPYhBB5,,人均-,
姐妹蔬菜铺,https://www.dianping.com/shop/H9izXNV36dDTKdeS,,人均-,
清雅老炒炮仗,https://www.dianping.com/shop/k6JtB9pbtxAxj7nc,3条评价,人均-,红烧牛肉盖饭 老炒炮仗 牛肉面
称多县天府砂锅,https://www.dianping.com/shop/jwhsMrKPYJKKFkj9,,人均-,
四川农家菜馆,https://www.dianping.com/shop/G2jfCshIU3bz9z6T,,人均-,
称多县大酒店-茶艺,https://www.dianping.com/shop/l1m0I1PUuACsFW69,,人均-,
四季青蔬菜铺,https://www.dianping.com/shop/H6844WE032t8Ffej,,人均-,
临夏忠华餐厅,https://www.dianping.com/shop/G3D7hf0ZBpBhWKPR,1条评价,人均-,
称多县兄弟小炒(青年路店),https://www.dianping.com/shop/H7tsVbpLKLD0gIFw,,人均-,
派乐汉堡·炸鸡(幸福路店),https://www.dianping.com/shop/H375JgavRrdPV7c0,,人均-,韩式炸鸡 香辣鸡翅 多c柠檬汁
兰州牛肉面馆(共玉高速店),https://www.dianping.com/shop/G2pFhsbkm32vF4Af,2条评价,人均-,
民和麻辣馆,https://www.dianping.com/shop/k17irBQ3q9e7zCiw,,人均-,
糌粑藏餐厅,https://www.dianping.com/shop/l5AwblL759BjSzZQ,,人均-,
星月饭馆,https://www.dianping.com/shop/k1ZjK04TFbU82Iyp,,人均-,
扎朵镇国香馍馍铺,https://www.dianping.com/shop/l1kOyQKAQnEOmW8v,,人均-,
称多县农副产品平价商店(扎西路),https://www.dianping.com/shop/H7K0LhlnpN7ZMikl,,人均-,
湟中馍馍店,https://www.dianping.com/shop/H1HJhcK6WuErWEjY,1条评价,人均-,
丰收餐厅,https://www.dianping.com/shop/l6YblaorepIl3Eux,,人均-,
甜美时光烘焙坊,https://www.dianping.com/shop/G1dcxZVTn8DijJ0I,,人均-,
鑫源居饺子馆,https://www.dianping.com/shop/jFC2EoCDQzPYhBB5,,人均-,
姐妹蔬菜铺,https://www.dianping.com/shop/H9izXNV36dDTKdeS,,人均-,
清雅老炒炮仗,https://www.dianping.com/shop/k6JtB9pbtxAxj7nc,3条评价,人均-,红烧牛肉盖饭 老炒炮仗 牛肉面
称多县天府砂锅,https://www.dianping.com/shop/jwhsMrKPYJKKFkj9,,人均-,
四川农家菜馆,https://www.dianping.com/shop/G2jfCshIU3bz9z6T,,人均-,
称多县大酒店-茶艺,https://www.dianping.com/shop/l1m0I1PUuACsFW69,,人均-,
四季青蔬菜铺,https://www.dianping.com/shop/H6844WE032t8Ffej,,人均-,
临夏忠华餐厅,https://www.dianping.com/shop/G3D7hf0ZBpBhWKPR,1条评价,人均-,
称多县兄弟小炒(青年路店),https://www.dianping.com/shop/H7tsVbpLKLD0gIFw,,人均-,
派乐汉堡·炸鸡(幸福路店),https://www.dianping.com/shop/H375JgavRrdPV7c0,,人均-,韩式炸鸡 香辣鸡翅 多c柠檬汁
兰州牛肉面馆(共玉高速店),https://www.dianping.com/shop/G2pFhsbkm32vF4Af,2条评价,人均-,
民和麻辣馆,https://www.dianping.com/shop/k17irBQ3q9e7zCiw,,人均-,
糌粑藏餐厅,https://www.dianping.com/shop/l5AwblL759BjSzZQ,,人均-,
星月饭馆,https://www.dianping.com/shop/k1ZjK04TFbU82Iyp,,人均-,
扎朵镇国香馍馍铺,https://www.dianping.com/shop/l1kOyQKAQnEOmW8v,,人均-,
称多县农副产品平价商店(扎西路),https://www.dianping.com/shop/H7K0LhlnpN7ZMikl,,人均-,
湟中馍馍店,https://www.dianping.com/shop/H1HJhcK6WuErWEjY,1条评价,人均-,
丰收餐厅,https://www.dianping.com/shop/l6YblaorepIl3Eux,,人均-,
甜美时光烘焙坊,https://www.dianping.com/shop/G1dcxZVTn8DijJ0I,,人均-,
鑫源居饺子馆,https://www.dianping.com/shop/jFC2EoCDQzPYhBB5,,人均-,
姐妹蔬菜铺,https://www.dianping.com/shop/H9izXNV36dDTKdeS,,人均-,
清雅老炒炮仗,https://www.dianping.com/shop/k6JtB9pbtxAxj7nc,3条评价,人均-,红烧牛肉盖饭 老炒炮仗 牛肉面
称多县天府砂锅,https://www.dianping.com/shop/jwhsMrKPYJKKFkj9,,人均-,
四川农家菜馆,https://www.dianping.com/shop/G2jfCshIU3bz9z6T,,人均-,
称多县大酒店-茶艺,https://www.dianping.com/shop/l1m0I1PUuACsFW69,,人均-,
兰州牛肉面馆(共玉高速店),https://www.dianping.com/shop/G2pFhsbkm32vF4Af,2条评价,人均-,
糌粑藏餐厅,https://www.dianping.com/shop/l5AwblL759BjSzZQ,,人均-,
民和麻辣馆,https://www.dianping.com/shop/k17irBQ3q9e7zCiw,,人均-,
星月饭馆,https://www.dianping.com/shop/k1ZjK04TFbU82Iyp,,人均-,
丰收餐厅,https://www.dianping.com/shop/l6YblaorepIl3Eux,,人均-,
扎朵镇国香馍馍铺,https://www.dianping.com/shop/l1kOyQKAQnEOmW8v,,人均-,
称多县农副产品平价商店(扎西路),https://www.dianping.com/shop/H7K0LhlnpN7ZMikl,,人均-,
湟中馍馍店,https://www.dianping.com/shop/H1HJhcK6WuErWEjY,1条评价,人均-,
清雅老炒炮仗,https://www.dianping.com/shop/k6JtB9pbtxAxj7nc,3条评价,人均-,红烧牛肉盖饭 老炒炮仗 牛肉面
甜美时光烘焙坊,https://www.dianping.com/shop/G1dcxZVTn8DijJ0I,,人均-,软心巴斯克风味蛋糕
鑫源居饺子馆,https://www.dianping.com/shop/jFC2EoCDQzPYhBB5,,人均-,
姐妹蔬菜铺,https://www.dianping.com/shop/H9izXNV36dDTKdeS,,人均-,
称多县天府砂锅,https://www.dianping.com/shop/jwhsMrKPYJKKFkj9,,人均-,
四川农家菜馆,https://www.dianping.com/shop/G2jfCshIU3bz9z6T,,人均-,
称多县大酒店-茶艺,https://www.dianping.com/shop/l1m0I1PUuACsFW69,,人均-,
四季青蔬菜铺,https://www.dianping.com/shop/H6844WE032t8Ffej,,人均-,
临夏忠华餐厅,https://www.dianping.com/shop/G3D7hf0ZBpBhWKPR,1条评价,人均-,
称多县兄弟小炒(青年路店),https://www.dianping.com/shop/H7tsVbpLKLD0gIFw,,人均-,
派乐汉堡·炸鸡(幸福路店),https://www.dianping.com/shop/H375JgavRrdPV7c0,,人均-,韩式炸鸡 香辣鸡翅 多c柠檬汁
