cocopai可可派(步步高店),https://www.dianping.com/shop/H8vhBNTK16JO1itY,517条评价,人均￥128,蜂巢冰激凌 蟹膏龙虾汤意面 特制谷饲黑椒牛排
火车头食堂,https://www.dianping.com/shop/ienqMIFM0mtgtjes,22o2条评价,人均￥6o,鼎锅饭 酱汁雄鱼 口味鸭
邂逅酸菜鱼(友阿店),https://www.dianping.com/shop/G8ayJOsUKxH1bW9C,37条评价,人均￥54,邂逅撒椒酸菜鲈鱼 招牌小炒鹅肠 邂逅撒椒酸菜巴沙鱼
华兰家柴火鱼(总店),https://www.dianping.com/shop/l33UGEO8mtM36uIe,1494条评价,人均￥84,柴火鱼 鲟龙鱼 鱼汤
薇蜜·小食院家庭料理,https://www.dianping.com/shop/H1KLc7YbPXV4H9Xm,7条评价,人均￥91,酱焖海鲜饭 芥末章鱼足 罗勒松子青酱意面
顶家家(郴江路店),https://www.dianping.com/shop/H15pWtyaJT8HTaSD,637条评价,人均￥67,口味猪脚 小炒黄牛肉 QQ虾
柴火人家,https://www.dianping.com/shop/k8UhT03VJvba9Ag4,1724条评价,人均￥72,特色鼎锅饭 平锅跳水鱼 虎皮猪脚
顶家家(船洞路店),https://www.dianping.com/shop/l3jGKlratiEexEgs,557条评价,人均￥65,第二代猛子猪脚 小炒桂东黄牛肉 北京精品片皮鸭
楠火锅(国庆北路店),https://www.dianping.com/shop/H1CKUHPDznwzHZYJ,271条评价,人均￥1o2,耙鸡脚 火龙果鱼籽虾滑 芒果绵绵冰
嘟嘟·泰国小馆(步步高店),https://www.dianping.com/shop/l3VxRlPlqCIG61X9,41o条评价,人均￥69,皇室咖喱大虾 大虾海鲜冬荫功 皇室菠萝炒饭
邂逅撒椒酸菜魚,https://www.dianping.com/shop/G8qToMcrOBN5U1wv,912条评价,人均￥59,酸菜鱼大份 小炒黄牛肉 撒椒鱼
俏贝拉(裕后街店),https://www.dianping.com/shop/H93OJb4ORwbcYTc3,1o86条评价,人均￥118,榴芒披萨 墨鱼汁海鲜意面 黑椒牛柳意面
80后饭吧·酸菜鱼,https://www.dianping.com/shop/k3YzRN9y0wI2FAqr,1161条评价,人均￥53,老坛酸菜鱼 超级辣椒炒肉 桂阳米粉肉
东江湖小院柴房,https://www.dianping.com/shop/k1d9T2V1Mgewlf1P,1572条评价,人均￥79,招牌柴火鸭 香煎豆腐 三文鱼刺身
莳屋,https://www.dianping.com/shop/l2bfteshTUKcskGC,56条评价,人均￥1o2,澳洲300天谷饲肉眼 辣味牛肉苏格兰 西米脆壳凯撒菌菇沙拉
沸嘢烧菜火锅,https://www.dianping.com/shop/H5PHZFvzSBqvEc9z,1o2条评价,人均￥61,香辣锅底 现切排骨 现切牛肉
夏日玛莉西餐厅(步步高新天地店),https://www.dianping.com/shop/H4J0b94TqpkBAJJ4,321条评价,人均￥71,招牌榴莲薄脆披萨 炙烤果木西冷 缤纷小吃拼盘
高子烧鸡公(五里堆路店),https://www.dianping.com/shop/H2M6hPoOP41g7HI7,84o条评价,人均￥8o,烧鸡公 咸蛋黄土豆丝 白萝卜汤
微拾味(五岭店),https://www.dianping.com/shop/l7HZhbkEx0QDPUQ1,1o5条评价,人均￥83,基友炒面 罐罐牛腩 青山排骨
白露塘粮站杀猪粉,https://www.dianping.com/shop/l4I4CHvWdFic1qzk,194条评价,人均￥13,杀猪粉 泡辣椒 米粉
阿福海鲜局(万宝店),https://www.dianping.com/shop/H69r1ngjfOKIoSVA,16条评价,人均-,
按时&轻食salad(郴州总店),https://www.dianping.com/shop/l72Gm5wtB8A9SNZ4,1o6条评价,人均￥63,
袁老四老火锅(郴州概念店),https://www.dianping.com/shop/H365Y8QsyLiYHJXE,1169条评价,人均￥1o2,
汉米达特色料理餐厅(郴州友阿店),https://www.dianping.com/shop/l8xeLg8D3UfzD106,464条评价,人均￥5o,
金国鱼粉,https://www.dianping.com/shop/G7XVulFfy3cWYLS7,543条评价,人均￥12,
锅里碗里(友阿店),https://www.dianping.com/shop/G5vlsWk4nvPaeNi1,373条评价,人均￥51,
吉布鲁牛排烤肉自助(北湖友阿国际广场店),https://www.dianping.com/shop/H4yIEUlFfihaRxS0,3946条评价,人均￥78,
胖婆捆鸭店,https://www.dianping.com/shop/H4E4hb9HDhULmpBN,2o5条评价,人均￥75,
绿茵小镇中西餐厅(五岭店),https://www.dianping.com/shop/H1HXJ7tqH2OhAYGG,3366条评价,人均￥69,
六顺啫啫吧,https://www.dianping.com/shop/l4DtI952KZB3SauC,36条评价,人均￥87,
陈三椒,https://www.dianping.com/shop/G7KeK0Iy0sYogIW2,1o条评价,人均-,一鸡两吃 三椒鲈鱼 三椒牛蛙
圆圆家私房美食(民权路店),https://www.dianping.com/shop/G2Q8UTqZ2bxHJNzx,93条评价,人均￥93,牙签牛肉 招牌爽爽虾尾 糖醋排骨
九丁目咖啡馆(五岭店),https://www.dianping.com/shop/la3paVgY1ThzNRVy,171条评价,人均￥38,甘梅薯条 维他命果茶 酒酿蜜桃
俏贝拉(大华天都店),https://www.dianping.com/shop/l1C3UX7DM3Wc9up3,425条评价,人均￥1o7,凯撒沙拉 榴莲Napoli披萨 墨鱼汁意面
农民伯伯屋里菜(王仙岭店),https://www.dianping.com/shop/kaZdsGcqzllGAL1V,267条评价,人均￥73,牛肉 血鸭 腊肉
源画7号餐吧,https://www.dianping.com/shop/H4Uj5QHa7VqcxHsi,12条评价,人均-,乌鸡煲 红柳枝牛肉 蒜香排骨
小洋橘,https://www.dianping.com/shop/jvlj2foWSDe0jk5Z,1o条评价,人均-,香蕉布拿拿切件蛋糕 青提蛋糕 冰美式
东江湖华兰家柴火鱼,https://www.dianping.com/shop/k2YCaWY8WFjOpCqv,319o条评价,人均￥86,回头鱼 8度米酒 柴火鱼
山喃烧肉酒场(兴旺步行街店),https://www.dianping.com/shop/jfkOIs5TTuK5hLj2,414条评价,人均￥94,山喃十五层阶梯烧肉 猪颈肉 山喃烧肉井饭
顶家家(东江店),https://www.dianping.com/shop/H3rcKpd9zf7o50TZ,1o46条评价,人均￥68,会跳舞的QQ虾 小炒黄牛肉 老坛大鱼头
兰姐烤鱼·清蒸翘嘴鱼(总店),https://www.dianping.com/shop/G4rgPI1Dvby61df5,349条评价,人均￥83,烤鱼 特色烤鱼 烈火牛肉
蛙来哒(步步高新天地店),https://www.dianping.com/shop/H5qUIJaRAqdS7HX1,1839条评价,人均￥85,紫苏味牛蛙平锅 紫苏炭烧牛蛙平锅 重庆凉面
李五麻辣烫,https://www.dianping.com/shop/l8MQbh48TlXyUWIR,11o条评价,人均￥6o,牛肉 麻辣烫 虾子
老白露塘杀猪粉(冲口路店),https://www.dianping.com/shop/k1GbjyhObwnqy71c,1o9条评价,人均￥12,招牌杀猪粉 酸辣椒 甜牛奶
华兰家手工粉·杀猪粉,https://www.dianping.com/shop/H2Z6nC0TRxeENJ4m,63条评价,人均-,招牌手工杀猪粉 酸豆角 酸萝卜
绿茵小镇中西餐厅(友阿国际店),https://www.dianping.com/shop/k3Ruwqg8spG5pRdB,1269条评价,人均￥76,榴莲披萨 小镇老坛酸菜鱼 香辣跳跳蛙
大树下柴火土菜院,https://www.dianping.com/shop/H70e1rO3a3DZQh3A,54条评价,人均￥1oo,花甲爱上老幺鸡 农家鼎锅饭 农家牛头肉
海底捞火锅(步步高新天地店),https://www.dianping.com/shop/G9A0CY6e6BwPqgGm,141条评价,人均￥1o3,招牌虾滑 小酥肉 番茄锅底
云长兄(龙泉路店),https://www.dianping.com/shop/l6MMrXn6kPCq4kzk,57条评价,人均￥97,捞汁生蚝 油爆蓝龙虾 红柳烤牛肉
绿茵小镇中西餐厅(步步高店),https://www.dianping.com/shop/H7PkBsapO4CvQvkR,2o87条评价,人均￥62,金枕榴莲披萨 香辣跳跳蛙 厚切慢切冠军牛扒
嘟嘟·泰国小馆(友阿店),https://www.dianping.com/shop/FXLjk45Ge6ibeg2H,5oo条评价,人均￥71,大虾海鲜冬荫功 皇室咖喱大虾 皇室菠萝炒饭
功夫煲仔(盛世明珠店),https://www.dianping.com/shop/k8ctOWNObeXfWfOR,93条评价,人均￥18,野山椒牛肉 煲仔饭 青椒炒瘦肉
和平牛肉,https://www.dianping.com/shop/k9jnGAUPQqtBorFR,4条评价,人均-,牛肉串 罗氏虾 口味虾
蛙来哒(五岭广场名汇城店),https://www.dianping.com/shop/k9qbwA0N1w2BrHnb,66o条评价,人均￥58,紫苏平锅蛙 重庆凉面 香辣牛蛙泡锅
壹湖两岸民间菜·三文鱼,https://www.dianping.com/shop/kaQ1iuqK7wOi010x,951条评价,人均￥83,烧鸡公 金尊三文鱼刺身 清蒸翘嘴鱼
邂逅酸菜鱼(欢乐海岸店),https://www.dianping.com/shop/k5jfeJfVSq7edngk,587条评价,人均￥56,
星巴克(郴州友阿国际广场),https://www.dianping.com/shop/k4gvPg79ZyKSnc49,134条评价,人均￥41,
贤合庄卤味火锅(友阿店),https://www.dianping.com/shop/HatobGgfQwtQljCv,389条评价,人均￥83,
觅山,https://www.dianping.com/shop/HaIf6yiqWAsJ7Z1D,182条评价,人均￥6o,
蛙来哒(友阿国际店),https://www.dianping.com/shop/kaDQ3WjKBxlmin0j,375条评价,人均￥71,
