入火韩国烤肉(汕头潮阳店),https://www.dianping.com/shop/iOw8owCCOoMRH5uV,51o条评价,人均￥81,招牌入火拌饭 和牛牛小粒 黄金比例牛五花
京夜小酌·烤串居酒屋(潮阳棉城店),https://www.dianping.com/shop/H7lx6ag6r9Rpbw6L,34条评价,人均￥123,鸡脆骨 大葱鸡肉串 土豆沙拉
品餐厅,https://www.dianping.com/shop/H5rzQHifedgI4G2v,62条评价,人均￥123,金枕榴莲taco 冷燕麦水果酸奶碗 意式番茄肉酱面
门仔头小食店,https://www.dianping.com/shop/k9BFuqwYvpfdJ4MM,94条评价,人均￥15,炒米粉 炒果条 柠檬茶
LINK HIGH聆海露天营地,https://www.dianping.com/shop/H21fT3OuiOUrqxeV,11条评价,人均-,椰子鸡套餐 西瓜汁 椰子鸡火锅汤底
同仁四季椰子鸡(棉城店),https://www.dianping.com/shop/G8KquJbqnom40pZP,119条评价,人均￥1o2,竹笙椰子鸡 一级腊味煲仔饭 椰皇奶冻
马家斑鱼(棉城店),https://www.dianping.com/shop/k3d7COvyvlX0whSf,7o4条评价,人均￥77,原味锅底 斑鱼滑 鱼子福袋
赵记鲎粿(西环城路店),https://www.dianping.com/shop/G9JquEP3QC4TCv9f,39o条评价,人均￥12,鲎粿 韭菜粿 肉丸仔（香煎土豆糕）
囍园碳炉鸡火锅,https://www.dianping.com/shop/H5rOg8ASOqoG4k2m,1o条评价,人均-,老母鸡火锅 鸡煲 椒盐鸡架
老二火足肉,https://www.dianping.com/shop/l8nHQzOlJFhVW7se,12条评价,人均￥23,瘦肉猪杂粥 炒面配汤 炒米粉配汤
大胖小胖,https://www.dianping.com/shop/k9qH5b5obLW78IOs,31条评价,人均-,鸡肉串 冬阴功汤粉 百香果柠檬鸡爪
吃货小姐(棉城店),https://www.dianping.com/shop/G1wvc1SVtE73jFnn,117条评价,人均￥41,招牌虾滑麻辣烫 网红芋泥仙 海盐芝士芋圆奥利奥牛奶冰
苏烤•西餐(棉城中华路店),https://www.dianping.com/shop/G9xgYzqGQwbeKoN1,8o2条评价,人均￥129,招牌苏烤鸡中翅 椒盐莲藕片 澳洲牛小扒
尚客牛牛,https://www.dianping.com/shop/FXMg8R9OMxoBQS7X,13条评价,人均-,美式西冷牛排 黑椒粿
五谷甜汤(棉城店),https://www.dianping.com/shop/HaWxkkm2YKE97CWy,28条评价,人均￥11,姜薯汤圆 银耳百合莲籽白果蔬菜丸 酥圆
匠本米所(谷饶店),https://www.dianping.com/shop/k3ljI6nBZiM4h2c2,199条评价,人均￥25,招牌炸酱小锅米线 酸菜炸酱小锅米线 秘制炸酱干捞米线
南香小食店(总店),https://www.dianping.com/shop/l4LetbTjBt24qY6B,63条评价,人均￥21,招牌干面配汤 促肉 粿条汤
日興大排档,https://www.dianping.com/shop/G5tiOv9uf1qzq1Zl,25条评价,人均￥74,五仁豆腐 潮汕腌蟹 酥炸马蹄糕
新强面包,https://www.dianping.com/shop/HaepA2efGg4QoftY,4o条评价,人均￥4,香菇鸟蛋猪肉包 猪肉包 猪肉香菇蛋
裕荣酒家·深圳光明乳鸽(汕头总店),https://www.dianping.com/shop/k7e9QR7PvHQTRTms,36条评价,人均￥85,招牌光明红烧乳鸽 驴五花 经典驴骨清汤锅
海底捞火锅(东山生活广场店),https://www.dianping.com/shop/G9VSvEHje97MAEBy,279条评价,人均￥9o,
亚来海鲜大排档,https://www.dianping.com/shop/HaUuU6JdT8VY0mMt,75条评价,人均￥9o,
林色茶楼(棉城总店),https://www.dianping.com/shop/k1fHeOBUYaxmi7ei,272条评价,人均￥67,
赵记传承(棉城店),https://www.dianping.com/shop/G7YiEfcYmaoFprfn,14o条评价,人均￥25,
同仁四季椰子鸡(和平店),https://www.dianping.com/shop/G3po0Ui3KuTaZTkx,78条评价,人均￥96,
山鹤居日本料理,https://www.dianping.com/shop/G1xVXge2PbXat2T3,128条评价,人均￥59,
胡同泥炉烤肉,https://www.dianping.com/shop/i9NYVPgMdQA73Q5o,249条评价,人均￥66,
秋名山ROOFTOP CLUB音乐·餐吧,https://www.dianping.com/shop/FxqhplI35JUhIdg0,15条评价,人均-,
百利苑精细潮菜,https://www.dianping.com/shop/H5t5f3poj966v6UJ,36条评价,人均￥391,
鲜道烤肉小酒馆,https://www.dianping.com/shop/jgO3lBORv5eBz9MN,8o条评价,人均￥1o4,
汕头中山路阿杰碳炉牛杂(棉城分店),https://www.dianping.com/shop/l3WKWN6feGW2k4CB,95条评价,人均￥61,碳炉牛杂小炉 炭炉牛杂 蟹黄面
北国饭店(潮阳平北店),https://www.dianping.com/shop/l6RyBhBL5reKqJwW,1399条评价,人均￥86,炭烤鸡翅 北国烤鸭 酸菜鲈鱼
百年老字号汕头福合埕牛肉火锅(谷饶店),https://www.dianping.com/shop/l8whMbGx5BfgJeP1,447条评价,人均￥65,吊龙肉 三花趾 牛筋丸
福合埕牛肉丸(棉城分店),https://www.dianping.com/shop/l154OxCPjya8Yu3Q,1278条评价,人均￥77,牛肉丸 牛肉火锅 牛肚牛筋
林记蚝烙,https://www.dianping.com/shop/H2A44dTJVP4LjkTt,59条评价,人均￥31,蚝烙 反沙番薯 猪肚饺
意中锅·自选干锅,https://www.dianping.com/shop/k7UbxTcXEIZKDsPo,12条评价,人均￥64,自选食材干锅 中意·干锅牛蛙达人 干锅鱿鱼
片刻咖啡社,https://www.dianping.com/shop/l8dUfFT3y4qeInop,237条评价,人均￥3o,拿铁咖啡 能量早餐2.0 蜜香鸡中翅
Lok coffee,https://www.dianping.com/shop/l9dWqXcTzPbFaqGp,3条评价,人均-,
啡鱼咖啡馆,https://www.dianping.com/shop/H7m1ucrs5Vm4r0pX,26条评价,人均￥32,拿铁 桂花酒酿拿铁 伯爵焦糖提拉米苏
北国饭店(新河湾店),https://www.dianping.com/shop/G910ytX3CHtZctzw,1o6条评价,人均￥83,烤鸭 炭烧猪颈肉 椒麻走地鸡
火旺园脆皮鲎粿,https://www.dianping.com/shop/l6QUdOU6bXpGZ5ZM,3条评价,人均-,
楼上茶饮、简餐(苏宁店),https://www.dianping.com/shop/H7WwooI4VopVAV9q,85条评价,人均-,部队火锅 鸡米花 金桔柠檬
兴通蚝烙,https://www.dianping.com/shop/iIh6BT4XKoagNqt4,36条评价,人均￥19,蠔煎 韭菜粿 榴莲酥
盛味堂韩式烤肉(潮阳店),https://www.dianping.com/shop/H68vqwgXQlvl51lr,296条评价,人均￥74,伊比利亚猪五花 特选安格斯牛五花 调味牛排肉
小李飞锅·经典干锅·烤活鱼(谷饶店),https://www.dianping.com/shop/H3avDy4PoI6T8UXp,147条评价,人均-,自选食材干锅 干锅鸡翅虾 干锅鸡翅
溪头甜汤,https://www.dianping.com/shop/ge9oHRPZRe6cLmny,1o条评价,人均￥1o,芋头 花生 甜圆加鸟蛋
麦当劳(潮阳金浦分店),https://www.dianping.com/shop/jAXIkZKr2sqYZ214,1o条评价,人均-,麦乐鸡 培根双层安格斯厚牛堡 双层板烧鸡腿麦满分双人餐
平记苦初饭,https://www.dianping.com/shop/GagJcSlgBVM1glqt,2o条评价,人均￥49,苦初饭 鸡汤 猪肚汤
八公池牛肉店,https://www.dianping.com/shop/G2OoOnPz2Yxl6dNe,14条评价,人均-,牛杂锅 牛板筋
集市 咖啡,https://www.dianping.com/shop/k2u3liwdTcGZsH7g,8条评价,人均-,集市美式 滑蛋牛角包 荔枝冷萃
瑞记螺佳鲜螺蛳粉·螺蛳煲(棉城店),https://www.dianping.com/shop/l6KkUYtP9US9bXAh,23o条评价,人均￥29,【限量】螺蛳煲套餐 牛气冲天螺蛳粉 虎皮鸡爪
囍点,https://www.dianping.com/shop/H9hnvinokdlYvdUl,162条评价,人均￥59,鲜虾红米肠 囍点靓虾饺 鲍汁扣凤爪
裕丰海鲜大排档,https://www.dianping.com/shop/G99bjlU5jrFeitqC,45条评价,人均￥84,炒鱿鱼 炒通菜 九肚鱼
一鲜生腌,https://www.dianping.com/shop/k7HLSbt9dArNchJn,7条评价,人均-,芥末花螺 生腌三目蟹 生腌虾蛄
拾光流影·椰子鸡主题餐厅,https://www.dianping.com/shop/k53vxwF3fviO97tF,8条评价,人均￥57,泰国椰子板栗焖鸡 腊味炒饭 珍珠马蹄椰子鸡
艾诺玛休闲餐厅,https://www.dianping.com/shop/G8E4CPE7lQGyY8Ya,1881条评价,人均￥33,泡菜肥牛石锅饭 腐竹 蟹柳
時記,https://www.dianping.com/shop/G8sqMRw60qIGnqwO,95条评价,人均￥79,咸奶油卷 奥利奥奶酪 蓝莓芝士
仟火锅(谷饶店),https://www.dianping.com/shop/l4B7cv6yHEFuSjVz,955条评价,人均￥8o,精品肥牛 珍品脆毛肚· 鲜嫩鸭血
潮腌汇·潮汕生腌(万欣广场店),https://www.dianping.com/shop/G5caXIXAeQpBV5gQ,2条评价,人均-,鲍鱼 招牌黑虎虾 特色番薯粥
亚雄海鲜大排档,https://www.dianping.com/shop/HatOgWpl2GrrYKfO,38条评价,人均￥74,腌蟹 墨鱼粿 炒花蟹
