湑水人家·原公土席杂烩,https://www.dianping.com/shop/H97jFl2OLaUl3dkL,288条评价,人均￥5o,杂烩 酸辣魔芋 米粉排骨
守柴炉烤鸭(城固店),https://www.dianping.com/shop/H77OWRjSEMbkf2Y3,6o条评价,人均￥56,烤鸭 小酥肉 辣卤小拼
新疆烤肉王,https://www.dianping.com/shop/H6Rab0JlclVPpyvb,3条评价,人均-,馕包肉， 新疆特色薄饼羊肉
王炸炸串,https://www.dianping.com/shop/l2BTuLWr2KQ1XEG8,2条评价,人均-,面筋 台式豆腐串 烤豆角串
十七门重庆老火锅,https://www.dianping.com/shop/G5fE3b8OxKAOp7jb,4条评价,人均-,八仙过海 洪崖门鲜虾滑
摩天轮烤肉(城固店),https://www.dianping.com/shop/k6yo24N6HS248FsZ,123条评价,人均-,
红鼎食府(西环四路店),https://www.dianping.com/shop/G5udNoK9z7Ij5TiO,1o2条评价,人均￥26,
木槿花韩式自助烧烤,https://www.dianping.com/shop/GaLm9L0MtcMBttAl,334条评价,人均￥4o,
刘丞相刘家面皮,https://www.dianping.com/shop/Fh8lZgx2ovuS6q9m,3o条评价,人均￥9,
赵记酒家,https://www.dianping.com/shop/jpaQ4n2OncPR8qpx,15条评价,人均￥5o,
荷花园酒店,https://www.dianping.com/shop/la3VOmU2R4KzhRMh,21条评价,人均-,
文蜀矛椒火辣串串香,https://www.dianping.com/shop/l4mYrSD4w1YvPzpm,16条评价,人均￥54,
唐师兄(体育场店),https://www.dianping.com/shop/H9JaZ1DpYmEKKV6f,2条评价,人均-,
袁老四火锅(麟德公馆店),https://www.dianping.com/shop/l2zjYvZ6Bu0Gk1I4,32条评价,人均-,
后院烧烤,https://www.dianping.com/shop/l2TM3JpAsJIPajNJ,1条评价,人均-,
三味渔府(城固店),https://www.dianping.com/shop/k6vX8tu1C1ZoxSsm,338条评价,人均￥78,鱼火锅 浆水炒米饭 花鲢
藕然間(公园北路店),https://www.dianping.com/shop/H6VOsYGwXkg1ar4S,87条评价,人均-,藕遇腊排锅 藕遇鲜排蹄花 油碗
杨记馕坑烤肉,https://www.dianping.com/shop/l9pO2Ip6ZmhSHt0G,1条评价,人均-,
刘麻辣川味烤肉(桔园路店),https://www.dianping.com/shop/G8ojBpwoE4bzSXRf,132条评价,人均￥7o,鸡蛋小油条 藤椒鸡腿肉肉 刘老头招牌五花肉
四喜花园烤肉,https://www.dianping.com/shop/G16KliTm8oyeKLmx,1条评价,人均-,
西安回民街腊牛肉,https://www.dianping.com/shop/l8zcbQSRIWXoPUlb,3条评价,人均-,
麻麻鱼府(桔园路店),https://www.dianping.com/shop/H9IriCKMEO9ETD8z,28条评价,人均￥6o,墨鱼 黄辣丁 鱼火锅
汉上桃源重庆老火锅(城固店),https://www.dianping.com/shop/G8C8tF435lBRHUdS,24条评价,人均-,麻辣牛肉 井水豆芽 屠场鲜鸭血
知味棠香烤全羊(城固分店),https://www.dianping.com/shop/laLFd2jjsYkwR1wC,17条评价,人均-,滋补羊肉汤锅中锅 滋补混拼汤锅中锅 滋补羊杂汤锅中锅
重庆罐罐鸡酒店,https://www.dianping.com/shop/G9O3DK5GnnLY90Jo,4条评价,人均-,豆角烧茄子 干煸带鱼 竹笋肉片
鱼公馆,https://www.dianping.com/shop/G6Mur8iOQmTA1Rss,24条评价,人均￥54,鱼火锅 特色油碗 鲜清花椒锅
C味厨房,https://www.dianping.com/shop/H3txZXpheJY0YOjw,1条评价,人均-,干锅肥肠鸡 清蒸生蚝 炝拌苦瓜
乡村大锅台(城固店),https://www.dianping.com/shop/G7tQXcf2qzX8lUsR,64条评价,人均-,烩面 锅饼 排骨
藕然間 （金华路店）(金华路店),https://www.dianping.com/shop/k9FfTn0jGX2OxkrQ,65条评价,人均￥51,鲜排 藕遇腊排 鸭头
重庆南方花园鸭肠王火锅,https://www.dianping.com/shop/H7VLCo2Euf0ch7lO,2o条评价,人均￥66,鸭肠 九阳冰豆浆 嫩牛肉
大签今,https://www.dianping.com/shop/k3IAGXxFe5VuzTGS,9条评价,人均-,鸭血
书亦烧仙草(汉中文化路东段店),https://www.dianping.com/shop/k1oHQv2fOUMUVYPs,27条评价,人均-,书亦烧仙草 草莓啵啵酸奶 生椰烧仙草
食话食说(朝阳路店),https://www.dianping.com/shop/l4xuZ9QNALjXKzCp,7条评价,人均-,炒粉条 臊子豆花 全家福
潮汕佬鲜牛火锅(城固店),https://www.dianping.com/shop/Gazyf6Xv5M7GVrGu,1o5条评价,人均-,麻辣牛肉 牛舌 吊龙
语过添情江湖菜,https://www.dianping.com/shop/l6COXvOGeFlJymYs,1条评价,人均-,铁板包浆豆腐 辣白菜 火爆土豆片
潮牛道·涮烤养生馆(城固店),https://www.dianping.com/shop/k2vPF97bvQIKzQdN,9条评价,人均-,牛排 大刀竹笋片 烤五花肉
桥鄉情·正宗云南过桥米线,https://www.dianping.com/shop/k4irRBYvnm4lDJnG,13o条评价,人均￥1o,过桥米线 三鲜米线 配菜
红腾现卤串串(城固店),https://www.dianping.com/shop/G9FlQ7QNuWsSPT8y,79条评价,人均￥6o,麻辣牛肉 荤素串串 小郡肝
研磨时光,https://www.dianping.com/shop/j1sSXzByjypuaJfo,14条评价,人均-,珍珠巧克力杯 普洱茶 原味奶茶
麦香村连锁烘焙(城固店),https://www.dianping.com/shop/G4jhbgUoGyD297aC,36o条评价,人均￥8o,欧式水果蛋糕 蛋挞 榴莲酥
草原牧歌小庭院,https://www.dianping.com/shop/G6azndslzkU8yGNT,5条评价,人均-,羊肉汤锅 酸辣蕨根粉 尖叫皮蛋
东方饭庄老菜馆,https://www.dianping.com/shop/k6L6l9RTppcUsIro,19条评价,人均￥75,阴饼焖肉 麻婆豆腐 锅巴腰花
巴蜀功夫排骨(桔园路店),https://www.dianping.com/shop/k9Xj98zQUkkwGqlF,247条评价,人均￥33,功夫腊排骨 干锅香辣虾 千页豆腐
老四川菜馆,https://www.dianping.com/shop/G93l1KCxiW1aOp6z,4条评价,人均-,家常回锅肉 毛血旺 酸辣土豆丝
佛佛香面皮店(二店),https://www.dianping.com/shop/G5FYae4GxY2KmueG,3条评价,人均-,
精味王面皮,https://www.dianping.com/shop/ihUEr97T46HGNxPu,,人均-,
迈德思客(崔家山店),https://www.dianping.com/shop/l5WSrKNNZzNgKztk,4条评价,人均-,香辣鸡腿堡 炙烤鸡肉披萨送可乐 奥尔良风味烤鸡腿堡
杨光会鲜货火锅(城固店),https://www.dianping.com/shop/k1xgRRCXDQMQ01qE,54条评价,人均-,杨光会匠心牛肉 自制黑豆腐 定制鲜滑
斌斌老字号川菜馆,https://www.dianping.com/shop/la1nLWAVS7mx6E7t,21条评价,人均￥12,土豆丝 农家腊肉 青笋炒木耳盖浇饭
小柒门串串自助火锅,https://www.dianping.com/shop/k5jWqu7m9KBPABqa,5条评价,人均-,凉菜不限量 不限量甜品 不限量串串
原味烧烤(劲松路店),https://www.dianping.com/shop/G29hGr75KE87zI7h,3条评价,人均-,
老巷子盘盘麻辣烫,https://www.dianping.com/shop/k6rqJC6mOQlqt2Dz,1条评价,人均-,
青书小馆,https://www.dianping.com/shop/H9LSjE4N5yUDqwZp,11条评价,人均￥23,
李姐红军火锅,https://www.dianping.com/shop/l5jgSCsch6YVNuW5,4条评价,人均-,
青松面皮,https://www.dianping.com/shop/G4MY6YccZb6qfI1r,1条评价,人均-,
四季鲜蔬菜水果超市,https://www.dianping.com/shop/l1BvQiaSi1HkFOzr,,人均-,
淮南陆氏牛肉汤,https://www.dianping.com/shop/G5cO1DraFO63GYxk,3条评价,人均-,
宁强王建强麻辣鸡(城固店),https://www.dianping.com/shop/HaR2KHX4OdycddPX,4条评价,人均-,
杨家面皮店,https://www.dianping.com/shop/l12zrxt0kgkSbFl6,,人均-,
蜀江老号火锅,https://www.dianping.com/shop/H1cTKPemo2EEZkdM,1o9条评价,人均-,
