枫春海鲜大排档-潮州菜,https://www.dianping.com/shop/k2emebJJdm3ZM2Bw,2335条评价,人均￥1o2,卤水拼盘 蚝烙 铁板烤茄
老庄牛杂猪杂,https://www.dianping.com/shop/k7nosJ9JY6vxwFK3,1o1条评价,人均￥21,牛肉沙茶粿条粉 猪杂粿条 牛杂粿条
广安鱼生虾生·潮州生腌,https://www.dianping.com/shop/H8q8I6FldYQvj7ed,264条评价,人均￥114,虾生 石坚鱼生 三文鱼
沙溪海记牛肉店(中明路店),https://www.dianping.com/shop/H3fkHn4rmibd9uhX,857条评价,人均￥73,牛肉火锅 手打大肉丸 肥牛肉
阿彬牛肉火锅(南国旗舰店),https://www.dianping.com/shop/k1ITHVylORYzWkTH,5o7条评价,人均￥1oo,吊龙伴 匙仁 五花趾
老猫牛肉火锅(沙溪店),https://www.dianping.com/shop/H3TtmNPoviPHqeq5,1349条评价,人均￥71,牛肉丸 吊龙肉 香甜肥牛肉
文弟烧烤,https://www.dianping.com/shop/H2YTbw1Z3wNfwuaw,37条评价,人均￥62,烤豆腐鱼 烤鳗鱼 烤牛肉
虎跑龙井・杭州菜(潮州店),https://www.dianping.com/shop/H9cTzIUJcFFHiImf,6o7条评价,人均￥79,龙井茶香鸡 钱塘石锅蛙 西湖藕韵
入火韩国烤肉(右一城店),https://www.dianping.com/shop/H1US4eyL3EODP29O,1oo条评价,人均￥91,招牌泡菜五花肉 和牛牛小粒 黄金比例牛五花
伟记甜汤,https://www.dianping.com/shop/l9zqoG4bICXlInwH,64条评价,人均￥1o,甜蛋 鸭母捻 伟记经典甜汤
南国橄榄鸡煲•潮州特色鸡肉火锅,https://www.dianping.com/shop/l9GTmBnJxpNV6YO2,91条评价,人均￥48,橄榄片肉鸡套餐 菜脯粿条 辣子鸡
源新牛肉粿条(奎元店),https://www.dianping.com/shop/H5fftpPtRF1jNNWC,153条评价,人均￥29,牛肉牛杂粿条 牛杂粿 肥牛肉粿条
喜将火集烧肉食堂,https://www.dianping.com/shop/H7DCLawIJ6XEEnZW,61条评价,人均￥87,超级横隔膜 眉山藤椒牛五花 特选原切牛舌
溪口刘·潮州卤鹅,https://www.dianping.com/shop/GaBsbQk8c5AGKvp3,78条评价,人均￥67,溪口卤鹅拼盘 溪口卤鹅肉 粉肝
牛团圆牛肉火锅店(彩虹路总店),https://www.dianping.com/shop/G375FeYHf8GLkd3B,5o5条评价,人均￥71,牛腩煲 嫩肉 胸口朥
赫品万格岩烧牛扒(庵埠店),https://www.dianping.com/shop/H1p70nXnYVybKP5p,33条评价,人均-,黑松露酱雪花牛扒 果木澳洲200天谷饲黄金战斧 雪花牛肉方砖DIY薄饼
点心传说(港式点心·财富中心店),https://www.dianping.com/shop/k8i4S4pv6MbRW5qx,655条评价,人均￥79,招牌鲜笋虾饺 豉汁蒸凤爪 红米脆皮肠
趣味猪·古法烤鱼,https://www.dianping.com/shop/k7kSULEb3Ls5oBIW,2o条评价,人均-,趣味烤鱼（青花椒味） 招牌江团鱼 招牌冬阴功味烤鱼
居石捞(庵埠店),https://www.dianping.com/shop/l2t6GUQ3j809dgaB,848条评价,人均￥95,招牌狮子王 手打鲜虾滑 澳洲肥牛
枫二酒楼,https://www.dianping.com/shop/l7IR9gIacKNoZGIA,224条评价,人均￥173,黑椒冰猪肚 片皮鸭 银鳕鱼
潮汕路老牌鹅肉饭,https://www.dianping.com/shop/H7Pf9W3pdBx1csAU,59条评价,人均￥18,鹅肉饭 豬雜湯 鱼肠汤
泰谷象(财富中心南风里B区店),https://www.dianping.com/shop/H4wd0JfxL9HEWh07,4o1条评价,人均￥82,菠萝海鲜炒饭 马来咖鸡 青柠檬海鲈鱼
大本营竹筒饭,https://www.dianping.com/shop/H7yAMv6RC28IlrXU,61条评价,人均￥69,竹筒饭 窑鸡 烤番薯
小叔公,https://www.dianping.com/shop/l24mCBYhGs8BddTZ,98条评价,人均￥7o,榴莲鸡煲 牛杂煲 泡椒鸭掌
炭炉鸡煲,https://www.dianping.com/shop/k5Kqwe5pD4KDtc07,12条评价,人均￥97,无花果鸡煲 豆腐 鸡肉
喜当椰清迈小牌档(庵埠店),https://www.dianping.com/shop/H3XcQaLN9c01HG0k,488条评价,人均￥67,咖喱牛腩MAMA面 香芒糯米饭 咖喱大虾
雷记粿条面肠粉(外马路店),https://www.dianping.com/shop/l2Ofyq2h9PL44T0P,127条评价,人均￥27,鸡蛋猪肉肠粉 牛杂汤 生蚝肠粉
金不换泰国美食餐厅,https://www.dianping.com/shop/GaJj4ZsNu3iyl608,1146条评价,人均￥66,咖喱皇炒大虾 泰式菠萝饭 椰汁芒果糯米饭
富粤烧腊·茶餐厅(南国店),https://www.dianping.com/shop/H19kjU5oe7Npayl3,463条评价,人均￥63,荔枝木烧鹅 暴富漏奶华 黯然销魂饭
叁肉道长(庵埠店),https://www.dianping.com/shop/k2K13Z6H3NCeAPHN,28条评价,人均￥71,招牌牛肉 芝士玉米 虾滑
粤兴牛坊,https://www.dianping.com/shop/G1zbRE0BUhfjgSdq,1899条评价,人均￥87,精选牛肉丸双拼 吊龙 红炖牛腩煲
盛世名点(奎元店),https://www.dianping.com/shop/G9iyvDSRmdTLatKO,1o18条评价,人均￥96,名点虾饺皇 脆皮鲜虾红米肠 酱皇蒸凤爪
春润大地海南椰子鸡(潮州财富中心店),https://www.dianping.com/shop/l7J3TIPlv8Use9Bs,811条评价,人均￥91,原味椰子鸡 腊味煲仔饭 珍珠马蹄椰子鸡
和谐食府·经典潮州菜,https://www.dianping.com/shop/H85oFFEjS27vtE1a,515条评价,人均￥91,煲仔翅 椒盐排骨 铁板牛肉
鮨代宗师(右一城店),https://www.dianping.com/shop/l1Ow579Itz57aDBN,367条评价,人均￥1oo,一阳指炙烤和牛 招牌鮨代焗卷 融化鹅肝
RINCH良食,https://www.dianping.com/shop/l7HIWIuhkwuWtXBA,27条评价,人均￥46,辣奶油尊乐香肠意面 斑斓椰椰牛乳 苏格兰蛋全餐
凰·茶馆,https://www.dianping.com/shop/l1oRYLUmv4OyW8w9,43条评价,人均￥56,冷萃蜜兰香 抹茶绿豆糕 海苔盐可颂
探鱼·鲜青椒爽麻烤鱼(右一城店),https://www.dianping.com/shop/l3jHM036dc8WxtKz,5o2条评价,人均￥72,重庆豆花烤鱼 酱香味烤鱼 鲜青椒爽麻烤鱼
赫品万格音乐西餐(南国店),https://www.dianping.com/shop/kaf56euBduP8YCic,425条评价,人均￥115,芝士焗鳗鱼卷 鲜茄肉酱意粉 蒜香小牛牛
太里轻食,https://www.dianping.com/shop/G1Ccj1vip0vY0sLQ,215条评价,人均￥73,三文鱼麦脆塔塔沙拉 青酱意面 牛肉粒
壬清,https://www.dianping.com/shop/H4HYps8DkJ5Ojvsw,9条评价,人均-,工夫茶
北国饭店(潮州卜蜂店),https://www.dianping.com/shop/l3TXlC4yUflxU0HR,1496条评价,人均￥82,蒜泥白肉 炭烧鸡翅 馍夹肉
肠粉哇,https://www.dianping.com/shop/G8lbxGDQ7S4uK24i,1条评价,人均-,白菜蛋肠粉
富记名小吃(沙溪店),https://www.dianping.com/shop/G9N4oSCSywyUGgWq,68条评价,人均￥19,酸菜猪杂汤 粽球 干同粿
大龙燚火锅(大润发店),https://www.dianping.com/shop/H4SGvD8BvBVBzBnc,1439条评价,人均￥92,龙派虾滑 嫩牛肉 大刀毛肚
阿舅海鲜排档,https://www.dianping.com/shop/G2iToLkqXAeeMyym,23条评价,人均￥8o,腌血蚌 生腌三目蟹 卤水肥肠
官塘鱼生有你,https://www.dianping.com/shop/H4QCFl6iux7UWWWq,61条评价,人均-,鱼生 虾生大份 虾生拼鱼生
非烤勿扰自助烤肉海鲜火锅(南风里店),https://www.dianping.com/shop/H5sDaPk8kPLg3xz6,73o条评价,人均￥67,五花肉 炙烧寿司 海鲜火锅
好运烧烤烤肉,https://www.dianping.com/shop/G8qQUbZVGeHJHeEV,19条评价,人均-,锡纸蒜蓉生蚝 口蘑 奥尔良鸡翅
蛙小侠(右一城店),https://www.dianping.com/shop/G65GJ06RotNNkrO1,587条评价,人均￥75,青椒紫苏蛙 香辣蛙 青椒紫苏味
大宫前富记甜汤,https://www.dianping.com/shop/k9oixaK64pcTIF4o,26条评价,人均￥11,
泰谷汇,https://www.dianping.com/shop/H8clW6685RwCkha9,19条评价,人均￥47,
麻辣英雄重庆火锅(潮州店),https://www.dianping.com/shop/iOd1PUXFpHHLmF8g,465条评价,人均￥12o,
喜甜吉事,https://www.dianping.com/shop/iaCawcVFGgOvffIi,89条评价,人均￥6o,
淘蛙(潮州财富中心店),https://www.dianping.com/shop/k4U0Cos9AvucaqbL,347条评价,人均￥87,
山顶头土鸡火锅,https://www.dianping.com/shop/H8XPR9FSAZtW9kcU,,人均-,
老三创新牛肉·牛杂粿条(总店),https://www.dianping.com/shop/H2wwhAbJ7YRONXYm,364条评价,人均￥25,
正宗老牌阿尾鹅饭,https://www.dianping.com/shop/G63RuyypOqAWirnz,15条评价,人均-,
幸食ROOF,https://www.dianping.com/shop/l1GXM4qBHHiFEuFN,4条评价,人均-,
探鱼·鲜青椒爽麻烤鱼(庵埠卜蜂莲花店),https://www.dianping.com/shop/l9ipnFvKye4Wlhdz,493条评价,人均￥78,
