滹畔茶堂,https://www.dianping.com/shop/GaCOfith1dnVDGWe,255条评价,人均￥54,代县熬鱼 五花肉焖馍 土豆泥拌莜面
湘约时光咖餐厅,https://www.dianping.com/shop/H7JQ7F5LBK4fDceC,1条评价,人均-,毛血旺
同和肥牛(代县店),https://www.dianping.com/shop/k5ci1T3JsTWBmkdc,8条评价,人均-,大刀腰片 肥牛卷 豆制品拼盘
五峰酒店·贾五鳌鱼,https://www.dianping.com/shop/GafKZCzSVPWZXC95,38条评价,人均￥84,熬鲤鱼 驴肉碗托 干炸蔬菜丸子
枫林阁烤肉火锅自助餐厅,https://www.dianping.com/shop/jO84mwxNyksNH1HZ,3o3条评价,人均￥39,烤肉 骨头 凉菜
李二鲜鱼(代县店),https://www.dianping.com/shop/l2uTje2hOEdatzsu,4条评价,人均-,
好宜轩面包房大同连锁店(实验小学店),https://www.dianping.com/shop/k5qvZKVGNL7hLUq4,521条评价,人均￥41,
内蒙羊蝎火锅,https://www.dianping.com/shop/G9GKiwnVBr59t7VB,2条评价,人均-,
大同私房菜,https://www.dianping.com/shop/G1CrEqpzUBAkCLZD,4条评价,人均-,
米斯韦尔西饼店,https://www.dianping.com/shop/H9CiHfnZRx1lIktA,617条评价,人均￥51,
铭雁楼酒楼,https://www.dianping.com/shop/k5jEKlDmes0d4fey,,人均-,
雁门关大酒店,https://www.dianping.com/shop/H7SIRHf025K8US8K,2条评价,人均-,
重庆特色饭店,https://www.dianping.com/shop/kaxC2s5bC578o5i7,6条评价,人均-,
卡法小镇,https://www.dianping.com/shop/G1WfGS7tgTf4MnpU,4条评价,人均-,
铁锅焖面(建行店),https://www.dianping.com/shop/l97fr2YihgGiY2Pj,2条评价,人均-,
荣华涮肉,https://www.dianping.com/shop/k9U3yJkEaeuZDdNP,1条评价,人均-,鸳鸯锅
天下第一锅(东关大街店),https://www.dianping.com/shop/H9g2cHIZvjKkpqOS,2条评价,人均-,孜然羊肉 谭家烩菜 爆炒腰花
千禧食府二部,https://www.dianping.com/shop/HagjQNTxE4svjduI,1条评价,人均-,泡泡炸糕 毛血旺 皮冻
聚宝源筋头巴脑涮肉坊,https://www.dianping.com/shop/G8SlehkF6qu7swlf,,人均-,
大駬牛拉面,https://www.dianping.com/shop/l4oMBZZPyuMrmfgm,,人均-,牛肉拉面
贾五熬鱼,https://www.dianping.com/shop/l3mfDPTbqGJ5m4yv,46条评价,人均￥125,熬鱼 鱼汤米饭 猪蹄
面老大烧烤炒海鲜面食家常菜,https://www.dianping.com/shop/H9zWl2HUpcOsRI9N,1条评价,人均-,
潮牛道(代县店),https://www.dianping.com/shop/H2KIk0aTCoD8r4IN,,人均-,功夫竹笋尖 内蒙古羊肉卷 鲜切肥牛卷
玉米人农庄(代县店),https://www.dianping.com/shop/l79MYyovpifwOPxv,11条评价,人均￥12,巧克力花生包 蛋挞 菠萝包
29元自助旋转餐厅(代县店),https://www.dianping.com/shop/ka78aX0VDAa0ZZeh,,人均-,
大同羊杂面馆,https://www.dianping.com/shop/l5ThSdAb2xBfacxH,1条评价,人均-,纯羊杂 羊杂粉 炒羊头
金汤大虾,https://www.dianping.com/shop/G3dx8bEpSgJaqVRi,1条评价,人均-,香油蒜泥料 大果粒橙 完达山酸奶
陕西小吃(东大街店),https://www.dianping.com/shop/jguIo8mB0NsvWQY6,3条评价,人均-,鸡蛋炒饭 砂锅素粉 砂锅牛肉面
藤原寿司,https://www.dianping.com/shop/G66Dz6VrMpYNvn5I,6条评价,人均-,霸王卷 手握三文鱼 培根寿司
木季烘焙,https://www.dianping.com/shop/H4xjdXRrYwAKpLVo,,人均-,日式小圆饼 手撕吐司 巧克力麻薯包
川蜀鲜火锅(代县店),https://www.dianping.com/shop/H6dwVK2Y08YzkfkC,1条评价,人均-,
叫花鸡脆皮烤鸡,https://www.dianping.com/shop/H63mED3Vv7g7wsZz,,人均-,叫花鸡 油糕 火烧
德克士(代县华洋店),https://www.dianping.com/shop/k5gKF76cnsYSmvGU,534条评价,人均￥27,超级鸡腿堡 咔滋脆皮手枪腿 椰香咖喱鸡腿饭
延庆炸鸡,https://www.dianping.com/shop/G4LVnEs6eikgmFMJ,,人均-,招牌翅中 手枪腿 香嫩鸡儿肉
肥仔小火锅,https://www.dianping.com/shop/G7B06yUReTOLJDXZ,,人均-,
贾五熬鱼店,https://www.dianping.com/shop/k9bK5kL5wvWSLvT5,8条评价,人均-,贾五鳌鱼 干炸蔬菜丸子 素拼
稍梅馆特色小吃,https://www.dianping.com/shop/G2mIOuemeh4X5TNJ,2条评价,人均-,内蒙烧麦 香菇炒油菜 肉炒莜面栲栳佬
雁晋润明饼铺(鼓楼后街店),https://www.dianping.com/shop/F3VVHfrJomfwwszz,2条评价,人均-,胡麻油 栗子月饼
农家饭,https://www.dianping.com/shop/G9wLSopuRxRV9HID,1条评价,人均-,爆炒羊杂 过油肉 鱼香肉丝
位福堂饭店,https://www.dianping.com/shop/G5fOZ0sTJUaBGgzl,32条评价,人均￥5o,代县熬鱼 特色砂锅 家常小炒
饺子居(代县店),https://www.dianping.com/shop/G3CUDk96tOxrdeOj,1条评价,人均-,
北国芙蓉酒楼,https://www.dianping.com/shop/H72taK207mmPUeDB,1条评价,人均-,
乡巴佬土菜馆(兴胜街店),https://www.dianping.com/shop/H5PNQM1X17dkybae,1条评价,人均-,
老梁砂锅聚,https://www.dianping.com/shop/l6KrzihZbV7Dklcq,1条评价,人均-,
六六六席,https://www.dianping.com/shop/l8auun5wGdsVDHim,,人均-,
面面俱道(大南街店),https://www.dianping.com/shop/G3N23wyyPl2pSNHb,8条评价,人均-,西红柿鸡蛋面 酸菜肉丝面 酸菜肉块面
大孩龙虾(二环路店),https://www.dianping.com/shop/laKW2f9mkX6l2RLo,,人均-,辣卤小龙虾 酱猪蹄 烤鸡爪
浑源大胡凉粉店,https://www.dianping.com/shop/i6dHcTYfkjyvFK9e,3条评价,人均-,纯拌面筋 担担面 凉粉
鸿火小小烧烤(供销大楼店),https://www.dianping.com/shop/l4V6nCCN2VIgjy9P,1条评价,人均-,烤肉串 馒头片 金针菇
小贾熬鱼,https://www.dianping.com/shop/k8rw4IjJsDMFka61,19条评价,人均-,熬鱼 碗托 锅塌豆腐
人民食堂大众菜(代县店),https://www.dianping.com/shop/l8dmchjhUBEc9iN3,1条评价,人均-,
代县特产黄酒,https://www.dianping.com/shop/EORgqWrK9RRj687K,1条评价,人均-,
老味道羊汤,https://www.dianping.com/shop/l2IDXrhuI3t02eRX,2条评价,人均-,
天府川菜,https://www.dianping.com/shop/l4gJIjHWfBKXQ65B,,人均-,
好宜轩,https://www.dianping.com/shop/l6yrPjiggZStwEZd,,人均-,
七月喵喵烘焙馆,https://www.dianping.com/shop/G6rjcjUnETzSgRwn,,人均-,
富斗驴肉,https://www.dianping.com/shop/l7shoXzVKPMegmiV,1条评价,人均-,
古道人家饭庄,https://www.dianping.com/shop/H5dQhC7jtwfW5Xxk,3条评价,人均-,
农家饭店(雁靖大街店),https://www.dianping.com/shop/l1LkLwIO4vfBHvB2,1条评价,人均-,
疯狂的烤肉与咖喱,https://www.dianping.com/shop/k3jqQzYsqKsWPVWG,,人均-,
