北蔡驴肉(大城总店),https://www.dianping.com/shop/k9vYI2karl1Xk7zC,151条评价,人均￥38,特色驴肉火烧 驴杂汤 驴板肠
半天妖烤鱼(大城县鑫达新天地店),https://www.dianping.com/shop/l86LR8fJPoZz6W7N,634条评价,人均￥55,半天妖烤鱼 五常大米 时蔬拼盘
北蔡驴肉(大城老店),https://www.dianping.com/shop/l4aYeW6rEiT0C2CE,2o3条评价,人均￥37,驴肉火烧 驴杂汤 板肠
小猪查理川式烤肉(大城鑫达新天地店),https://www.dianping.com/shop/k7X9bCIHFIn7Yobb,48条评价,人均-,芝士玉米 香辣牛肉粒 鸡爪
焖锅部落(大城店),https://www.dianping.com/shop/l2NaCpbZesl7SbRh,155条评价,人均￥64,鲜虾 龙利鱼 焖肥牛
廣顺興(大城店),https://www.dianping.com/shop/H9HyNPlj01U6szzC,,人均-,豉汁蒸凤爪 紫金酱金钱肚 至尊虾饺皇
梨弎岁炭火烤肉(大城店),https://www.dianping.com/shop/H9LySgFI04kzlcNj,39条评价,人均-,秘制招牌牛肉 脆骨肠 蘸料
前任的火锅店(大城店),https://www.dianping.com/shop/k2H6am7RnQg3F9iD,4条评价,人均-,麻辣滑牛 怪兽渣渣包 星空冰粉
花禾荟自助烤肉,https://www.dianping.com/shop/H7IcFtTAIl2hQ4Sr,7条评价,人均-,五花肉
壹家春饼,https://www.dianping.com/shop/l6DG1gqgjM2QNQKO,4条评价,人均-,香辣肉丝 鸭架粉丝汤 XO酱炒合菜
第一家驴肉(总店),https://www.dianping.com/shop/G1DTZsa2MZdcKzln,31条评价,人均￥48,酥鱼 驴肉包子 全驴锅
东北原味烤肉,https://www.dianping.com/shop/Ha7AOsWhPUCo04g6,1条评价,人均-,
九田家黑牛烤肉料理(大城新天地广场店),https://www.dianping.com/shop/H8ughBkvc8pC0xTA,71条评价,人均-,黑胡椒肥牛 黑椒猪梅肉 水果沙拉
田丸屋日式料理(东环南路店),https://www.dianping.com/shop/H3GMBKM3rGjuXKgd,1条评价,人均-,咖喱肥牛饭 味增汤 鳗鱼手握
邵汇大虾(大城店),https://www.dianping.com/shop/G84Wh0NkW9FE4Esm,16条评价,人均-,自制果茶 炸豆皮 金针菇
十三姨厨房沸腾鱼(大城店),https://www.dianping.com/shop/l8N9ogUTGurvg1ai,11条评价,人均-,担担面 宫保鸡丁 水煮鱼
瓶底儿夜,https://www.dianping.com/shop/H6wGRG1pUcC2I8pI,3条评价,人均-,网红小面筋 凉拌拉皮 羊肉串
国安庄园,https://www.dianping.com/shop/k17qELultsiWGezi,21条评价,人均￥73,砂锅碟鱼头 大串烤肉 蔬菜蘸酱
老东北铁锅炖鱼(大城店),https://www.dianping.com/shop/la3TaduytARySn0l,1条评价,人均-,白菜 鲜豆角 素什锦
呷哺呷哺(廊坊明珠大城店),https://www.dianping.com/shop/G8MfKpCHVKU8WSSE,244条评价,人均￥55,呷哺调料 虾滑 自制麻辣锅底
姚一刀大广安驴肉(津保路店),https://www.dianping.com/shop/i7yaOPfhgFtakW1u,83条评价,人均￥33,驴肉火烧 驴杂汤 驴板肠
涮你虾说(大城店),https://www.dianping.com/shop/G4bKGZ0Hh0zg9a2w,1条评价,人均-,
西小串地摊串串,https://www.dianping.com/shop/laxqOHExo4vAx7pe,3条评价,人均-,一根酥肉 干油碟
313羊庄(大城总店),https://www.dianping.com/shop/k9iVTaEg34OxQvZ2,4条评价,人均-,土豆萝卜拼 黑木耳 剁椒鱼头
北蔡驴肉火烧(明珠店),https://www.dianping.com/shop/G9bvpsAFkZCakuX1,9o条评价,人均￥16,火烧驴肉 北蔡精品驴肉 黑米粥
麦当劳(大城津保路店),https://www.dianping.com/shop/H6kli32j65sOeU7Z,1o7条评价,人均￥26,原味板烧鸡腿堡 小甜筒 麦辣鸡腿堡套餐
茂盛饭庄(大城店),https://www.dianping.com/shop/l6wHQtw1V9ZIN1nA,23条评价,人均￥57,招牌鲈鱼 荷塘秀色 熏味拼盘
巴鼎火锅(大城店),https://www.dianping.com/shop/l7bTTIsdDPmaQ9GH,21条评价,人均￥41,菌汤 茴香油条 毛肚
老兵火锅,https://www.dianping.com/shop/H2eZwMDpq7nXjEQp,28条评价,人均￥92,酸奶 豆腐 小酥肉
旧县羊蝎子,https://www.dianping.com/shop/k4imy7EgCqqIF6hZ,8条评价,人均-,面片儿 毛肚 青笋
旧时光饭盒子烤肉,https://www.dianping.com/shop/iHSrkB0oj7hQFDOS,9条评价,人均-,直烤黑椒牛肉 锡纸小土豆 蜜汁梅花肉
永利烘焙(新风南路店),https://www.dianping.com/shop/k5FGnI23AxhNlEH9,237条评价,人均￥78,蛋挞 三明治 牛乳
苏记驴肉火烧,https://www.dianping.com/shop/G53O4Z764u9vJJmf,1条评价,人均-,火烧肉 鸡蛋汤
咱屯子铁锅炖(大城店),https://www.dianping.com/shop/Ext0XTg1oXO9Hkg7,4条评价,人均-,辣炒蛏子 原汁麦 酸梅汁
醉江南火锅烧烤,https://www.dianping.com/shop/G92MdM77Fdu2q0Mz,8条评价,人均￥45,盐焗大虾 鲜香菇 水晶粉
北蔡小馆(大城店),https://www.dianping.com/shop/k5ahYAvmXgzSL3nR,1o条评价,人均-,
第一家驴肉(大城店),https://www.dianping.com/shop/l60Rm9xalewDnRoQ,44条评价,人均￥43,
老川味饭店,https://www.dianping.com/shop/G8mPUfbxtl0D9Rkc,5条评价,人均-,
川竹海自助串串香火锅(鑫达新天地购物广场津保路店),https://www.dianping.com/shop/H3JHvxsFreaSvulW,,人均-,
君悦美食城,https://www.dianping.com/shop/laAqMmRYomV7jY3n,9条评价,人均-,
鸡爪王烧烤总店,https://www.dianping.com/shop/iwvM11mQjFvLaqPt,25条评价,人均￥51,
铁锅大公鸡(大城店),https://www.dianping.com/shop/k4XwBQxrSjeOEobh,2条评价,人均-,
公安锅盔,https://www.dianping.com/shop/H7tEV9KDIkUMLcVc,2条评价,人均-,
提拉米苏(锦域蓝湾店),https://www.dianping.com/shop/k6Yd8cNxyTd0Bqrh,182条评价,人均￥2o,
安姬酸奶•DIY水果捞(大城津保路店),https://www.dianping.com/shop/G39iTDB2Z62KTGUP,6条评价,人均-,
陈氏大虾(大城店),https://www.dianping.com/shop/l6exZtzoSju9GUlI,346条评价,人均￥55,陈氏大虾小锅 陈氏大虾中锅 菌拼
肯德基(大城店),https://www.dianping.com/shop/k3B3LWtXmHVhkV7J,35条评价,人均￥31,香辣鸡腿堡 金沙咸蛋黄云朵蛋挞装兑换券 香辣鸡翅
象牙山烤肉,https://www.dianping.com/shop/l16FeEt9Z9AD3NTs,,人均-,
武大郎烧饼,https://www.dianping.com/shop/H3KJeReGQKL4VDKm,1条评价,人均-,武大郎牛肉烧饼 武大郎鸡肉烧饼 鲜肉玉米馄钝
国安锅锅香(大城店),https://www.dianping.com/shop/l6HA5O4UZXsdNbjC,5条评价,人均-,鲽鱼尾 一锅出小鱼小虾 素什锦
薛家宫廷窝头,https://www.dianping.com/shop/k2nFmkY0DUSuHqpj,7条评价,人均-,
头牌羊汤(北关店),https://www.dianping.com/shop/k9E6WoX7nKjdbS8c,1条评价,人均-,
金鼎湘火锅,https://www.dianping.com/shop/G5etFi5iO5d10mz6,46条评价,人均￥53,
麦香蛋糕房,https://www.dianping.com/shop/G3RfN4eeGubTDjC2,29条评价,人均￥68,
凡可味韩式炸鸡(大城店),https://www.dianping.com/shop/k65RHGvvhVpysjQj,2条评价,人均-,
熊家无二·韩式炸鸡(大城店),https://www.dianping.com/shop/HaCAsSUZdSloEsdf,17条评价,人均￥18,
冰语时间(诚信店),https://www.dianping.com/shop/k4IS4KZJGnNZaLMi,1条评价,人均-,
小雨家炒酸奶(大城店),https://www.dianping.com/shop/k1weNj92BwPGH51J,3条评价,人均-,
祥和谷麻辣香锅(明珠店),https://www.dianping.com/shop/l2HdI3oO9m3BVr6h,4条评价,人均￥38,
筋头巴脑铁锅炖,https://www.dianping.com/shop/l3D0sbDQ52tOmk4W,1条评价,人均-,
