隆福饭店,https://www.dianping.com/shop/l7hfa22RXaBWr5HT,672条评价,人均￥57,地三鲜 锅包肉 小鸡炖蘑菇
小油饼家常菜·百姓菜馆(漠河店),https://www.dianping.com/shop/H5ZLNZC8YIYu32mG,47o条评价,人均￥7o,手撕饼 锅包肉 油饼
金尚海鲜火锅,https://www.dianping.com/shop/l91t06QwgNZVKdA0,6条评价,人均-,呼伦湖白鱼 金尚海鲜全家福 野生木耳
孙佳小草房炖牛肉馆(东四道街店),https://www.dianping.com/shop/k3oqDZLZNHhvhPHP,1条评价,人均-,筋头巴脑锅 土豆 豆皮
溢香楼(朝阳路店),https://www.dianping.com/shop/k2PXEOME8yf3Iy9q,38条评价,人均￥4o,地瓜豆沙饼 椒香梅肉 红酒雪梨
Momo法式私奢甜品店,https://www.dianping.com/shop/G99WO0UIeIpAQJgs,9条评价,人均-,卡仕达面包
醉牛炭火烤肉,https://www.dianping.com/shop/G57AU9K6TsK5eUCy,13条评价,人均-,秘制肥牛 排黄瓜 芝士玉米粒
炭之家大片烤肉(加格达奇店),https://www.dianping.com/shop/H1gwiMeAX0xT1zZp,63条评价,人均-,极品肥牛 黑椒牛排 西冷牛排
最北邮局咖啡厅,https://www.dianping.com/shop/l6Z7UfFmm5tzcVAd,51条评价,人均￥47,拿铁 阿芙佳朵咖啡 波斯奶茶
小城故事民间菜馆,https://www.dianping.com/shop/G60nB7rkEyRbIdAM,22条评价,人均-,丰收大排 锅包肉 猪皮冻
兴旺小肉串,https://www.dianping.com/shop/l57m6cCGcWpkDnlr,98条评价,人均￥65,
侯氏老砂锅居,https://www.dianping.com/shop/G4BO9HQqnlirBf5k,21条评价,人均￥45,
湘府,https://www.dianping.com/shop/jVdo4G79y4Tyatos,16条评价,人均-,
兴安抻面王,https://www.dianping.com/shop/l12caJldBIWuNBHS,14条评价,人均￥19,
故事川菜,https://www.dianping.com/shop/k1wwUNKsoX3AanOp,7条评价,人均-,
春熙小馆,https://www.dianping.com/shop/l6MjmKKHvAnoxDib,3条评价,人均-,
方圆烧烤,https://www.dianping.com/shop/l9BttlKWBWoavVJ3,39条评价,人均￥68,烤串 肉筋 生烤鸡蛋
卫东冷面馆,https://www.dianping.com/shop/l7Eyntmnvk3TXr2P,24条评价,人均￥23,冷面 辣椒炒牛肉 榨菜豆腐
满清浑锅,https://www.dianping.com/shop/HaWxXqyyfB9Nr90h,33条评价,人均￥73,全牛锅 手擀面 牛肉
北山川味馄饨,https://www.dianping.com/shop/l1Vzxijcxvz9iPub,5o条评价,人均￥1o,馄饨 川味蘸料 肉馅包子
千紫万红农家菜,https://www.dianping.com/shop/H9R9UZdd7qqdtaUS,141条评价,人均￥4o,小鸡炖蘑菇 地三鲜 凉拌大拉皮
家里婆木火转锅炖,https://www.dianping.com/shop/H6xAouVqrDxNRlbo,19o条评价,人均￥92,小花卷 筋头巴脑牛肉锅 冻豆腐
王氏蟠龙饼,https://www.dianping.com/shop/l5Ij3rD6KVoiGljA,21条评价,人均￥49,蟠龙饼 秘制碟鱼头 肉丸萝卜粉丝汤
红泓涮毛肚火锅店,https://www.dianping.com/shop/H42PZ7A3w3oDxuqR,7条评价,人均-,慕斯蛋糕 毛肚 原味五花肉
肯德基(人民路店),https://www.dianping.com/shop/k9JDdDTdU3QSriUW,36条评价,人均￥28,超级外送全家桶 香辣鸡腿堡 新奥尔良烤鸡腿堡
韩嫂农家院,https://www.dianping.com/shop/k74GPJEGMX1CI4mq,158条评价,人均￥66,
丽伟饭店,https://www.dianping.com/shop/H3naglvqgL2qeOCw,1条评价,人均-,
炭火四季烤肉,https://www.dianping.com/shop/l8a3WNMNnvQL9ntO,2条评价,人均-,
袁记串串香(兴安大街店),https://www.dianping.com/shop/k92Y9UbkXjJpKSX5,14条评价,人均￥71,
草原人家碳火锅,https://www.dianping.com/shop/G743rcjlYLWRPV49,22条评价,人均-,
昌龙小酒馆,https://www.dianping.com/shop/H7WX82TVMZjjo8Go,8条评价,人均-,肉段烧茄子 黄蘑土豆片 干炸小黄花
向阳屯农家院,https://www.dianping.com/shop/H3bgulzUf3QJH4Fi,39条评价,人均￥61,血肠 杀猪菜 锅包肉
沙牛场重庆老火锅,https://www.dianping.com/shop/G1vvX9yvasmJ6WoN,13条评价,人均￥87,特色嫩牛肉 鸳鸯锅大辣 四川方竹笋
樱花雨(胜利路店),https://www.dianping.com/shop/G7W5BSeMckTq4Zcu,22条评价,人均￥53,咖喱牛肉饭 黑胡椒牛柳意面 西多士
牧羊人碳烤羊腿,https://www.dianping.com/shop/G6mMMwxues4FHyVH,52条评价,人均￥88,炭烤羊腿 蒙古奶茶 羊排
北极村大食堂,https://www.dianping.com/shop/G6IrYJrxzeoEre50,96条评价,人均￥5o,炖鸡 翠花炖酸菜 猪骨炖豆角
御品红清真活羊火锅,https://www.dianping.com/shop/k8sKDlkqFIInnpBd,85条评价,人均￥77,手切羊肉 羊肉包子 羊肉火锅
郭记老菜馆,https://www.dianping.com/shop/H2nJxlezeieuzi0q,35条评价,人均￥79,细麟鱼 纯野生河—鲶鱼非常满意 华赤字江鱼
炭城牛烧,https://www.dianping.com/shop/k24MT7lQ0wx4MAke,13条评价,人均￥75,大块牛肉 麻辣肚锅 酸菜五花肉
阿胖龙虾馆,https://www.dianping.com/shop/G5MSkk4EXHH9iwqS,2条评价,人均-,
传奇味道火锅,https://www.dianping.com/shop/GabomaSfVoGl85dw,3条评价,人均￥77,传奇肥牛 带籽冰虾 麻团
甜园蛋糕坊,https://www.dianping.com/shop/G2TmyfVNWxY8VwPY,8条评价,人均-,提拉米苏豆乳 芝士布丁 麻花
春雪大骨面,https://www.dianping.com/shop/l8ZkXV2jixxgIvw2,353条评价,人均￥48,自制小菜 酱骨 蜜汁沙丁鱼
王老三冷面馆,https://www.dianping.com/shop/l6CfCORc9AF0zVdA,2o条评价,人均￥5o,冷面 加格达奇拌板筋 哈尔滨高丽旺锅包肉
碰碰凉(加格达奇店),https://www.dianping.com/shop/G2akDGmY5Prr4Ry6,11条评价,人均￥18,薯条 白脱 鸡柳汉堡
木兰羊汤烧麦,https://www.dianping.com/shop/l3QJB2NgcMNqUEad,4条评价,人均-,烧麦特色 羊汤 一屉烧卖
百一大地锅(加格达奇店),https://www.dianping.com/shop/iyCRqXaqC9OyO6Ir,15条评价,人均￥64,鸡蛋焖子 铁锅炖鲤鱼 铁锅炖大鹅
火风鸡脆王,https://www.dianping.com/shop/G3CJEwUlyuPvrveT,21条评价,人均￥69,羊肉小肉串 生烤鸡爪 黄蚬子
谭记地锅烤肉,https://www.dianping.com/shop/G1Vh4ZYsjbM500rZ,2条评价,人均-,
多喜.拌饭屋,https://www.dianping.com/shop/G5cnbBNkIzIc7G7b,12条评价,人均-,芝士年糕火锅 醉牛家经典老式拌饭 煎蛋
农家春饼,https://www.dianping.com/shop/laiogogYamfFN7iT,6条评价,人均-,春饼 筋饼 发面糖饼
鑫鼎清真羊肉馆(人民路店),https://www.dianping.com/shop/H2e5litVTQIyoWrA,36条评价,人均￥63,切片羊肉 冻豆腐 羊肉包子
土柴煮特色铁锅第一炖,https://www.dianping.com/shop/k98VywjoJiuAzcV1,1o条评价,人均-,铁锅炖 铁锅小笨鸡炖蘑菇 铁锅炖排骨鸡爪锅
樱花雨港式茶餐厅,https://www.dianping.com/shop/jDomND45YHKcphU9,,人均￥39,牛腩萝卜煲 三文鱼沙拉 蔬菜沙拉
原味老良活羊烧烤店,https://www.dianping.com/shop/k20rqqLDK9FATEgW,2条评价,人均-,猪肉串 烤油边 锡纸羊筋皮
社会主义大锅台(加格达奇总店),https://www.dianping.com/shop/k6sbc9nbSGueIRTq,1条评价,人均-,
龙旺地锅,https://www.dianping.com/shop/k3IlE7ZLcS42rM62,7条评价,人均-,筋头巴脑锅 地瓜条 地锅排骨
脆香烧烤(东二街店),https://www.dianping.com/shop/G50K1CfXFDdpuZOt,8条评价,人均-,羊肉 猪肉 羊腰子
F8音乐烧烤吧(光辉路店),https://www.dianping.com/shop/k2p4JFWuIjlPdPLa,,人均-,板筋 羊肉 铁板开边虾
诸葛烤鱼,https://www.dianping.com/shop/FXPY4G1ooF8KXzCi,18条评价,人均-,鲜椒麻辣味 金牌香辣烤鱼 巴蜀酸菜味
