小球烘焙,https://www.dianping.com/shop/k6fbyJq3VPTJAzvQ,5条评价,人均-,抹茶千层 芋泥麻薯盒子 杨梅切块
俄罗斯大串(锦华路店),https://www.dianping.com/shop/H9YDPTRzDoX1bncj,43条评价,人均￥51,可乐鸡翅 牛肉 蜜汁烤翅
王府私房菜(捺钵大街店),https://www.dianping.com/shop/k7hQ9tBdgOARVnT0,1条评价,人均-,烤鸭 凉拌秋葵 剁椒鱼头
照亮牛烧,https://www.dianping.com/shop/G9nx5gGvNU7rrJEQ,132条评价,人均￥47,黑椒牛肉 奶香小馒头 花粉秘制梅肉
刘记光大火锅鸡(大安店),https://www.dianping.com/shop/l9Xv9ZsqyNFRijaS,,人均-,青岛啤酒 炝土豆丝 麻酱凉皮
刘炭长牛烧大块烤肉(南湖路店),https://www.dianping.com/shop/l48ZcGQBVzkNTvYf,1条评价,人均-,宽粉 烤肠 干碟
宏达烧烤,https://www.dianping.com/shop/k7BVBRhmQCMPeQ7o,8条评价,人均-,羊肉串 鸡爪 冷面
老屈头生鱼馆,https://www.dianping.com/shop/k2Fxcgee9G6s8glm,7条评价,人均-,凉拌生鱼 黑鱼刺身 炸狗虾
老哥铁锅炖鱼(嫩江北街店),https://www.dianping.com/shop/G3UHtNtK7Z7ckTKc,43条评价,人均￥62,大饼子 豆腐 茄子
贰楼咖啡馆,https://www.dianping.com/shop/k7RJxuk4dGWIOrrF,1o条评价,人均￥28,美式咖啡 金桔柠檬 水果沙拉
罗记家庭烤肉,https://www.dianping.com/shop/l4s9iW5DuptnfYpS,1o条评价,人均￥51,大虾 牛肉 小料
曹红鲜鱼馆,https://www.dianping.com/shop/HaKV5av6IAdQffUb,4条评价,人均-,香辣酥爆全腰 腊肉荷兰豆 水煮鱼肉
仙厨砂锅,https://www.dianping.com/shop/G1u5Z6ILgU6l2O03,8条评价,人均￥6o,梅菜扣肉 麻辣朋友圈 家常凉菜
蒙古巴图鲁烤羊腿(大安店),https://www.dianping.com/shop/la8kGcOHs9fv7YRO,8o条评价,人均￥68,烤羊腿 烤羊排 板筋
川上人家,https://www.dianping.com/shop/G5R6HuOAGoeG37wf,4条评价,人均-,鱼香肉丝 招牌水煮鱼 酸菜鱼
米莊拌饭馆(大安店),https://www.dianping.com/shop/ESVPcupBDqtlWfIF,4条评价,人均-,延边冷面 米庄牛肉饭 石锅拌饭
马路边边,https://www.dianping.com/shop/jwk1yVGMniMsxPff,,人均-,火爆脑花
店小二水煎包灌汤包私房菜熏酱小酒馆,https://www.dianping.com/shop/H9iaPgplfP5mwix5,2条评价,人均-,五彩拉皮 酱熏脊骨 养生小炒
大草原烤肉坊(大草原烤肉坊),https://www.dianping.com/shop/H16kXHmVvzb3aXWf,33条评价,人均￥42,精品肥牛 特味肥牛 培根卷
鲜丰朝鲜族狗肉城,https://www.dianping.com/shop/H7BQmpcDVV02SeTj,14条评价,人均-,冷面 狗排 麻辣手撕鸡
汉森烤场,https://www.dianping.com/shop/G2HjUWqK3g7lZZc9,1条评价,人均-,
清羊楼火锅(南湖西路),https://www.dianping.com/shop/G1Xv1FnDMy7WBTIU,4条评价,人均-,
尹家粗粮馆,https://www.dianping.com/shop/l7ErLmcO0GCg2JzP,12条评价,人均-,锅包肉 木耳山药 尖椒干豆腐
绿源肥牛,https://www.dianping.com/shop/G5ALHiwnVDe46lsM,19条评价,人均￥23,时蔬拼盘 手打虾滑 西旗羔羊
月亮泡鲜鱼馆,https://www.dianping.com/shop/G1JCUAu77h4IfrX0,2条评价,人均-,特色生鱼 烤全羊 炖土鸡
维尔斯西餐厅,https://www.dianping.com/shop/iTeaoepqkq2eiw5H,2条评价,人均-,卷边风味烤鸡披萨 提拉米苏 芝士咖喱鸡肉披萨
燃香居小米拌饭,https://www.dianping.com/shop/Fp8rxQUcPitkTXCJ,3条评价,人均-,酸菜炖血肠 小米饭 洋葱炒鸡蛋
老味道烤骨头,https://www.dianping.com/shop/G5wj8xmkUjMLznTA,2条评价,人均-,冷面凉汤咸淡 酱油炒饭 麻辣小龙虾
柴十郎木头拌子烤肉(柴十郎烤肉),https://www.dianping.com/shop/G7PjJMDuG6Y0g8KO,3条评价,人均-,
三年二班主题涮吧(水晶城店),https://www.dianping.com/shop/G8cTmQlN8lEqtLQH,11条评价,人均￥57,臭豆腐 芝士玉米 涮锅
原始部落(大赉南街店),https://www.dianping.com/shop/ER6GxrIkZcSNBN6Y,15条评价,人均￥23,冷面 羊肉串 生烤鸡头
蜀久香重庆老火锅店,https://www.dianping.com/shop/FBAXQpUsuswsek3o,1条评价,人均-,
梅红蛋糕(大安庆客隆店),https://www.dianping.com/shop/l38STCTVdJDGNs5k,13条评价,人均-,芒果千层 肉松面包 三明治
湘味聚,https://www.dianping.com/shop/G5SJ1QCU41t0F2MZ,1条评价,人均-,
名轩狗肉馆(大赉北街店),https://www.dianping.com/shop/iY98vzo37DmOOMUK,2条评价,人均-,冷面 烤狗排 狗肉拌饭
超信煮动力时尚火锅(大安店),https://www.dianping.com/shop/l1X7bBxUMlup4Y3T,11条评价,人均-,
朝族朝庄狗肉馆,https://www.dianping.com/shop/Ey3sggI9Oe0TKL5o,4条评价,人均-,
知青老菜馆,https://www.dianping.com/shop/G7snK5av17UxGtXi,8条评价,人均￥33,
红桃皇后烘焙坊,https://www.dianping.com/shop/k5jqhAzZCsrsvz5i,2条评价,人均-,
金钱豹自助汇,https://www.dianping.com/shop/labQPDAsjHMQJJpk,,人均-,
邵汇大虾(金源小区店),https://www.dianping.com/shop/laH6U9yU2ayN72jL,,人均-,
吉庆烤肉城,https://www.dianping.com/shop/l2mB8VzXN7JtolG2,5条评价,人均-,
嘉香炭火锅,https://www.dianping.com/shop/G5VfRMGIyhlsxnO6,3条评价,人均-,
盛和小地炉大肆囍实业,https://www.dianping.com/shop/k554R7huPaPxlKfR,,人均-,
老城养蝎子,https://www.dianping.com/shop/l9WAU3gtBnSosC77,,人均-,
朝天娇麻辣烫(妇女街店),https://www.dianping.com/shop/kafbIovOKCbxStQQ,1o条评价,人均￥19,麻辣烫 炸串 金针菇串
梅红面包蛋糕(老客运站店),https://www.dianping.com/shop/iknjVVw7qWvmDmI6,4条评价,人均-,半熟芝士 梅红蛋糕桃酥 老式麻花
汁道火锅(安广店),https://www.dianping.com/shop/l4iBh6ajjxSRMFCc,3条评价,人均-,虾滑 菌汤锅底 粉丝
龙门阵鲜卤火锅(吉林白城市大安店),https://www.dianping.com/shop/l2ZWv9l8JsfG10I0,,人均-,
百味鲜功夫包子专卖店,https://www.dianping.com/shop/G1uGzWMX5dWwiqkq,3条评价,人均-,猪肉包子 牛肉包子 小米粥
金点自助烤肉火锅(嘉禾名苑店),https://www.dianping.com/shop/G2j03TqaFDJX4kyg,,人均-,
东北老胖海鲜烧烤,https://www.dianping.com/shop/k6YQ1A3HL5esZUNr,4条评价,人均-,炭烤碟鱼头 锡纸猪心 凉汤酸甜冷面
小京味主题火锅,https://www.dianping.com/shop/G5NcPa0fizihTrPf,5条评价,人均-,手工虾滑 火锅川粉 牛黄喉
嘉禾园自助烤肉城,https://www.dianping.com/shop/k87RD9Q4YfNPo4Yl,,人均-,
三千里烤肉(康平南街店),https://www.dianping.com/shop/F4MLKmQswjeHs526,5条评价,人均-,牛腱肉 小馒头 馄饨
二猛鲜香牛肉面(锦华小区店),https://www.dianping.com/shop/ixcB9BBx4N5yhF86,16条评价,人均￥19,牛肉面 鱿鱼炒面 鸡蛋炒面
川娇砂锅麻辣烫,https://www.dianping.com/shop/l1AxHub4sWHJBxDe,4条评价,人均-,铁板鸡 热汤咸淡冷面 带黄实蛋
姐妹小吃(锦华路店),https://www.dianping.com/shop/k5Syyiitllv3DgmN,1条评价,人均￥14,溜肥肠 京酱肉丝 孜然鸡杂
正宗兰州抻面馆,https://www.dianping.com/shop/H73AndNyCk0U6Yak,1条评价,人均-,炒面 油泼面 炸酱面
望君来大酒店,https://www.dianping.com/shop/k3GU9Q0Pr5fMailZ,1条评价,人均-,蛋黄焗南瓜
