南雄老蔡鹅王,https://www.dianping.com/shop/G8hwK1kctmuHzkar,14条评价,人均￥115,鹅王 油淋青菜 红烧鱼块
南雄老蔡师傅鹅王,https://www.dianping.com/shop/G9AWKbxm8bgEbc5t,7条评价,人均-,特色鹅王 家常豆腐 南雄鹅王
季季红火锅(大余县奥园店),https://www.dianping.com/shop/k28KVS3Jac1NtTnd,76条评价,人均￥41,尊品肥牛卷 八秒毛肚片 生菜
豆干老店醉仙楼(醉仙楼店),https://www.dianping.com/shop/k1KsMBsugpql6Ymq,9o条评价,人均￥52,香菜拌豆干 养生鸭 米粉鱼
螺六六·螺蛳鸭脚打边炉(赣州大余店),https://www.dianping.com/shop/l7XTiSkAtkkoWciD,1条评价,人均-,螺蛳粉 小酥肉 香卤肥肠
潮汕牛肉自助火锅,https://www.dianping.com/shop/l54aLshDLZl2jIDt,1o条评价,人均-,
手抓海鲜烧烤沙锅粥80後味道特色江湖菜,https://www.dianping.com/shop/k8qxD0J6FEDRHazX,11条评价,人均-,香辣鱿鱼脚 茄子 烤牛油
猪小治文创餐厅,https://www.dianping.com/shop/l1U1W705Q0gDUZUv,2条评价,人均-,猪猪奶冻 特色猪血汤 豆豉焖排骨
好灶头酒家(建设路店),https://www.dianping.com/shop/G4lbBR0oe4CYDSy4,6条评价,人均-,蛋黄酥 三杯鸡 香辣碎鸭
一头牛烤肉(中山大道店),https://www.dianping.com/shop/k1SWbWhVVD4ivdm2,15条评价,人均-,韩国辛拉面年糕 雪花牛肉粒 招牌秘制牛肉
深巷食院,https://www.dianping.com/shop/G2gsGannlUMDYz9X,,人均-,
燊记(大余店),https://www.dianping.com/shop/G5oX6SIOzwT9exQh,185条评价,人均￥57,牛排焖锅 烤鲫鱼 排骨
牛好客(大余店),https://www.dianping.com/shop/l1bmD936OUnDXOaF,89条评价,人均￥64,土耳其风味牛排 法式菲力牛排 榴芒披萨
塔斯汀中国汉堡(商业街店),https://www.dianping.com/shop/H9NkIzJzRREjbC0t,4条评价,人均-,冰柠七喜 盐酥鸡米花 上校鸡块
回头客餐馆(建安路店),https://www.dianping.com/shop/l1khvBAHsSFUUmhm,1条评价,人均￥32,肉沫酸豆角 芹菜炒鸭心 臭笋炒花肠
阿姆源(大余店),https://www.dianping.com/shop/G8LZOw6hybxs5K8K,557条评价,人均￥3o,农家小炒肉饭 咸鱼茄子饭 蒜香排骨饭
河洞生态土菜馆,https://www.dianping.com/shop/G7Xq77BQgk9rpHb4,9条评价,人均-,蛋卷 土猪汤 炸沙苟鱼
老船长肉蟹煲(大余店),https://www.dianping.com/shop/G8s8UMQeeNZSOx75,156条评价,人均-,肉蟹煲 牛蛙煲 金桔百香果
古茗(步行街店),https://www.dianping.com/shop/k6VDb34Gs2n5TeyU,33条评价,人均-,芝士多肉葡萄 大叔奶茶 杨枝甘露
老肖鹅王,https://www.dianping.com/shop/H7CEXdl6HQ0Nnj5u,13条评价,人均-,鹅王 红烧鹅肉 肉沫毛豆
红灯笼(下河边路店),https://www.dianping.com/shop/k2rO9CbWuDdISIVf,1条评价,人均-,拌腐竹 海带排骨汤 蒸蛋卷
丫山农家乐,https://www.dianping.com/shop/kagkOeB2IlfJB9xi,12条评价,人均-,牛肉 茄子烧豆角 猪血汤
客道人猪肚鸡(大余店),https://www.dianping.com/shop/E1W6qUrBXIvbCKmg,7条评价,人均-,虫草花猪肚鸡 宁都肉丸子 香肠腊味煲仔饭
良生烫皮店(新城名店),https://www.dianping.com/shop/G5aLiQWRrcMS8Kfm,13条评价,人均￥9,鸡蛋肉烫皮 炒菜拌烫皮丝 排骨汤
伍六柒铜炉牛蛙,https://www.dianping.com/shop/k69q7CZdRimX1Kan,33条评价,人均-,猪肉爆肠 香辣虾爱上牛蛙 净重铜炉牛蛙
瑞香园(梨花园路店),https://www.dianping.com/shop/l8bokvTkdGJCyftE,1o条评价,人均￥51,家常菜 鹅王 孜然牛肉
陈记海鲜,https://www.dianping.com/shop/G7ggYC4Cf0yN96c3,1条评价,人均-,基围虾 小黄花鱼 三文鱼
合意来酒店,https://www.dianping.com/shop/H8yudHStzxYw713q,3条评价,人均￥35,炒粉 客家蛋卷 扣肉
啪啪啪肉蟹煲(大余店),https://www.dianping.com/shop/l76uZ3Qvex29DeIA,24条评价,人均-,鸡爪煲 肉蟹煲 暴走牛骨
鼎涮天下,https://www.dianping.com/shop/l1RYKKN5e3kjeMfj,2条评价,人均-,至尊毛肚
憨憨烤肉(大余店),https://www.dianping.com/shop/G4v5JF6Z5aAoYJPF,42条评价,人均-,草莓蛋糕 招牌原切香辣牛肉 杏鲍鱼菇
豪渝火锅(奥园广场店),https://www.dianping.com/shop/G4uOFNi5xAEmya1H,11条评价,人均-,火腿肠 水豆腐 自助小料
西门烫皮店,https://www.dianping.com/shop/G1Hb9254djQxiy3z,1条评价,人均-,藜蒿炒牛肉 莲花血鸭 蒜苗炒香肠
非尝味道(大余店),https://www.dianping.com/shop/H2L84ckDRW8UboXl,6条评价,人均￥144,蒸奶油馒头 烤鸭肠 手抓羊蝎子
溢美德云南蒸汽石锅鱼(大余店),https://www.dianping.com/shop/k2xEGC52J7Ok9OUn,9条评价,人均-,自助小料 云南大饼 时蔬拼盘
农机酒家,https://www.dianping.com/shop/k4RMEvOBQqz0kIqO,1条评价,人均￥5o,酸竹笋炒鸭胗 海竹笋炒肉丝饭 咸鱼茄子煲
漠小姐家砂罐串串,https://www.dianping.com/shop/GadVZe5tVF0dr3yV,5条评价,人均-,冰粉 海带丝 椰汁
老屋咖啡,https://www.dianping.com/shop/k3EqG5nYIvHWVtQr,12条评价,人均￥36,小小食拼盘 椰香冰咖 芒果冰粉
山与山间农家歺厅,https://www.dianping.com/shop/l9e2Wic1MgXvb0Kr,7条评价,人均-,芝麻丸子 艾米果 梅菜扣肉
牛肉馆,https://www.dianping.com/shop/l2cXQ87zea5jfmzk,3条评价,人均-,芹菜炒牛肚 辣椒炒通菜梗 辣椒炒腌菜
塔斯汀中国汉堡(大余步行街店),https://www.dianping.com/shop/k9CwysQdEnezJa7Y,,人均-,培根煎蛋中国汉堡 上校鸡块 多汁牛肉中国汉堡
金莲山宾馆,https://www.dianping.com/shop/G5J5354gXAMlL2Mh,3条评价,人均-,生拌牛肉丝 糖拌粉红番茄子 酱板鱼
周真真,https://www.dianping.com/shop/l5q0TpUvNkDyOVEC,4条评价,人均-,鸡蛋 猪耳朵拌粉 红豆汤
鹅王世家,https://www.dianping.com/shop/k2y5x6Ypa3H4gtys,,人均-,乡村鱼 香辣鸭血 清蒸排骨
大余县邓大姐煎饼店,https://www.dianping.com/shop/H4vXfhDWWfiuaYIN,,人均-,鸡蛋煎饼 黑凉粉 胃动力
刘氏烤全羊,https://www.dianping.com/shop/E3MdXLMWI76oU0t5,4条评价,人均-,烤全羊 羊汤 包菜
菲尔雪(大余店),https://www.dianping.com/shop/l6Himm6ETGxghoGr,646条评价,人均￥25,综合果仁饼干 法式淡奶蛋糕 乳脂蛋糕
鱼米之乡(梅关大道店),https://www.dianping.com/shop/H28iQZIrlae6843e,1o条评价,人均￥25,煨汤 茄子煲 香炒基围虾
牛一碳烤肉工业(福临天下店),https://www.dianping.com/shop/l8QsGklBWUfIsCtx,28条评价,人均-,芝士焗玉米 番茄芝士焗饭 芝士焗榴莲
肯德基(大余奥园店),https://www.dianping.com/shop/E41vIu3MEe7ncHi6,9条评价,人均-,十翅一桶 汁汁厚作牛肉汉堡单层单人餐 全新黄金SPA鸡排堡
畅儿家的糖水铺,https://www.dianping.com/shop/H1FrZZZus9OpYiO4,,人均-,
田园石锅鱼(金莲山大道店),https://www.dianping.com/shop/G3fWCvkJpRfYyYsN,1条评价,人均-,
穆记清汤,https://www.dianping.com/shop/l48undNW6OxOxKAX,8条评价,人均￥1o,
点点冰,https://www.dianping.com/shop/H2zHm5UtyKPeQCVl,1条评价,人均-,
广式甜源,https://www.dianping.com/shop/l4uhYVNSPVQdnyx0,1条评价,人均-,
良生烫皮店(大余分店),https://www.dianping.com/shop/l4owCPc5XCWzG77r,11条评价,人均-,
霏·咖啡甜品,https://www.dianping.com/shop/laRXWat64BjHGZd1,1条评价,人均-,
猫猫的土锅菜,https://www.dianping.com/shop/G7UnA2wg97qB4dpX,2条评价,人均-,
阿多寿司店(大余店),https://www.dianping.com/shop/G1WzTdohaewmDfia,1条评价,人均-,
老字号麻辣汤,https://www.dianping.com/shop/k26ECiEfMzuUpjSO,,人均-,
