明仕秀田居花园餐厅客栈,https://www.dianping.com/shop/Fy0Dt0DM9b1GlHmZ,2o6条评价,人均￥99,香叶牛肉 百香果排骨 仕山水豆腐
老街土菜馆,https://www.dianping.com/shop/G5a7t7mGe57B0aPa,375条评价,人均￥74,假蒌包肉 百香果排骨 越南春卷
良食餐厅,https://www.dianping.com/shop/H6yjLSMFRVhsNxE6,23条评价,人均-,椰皇冬阴功汤 辣椒炒腊肉 中式晚餐套餐
明仕山庄中餐厅,https://www.dianping.com/shop/H1faDYRjxS3j6lXW,298条评价,人均￥13o,葱香白切本地鸡 明火啤酒鱼 清蒸明仕鱼
西贡咖啡(明仕店),https://www.dianping.com/shop/G6ramjGJgHwmFPOR,2o条评价,人均￥3o,越南美式咖啡 巧克力切块蛋糕 越南滴漏猫屎咖啡
何记乡村菜馆,https://www.dianping.com/shop/iokYgQ9gGZPTNiDR,114条评价,人均￥56,山水豆腐 野菜鸭蛋饼 炒粉
93号 小厨房,https://www.dianping.com/shop/G1OhXy8bD4pPAMpR,224条评价,人均￥54,越南百香果酿小排 野菜王(龙须菜) 竹筒香肉
明仕花厨,https://www.dianping.com/shop/k8Hs32vfEhewCNBP,1o条评价,人均-,百香果排骨 火龙果鱼柳 全鱼宴
越姆娘好吃餐厅,https://www.dianping.com/shop/k3y7g2GgxTEU5YQ5,138条评价,人均￥87,越式猪颈肉（小份） 河螺竹筒肉 鱼露香芒
明仕源生态农家乐餐馆,https://www.dianping.com/shop/G3NW6hgTeSA2BCz8,29条评价,人均￥63,龙须菜 野生河虾 噶喽牛肉
新农村餐馆,https://www.dianping.com/shop/k3cMUP9BAIMkYBip,35条评价,人均￥63,烤乳猪 烤鸡 龙须菜
大新县明仕稻香餐馆,https://www.dianping.com/shop/l6njh9ryq0PpO65O,7条评价,人均-,红烧豆腐 清炒南瓜苗 红烧罗非鱼
黑牛小镇(桂圆路店),https://www.dianping.com/shop/l3giFuGdt5CeoNRR,1条评价,人均-,镇店之宝 经典原味厚切五花肉 生菜叶
西贡咖啡(德天跨国瀑布景区店),https://www.dianping.com/shop/G8Wf5PdDX5g9oA4r,4o条评价,人均￥74,咖啡豆 G7咖啡 巧克力切块蛋糕
山里人农家生态菜馆,https://www.dianping.com/shop/G5LqOdLaS5h2Rkj1,4o条评价,人均￥63,清蒸老虎鱼 珍珠鸭蛋 清蒸青竹鱼
明仕那里稻里畈堂,https://www.dianping.com/shop/l4Vkl0st3888baZt,3o条评价,人均￥95,龙须菜炒土鸭蛋 百香果排骨 水煮牛肉
浅水湾酒楼,https://www.dianping.com/shop/k1JHAipZDV75Paal,3条评价,人均-,簸箕点心 手工打猪肉丸 爆炒虾丸子
御膳·猪肚鸡养生菜馆,https://www.dianping.com/shop/H7dkH86voqg3ifwR,2条评价,人均-,猪肚鸡 调味料 牛肉片
龙州烧烤,https://www.dianping.com/shop/H8BwXzLoZrd8Y6Y1,3条评价,人均-,牛油 假蒌牛肉
福兴羊馆·特色羊肉火锅,https://www.dianping.com/shop/k8GnEATySobejtFb,4条评价,人均-,炒羊杂 爆炒大肠 清水羊肉汤
西贡越式餐吧(大新县德天老木棉花乡店),https://www.dianping.com/shop/G6Tag6tdBe8kBax5,8条评价,人均-,冰镇酸梅汤
越南特色鸡肉粉,https://www.dianping.com/shop/Gan8W4XtPkVsFsV2,16条评价,人均￥58,越南特色鸡肉粉+越南土鸡蛋 越南特色鸡肉粉 越南鲜牛肉
云记美食连锁机构总部,https://www.dianping.com/shop/laXbFyPUnl9x95Dh,16条评价,人均￥45,天麻炖全鸡 羊肉煲 炒土豆丝
老木棉花园餐厅,https://www.dianping.com/shop/G7lkTi3CU4ssf4sA,44条评价,人均￥112,越南春卷 干锅土鸭 越式百香果焗仔骨排
贵州赵记花江狗肉馆,https://www.dianping.com/shop/l1DLFc4rSznnzJPV,1条评价,人均-,
蛙来时光(大新店),https://www.dianping.com/shop/k3PfTF5PyxCd4B0f,1条评价,人均-,秘制酱香味 香辣牛蛙单人份套餐 碳烤烤牛蛙
客满堂川湘菜馆,https://www.dianping.com/shop/l8d4GN2vhyDhhxyy,4条评价,人均￥58,青菜 麻婆豆腐 干锅土豆
悦子单人火锅,https://www.dianping.com/shop/G7K6DU450ducnuuV,1条评价,人均-,聪明猪脑 菠菜 菜心
西里屋(大新分店),https://www.dianping.com/shop/l5UCC3wl0ddSUoHx,1条评价,人均-,
平良农家饭店,https://www.dianping.com/shop/FDpg93nqk6IlRZ4u,3条评价,人均-,米粉 沙糖桔 酸菜
李记米粉店,https://www.dianping.com/shop/G7Ongj744PDhXoAQ,1条评价,人均-,
德天遇见,https://www.dianping.com/shop/l6VGmAbUw94Z6fO7,6条评价,人均-,清炒白贝 香叶包肉 菠萝炒牛肉
书亦烧仙草(冠林华府店),https://www.dianping.com/shop/G1yHTnEYfXTmftgR,11条评价,人均-,红柚白月光(中杯) 黑糖珍珠植乳茶 山茶花燕麦拿铁
乐客来自助牛排馆(大新分店),https://www.dianping.com/shop/l2ZptoYTwbCgYP7m,191条评价,人均￥52,台塑牛排 甜点 榴莲披萨
雷平姐妹粉店(大新一分店),https://www.dianping.com/shop/iakkYkDrtDV2CIEJ,2条评价,人均-,叉烧粉 鸡杂粉 酸甜粉
云水瑶,https://www.dianping.com/shop/l6DSE6nl3te4DErh,2条评价,人均-,炒田螺 茉香奶茶 韩式满盒中翅
梁叔农家味道餐馆,https://www.dianping.com/shop/G9EPAAKpTsaePNXV,4o条评价,人均￥68,清蒸青竹鱼 净炒姑娘菜 回锅肉
山水田园农家餐馆,https://www.dianping.com/shop/H4rSX8shSQhyfgdP,62条评价,人均￥7o,清蒸骨鱼 沙姜炒鸡 山水豆腐
贺山景食园,https://www.dianping.com/shop/l8wEAhY1OSl5U72D,5条评价,人均-,清蒸青竹鱼 蒸青鱼 蒸靑魚
凭祥烧烤(大新总店),https://www.dianping.com/shop/G7SnSioylQDxyrdH,,人均-,特色烤鱼 炒粉 烤鸡大翅
大新酒家,https://www.dianping.com/shop/k7U8m7h3hG6N6ZbC,4条评价,人均-,粉丝包 豆沙包 玉米粥
五山农家烤猪,https://www.dianping.com/shop/l5MMbwXn4x2EmSqo,,人均-,
御品千层蛋糕(中汉街店),https://www.dianping.com/shop/kaa29GDxNdc6i7ZU,,人均-,
三品王(大新桃源店),https://www.dianping.com/shop/iBH0GRN8jXHxeUH4,43条评价,人均￥15,原汤牛肉粉 干捞牛肉螺蛳粉 牛霸王
福临山庄,https://www.dianping.com/shop/jn7yAelZHaoodyOr,5条评价,人均-,手抓猪蹄 椒盐排骨 香焖排骨
亦顺客栈,https://www.dianping.com/shop/H6wfa53dA8H2NjSm,13条评价,人均-,龙须菜 清蒸青竹鱼 清蒸黑骨鱼
瑞成饭店(大新店),https://www.dianping.com/shop/k7WF1mincz1wsZ6n,2条评价,人均-,
越姆娘,https://www.dianping.com/shop/EJBl0gHQkoqPHg1l,,人均-,越南仁面果汁 越南鸡蛋咖啡 越南西贡啤酒
爽口麻辣烫,https://www.dianping.com/shop/G9uy223t2ekNt69q,1条评价,人均-,
大自然餐馆,https://www.dianping.com/shop/H2uvtgs3m6WgDy7O,16条评价,人均-,炒龙须菜 焖牛扒 猪杂
好再来农家菜馆,https://www.dianping.com/shop/l7ARdrWg1fQawh7a,2条评价,人均-,龙须菜炒鸡蛋 糖醋排骨 番茄豆腐
鱼米之乡农家餐馆,https://www.dianping.com/shop/k6dJXzycQcGBdoWb,5条评价,人均-,蜜汁叉烧 野菜肉沫汤 辣椒炒肉
何记江湖碳烤串,https://www.dianping.com/shop/l1PWo2Wub5bcCytR,1条评价,人均-,冰镇酸梅汤 干鱿鱼 韭菜
安信美食店,https://www.dianping.com/shop/Ea04OkQOzG4uLH4t,1条评价,人均-,
包香海鲜店,https://www.dianping.com/shop/l6gMIJO4ff6X5tOI,,人均-,
37.2 ℃ BECKONING,https://www.dianping.com/shop/ka7E4CbEvwdCTLPd,,人均-,
华莱士·全鸡汉堡(德天广场店),https://www.dianping.com/shop/H7ZrNqc6jwgOTZQf,17条评价,人均-,辣味鸡肉卷 乐享全家福餐 特惠卷堡两人食
金记,https://www.dianping.com/shop/G7NzrGIeicb6JuPD,1条评价,人均-,猪肚鸡汤 姜丝羊肉 农家水煮鱼
刚刚好,https://www.dianping.com/shop/H76OlcIoK2imN2ci,1条评价,人均-,猪心 蒜香烤鱼 酒鬼玉米
见面,https://www.dianping.com/shop/iCEIxUSzGrnqmp89,,人均-,港式柠檬茶 栗子奶绿 栗子奶茶
