村上小厨(大竹店),https://www.dianping.com/shop/H40HN22tQ3Ybh44K,65条评价,人均￥52,村上双椒兔 茶香鸭 肥肠辣子鸡
建平小吃(大众街店),https://www.dianping.com/shop/ETa5n2qvucyzcUou,49条评价,人均￥11,杂酱面 叶子面 自制干拌
憨石匠鲜菜火锅(金利美店),https://www.dianping.com/shop/HaXz6yW6qvsuRep2,462条评价,人均￥77,现切吊龙牛肉 天然石锅红锅 秘制麻辣牛肉
牛日白正宗跷脚牛肉,https://www.dianping.com/shop/G5oMOva6vv2fxT4d,56条评价,人均-,碗碗血旺 粉蒸肥肠 碗碗牛肉
满园春,https://www.dianping.com/shop/G81fcB9LqoN3m5jZ,45条评价,人均￥1o,杂酱面 青团 炸酱面
李庄白肉家常菜,https://www.dianping.com/shop/k478XpwSEyFm5ZoX,476条评价,人均￥25,李庄白肉 鱼香肉丝 尖椒剔骨肉
长筷子耗儿鱼,https://www.dianping.com/shop/G71jB1tHE0WvBXmL,8条评价,人均-,耗儿鱼
晓秧锅鲜货火锅(财富西区店),https://www.dianping.com/shop/l36OJfoDABaDxkUQ,2o6条评价,人均￥128,鲜花椒牛肉 麻辣牛肉 现切精品牛肉
老宅子(大竹店),https://www.dianping.com/shop/GacJU4TjYbqNOLBa,27条评价,人均￥44,蒸三样 皮蛋冲辣椒 龙利鱼
柳飘飘亚洲烤肉集合店(大竹店),https://www.dianping.com/shop/l9ASTv5QenACYrWC,129条评价,人均￥71,五花肉 网红焦糖豆腐花 肉酱香菇
瓦岗鱼味庄,https://www.dianping.com/shop/k7DilUjrirNb8NRF,6条评价,人均-,蒸肥肠 麻辣鱼 凉面
嘎嘎鸭脑壳,https://www.dianping.com/shop/k7kuM4Ny2HIWNGtf,5条评价,人均-,铁板鱿鱼 酸菜黑鱼 鸭头
五秒涮乌鱼(大竹新天地店),https://www.dianping.com/shop/k6t8QUBqQhG1Umzu,21条评价,人均-,莴笋尖 番茄汤锅 梅林午餐肉
樊式嗨自助烤肉(大竹店),https://www.dianping.com/shop/k51Lx0jl9avd8eJ2,5条评价,人均-,厚切五花肉 无限自助五花肉 现切牛肉
木炭遇上肉·烤肉专门店(大竹店),https://www.dianping.com/shop/l1Jz6Z3P6fr3bFHM,1413条评价,人均￥84,战斧牛排 烤肉伴侣 安格斯眼肉
佳客来西餐厅(大竹店),https://www.dianping.com/shop/k6IGs7W59opn5D5X,2278条评价,人均￥59,古早黑椒牛排 菲力牛排 冰淇淋
醉美里,https://www.dianping.com/shop/H26WoEyVs6JjQ9Ql,4条评价,人均-,牛气冲天 生鱼片黄金球 鲍鱼仔
牧鸭人老鸭汤(老公园店),https://www.dianping.com/shop/H6RXkmaYkWe93rwC,1o44条评价,人均￥37,牧鸭人老鸭汤 鹅掌老鸭汤 拍黄瓜
大融厨·鸡毛店(大竹店),https://www.dianping.com/shop/G27KkFYY3yMNkDsk,86条评价,人均-,特色花椒鱼 生焗开边虾 锅边馍
乡村基(大竹店),https://www.dianping.com/shop/l9jbxsy7pynnzv9X,736条评价,人均￥24,卤肉饭 泡椒牛肉 蜜辣烤翅饭
御瑞鲜鱼火锅,https://www.dianping.com/shop/k6H7AKEV0E1GYmt0,1条评价,人均-,乌鱼抄手 老坛酸菜锅 鱼酥肉
乱劈柴(好吃街店),https://www.dianping.com/shop/H4qm5znsXrhVGS8e,35条评价,人均￥57,干锅虾配排骨 干锅虾 香辣酸辣鱿鱼虾
土货重庆火锅(大竹店),https://www.dianping.com/shop/G6bKtm56zjEUNC1s,92条评价,人均￥86,土货九大碗 肥牛一号 九宫格红汤锅底
欢喜冒菜(建设路店),https://www.dianping.com/shop/l3PlLZ1bHoU9V10A,14条评价,人均-,肥牛卷 现榨椰汁 招牌麻辣火锅味
东湖农庄(柴火鸡),https://www.dianping.com/shop/l92gb0AIgcF4MXMT,1条评价,人均-,现蒸烧白 招牌柴火鸡 老火炖汤
吉布鲁牛排海鲜自助(煌歌商业广场店),https://www.dianping.com/shop/k9gcZ8kr5ylBztaJ,57o条评价,人均￥82,牛排 海鲜 寿司
瓦缸鱼(物流园店),https://www.dianping.com/shop/k9gijlPyaprHlAD4,2条评价,人均-,
牛の哥精致碳烤(大竹店),https://www.dianping.com/shop/laOnWhHTjfBc0MBw,235条评价,人均￥99,黑胡椒牛肉 薄切五花肉 秘制坛子肉
李与白包子铺(竹城店),https://www.dianping.com/shop/k2sKONx2OL7dQX67,1条评价,人均-,肥肠包子 大竹炸酱面
三佳一(大竹店),https://www.dianping.com/shop/k8VvwDTKR6dgJ05s,1638条评价,人均￥59,香辣虾 韭菜饼 糯香掌翅
守柴炉烤鸭(金利美广场店),https://www.dianping.com/shop/G9fEVeGvEOt4nHKw,3o9条评价,人均￥72,招牌烤鸭 蛋煎糍粑 香辣鸭头
糖糍粑,https://www.dianping.com/shop/H9lqxUxsThQhmmIb,3条评价,人均-,红糖糍粑 鲜肉大抄手 花生汤圆
意隆饭店,https://www.dianping.com/shop/k8EZQF05FXx4ZnMo,3o条评价,人均￥79,火爆白菜 酸辣猪脚 火爆腰花
东柳王鱼头,https://www.dianping.com/shop/k2I8yZTSnfjtf8cN,19条评价,人均￥13o,酸辣鱼头 特色辣子鸡 泡椒鱼头
517火锅烤肉,https://www.dianping.com/shop/G6WdKRl0b1aAbeMV,23条评价,人均-,本店特色搓衣板五花肉 牛肝 双椒牛肉
竹笙粥仙记(东大街店),https://www.dianping.com/shop/k9DsxQ6J1n9NQjoL,5o条评价,人均￥72,茶香鸭 皮蛋瘦肉粥 原浆啤酒
简阳羊肉汤(好吃街店),https://www.dianping.com/shop/k1DEJ2U1AQ9ptIjl,93条评价,人均￥51,葱白羊肉丝 特色羊血 鲜汤
绥唐饺子中餐罐罐鸡(大竹店),https://www.dianping.com/shop/H8Hvmjg73SRCIpSm,1o9条评价,人均￥36,招牌虾仁水饺 招牌麻麻鱼 滋补罐罐鸡汤
万元户老火锅,https://www.dianping.com/shop/l2SdAnmrUqnz7IlH,5条评价,人均-,麻辣牛肉 毛肚 鸭肠
院霸鸡,https://www.dianping.com/shop/G7jPpp3ZF9RQikUH,98条评价,人均￥34,清汤鲜芋竹笋鸡 鸡杂 鸡血
秋菊干酒馆,https://www.dianping.com/shop/G70XPuwgl8s3zFbK,3条评价,人均￥35,烧烤茄子 魔芋 锡纸烤鲫鱼
憨石匠鲜菜火锅(物流园店),https://www.dianping.com/shop/Ga54nddUY5dsLdKA,2o9条评价,人均￥98,儿童餐 麻辣牛肉 藤椒牛肉
清溪苑餐厅(财富西区店),https://www.dianping.com/shop/Fc5KgTgvFuCqKeZJ,32条评价,人均￥38,销魂耙鸡爪 擂椒茄子 铁板烤鱼
舌尖冒菜(大竹店),https://www.dianping.com/shop/k9C2jtWEfCA6LBc9,8条评价,人均-,金针菇 冒菜 大刀牛肉
大竹面(滨河路店),https://www.dianping.com/shop/l7WowlvIyFpEp1P7,23o条评价,人均￥15,超值杂酱面 原味牛肉面 特色肥肠面
大师兄富硒有机椒麻鱼,https://www.dianping.com/shop/FAXtD7aExoavTqkI,1条评价,人均-,秘制焖烧鸡 酸菜锅底 酸菜鱼
麻渣渣洪七公火锅串串(大竹店),https://www.dianping.com/shop/H9SBdest434hx26F,294条评价,人均￥56,七公牛肉 麻辣牛肉 香菜牛肉
藕然间(金利美店),https://www.dianping.com/shop/l9Y7XQMpU3iGItXl,17条评价,人均￥69,红糖糍粑 特色排骨红藕锅 卤牛肉
竹社长韩式炸鸡料理店,https://www.dianping.com/shop/l4p9M0PvILmSWYf3,3条评价,人均-,冷面 炸雞 部队锅
都市菜园主题餐厅(北大街店),https://www.dianping.com/shop/GaoIlVifjUDbGvWu,19o条评价,人均￥61,小米土豆泥 酱爆一品鸭 绿茶佛饼
北木南烤肉和酒(大竹店),https://www.dianping.com/shop/H1INHPuhPpELH5ib,134条评价,人均￥14o,麻辣五花肉 长不胖鸡胸肉 黑椒牛排
渝鲁潮牛,https://www.dianping.com/shop/H84WqHJxoQBN5FJ6,632条评价,人均￥76,渝鲁潮牛 贵妃醉牛 鸿运龙船
自留地乡土菜(大竹店),https://www.dianping.com/shop/k6QO5MnniYbN3sAc,24条评价,人均￥55,酸辣猪肝 锅巴 炒萝卜干
回龙簸儿羊肉汤锅,https://www.dianping.com/shop/G7MygXhL7XoUq73B,1条评价,人均-,酸辣羊血 羊肉清汤锅 酸辣羊杂
诺丁顿咖啡,https://www.dianping.com/shop/l9gu8WmszVKQtLj7,1条评价,人均-,黑森林慕斯蛋糕 红丝绒拿铁 芒果星冰楽
苗寨印象主题餐厅,https://www.dianping.com/shop/HaJi64huDEukmMd8,64条评价,人均-,
小小烧烤(金利多店),https://www.dianping.com/shop/l9ya1uBHs5rHoFUk,2条评价,人均-,
重庆飘香美蛙鱼头,https://www.dianping.com/shop/k7lDgS4TfWLQCvcI,2o条评价,人均-,
正林米线,https://www.dianping.com/shop/H221yv91wn3knH4B,35条评价,人均￥14,
屿叶甜品工作室,https://www.dianping.com/shop/H5shlXCjIuBiytOm,169条评价,人均-,
