大化瑶府民族餐厅,https://www.dianping.com/shop/l4zZmxQMt56aJ0cO,17条评价,人均-,金牌豉油鸡 蒸排骨 焖五花肉
如在蜀毛肚老火锅(红河北路店),https://www.dianping.com/shop/k2Tg7h5lQFfcq4VR,115条评价,人均-,脆毛肚 老豆腐 爆汁牛肉丸
麦氏鱼庄,https://www.dianping.com/shop/G8cPtgQdTFM7wLKN,17条评价,人均￥132,黑粽子 清蒸芝麻剑 鱼肉饺子
德意客意式餐厅(大化店),https://www.dianping.com/shop/G3EVTUFuvzTZIFIM,353条评价,人均￥56,铁盘沙朗牛排 千岛黄金虾 金枕榴莲披萨
九妹大排档,https://www.dianping.com/shop/l7tHs1tEAoDvDTnE,5条评价,人均-,白切腌鸡 跳水鱼 凉拌粉
快乐番薯(大化发店),https://www.dianping.com/shop/l1aK9QYPCZKpnJXr,1o条评价,人均-,超多料奶茶吨吨桶 百香果双响炮 蜜桃养乐多
建丰羊肉店,https://www.dianping.com/shop/l3t7w7izzfMcqMhx,1o条评价,人均-,清水羊肉 羊饺子 羊杂
十二蛙小侠,https://www.dianping.com/shop/l9osHN1vbWiI5C4Z,1o条评价,人均-,生椰拿铁 腐竹 螺蛳味牛蛙
浅茶·QIANTEA(大化店),https://www.dianping.com/shop/l3JHhdp3OYpvcNTj,4条评价,人均-,茉莉花绿茶 雪顶金桂乌龙 布蕾珍珠奶茶
正斗手工粉簸箕肠粉现蒸河粉,https://www.dianping.com/shop/H4CIvzP5xD69oK7W,,人均-,玉米火腿簸箕肠粉 娃哈哈AD钙奶 六点半豆奶
蜀大侠火锅店(大化店),https://www.dianping.com/shop/k2ZrkGpvAHDBgfwF,36条评价,人均-,网红牛羊天下 精品五花肉 南瓜饼
蜜雪冰城(河池大化店),https://www.dianping.com/shop/l9i16ic1GAj9krMD,8条评价,人均-,黑糖珍珠大圣代 魔天脆脆冰淇淋 杨枝甘露
乐立杯(文化路店),https://www.dianping.com/shop/l2ULF3xKwdjP9KFv,132条评价,人均￥11,芋圆牛乳烧 奶香盆栽 脏脏奶茶
茶百道(大化文化路店),https://www.dianping.com/shop/HakxTwelS2JEYbR7,3条评价,人均-,元气桃桃奶茶 红豆双皮奶 芒芒生打椰
龙泉饭店(都阳街店),https://www.dianping.com/shop/H7ZzqXBPEcx9EFev,3条评价,人均-,猪杂 油包肝
五味缘小郡肝串串香,https://www.dianping.com/shop/H6TcujyPd2ORZOUZ,6条评价,人均-,成都冰粉 鸭血 辣子鸡
茶和远方,https://www.dianping.com/shop/H5U7LZxmxZGD67BC,4条评价,人均-,酸梅汁 炸饺 芒果芋圆西米露
茶满满,https://www.dianping.com/shop/l1UuieHcvKGqyEAm,2条评价,人均-,芋圆芋泥毛尖奶绿 多肉芝士葡萄 红糖珍珠
海港城海鲜,https://www.dianping.com/shop/H6fwDU4NvwtgndQq,,人均-,海鲜粥 意大利贝拉米 牛栏山陈酿
虾兵蟹将(育才路店),https://www.dianping.com/shop/GaIVg2mkyAftxNmQ,1条评价,人均-,烤天梯 烤鸭肾 烤猪鞭
御鼎荟猪肚鸡餐厅(大化店),https://www.dianping.com/shop/l6nEMPwkmnPNDkvW,22条评价,人均-,煲仔饭 胡椒猪肚鸡小煲 田园大丰收
肥佬烤鱼馆,https://www.dianping.com/shop/G1TuPsj5RHf6O7h7,2条评价,人均-,烤鱼
江滨食府,https://www.dianping.com/shop/i3ZjtukvCdJnwzCH,1条评价,人均-,土椒炒鸡肾 蒜蓉开边明虾 蒜蓉开边斑节虾
益禾堂(镇南店),https://www.dianping.com/shop/k5JExqPbPZbKFjge,1条评价,人均-,益杯烧仙草 绿宝石酸奶 杨枝甘露暖冬版
大匠萃茶(大化店),https://www.dianping.com/shop/G6GWqKIpa1X2do1j,3条评价,人均-,大匠火焰山
熊饿生鲜烧烤美食店(大化店),https://www.dianping.com/shop/ELgeLQikiu3No6BW,2条评价,人均-,五花肉 黄瓜 肥牛
三品王(大化文化路店),https://www.dianping.com/shop/Ha0ZP61BD936j4zx,47条评价,人均￥16,原汤牛肉粉 豆干 柳州螺蛳粉
嘉嘉佳美食园,https://www.dianping.com/shop/G1EKSjAdhCWtEWOF,4条评价,人均-,苦瓜炒鸡蛋饭 清蒸鲈鱼 毛血旺
荷叶饭,https://www.dianping.com/shop/kaEdiFigQvHb2vyk,28条评价,人均￥1o,烧鸭饭 白切鸡饭 荷叶扣肉饭
苏记茶饮,https://www.dianping.com/shop/G7RvrTppYFXdQLSU,7条评价,人均￥15,炒面 酸辣空心菜梗 拔丝紫薯
大化财神糖水铺,https://www.dianping.com/shop/l482qBDu9eyJ5Iy8,,人均-,火腿肉沫酸辣粉 芒果芋圆拉丝麻薯 烤肠车仔面
雀王美食大排档,https://www.dianping.com/shop/G6x7nDU2K3xv56BV,2条评价,人均-,猪脚 豆腐 炸排骨
伊莎贝卡(文化路店),https://www.dianping.com/shop/G5qbl5Q6I2ssEU4U,,人均-,圣诞雪人蛋糕 五寸女神蛋糕 香芋餐包装
麦香村烘焙连锁(文化店),https://www.dianping.com/shop/l4s7SBR1mrUBL8in,2条评价,人均￥1o,栗子蛋糕 芋泥爆浆 红丝绒切片
嘉味鱼庄,https://www.dianping.com/shop/k33vBCGolaoZ8L2n,5条评价,人均-,鱼头豆腐汤 芥菜黑豆 黄金粥
板升香豆腐,https://www.dianping.com/shop/l6ujJtrukiW1ljQ9,1条评价,人均-,豆腐圆
蓝波粉店,https://www.dianping.com/shop/l5rEYekBmmiM0zqo,5条评价,人均-,烧肠粉 辣鸡粉 油条
西雅典娜蛋糕店,https://www.dianping.com/shop/l9cj5aGSOf7GHfTx,1条评价,人均-,草莓蛋糕 白巧克力围边蛋糕 满天星皇冠蛋糕
肯美基(大化二分店),https://www.dianping.com/shop/k7l3a4iQCcinYqni,2条评价,人均-,童子鸡 蜜汁烤鸡 鸳鸯桶
麦香村烘焙连锁(都阳店),https://www.dianping.com/shop/G5ceRrd6qIyDUij9,,人均-,鸡排披萨 香草奶油蛋糕 黑芝麻糖
春陽茶事,https://www.dianping.com/shop/k84jjL1vUiSyOJxW,3条评价,人均-,酷脆麻薯花生奶茶 雪顶芒果奶青冻冻 酷脆醇奶茶
大维饮品(大化民族广场店),https://www.dianping.com/shop/l6xDl9Abcpw50eZF,,人均-,暴走火龙果 绿豆牛乳冰 山茶花乌龙茶
马肉大排档,https://www.dianping.com/shop/l2Rg2Xv412bMpBuV,,人均-,
手工披萨,https://www.dianping.com/shop/k14Ku2aCI8ZQxwl3,,人均-,
蓝岸咖啡,https://www.dianping.com/shop/l5Cl2qjeyMOndmXv,1条评价,人均-,风味田螺 白切土鸭 药膳田螺鸡煲
美味基·炸鸡汉堡(大化店),https://www.dianping.com/shop/G75vdSVbkjG1dKSV,228条评价,人均￥3o,蜜汁烤鸡 新奥尔良烤翅 薯条
福星乐园奶茶店,https://www.dianping.com/shop/l4bw0DGgWwddRzft,1条评价,人均-,鸡胗 海虾 泡椒鸭掌
蜜巢咖啡,https://www.dianping.com/shop/G9BrKlzUTt6ItAuc,2条评价,人均-,黄豆闷鱼
肯麦基(大化店),https://www.dianping.com/shop/l3wsLZue0ix4r2kb,,人均-,中薯条 肯麦鸡块 黄金烤鸡
DKJ咖啡奶茶(都阳街店),https://www.dianping.com/shop/l2EYQd2zDytP3Cma,,人均-,
888生榨米粉(大化旗舰店),https://www.dianping.com/shop/k6TaDUzu0UC7L0OJ,4条评价,人均-,
茶之都(镇南店),https://www.dianping.com/shop/EMAdHfXCALqLjPwH,,人均-,鲜百香柠檬汁 经典咖啡 红玉茗茶
正宗柳州螺蛳粉,https://www.dianping.com/shop/l45Pgx3R6ufhnAXE,1条评价,人均-,油果 三鲜柳州螺蛳粉 鲜肉煮粉
梦8乡烤鱼(大化夜街店),https://www.dianping.com/shop/G2sAseH0EQN3gkdN,1条评价,人均-,烤鱼
大拇指珍珠奶茶(红电南路店),https://www.dianping.com/shop/GaJvX4bBgtUDFlVU,,人均-,蜂蜜柚子茶 蜂蜜生姜茶 蓝莓果泥
胡小馋·大碗猪脚饭(大化店),https://www.dianping.com/shop/G1J5aCcAdgY5yJaI,,人均-,
千枼寿司日式小吃店,https://www.dianping.com/shop/l35eOTHqKgp7cG45,,人均-,
兰州拉面,https://www.dianping.com/shop/jK7IY61S5P6Pf6Xr,,人均-,
琉璃净(文化路店),https://www.dianping.com/shop/Ha1YaopYGNW12k00,3条评价,人均-,
四通冷饮,https://www.dianping.com/shop/Haa1a3YSmMjPcF05,1条评价,人均-,
