悦荟T骨牛排(让胡路万达店),https://www.dianping.com/shop/k82aYDHXj4TrhSjD,1o36条评价,人均￥73,佛罗伦萨厚切T骨牛排 芝士很足 安格斯牛排
乐A小芝披萨(萨尔图万达店),https://www.dianping.com/shop/H1HYlYyvi4sI88Hh,2969条评价,人均￥65,榴莲披萨 双倍金枕榴莲披萨 马来猫山王榴莲披萨
吉屋居酒屋·烧鸟店,https://www.dianping.com/shop/j9Ef7suNGAMqK7kz,97条评价,人均￥147,明太籽西葫芦 鹅肝寿司 烧鸟
谭鸭血老火锅,https://www.dianping.com/shop/H498AONeX0lsNVcp,429条评价,人均￥78,谭公鸭血 谭公嫩牛肉 谭公酥肉
敲脑壳儿洞穴龙虾,https://www.dianping.com/shop/l9S1QIcGaDvpBcDu,137条评价,人均￥129,澳洲冰蓝龙虾 油焖冰蓝龙虾 流汁秘制安心蛋
黎川洞·炭火烤肉·烤鳗鱼,https://www.dianping.com/shop/G4a2cjZZQ3hFsD0Z,2o8条评价,人均￥91,韩式淋汁牛五花 黎川洞大冷面 鳗鱼三吃
肉风石板烤肉,https://www.dianping.com/shop/k45GjpwwlWuVbFKH,175条评价,人均￥78,厚切五花肉 安格斯牛上脑 安格斯牛肋条
先启半步颠小酒馆(大庆首店),https://www.dianping.com/shop/l85g47nEFZukdQQW,26o条评价,人均￥62,泰椒土豆丝 小炒汤圆 辣子鸡
悦荟T骨牛排(萨尔图万达店),https://www.dianping.com/shop/G2EboPfR46Rtqb7R,372o条评价,人均￥78,骨牛排 甜蜜蜜水果手工披萨 金牌黑椒牛柳意面
湘祥小吃,https://www.dianping.com/shop/HaAQj1D4mRrsLVIn,435条评价,人均￥55,锅包肉 珍珠肉丸 肥肠鱼
高兴壹锅潮汕鲜牛肉火锅,https://www.dianping.com/shop/G1kVNJc0nbAXCZEO,295条评价,人均￥1o5,吊龙 沙茶酱 手锤牛肉丸
小樱桃的火锅店,https://www.dianping.com/shop/k37TmoVbz8Bxwnk0,262条评价,人均￥1o3,冷锅鲜鸭血 一绝现炸酥肉 手工重庆火锅底料
随园创意菜,https://www.dianping.com/shop/H10LNxQ3ARfxdpDo,345条评价,人均￥6o,莓香锅包肉 面包椰香咖喱鸡 拌素藕
汉巴9号自助烤肉餐厅,https://www.dianping.com/shop/laGTItEQ7JW4VolP,3o条评价,人均￥64,烤菠萝 麻辣鱿鱼 锅包肉
九然重庆老火锅,https://www.dianping.com/shop/G9JtcMYjGkLBYmEh,75条评价,人均￥146,鸭血 双椒吊龙 特级干贡菜
肆川川菜 SICHUAN,https://www.dianping.com/shop/k17O0zR7FhJIPcEY,182条评价,人均￥87,超级辣子鸡 军囤锅盔 豆花沸腾鱼
京鸭棠(让胡路万达店),https://www.dianping.com/shop/l938Vr5Xpd3m3esW,41o条评价,人均￥85,北京烤鸭 乾隆白菜 贝勒爷烤肉
北村韩屋·韩式炸鸡·烤鸡,https://www.dianping.com/shop/H38hXqtEw3AmoBlh,26条评价,人均-,芝士对丸子 北村摇摇薯 任意口味烤鸡
一哥海川小馆(远望店),https://www.dianping.com/shop/G2W31Doz9kkhP1jj,692条评价,人均￥65,麻嘴鱼 椒香梅肉 手撕拌菜
扒虾小妹儿创艺川菜火星主题餐厅(金融官邸店),https://www.dianping.com/shop/H2vdlSa43Gi9yFn5,52条评价,人均￥85,叫花鸡胗（香酥下酒） 不邋遢菠菜 金汤蒜蓉小龙虾
魁牛炭火烤肉,https://www.dianping.com/shop/l6HnDUAhZrtBx5cE,295条评价,人均￥59,谷饲600天原切安格斯牛上脑 藤椒鸡腿肉 黑椒牛胸肉
思阁炭香火锅(学伟鑫城总店),https://www.dianping.com/shop/HaUUrzrmdJSTIee4,14o3条评价,人均￥81,特色豆花锅 思阁自制鲜虾滑 思阁草原运动羔羊
厚街晓巷,https://www.dianping.com/shop/HaJpUa4fR07CnKVx,222条评价,人均￥64,锅包肉 美丽豆沙 溜肉段
亿百顺红焖羊排小馆(总店),https://www.dianping.com/shop/kaWA0y8iEIsOSSh8,94o条评价,人均￥68,亿百顺特色烤羊排 一绝大拌菜 一绝羊排大锅
蚝探长生蚝烧肉铺,https://www.dianping.com/shop/H4FhZqBzKJgVpOyo,271条评价,人均￥143,和牛九吃 海鲜粥 蒸汽生蚝
火凤祥鲜货火锅商行(学伟鑫城店),https://www.dianping.com/shop/k2JlhgJqj046TqUa,192条评价,人均￥1o8,手工鱼籽虾滑 双椒牛肉 四喜牛肉
川古日式料理(香港街店),https://www.dianping.com/shop/H4Ntj1nwK7Guhw1M,131条评价,人均￥184,三文鱼刺身 鲜虾牛油果沙拉 芝士焗大虾
妃记点心局,https://www.dianping.com/shop/G9PnpfwPHpAkIly5,6条评价,人均-,冰淇淋泡芙 海苔肉松小贝 奶油草莓麻薯
佬湘號(乘风店),https://www.dianping.com/shop/l89dBhzISb4hPctb,12条评价,人均￥54,小炒黄牛肉 剁椒水库鱼头 糖油粑粑
乐A披萨(让胡路万达店),https://www.dianping.com/shop/H9cb78Yw3zHhKmQc,461条评价,人均￥65,马来猫山王榴莲披萨 博洛尼亚肉酱意大利面 双倍金枕榴莲披萨
龙七爷·跷脚牛肉面(万达店),https://www.dianping.com/shop/k7rZE1f5iwKMUgYg,2条评价,人均-,冒烟辣牛魔王拌面 双椒牛魔王拌饭 冰粉
鲜品道居酒屋(新村店),https://www.dianping.com/shop/HaLVIyTJkckB8yap,223条评价,人均￥2oo,甜虾 三文鱼腹 芥末章鱼
灶座小锅烀饼(让胡路店远望店),https://www.dianping.com/shop/GakKWx4HGCv0lU08,419条评价,人均￥59,特色排骨烀饼锅 酸辣海带花生米 自制皮冻
贝勒爷烤鸭,https://www.dianping.com/shop/kaHgqAYd6eEerH7G,633条评价,人均￥131,北京酥不腻烤鸭 江雪可乐小排 奶露包
南浦洞韩式烤肉,https://www.dianping.com/shop/l10fT2dzFY05L7PQ,63条评价,人均￥91,芝士排骨 部队火锅 金枪鱼饭团
小背篓三味火锅,https://www.dianping.com/shop/laAOuSEGrcwtfOae,117条评价,人均￥86,手切鲜羊肉 全肚拼 叫街小酥肉
辛氏围炉夜话,https://www.dianping.com/shop/G5XrtmbR8jf2TTvb,349条评价,人均￥12o,安格斯牛肋条 和牛排 黑胡椒肠
意莲牛排坊,https://www.dianping.com/shop/laP68vBvgZbpkcgj,1476条评价,人均￥143,黑椒厚烧澳洲牛排 尼斯金槍鱼沙拉 甜点
醉陌厨,https://www.dianping.com/shop/G2Izf2QcrerIdESQ,111条评价,人均￥68,醉陌厨小肉丸 鲜花焗排骨 油焖春竹笋
佬湘號,https://www.dianping.com/shop/G9EiqQWCOfSylOnn,62条评价,人均￥61,小炒黄牛肉 皮蛋插椒茄子 五常米饭
烧鹅佬煲仔饭,https://www.dianping.com/shop/G6k88Xr3yUACek4W,7条评价,人均-,脆皮乳鸽 深井烧鹅 腊肉煲仔饭
HELLO 明洞韩国料理,https://www.dianping.com/shop/H1EM3h87t46mXnJc,1o7条评价,人均￥9o,明洞芝士排骨 高丽秘制鲜牛肉 韩国辣鸡爪
刘炭长牛烧大块烤肉(阳光嘉城店),https://www.dianping.com/shop/G7FZ3AQMsuuSlVl1,31条评价,人均￥74,蒜香肥牛 牛肋条 飘香大块肉
好利来(让胡路万达店),https://www.dianping.com/shop/k2n3NkysZburEfGo,119条评价,人均￥52,奥利奥半熟芝士 多肉葡萄雪绒芝士 软心蛋糕
章孃孃跷脚牛肉(学伟鑫城店),https://www.dianping.com/shop/H6pagg5DPPEujHiD,48条评价,人均￥7o,跷脚牛肉 牛肉饼 口味钵钵虾
海底捞火锅(让胡路万达店),https://www.dianping.com/shop/l8lVjpGegNlKenUp,363条评价,人均￥8o,番茄锅底 酥肉 番茄牛肉粒浇饭
渝水岸•鲜货火锅(新村7店),https://www.dianping.com/shop/D7fWFpcQ1Dz6u2Em,155条评价,人均￥94,招牌毛肚 三味鸳鸯锅 鲜羊拼盘
状元阁烧烤店,https://www.dianping.com/shop/G5RLYIEUUqhirGOR,43条评价,人均￥8o,烤猪手 特色爆肚锅 茄盒
吉田君·日式食堂,https://www.dianping.com/shop/G8T3dEs4Yfb39LlU,167条评价,人均￥74,狮王卷 肥牛寿喜锅 寿司拼盘
窑啊窑烧烤(新村店),https://www.dianping.com/shop/k9CkuBN2IREYTiWY,485条评价,人均￥1o3,榴芒披萨 窑烤蜜汁梅肉 冷水毛肚锅
汤氏令海鲜烧烤,https://www.dianping.com/shop/G3bFcDmo5rOOefEC,1o3条评价,人均￥95,
清风雅舍,https://www.dianping.com/shop/G5ItK5rRJJ8p70Ho,3条评价,人均-,
满满时令海鲜(高新店),https://www.dianping.com/shop/l4cAM0YOZ4vzwG6K,257条评价,人均￥2o7,
尚亿海鲜批发,https://www.dianping.com/shop/k4Y5eig32xcSsNCH,23条评价,人均￥112,
川泸菜馆,https://www.dianping.com/shop/H50EOis9JgwrgZNb,1o9条评价,人均￥49,
金家鳗鱼活鳗料理烤肉,https://www.dianping.com/shop/k9jE3Q6W8hKcrfZ4,87条评价,人均￥1o7,
满满海·湖畔九号,https://www.dianping.com/shop/jmDeP9fK204O0Rmh,358条评价,人均￥229,
炭之家烤肉(大庆店),https://www.dianping.com/shop/H7eRWHlLA4TC4iaN,1167条评价,人均￥75,
老生蚝宅,https://www.dianping.com/shop/G91W2sftMfZDYoWa,332条评价,人均￥89,
睿鑫尝鲜,https://www.dianping.com/shop/l3nKHaFDBGjjIzcl,15条评价,人均-,
