桃姐农庄老字号(温泉镇总店),https://www.dianping.com/shop/k10caamr6RSZu2Tq,4635条评价,人均￥66,农家红糖糕 荔枝木炭烧鸡 铁板煎豆腐
乡色农庄·簸箕三味鱼,https://www.dianping.com/shop/G9sq6YabS7TUAsmn,755条评价,人均￥67,荔枝炭烧鸡 招牌筛箕三味鱼 油盐蒸流溪河瘦身鲩鱼
竹泉农庄,https://www.dianping.com/shop/jQLIfqxYI7A0aIuP,13o8条评价,人均￥65,竹筒饭 辣木叶虫草花竹丝鸡竹筒汤 竹筒白贝鸡
山海竹筒饭(温泉镇店),https://www.dianping.com/shop/l4LW5qv91YQJEjen,2o52条评价,人均￥64,香菇肉碎竹筒饭 姜汁油盐竹筒饭 山坑螺蒸排骨
六三市永丰农家菜,https://www.dianping.com/shop/lapLLtfg16Bv87AP,1424条评价,人均￥71,泥焗走地鸡 高山香草烤羊排 泉水猪肉汤
荔博园果木烧鹅(从化店),https://www.dianping.com/shop/H5gRV5ywkdXeVIvi,397条评价,人均￥75,招牌果木烧鹅 烤肉土豆包 芝士生蚝
祥辉餐厅(佛冈27年老字号店),https://www.dianping.com/shop/k90WhvlfJYBwxM3a,222条评价,人均￥62,椰子鸡 柴火手工河粉 榴莲椰子浸鸡鸡
水厅农庄,https://www.dianping.com/shop/G2DlezpdVSbfhXE1,1234条评价,人均￥66,招牌手打肉丸 烧鸡 煎豆腐
博雅山房(太平镇店),https://www.dianping.com/shop/H9oZ3OFLxuIYl5qd,1196条评价,人均￥92,博雅挂炉烧鹅 煎酿自磨豆腐 竹筒蒸手打肉丸
李家牛庄,https://www.dianping.com/shop/G4OXpA3zEN33YlDc,678条评价,人均￥78,沙姜焗牛肉 牛肉饭 牛蹄汤
亮点农家菜,https://www.dianping.com/shop/l7yuctFxga1PdGds,161条评价,人均￥65,山坑螺 肉丸 松糕
小桥人家山庄,https://www.dianping.com/shop/G1ChzeEv0XWRM4s0,3o8条评价,人均￥67,无花果浸鸡 清蒸娟鱼 吕田酿豆腐
荔下豆花,https://www.dianping.com/shop/k6A6BUUHP9iNfw8w,2o7条评价,人均￥7,招牌山水豆腐花 荔下石磨豆花 鲜草凉粉
小天鹅酒楼,https://www.dianping.com/shop/laSsE22xOhkqEJJw,114条评价,人均￥7o,水库鱼 紫苏炒山坑螺 走地鸡
天记煲仔饭,https://www.dianping.com/shop/H682F5kQPXtfjeYj,397条评价,人均￥47,五柳炸蛋 红烧大肠头 招牌黄鳝饭
泰浪巨乐部·泰国大排档(欣荣广场店),https://www.dianping.com/shop/G8vClc92z4rPUZ1g,84条评价,人均￥75,菠萝炒饭 遗失配方的冬阴功汤 前男友奶油虾
先先宏记碳火菜,https://www.dianping.com/shop/FvSaD9vqIfn1uqYt,838条评价,人均￥82,碳火大锅鱼 山泉浸鸡 鲜笋炒肉
味稻喜宴,https://www.dianping.com/shop/k70JtlQBa5wkKFi8,1o7条评价,人均￥8o,香煎咸薄撑 金牌马冈烧鹅 红米肠
SUNSANI CAFE森三里(从化社区店),https://www.dianping.com/shop/la555hVUqDbDq8pj,162条评价,人均￥38,酸奶芝士 栗子布朗 小可可
石锅水库鱼,https://www.dianping.com/shop/G7uJKxIkYsg8vvvl,186条评价,人均￥85,特色铜锅洋芋焗饭 石锅鱼汤 水库缩骨大头鱼
泉韵山房,https://www.dianping.com/shop/H38c7Vk1QuxkcTAN,1o17条评价,人均￥52,野生鸡枞菌浸鸡 矿泉水石橄榄浸鸡 酸菜鱼
泉水鱼荘(太源路店),https://www.dianping.com/shop/k4n4lj6dcphZAmop,613条评价,人均￥41,石锅鱼 豆腐 配菜
云台居山庄,https://www.dianping.com/shop/k5qcWjZGR9ajEPv4,454条评价,人均￥69,泉水浸走地鸡 马拉糕 锅子水库大头鱼
柴火宴(温泉镇店),https://www.dianping.com/shop/k2WJjYYg0zJGlRed,411条评价,人均￥67,荔枝柴烧鸡 山泉水瘦身皖鱼 红糖松糕
韩拾林·韩料食堂(欣荣店),https://www.dianping.com/shop/l5OosjjNeXlBJywj,77条评价,人均￥45,小虎部队锅 烤牛肉石锅拌饭 满满一口金枪鱼
蛙小侠(欣荣广场店),https://www.dianping.com/shop/lab7BOROWyuG7ilG,34o条评价,人均￥82,
天人山水·乐佸餐厅,https://www.dianping.com/shop/k1E1hyjnlNzgyIPD,86条评价,人均￥128,
从化南洋农家大院,https://www.dianping.com/shop/l6SYs3xYn3ilJZEZ,146条评价,人均￥71,
瘾ADDICTION日啡夜酒·精酿啤酒,https://www.dianping.com/shop/l5cjIHj17JoF6IIK,22条评价,人均￥38,
香满园秘制掌亦煲,https://www.dianping.com/shop/H3mzw70NIWWVJl10,358条评价,人均￥52,
SUNSANI CAFE森三里歌剧院(从化店),https://www.dianping.com/shop/Ha80RfClh001R85Y,174条评价,人均￥45,栗子布朗 草莓燕麦拿铁 双倍巧克力
鮨鼎鲜.刺身.寿司.和食(欣荣店),https://www.dianping.com/shop/l9bLV5Zj3TvdirFR,178条评价,人均￥88,三文鱼 皇牌寿司拼盘 鳗鱼寿司
同心农庄(温泉大道店),https://www.dianping.com/shop/k6nUngMKwVQcHV85,486条评价,人均￥62,石橄榄浸鸡 同心烧鸡 招牌特色红身豆腐
椰林海鲜码头(从化店),https://www.dianping.com/shop/H8KqaSFap6FkgSKt,998条评价,人均￥141,烧汁鲍鱼 脆炸九肚鱼 盐焗花螺
粮仓猪踭汤餐馆,https://www.dianping.com/shop/iHAR36gBeYVlz0NT,29条评价,人均￥56,猪踭汤 芋头鸭 白切猪杂
金海农家菜馆,https://www.dianping.com/shop/G829DXCaIV2Pr3Qs,965条评价,人均￥56,招牌鲍汁豆腐 红葱头石螺蒸鸡（例） 清蒸流溪河水库鱼
仙溪美食农庄20年老字号(温泉镇店),https://www.dianping.com/shop/G8APvl22i32rhV6q,277o条评价,人均￥58,叉烧酱煮排骨 爽脆莲藕嫩芽 紫苏炒山坑螺
脆脆六少·猪肚鸡·椰子鸡(从化欣荣宏店),https://www.dianping.com/shop/G4mmPpqA3I6BqGeT,124条评价,人均￥74,招牌原味椰子鸡 招牌腊味煲仔饭 聚财蟹籽福袋
seeya,https://www.dianping.com/shop/H3M3IegBQycNFKOU,72条评价,人均￥41,香芋漩涡 斑斓戚风 竹炭抹茶卷
南海食街(江埔店),https://www.dianping.com/shop/H8YcFdLwg6nj0isv,1274条评价,人均￥93,如意海鲜盘菜 煎酿豆腐 烧鹅
傍山小寨·流溪锅仔鱼,https://www.dianping.com/shop/l385LCjpjVCjWLlh,367条评价,人均￥58,荔枝炭烧鸡 煎酿豆腐 农家自种时蔬
柴火大院农家菜·客家菜·烧鸡(白水寨店),https://www.dianping.com/shop/Ga8xxi5FL8H0YvCs,389条评价,人均￥58,柴火大院吊烧鸡 番薯叶 农家红糖糕
从都国际庄园,https://www.dianping.com/shop/H2gImouqCPs6mWAU,236条评价,人均￥1464,秋日风情庄园下午茶 潮皇水绿酸菜炒安格斯牛肉 阳澄湖大闸蟹公
悠然居农庄,https://www.dianping.com/shop/k9rW7Q7rB9kO450F,1516条评价,人均￥72,特色荔枝柴烧鸡 马拉糕 松糕
Garden steakhouse嘉顿扒房,https://www.dianping.com/shop/k1svE5opD80Q5s6W,194条评价,人均￥177,肉眼牛扒 餐前面包 烤蘑菇沙拉
品乡味菜馆·瓦缸烧鸡,https://www.dianping.com/shop/kaPpzN2v1OFUVAse,133条评价,人均￥6o,招牌瓦缸烧鸡 清蒸无姜瘦身鲩鱼 古法泥焗鸡
亲子百果农庄,https://www.dianping.com/shop/k4eJIKfn0QnmEEbT,1763条评价,人均￥37,果园秘制吊烧鸡 果园自磨黑豆腐 紫苏炒山坑螺
悦榕农庄,https://www.dianping.com/shop/H1PfVuTYIx1RxvXg,43条评价,人均￥7o,呂田大肉 大盤蒸雞 清炒呂田大芥菜
象·素泰越料理,https://www.dianping.com/shop/k5ajJkOmewtzcjpj,1o条评价,人均-,泰式腌无骨凤瓜 芒果糯米饭 马来皇帝面包鸡
鸡怎山农庄,https://www.dianping.com/shop/H8IQB6ES0iKQKDJJ,1o5条评价,人均￥75,瓦煲焗鸡 五指毛桃浸鸡 煎酿山水豆腐
探鱼·鲜青椒爽麻烤鱼(从化欣荣宏店),https://www.dianping.com/shop/l7a9GeAvL4idOktW,1o25条评价,人均￥85,鲜青椒爽麻烤鱼 酱香味烤鱼 重庆豆花烤鱼
聚源农庄(温泉镇总店),https://www.dianping.com/shop/k3D7YDpTECDUkT8g,2o65条评价,人均￥49,泥焗鸡 红糖糕 煎让豆腐
陈记顺和牛肉火锅(欣荣广场店),https://www.dianping.com/shop/EJJlo0sfXx3e7PmC,3o1条评价,人均￥96,吊龙 嫩肉 肥胼
香竹农庄,https://www.dianping.com/shop/H4JSlvJk8w5HBFI3,616条评价,人均￥63,排骨竹筒饭 竹筒腊味饭 竹筒田鸡饭
十里洞石锅拌饭·炸鸡·小烤肉(从化欣荣宏店),https://www.dianping.com/shop/jnuNksk5gI2dAjiT,154条评价,人均￥49,烤肥牛石锅拌饭 爆浆鸡扒 十里洞秘汁烧五花
新转角庭园funnel咖啡·西餐,https://www.dianping.com/shop/H8UYeE89OTIve6GJ,134条评价,人均￥91,招牌黑椒培根意面 德式香肠大烤盘 白汁蘑菇海鲜意粉
新江酒楼老字号(良口镇店),https://www.dianping.com/shop/l2dObinnYxTKShXo,438条评价,人均￥61,特色功夫鱼 荔枝木烧鸡 沙姜捞猪肚
chinchin bistro,https://www.dianping.com/shop/H6a798VAl3yXrFoQ,1条评价,人均-,无花果布拉塔 青酱鳗鱼可丽饼 拿铁
馋猫海鲜大咖(河滨北路店),https://www.dianping.com/shop/k92xhsoWOzQgM2PM,2o1条评价,人均￥63,海鲜大咖 网红海鲜大咖 金鼎牛蛙
碧海山庄·农家菜,https://www.dianping.com/shop/G9vVRQ5xw1dNz9jR,672条评价,人均￥56,招牌瓦窑鸡 招牌瓦窑烧鸡 清蒸瘦身鲩鱼
