山芋腔苏北菜(盐城大丰店),https://www.dianping.com/shop/G1wp3WRfz1PiEmwj,5o2条评价,人均￥75,苏北名菜草鸡汤 滨海猪头肉 建湖藕粉圆
九田家黑牛烤肉料理(大丰吾悦店),https://www.dianping.com/shop/HambsbhUJPGsde6K,233条评价,人均￥1o8,照烧鸡腿饭 黑牛牡蛎肉 调味猪五花
明泽观止·烤肉馆(育红路中交店),https://www.dianping.com/shop/G2RCGlcChLYOkWCT,41条评价,人均￥1o9,五盐原切 一口牛 浇汁雪花牛肉
酉禧柿,https://www.dianping.com/shop/l4IeqGeDV5CjYlhA,12条评价,人均￥1o7,冬阴功 牛排能量沙拉 法式香草鸡翅
厚二和牛烧肉料理(大丰吾悦店),https://www.dianping.com/shop/l6cC8bmALTSD0J8V,249条评价,人均-,雪花特上眼肉 自制小菜调料 巧克力大福
小东北鸽子楼,https://www.dianping.com/shop/H3jtiMMI9kldwPpP,18条评价,人均-,小鸡炖蘑菇 锅包肉 东北大拉皮
小千烧肉居酒屋(大丰店),https://www.dianping.com/shop/G5eMAuZYzdGzJZ1L,129条评价,人均￥94,横膈膜 和牛肋条 安格斯牛三筋
迪拜大厨,https://www.dianping.com/shop/ifcHDs9pyeW7nbjH,49条评价,人均￥1oo,芒果大虾沙拉 丫啦拼盘俱乐部 焦糖布丁
A to Z咖啡·下午茶·融合简餐,https://www.dianping.com/shop/kaIeMlJUQDhp7qB1,2条评价,人均-,薄饼蔬菜素咖喱 班尼迪克无菌流心蛋吐司菠菜沙拉 菌菇带子焗饭
禧柿,https://www.dianping.com/shop/k9ItvEa0gAAadXUf,8条评价,人均-,酸菜鱼 脆皮飞天鱼 鲜椒过水鱼
火红灯笼·老北京自助铜锅涮,https://www.dianping.com/shop/l1DcvtP7vB9q87eQ,499条评价,人均￥81,肥牛 牛上脑 羊上脑
孙小鹿的小春日和(盐城大丰吾悦店),https://www.dianping.com/shop/G8qXahSqk4kP9Uio,13条评价,人均-,经典原味提拉米苏 巧克力梦龙提拉米苏 车厘子提拉米苏
春幸记(吾悦广场店),https://www.dianping.com/shop/k69CQwG4lZ3Qs5P9,93条评价,人均-,霸气牛腩 牛腩堡 潮汕海鲜粥
啵啵虾庄(大丰新词店),https://www.dianping.com/shop/jKWpmeiyqjRWiAq7,14条评价,人均￥89,金牌油焖大虾 龙虾面 脆皮羊肉串
大唐锅物料理(永泰店),https://www.dianping.com/shop/G4xmupX2iCgiAfRp,455条评价,人均￥81,胡椒猪肚鸡 皇上皇腊味煲仔饭 手打鲜虾滑
茶百道(大丰吾悦店),https://www.dianping.com/shop/G4gSRcwsRb9dMFyH,88条评价,人均￥15,奥利奥奶茶 豆乳米麻薯 冰乌龙
淮扬府(健康路店),https://www.dianping.com/shop/G1mqcYh1ToMICsuo,6o条评价,人均￥64,干丝 虾籽烧麦 鱼汤小馄饨
苏乡兰亭(大丰吾悦店),https://www.dianping.com/shop/HacnqkhFt0VZvFcs,3o4条评价,人均￥78,兰亭手撕鸡 冻奶仙桃 石锅泡椒牛蛙
17:59炙烤时分,https://www.dianping.com/shop/l5rDFjhQOfxsKEhO,31条评价,人均-,呼伦贝尔羊肉串 冰镇龙虾 六花肉
三里屯土灶台(大丰店),https://www.dianping.com/shop/l6iogMK6Cqfa3NYh,258条评价,人均￥92,地锅鸡 锅贴 爆炒螺丝
炭之家东北烤肉,https://www.dianping.com/shop/G9EOqFz1rw4qdfrz,12条评价,人均-,牛肋条 姜丝五花肉 东北冻梨
大椰子泰式餐厅,https://www.dianping.com/shop/H7zogtGl3HGFsaje,5条评价,人均-,泰式菠萝炒饭 牛肉炒河粉 脆爽豆芽
旨屋—日料,https://www.dianping.com/shop/l252tIkfIdMJOYGz,5o条评价,人均-,刺身 三文鱼厚切 有机蔬菜沙拉
与甜,https://www.dianping.com/shop/k5yVbuSzNZpSNPDt,57条评价,人均￥57,寿喜烧牛肉意面 提拉米苏 牛油果鲜虾沙拉
台北饭店,https://www.dianping.com/shop/l4ZLWkC1TnCz31ON,48条评价,人均￥18,鱼汤面 鱼汤馄饨 包子
好牛好事(恒生店),https://www.dianping.com/shop/EROZrlab3anlbMIL,379条评价,人均￥1o9,吊龙 手打鲜牛肉丸 匙柄
李肆烧烤(大丰中央名府店),https://www.dianping.com/shop/k5woKNXiJYVyhhDn,17条评价,人均-,芝士南瓜 芝士兰瓜 牛蛙
二当家砂锅串串火锅(大丰店),https://www.dianping.com/shop/k5M6L75RbGpiUBZY,182条评价,人均￥72,串串 嫩牛肉 二当家冰粉
炭之物语韩式烤肉(中交店),https://www.dianping.com/shop/G26Ugxj4ytEnFWw3,827条评价,人均￥69,自助南瓜粥 烤秘制雪花牛肉 烤三色五花肉
等鱼柒豆花烤鱼(大丰吾悦广场店),https://www.dianping.com/shop/G8nvkQEKKdXZBQnV,228条评价,人均-,荔枝烤鱼 招牌豆腐花烤鱼 茄汁烤鱼
培友餐厅(中交美庐城店),https://www.dianping.com/shop/is2HhZkdyWKnm5qG,561条评价,人均￥81,酸汤肥牛 糖醋里脊 招牌元宝虾
海底捞火锅(吾悦广场店),https://www.dianping.com/shop/H6HZsQvXwM4f4O1i,149条评价,人均￥98,番茄锅底 招牌虾滑 小酥肉
东北木火铁锅炖,https://www.dianping.com/shop/jsDPtB3mRo1JCtoE,6o条评价,人均-,玉米鸡蛋锅贴 东北粉条 土豆干
七七地摊火锅(大丰吾悦店),https://www.dianping.com/shop/G26wFzNkp2hyQGiQ,148条评价,人均-,现炒底料 新鲜猪肉 招牌排骨
金沙嘴海鲜自助(吾悦广场店),https://www.dianping.com/shop/l4xyA5dexH22YV7Q,412条评价,人均￥1o2,披萨 螃蟹 生蚝
吴小宝自助餐厅,https://www.dianping.com/shop/l7HDeOYG0yrvTzE5,11787条评价,人均￥48,五花肉 羊肉串 慕斯蛋糕
辣主意川菜馆,https://www.dianping.com/shop/i1F2ZlDdyCPyUP81,136条评价,人均￥32,辣子鸡 酸辣蕨根粉 麻辣鱼
好牛好事(吾悦广场店),https://www.dianping.com/shop/G93FaPeO1Sq59ry3,92条评价,人均￥96,手打鲜牛肉丸 吊龙 极品雪花
福建特色闵东小吃店,https://www.dianping.com/shop/ka1NyiEb9k6calkZ,1条评价,人均-,大排面 煎蛋 鸡腿饭
塔斯汀中国汉堡(吾悦华府店),https://www.dianping.com/shop/H4PzGvHrLXwP9YUc,5条评价,人均-,藤椒鸡腿汉堡 香辣鸡腿中国汉堡 上校鸡块
米家水塔糕,https://www.dianping.com/shop/l3ib93zb6pKeqGVx,24条评价,人均-,芝麻水塔糕 红糖水塔糕 原味水塔糕
椿风·养身茶饮(大丰吾悦广场店),https://www.dianping.com/shop/l6DGaykjpbnZXi52,4条评价,人均-,月染桂燕麦奶茶 好柿绵绵冰 人参熬夜水
后旗羊庄·烀鲜羊·烤全羊(大丰店),https://www.dianping.com/shop/kaMoW29rCw9cedaN,56条评价,人均-,招牌羊肉串 现挑羊肉 新鲜羊排
黄房子餐厅,https://www.dianping.com/shop/G1osGJVTXSFayLIw,32条评价,人均￥76,经典芝士牛肉汉堡 巴斯克蛋糕 法式向日葵
仟本悦自助餐厅(大丰吾悦广场店),https://www.dianping.com/shop/l93XI1KD3nxxa9E7,164条评价,人均￥77,仟本悦上脑牛排 芥末章鱼 仟本悦猪梅肉
大唐锅物料理(大丰吾悦店),https://www.dianping.com/shop/H3rF42T1PWpfUEfv,194条评价,人均￥88,胡椒猪肚鸡 皇上皇腊味煲仔饭 养生乌鸡卷
七欣天(新村西路吾悦广场店),https://www.dianping.com/shop/H7x6W4z5NoWRs0Fm,131条评价,人均￥125,海鲜夜宵 脆嫩毛肚 螃蟹
虾味怡(阳光店),https://www.dianping.com/shop/G6QyMi3nO844WFB7,9条评价,人均-,冰爽龙虾 水库花鲢鱼头 炒花甲
花味烤肉(大丰吾悦店),https://www.dianping.com/shop/k9rDHuUEHoIn9dff,187条评价,人均￥91,烤调味五花肉 黑椒肥牛 原味牛肉
颐府风肴,https://www.dianping.com/shop/G6VPwNOrgBWzKj61,31条评价,人均-,颐府泡椒鸡 颐府椒麻鸡 椒麻肥肠鱼
膳良鲜生精致料理,https://www.dianping.com/shop/jNmBvyBmKIcWbUKg,272条评价,人均￥93,
味府(大丰吾悦店),https://www.dianping.com/shop/l1q9lHKW6UQBSWiv,59条评价,人均￥8o,
Oh My Bear(吾悦店),https://www.dianping.com/shop/k4obkvxFhXChuQc5,99条评价,人均￥59,
川香满福楼,https://www.dianping.com/shop/H10Pd2KXg9hqWmFw,34条评价,人均￥89,
食全舌美 这个饭店(大丰区店),https://www.dianping.com/shop/k456ElNia6HiJYg9,22条评价,人均￥53,
Double U花园餐厅(名都广场店),https://www.dianping.com/shop/k2OiC0A7b8Ph5PWW,57条评价,人均￥87,
韩福台炭火烤肉庄园(大丰店),https://www.dianping.com/shop/HaW1fjRUC7w0iPI5,3764条评价,人均￥39,
牧语记·冰煮羊火锅(大丰店),https://www.dianping.com/shop/H5rtX88RGeIxWl2t,8o条评价,人均￥85,
秦云老太婆摊摊面(大丰店),https://www.dianping.com/shop/k2AdnrclYcweyjzs,484条评价,人均￥14,
淮扬楼(金丰南大街店),https://www.dianping.com/shop/G5Oo5gsS2D7eoO8q,227条评价,人均￥58,
