老凯里酸汤牛肉火锅城,https://www.dianping.com/shop/GadvxDhCAbcmREi8,72条评价,人均￥57,牛肉 酸汤 牛杂
侗乡山庄,https://www.dianping.com/shop/G6SiDWvPUyNr9bxd,5条评价,人均-,蒸芋头 自燃烤鱼 酸豆角
侗阿哥餐厅,https://www.dianping.com/shop/l1j0MMFpA6ZaliUa,2条评价,人均-,
沙县小吃(从江一小店),https://www.dianping.com/shop/l8Yl0r0fwI1IPD4A,1条评价,人均-,爽口馄饨 飘香拌面 小笼包
家厨妈妈的味道(从江店),https://www.dianping.com/shop/H87Jptu971YpSuxI,44条评价,人均￥52,生煎牛肉 海皇粉丝 家厨蜜汁鸡
袁记五香菜馆,https://www.dianping.com/shop/FpcIr17Lg3vH6uQL,51条评价,人均￥55,清汤香猪 烤香猪 干锅香猪肉
今晚烤肉,https://www.dianping.com/shop/l3ht3l9PHu3CUkCh,5条评价,人均-,卤鸡脚 牛肉炒面 海鲜炒面
集贤知味食馆,https://www.dianping.com/shop/l4iaIOUmm3u6pkno,2条评价,人均-,铁板田鸡 苦瓜炒蛋 酸菜鱼
爸爸炒料牛排老火锅(从江店),https://www.dianping.com/shop/G899MgtGjRksscv5,1条评价,人均-,鸭肠 上脑肥牛 手工虾滑
香猪美食(中心店),https://www.dianping.com/shop/FM8ohcxJkeyp0xT6,158条评价,人均￥59,烤香猪肉 清汤香猪火锅 干锅香猪肉
侗乡居土菜馆,https://www.dianping.com/shop/joMi37FwZixKomy3,24条评价,人均-,
益禾堂(二桥大道店),https://www.dianping.com/shop/k6auYdCl2XyLsUbs,7条评价,人均-,
九洲石锅鱼店,https://www.dianping.com/shop/H2oMQg8e3Rr3ViQI,11条评价,人均-,
云梯会(从江店),https://www.dianping.com/shop/l9ExtsxlWpo2lzLd,66条评价,人均￥68,
留一手烤鱼2店(第二店),https://www.dianping.com/shop/FeZNUJ2Fhybh0V8p,2条评价,人均-,
吴记牛肉馆,https://www.dianping.com/shop/EXhp9btWTCfjGJHT,5条评价,人均-,
凯里特色牛肉馆,https://www.dianping.com/shop/k9PH97c8QbcjykHp,3条评价,人均-,黄焖牛肉
北巷烤肉料理,https://www.dianping.com/shop/H3K1mhbbrwP0mn5A,4条评价,人均-,九宫格套餐 酸菜炒饭 糟辣炒饭
鑫源牛肉馆(从江店),https://www.dianping.com/shop/l7XCtJB3DQ7ndaKd,21条评价,人均￥6o,鲜牛肉 酸汤锅底 蔬菜自助
欣旺牛杂,https://www.dianping.com/shop/kaSLkslUt8mUei7v,,人均-,
味霸面馆,https://www.dianping.com/shop/G5GmOOmnsHEPjfFV,2条评价,人均-,辣子鸡面 炸酱面
侗乡缘食府(从江店),https://www.dianping.com/shop/H8EJ1qVNUAxlJXVQ,32条评价,人均￥64,侗家腌鱼 现杀小黄牛 苗王鱼酱酸
江东农贸市场,https://www.dianping.com/shop/ivukBbfKzSURyDNY,2条评价,人均-,
茶颜如玉,https://www.dianping.com/shop/l96x171K4knWOPUk,,人均-,原味凉虾 葡萄波波冰粉 水晶紫薯冰粉
城南旧事,https://www.dianping.com/shop/il4lKS1LPGdRAYlu,,人均-,苦瓜炒牛肉 蒜泥生菜 拍黄瓜
香猪美食(洛香店),https://www.dianping.com/shop/H7Ee4CYpP4schXlR,28条评价,人均￥62,脆皮烤香猪 干锅香猪肉 清汤香猪火锅
牛华绿缘麻辣烫(建安路店),https://www.dianping.com/shop/H3b5KCUVPF67s8D7,3条评价,人均￥61,青鱼 牛肉
盾皇咖啡,https://www.dianping.com/shop/k3nw4doaEidcNOR0,,人均-,摩卡咖啡 鱼香肉丝 回锅肉
华莱士·全鸡汉堡(从江店),https://www.dianping.com/shop/laeL4YfJWr1lmDnQ,28条评价,人均-,蜜汁手扒鸡 鸡米花 辣味鸡肉卷
塔石香羊馆,https://www.dianping.com/shop/H38vWyp6RjDc7HxG,6条评价,人均-,羊血 酸汤菜
三肠牛杂火锅王,https://www.dianping.com/shop/FS9GD8eubOZwyfQo,1条评价,人均-,
好粥道(环城路店),https://www.dianping.com/shop/l2kiukB6UMRKHzHX,,人均-,肉沫青菜粥 咸骨粥 烤鸭肠
从江县香猪鲜生火锅城,https://www.dianping.com/shop/l3Cd3C77fXnmHWrD,8条评价,人均-,香猪肉大盘 酥肉 腐竹
两那咖啡艺术空间,https://www.dianping.com/shop/laUZWXNWjO1gGcOK,3条评价,人均-,冰爽摩卡 香浓拿铁 现榨橙汁
凯里潘老大稻香狗肉馆,https://www.dianping.com/shop/H7l7xrJfQCE6aVJ6,12条评价,人均￥72,干锅狗肉 清汤 酸汤猪脚(排骨）
苗侗风情土菜馆,https://www.dianping.com/shop/k4ITqdfG6ZbKraW2,1条评价,人均-,白酸汤鱼火锅 精品江团 红酸汤
酒别重逢烤吧,https://www.dianping.com/shop/H8epBAIQsPOxyYDe,,人均-,
RotiDaddy罗蒂爸爸(南下店),https://www.dianping.com/shop/G6kYpTmBjsAxtlyH,2条评价,人均-,咖啡包 QQ茉莉奶绿 芒果燕麦奶茶
榕江卷粉,https://www.dianping.com/shop/H1R6j0pnUWjUTswj,9条评价,人均-,卷粉
梅林鱼馆(从江店),https://www.dianping.com/shop/k3uS2PQujD8uMTpL,3条评价,人均-,酸汤鱼一斤 干锅香猪 生鱼片
古榕侗家餐厅,https://www.dianping.com/shop/k37BiDJee4MK5PjF,5条评价,人均-,爆炒小龙虾 酸汤鱼 侗家腌肉
贵阳破酥包,https://www.dianping.com/shop/k7QnLrsVMHh9ixOu,,人均-,鲜肉包 酸菜包 芝麻白糖包
享哆味汉堡炸鸡(从江店),https://www.dianping.com/shop/G8s3li0YHgBJwGmc,8条评价,人均-,香酥鸡排 韩式炸鸡 香辣鸡腿堡
岜沙枪手人家饭庄,https://www.dianping.com/shop/G9KakTxVgNCm8efU,26条评价,人均￥71,野生白花菜 爆炒香猪 辣子鸡
黔味醉美印象,https://www.dianping.com/shop/l7Ft9lIZqu3jQDLe,6条评价,人均-,红烧肉 麻婆豆腐不配米饭 酸辣土豆丝不配米饭
从江厨房,https://www.dianping.com/shop/G1OAEd4jLNaJasIQ,9条评价,人均￥2o,侗乡过桥水蕨菜 剁椒鸡蛋 米粉
臻滋味蛋糕店(俞家湾路店),https://www.dianping.com/shop/lapgOk35GT46dMcc,1条评价,人均-,水果蛋糕 网纱粉玫瑰 鲜果多拼
RotiDaddy(罗蒂爸爸北上店),https://www.dianping.com/shop/H7Om3bj5RUJcpZoY,,人均-,草莓面包 百香柠檬双响炮 招牌白咖啡
百味私房菜,https://www.dianping.com/shop/l4OtvfyEq6yKimxe,3条评价,人均-,红肉 酸汤猪脚 牛瘪
十里香餐馆,https://www.dianping.com/shop/H3YgQ2eHor2FZFx3,2条评价,人均-,胡萝卜炒肉 香干炒腊肉 红烧肉
留一手烤鱼(广成线店),https://www.dianping.com/shop/G55uNhRCyCq0E17M,,人均-,烤江团鱼 凉拌猪耳 凉拌花生米
咖啡教育,https://www.dianping.com/shop/k7JAeC7ytn1vfBJC,,人均-,
俞少爷铁板鸭肠,https://www.dianping.com/shop/H9ITOeNUxe66ZGdZ,1条评价,人均-,干辣椒炒粉 炒米线 青岛大虾
琉璃净(从江店),https://www.dianping.com/shop/l5dqOaK0yUKN3l87,1条评价,人均-,超椰烧仙草 大百香果双响炮 斑斓生椰拿铁
陈嬢嬢冰粉铺子,https://www.dianping.com/shop/l7VsJPCXhHah1Myz,1条评价,人均-,传统冰粉 四色芋圆冰粉 桂花酒酿小圆子冰粉
从江心想颂籁大酒店,https://www.dianping.com/shop/l2cnhaeaS6CmmFnf,8条评价,人均-,天麻炖土鸡盅 杏鲍鱼菇炒牛肉 辣椒酱
鲜羊王羊肉粉,https://www.dianping.com/shop/H3BVWDt49E8Ky0nP,,人均-,卤蛋 特大羊蹄 大羊蹄
雅阁餐馆,https://www.dianping.com/shop/H2ZGdGe5LRiA5mqv,,人均-,牛肉炒芹菜 排骨汤 紫菜蛋花汤
养身沅野生菌,https://www.dianping.com/shop/G1dznLrR2dgMcQhY,,人均-,白灵芝 松茸菌 蟹味菇
旧时光,https://www.dianping.com/shop/k86WyJrSoJRP1yEx,9条评价,人均-,农家小炒肉 鱼头王 牛排火锅
