7号店法餐厅(纳帕溪谷店),https://www.dianping.com/shop/G92Qyu1R9cN5HtBQ,159条评价,人均￥139,香煎鹅肝配黑鱼子 深海鱼排拼海虾 法式鹅肝
熬鱼馆(田家店),https://www.dianping.com/shop/G7INBrizJVNf4laO,9o条评价,人均-,脊骨锅 大碴粥 铁锅炖鱼
海港尚宴,https://www.dianping.com/shop/l6rR3qz0jHaC9yRo,8条评价,人均-,五彩拉皮 秋葵 雪绵豆沙
小时候文化主题餐厅(田家店),https://www.dianping.com/shop/l9k3UmheuIChz3uu,455条评价,人均￥74,河蟹豆腐 烤地瓜 炸茄盒
米兰西点(大洼店),https://www.dianping.com/shop/H650KWxttynFmzIu,1o62条评价,人均￥55,牛排黑胡椒 水果比萨 黑椒牛柳炒意面
奇味重庆鸡公煲(润田店),https://www.dianping.com/shop/l8afMpDjbLWpOoEV,1o14条评价,人均￥3o,重庆鸡公煲大煲 金针蘑 豆油皮
梁之味骨头馆,https://www.dianping.com/shop/k5BUqokGOytcBAqN,19条评价,人均￥72,棒骨 老汤土豆 刀鱼咸白菜
友联活海鲜馆,https://www.dianping.com/shop/H2jF6PW1I5J5UQvj,14o条评价,人均￥75,活海鲜 河蟹 海鲜大咖
吃惑小串(大洼店),https://www.dianping.com/shop/l19Ubk3aUymS3KGG,11条评价,人均￥88,烤豆角 排骨串 心管
梵登芭䔧,https://www.dianping.com/shop/H9aws8K0dZr88UEH,2o条评价,人均-,推推乐 全麦切片 蝴蝶酥
观湖咖啡,https://www.dianping.com/shop/H6nJqnHlgN5S7Vpw,8条评价,人均￥47,玉米汁
大棚烧烤,https://www.dianping.com/shop/G25DG2I3Ou7t6rIe,5条评价,人均-,特价羊排 特色饺 辣炒杂贝
鱼之蛙传奇烤鱼炭炉牛蛙(新天地店),https://www.dianping.com/shop/l5pLnYjJmUoE5Bfn,4oo条评价,人均￥57,碳炉馋嘴牛蛙 碳烤麻辣烤鱼 皮蛋豆腐
调·火锅,https://www.dianping.com/shop/laWhvZy04wHqBFoR,13条评价,人均-,调·大片叶毛肚 黑豆豆腐 生煎指拇包
良厨味之道(田家店),https://www.dianping.com/shop/H1rfBLPgJBsUUe6j,75条评价,人均￥7o,新派松鼠鱼 刘老传世炸丸子 老板爱吃的豆腐
高兴一锅·潮汕鲜肉火锅(大洼店),https://www.dianping.com/shop/H9UztHrJBfJ8hHGo,7o条评价,人均￥75,牛骨高汤锅 潮汕炸腐皮 双料牛腩锅
辽东湾老码头海鲜渔港,https://www.dianping.com/shop/k7CIUYB2JLBNw6iI,139条评价,人均￥98,八爪鱼焖排骨 原汁牛肉 河蟹豆腐
老北京炭火锅(田家店),https://www.dianping.com/shop/k2RjJHpozBHYXkEx,169条评价,人均￥43,一米高钙羊肉 手工鲜虾滑 特色手擀面
三棵树农家铁锅炖,https://www.dianping.com/shop/H3oqXq0z2uYePfGR,1o2条评价,人均￥63,大饼子 笨鸡 锅贴
金山烤肉(大洼店),https://www.dianping.com/shop/H1OqPVaoPu5guens,149条评价,人均￥83,秘制牛五花 韩式盆拌饭 金山烤肉
雷子烤肉馆(昆仑店),https://www.dianping.com/shop/k6U63jWXIpBqfY6n,127条评价,人均￥66,肉筋 美肥 手工牛肉蒸饺
鲀鱼味道河鲀鱼养生专门店,https://www.dianping.com/shop/l7mvWQnSTIFYiOJc,11条评价,人均-,煮粥米饭 奶香河tun鱼 压锅黄金勾豆角
串门烧烤,https://www.dianping.com/shop/l7QSCR2JiOQTWmsR,2条评价,人均-,牛肉串 羊肉串 枣肠
大豪肉铺,https://www.dianping.com/shop/k3rJglO3NkxbvhpI,17条评价,人均￥88,心管 牛上脑 肥牛
刘炭长牛烧大块烤肉(大洼店),https://www.dianping.com/shop/l4Uxw59UlzpvW2Vy,57条评价,人均-,黑椒打块肉 玉米饼 蜜汁梅花肉
老北京羊蝎子(田家店),https://www.dianping.com/shop/k3hkF7S0sBBSo7mt,258条评价,人均￥92,精品全家福小锅 面片 上品肥牛
锦韵天阁海鲜酒楼,https://www.dianping.com/shop/G5XCxBm6ySBuEjP3,29条评价,人均￥75,烤排骨 蜇头炖五花肉 烧夹子豆腐小份
山河饼局(大洼红悦广场店),https://www.dianping.com/shop/iAHDnz5meIrsegDn,14条评价,人均-,鲜乳提子麻薯 泡芙 蛋黄酥
锦州烧烤,https://www.dianping.com/shop/laQAfi8WR1RJ1DuE,14条评价,人均￥91,羊肉串 烤鸡架 心管
聚鲜阁海鲜自助(紫澜门店),https://www.dianping.com/shop/k95TjH2eteOS7FAe,473条评价,人均-,蛎蝗 飞蟹 鲍鱼
邵汇大虾(田家店),https://www.dianping.com/shop/k4CUEj5EKdl2dddl,24条评价,人均-,红糖糍粑 招牌虾锅 麻团
田家大院海鲜烧烤大排档,https://www.dianping.com/shop/l5nIaay3xHANgCew,34条评价,人均-,马勺心管 麻辣排骨串 烧椒皮蛋
好利来(红悦广场店),https://www.dianping.com/shop/G9VnAbTnUvtvauh0,3条评价,人均-,酷洛米恶魔杯 岩烧乳酪肉松包 枫糖唱片
恰享苏鲁锭冰煮羊火锅(田家店),https://www.dianping.com/shop/l6LZiC2Kit7WjsYn,97条评价,人均￥76,苏尼特羔羊肉 腱子肉 羊羔肉
大江户主题餐厅,https://www.dianping.com/shop/G120fShZ8YN3zx4U,114条评价,人均-,海鲜炒饭 三文鱼金枪鱼北极贝 日式脆皮虾
兴盛熏肉大饼,https://www.dianping.com/shop/EIbymRCwIjT50AuM,1o74条评价,人均￥26,
花时烘焙,https://www.dianping.com/shop/GaVkvtC05A3RPAPT,25条评价,人均-,
小牛炭火烤肉,https://www.dianping.com/shop/l15nHrqUA4sQoixc,5条评价,人均-,
恩典烤羊腿,https://www.dianping.com/shop/k9JkUapnUMAPQQnN,5条评价,人均-,
二界沟海鲜馆(金源街店),https://www.dianping.com/shop/H8l84kzINRba2pXB,27o条评价,人均￥86,
鲜一烤肉(红悦广场店),https://www.dianping.com/shop/H11vpIjW1xmqIOlA,73条评价,人均-,
徐记水煮鱼,https://www.dianping.com/shop/GaY2skzPo4YwLfjO,2条评价,人均-,
九公子串串香火锅,https://www.dianping.com/shop/l5ypY1ulMd1jxyWg,2条评价,人均-,
风味骨头馆,https://www.dianping.com/shop/G430vVsnX65yF8fh,14条评价,人均-,
齐齐哈尔大片烤肉·炒饭·冷面·辣炒,https://www.dianping.com/shop/GasfJplZhyl0FL6e,27条评价,人均-,
老乡村狗肉馆(兴隆街店),https://www.dianping.com/shop/k1I8AcN6rA2eeEMM,2条评价,人均-,老乡村带皮狗肉
老张太太特色小卷饼(第3号店),https://www.dianping.com/shop/EU90xhMrlikplKp5,44条评价,人均￥16,飘香羊肉串小卷饼（小份） 香辣无敌小卷饼 凉皮两掺（大）
丰赫老式锅包肉,https://www.dianping.com/shop/l7ms5dnJzFvrM1gX,2条评价,人均-,老式锅包肉 干炸里脊 樱桃肉
牛排牛尾一锅香,https://www.dianping.com/shop/H5jg0CQoo9s6BZb5,4条评价,人均-,花卷 鲜豆腐 油麦菜
千签小炉小串,https://www.dianping.com/shop/G5NvePmqliLlpmZf,3条评价,人均-,猪肉边（4串） 羊排串（10串） 辣炒巴沙鱼
空容茶食酒馆,https://www.dianping.com/shop/l9XGD9Oq5Z7GUDEg,13条评价,人均-,拿铁咖啡 草莓水果茶 大红袍
紫云轩火锅(大洼店),https://www.dianping.com/shop/G15R9Tqd8S8svT2u,23条评价,人均￥71,四味锅 虾滑 高钙羊肉
金社长三斤六两烤肉店,https://www.dianping.com/shop/k7dHaXYn3GN0BLsp,138条评价,人均￥65,秘制大块肉5.9/两 大冷面 原味肥牛6.9/两
志怀清真饭庄,https://www.dianping.com/shop/H7CHFydKyjKJSwRx,22条评价,人均￥38,熏窝骨 牛肉馅饼 熏羊排
酒号巴士林道电音餐厅,https://www.dianping.com/shop/G1YBzgbEn3GULKec,8条评价,人均-,青岛精酿 蒜蓉生蚝 炭烤碟鱼头
刘记光大火锅鸡(兴隆三百店),https://www.dianping.com/shop/G4Tg2TbldNHYsbN1,45条评价,人均-,青菜不限量 青菜不限量供应 玉米丸子
童年泥炉烤肉烧烤,https://www.dianping.com/shop/H6Jx1fP2P4n6qJKi,1条评价,人均-,红薯土豆片拼盘 生菜叶 鲜牛肉粒
欣洋洋蛋糕工作室,https://www.dianping.com/shop/k30PwE9oTiM7oIzi,185条评价,人均-,猪猪蛋糕 布朗熊蛋糕 皇冠特惠蛋糕
纳西人家斑鱼庄(大洼店),https://www.dianping.com/shop/l9Eaqa08ZDZbU0IJ,4o条评价,人均-,蝴蝶斑鱼片 椒盐鱼骨 鱼下巴
大拇指蛋糕(田家店),https://www.dianping.com/shop/H2DDnGK8lzGnE1Dr,398条评价,人均￥39,起司蛋糕 酸奶芒果慕斯 奶油蛋糕
