杨胖子烧烤,https://www.dianping.com/shop/k7BNVjAlLRiCFDi4,1314条评价,人均￥89,麻辣嫩腰片 蒜香牛肉 香酥五花肉
大口巴肥肠血旺(长春西路店),https://www.dianping.com/shop/kaI7xkKjaBgcqAJ0,2o4o条评价,人均￥36,肥肠血旺 凉拌白肉 耙耙菜
夜不收荤豆花(大邑总店),https://www.dianping.com/shop/H7zNTB9Qij883JFY,126o条评价,人均￥73,夜不收荤豆花 肥肠血旺 石锅土豆饭
向师饭店,https://www.dianping.com/shop/H4HUBvl2y2lZWw6K,889条评价,人均￥51,卤猪蹄 卤肉 麻辣豆腐
天福美院·老厂酒菜馆(天福街店),https://www.dianping.com/shop/l5S5RCdtzQmo3tR1,687条评价,人均￥74,蜀知道油豆腐 爆炸土豆片 豆花鱼
郑烧烤,https://www.dianping.com/shop/l6d5W4XoyTanyl7o,484条评价,人均￥85,烤牛肉 烤腰片 茄子
港火烧烤(小石桥店),https://www.dianping.com/shop/H6aSIsHYZJ1C8eCP,811条评价,人均￥73,大刀腰片 烈火牛肉 酱香排骨
阿多私房菜(大邑安仁店),https://www.dianping.com/shop/G4EVrGXhmUzwzsDj,6o7条评价,人均￥137,桑拿鱼 桑拿鸡 伦教糕拼马拉糕
周血旺老店,https://www.dianping.com/shop/k4kKvIPaaTXtmP45,1335条评价,人均￥39,肥肠血旺 凉拌鸡 麻油鸭子
游血旺(安仁老店),https://www.dianping.com/shop/G7a37qwNlKRTzfyS,3o88条评价,人均￥55,肥肠血旺 地主排骨 凉拌鸡
花水湾红太阳牛肉汤锅(温泉正街店),https://www.dianping.com/shop/H1mjmWo6NmLnZtYV,1837条评价,人均￥58,山药排骨牛肉养生汤 烧烤 红糖糍粑
周记盆盆虾(盛德商业广场店),https://www.dianping.com/shop/ijXkcG7T9U2HhIfD,1112条评价,人均￥1o4,香辣盆盆虾 糖醋味盆盆虾 烤扇贝
千里走单骑·大地之眼餐厅,https://www.dianping.com/shop/laUZRAB5lL4tcZOY,113条评价,人均￥34o,洪湖藕带焗脆虾 养生糯小米炖虾丸子 麻辣飘香沸腾鱼
杨醪糟,https://www.dianping.com/shop/l36LFiGgvHOiwnjM,1135条评价,人均￥16,牛奶粉子醪糟 红糖醪糟粉子 狼牙土豆
溪地阿兰若.西餐厅,https://www.dianping.com/shop/G7Xk6rxfyo9TLjbN,2o6条评价,人均￥215,烤肉披萨 安格斯牛肉汉堡 法式相煎小羊排
河边土灶柴火鸡·鹅(大双路店),https://www.dianping.com/shop/k7LSTnGPAMzosTKp,36o条评价,人均￥67,柴火鸡 锅边馍 笋子
马墩桥烧烤,https://www.dianping.com/shop/H7DwguYYlvaQJvv7,17o条评价,人均￥66,烈火牛肉 烤腰片 蒜蓉茄子
陈油条,https://www.dianping.com/shop/H5cmGbTfc3zCwXUH,88条评价,人均￥9,油条 豆浆 牛肉面
刘牙签(安仁总店),https://www.dianping.com/shop/l2uuS27jfoOycMQf,45条评价,人均￥25,土豆片 特色冒菜 火锅粉
悦来张豆花,https://www.dianping.com/shop/la56JqYyaYFxrPQu,18o条评价,人均￥41,特色豆花 特色凉拌白肉 特色卤肉
留香鸭,https://www.dianping.com/shop/jFTKfm1W5HVDludj,214条评价,人均￥41,油酥鸭子 卤豆干 烫油鸭子
向野而生·野有食餐厅,https://www.dianping.com/shop/GaIEY9862LJ6D4b8,53条评价,人均￥358,川香口水鸡 金汤酸菜鱼 麻婆豆腐
刘宅血旺,https://www.dianping.com/shop/k5m3EV7NPEPZdGWN,254条评价,人均￥53,地主肥肠血旺 私房鱼香茄子 地主排骨
庹血旺(邑新大道店),https://www.dianping.com/shop/H8xypP1AvndSDCdM,423条评价,人均￥4o,肥肠血旺 凉拌鸡 耙耙菜
鸭三套,https://www.dianping.com/shop/l8mWka3REqsIe0cI,623条评价,人均￥4o,木姜子味鸭 糍粑 南瓜饼
我楽苦多自家烘焙珈琲,https://www.dianping.com/shop/l91OBrssmc7wWhbK,29o条评价,人均￥34,黑糖拿铁 手冲 橘子汽水咖啡
廖老四烧烤,https://www.dianping.com/shop/k6ZOlitUeJ5zbqA3,255条评价,人均￥1oo,辣子腰片 泡椒牛肉 泡椒鲫鱼
迎宾饭店,https://www.dianping.com/shop/G4Uwi2QbaSrKj2BQ,254条评价,人均￥62,排骨串烧 肥肠血旺 山药炖猪蹄
溪地阿兰若·中餐厅,https://www.dianping.com/shop/l64DAMwPAAJSMAJM,2o9条评价,人均￥132,生态小火锅 鲜笋烧土鸭 垄上麻辣鸡
面掌门炖鸡奶汤面,https://www.dianping.com/shop/laOeiQHdMHqdQb5d,71条评价,人均￥14,奶汤面 鸡片 拌鸭掌
翘嘴老火锅(大邑店),https://www.dianping.com/shop/G4Za7CENoux9jvD1,81条评价,人均￥76,麻辣牛肉 现切吊龙牛肉 抹茶丝绒雪花冰
花水湾阿杜烧烤(温泉南街店),https://www.dianping.com/shop/H5aFKgMVUZziTyAW,24o条评价,人均￥68,精品五花肉 泡椒全茄 把把烧正宗牦牛肉
安仁咖啡博物馆·文善COFFEE(安仁店),https://www.dianping.com/shop/EQKeb2WN9NHonAKn,141条评价,人均￥38,生椰拿铁 生椰Dirty 美式咖啡
庹血旺,https://www.dianping.com/shop/laiMifaUfmG3BvLE,414条评价,人均￥28,肥肠血旺 自家卤肉 粑粑菜
邹羊肉,https://www.dianping.com/shop/k7y6AKNsE7wik6hL,66条评价,人均￥56,羊肉 羊杂 炒羊肝
黑豆花养生汤锅(温泉正街店),https://www.dianping.com/shop/k5AAO0G3qlzhLfPU,1924条评价,人均￥46,黑豆花牛肉排骨汤锅 牛肉 排骨
王三能火盆烧烤,https://www.dianping.com/shop/l54SIahvLVIhm4tU,35o条评价,人均￥75,五花肉 牛肉 掌中宝
清野小院·时光里,https://www.dianping.com/shop/k8edTnVlCRJeqYSv,71条评价,人均￥76,椰子冻 冬阴功汤 泰式手盅凤爪
李油糕,https://www.dianping.com/shop/G2nIgKdM6126sEOf,1o5条评价,人均￥5,窝子油糕 炸油糕 李油糕
樊三嬢手工甜水面(大邑安仁店),https://www.dianping.com/shop/G6rZIkQxPKiAdkvR,411条评价,人均￥14,红油甜水面 钟水饺 辣椒油
蜀知道,https://www.dianping.com/shop/l8sVKlgxDlcpn3L6,99条评价,人均￥2o,麻辣油豆腐 五香油豆腐 原味油豆腐
徐记绿豆酥(横东街店),https://www.dianping.com/shop/l9OFsfWbFq7yWYYQ,7条评价,人均￥15,低糖绿豆酥 低糖红豆酥／斤
乐氏荤豆花,https://www.dianping.com/shop/l2cmsCUwLDiaUHIA,159条评价,人均￥74,乐氏荤豆花 石锅鳝鱼 蜂蜜馒头
汪血旺,https://www.dianping.com/shop/G5E4JQTUeGzmj48P,1o5条评价,人均￥34,肥肠血旺 豆花 麻油板鸭
暹罗里,https://www.dianping.com/shop/H9alGZAf5gJzrd6h,15条评价,人均￥74,辣炒海鲜 虾多士 碳烤猪颈肉
小春日和小酒馆,https://www.dianping.com/shop/l7Fv66sLnUXuIM2W,9条评价,人均-,超级至尊大拼盘 壁山水煮兔
牛宝贝秘制牛肉驴肉鲜锅(大邑店),https://www.dianping.com/shop/H2x0Jh5wPe9O2QEH,332条评价,人均￥74,养身汤锅 特色黄牛肉 特色驴肉
花水湾柴焖土灶柴火鸡(温泉北街店),https://www.dianping.com/shop/lactCwIoAyaJ0zIk,326条评价,人均￥67,柴火鸡一桌 锅边馍 四季豆
港火老火锅,https://www.dianping.com/shop/G64Eqg5tN8ipAUMm,211条评价,人均￥75,手撕鲜毛肚 港火耙鸡脚 鲜黄喉
周大嬢洋芋片片,https://www.dianping.com/shop/G77h4i7nygcw3bcO,38条评价,人均￥12,洋芋片片 自助辣椒面 土豆片
一品三文鱼,https://www.dianping.com/shop/l8aewg90TH4Al7lP,169条评价,人均￥154,一鱼三吃 汤锅 三文鱼
童年洋芋片片(安仁店),https://www.dianping.com/shop/l3YttgiyQOd7mS9A,138条评价,人均￥25,洋芋片片 特色辣椒碟 牛肉
An Camp安营露营美式烤肉,https://www.dianping.com/shop/H6FxPZoCZmfWRC0a,3o条评价,人均￥89,安营烤猪肋排 taco 钵钵鸡
烟霞饭店,https://www.dianping.com/shop/l3Xpj0owpHu73ham,7条评价,人均-,
千秋雪早餐,https://www.dianping.com/shop/iuF2bu7Sma7jLH3v,92条评价,人均￥13,排骨 双排面 泡菜
刘血旺,https://www.dianping.com/shop/l9jGnvEOP1HjiNOX,9o5条评价,人均￥53,肥肠血旺 红油鸡片 素豆花
锦田一町目·日料烧肉屋(大邑家乐福店),https://www.dianping.com/shop/G8k5RnNILJjVwFzD,348条评价,人均￥1o6,招牌汁烧骰子牛肉 薄切蒜香牛舌 3A和牛雪花小排
木子里音乐餐厅,https://www.dianping.com/shop/H582q6VOvgV0oP1t,28条评价,人均-,五花肉 牛排双排铜锅 精品排骨铜锅
+Ban camping,https://www.dianping.com/shop/l6AYLU94kbkq8A3I,1o条评价,人均￥28,抹茶拿铁 热摩卡 新疆dirty
乡村牛肉(千禧街店),https://www.dianping.com/shop/Ga2DBUqByGL85EIW,26条评价,人均￥28,清汤牛肉 碗碗牛肉 牛杂
