老外婆餐厅(磁县店),https://www.dianping.com/shop/G9v2DxoLwfVw4txX,84条评价,人均￥56,面包诱惑 粉蒸排骨 江南糖醋小排
东北地锅城,https://www.dianping.com/shop/G2OnUo5VP5uJgtMv,35条评价,人均-,东北·地锅炖 东北地锅 清江鮰鱼
乐多士烘焙蛋糕店(仁和路店),https://www.dianping.com/shop/k5svz9B6FFDCqKS5,9o2条评价,人均￥76,甜蜜蜜 创意蛋糕 八寸蛋糕
欢乐牧场海鲜烧烤涮自助餐厅(磁县店),https://www.dianping.com/shop/k3ijgYT3KssjvYQI,4o3条评价,人均￥66,海鲜 中式热菜 新鲜毛肚
吕哥齐齐哈尔烤肉,https://www.dianping.com/shop/H5swATbBYweQXBIX,45条评价,人均-,家庭拌牛肉 酸菜 齐齐哈尔牛肉
焖锅部落(磁县店),https://www.dianping.com/shop/HaYCaPd3bGRYMTnE,28o条评价,人均￥63,龙利鱼 肥牛 秘制酱香口味
靠山屯铁锅炖(磁县店),https://www.dianping.com/shop/H4yN5JH5YYY5f7Ny,24条评价,人均-,特色花卷 铁锅炖排骨 铁锅炖大鹅
德克士(中盛国贸店),https://www.dianping.com/shop/k4TnCIx2dbHgFqkl,28o8条评价,人均￥27,超级鸡腿堡 脆皮炸鸡 可乐
欢乐家园涮烤自助餐厅,https://www.dianping.com/shop/G3y2AKNmQvJowSXg,531条评价,人均￥52,精品羊肉 烤肉 酸奶
砂锅猪蹄(磁县总店),https://www.dianping.com/shop/j6veq70jUyJpnlqE,394条评价,人均￥36,手擀面 砂锅猪蹄小锅 素拼
咕咕火秘制火锅鸡(磁县店),https://www.dianping.com/shop/HaULiFXFKa1muqDI,1条评价,人均-,
老长沙,https://www.dianping.com/shop/G9x6293xFUVlynzE,1条评价,人均-,辣椒炒肉 肉汁焖饭 擂辣椒梅菜扣肉
嫂子家拽面,https://www.dianping.com/shop/k6briy7BHCgwh4ZY,17条评价,人均￥34,瓷器口毛血旺 平底锅鮰鱼 功夫牛肉
老外婆餐厅(望海楼店),https://www.dianping.com/shop/k6ITcXRBYEFUgfls,3条评价,人均-,手工糯米肉丸 清蒸海鲈鱼 烤鱼
肯德基(磁县店),https://www.dianping.com/shop/k8KDZnEQq9I8mo4R,21条评价,人均￥28,劲脆鸡腿堡 新奥尔良烤翅 五味小吃桶
胖妮熏鸡老店,https://www.dianping.com/shop/H7CRbu1TT3Kbf8jb,8条评价,人均-,熏鸡 焖子
印象餐厅,https://www.dianping.com/shop/H9laMtYfSx4cNNFB,1条评价,人均-,精品毛血旺 麻辣虾尾 辣炒花蛤
秦府大虾(御美购物广场店),https://www.dianping.com/shop/H7RxjP3Z54DXbLs9,5o条评价,人均￥67,烩面 冰淇淋 香菇
锦鸡坊,https://www.dianping.com/shop/l24MJLQE15cmWW7Y,5条评价,人均-,经典猪肚鸡 茅根马蹄水 娃娃菜
早点来牛腩火锅,https://www.dianping.com/shop/jOiC4wZGpabK6lwz,3条评价,人均-,油黄鸡 秘制土黄牛腩
鼓楼焖子,https://www.dianping.com/shop/l80u3BsOF30rIh5K,28条评价,人均￥32,
小猪查理炭火·自助烤肉(磁县店),https://www.dianping.com/shop/H8FuHqPGLN8whFl0,71条评价,人均-,
华莱士·全鸡汉堡(邯郸政通店),https://www.dianping.com/shop/Gaxp22vdKUjMrsYj,34条评价,人均-,
老曹大骨头自助火锅,https://www.dianping.com/shop/jOA4uIPBA5oJLzpo,1o1条评价,人均￥22,
唞妞豆花鱼火锅(磁县店),https://www.dianping.com/shop/H5ASRBZxY4ygGqNt,1条评价,人均-,
重庆德庄火锅(磁县店),https://www.dianping.com/shop/l1Dr8DmzhiTMAPJg,4o条评价,人均￥6o,
烙馍村,https://www.dianping.com/shop/l2zlQKgiR3nAbAhf,5条评价,人均-,
圣安娜西饼屋(御景店),https://www.dianping.com/shop/k5PGXSMoUWe8sqEN,851条评价,人均￥91,
大京门铜锅涮肉(世纪城店),https://www.dianping.com/shop/G9TCPhyLCVb7L2vZ,2o1条评价,人均￥7o,
食尚番茄火锅,https://www.dianping.com/shop/G12AOIeaXRXEiCA3,66条评价,人均-,
华莱士(御景店),https://www.dianping.com/shop/H1CNAmVefDIw8AFR,16条评价,人均-,霸王双鸡堡 可乐 川蜀酸辣鳕鱼堡
辣婆婆鲜汤豆花鱼,https://www.dianping.com/shop/H1lWxOKSjtrJnUaC,2条评价,人均-,鸳鸯豆花鱼
何记烧烤(东环路第一分店),https://www.dianping.com/shop/H6qo35jJJqUCMeKO,,人均-,生炒鲜羊肉 香辣豆角 烤羊腿
东坡削面(磁县店),https://www.dianping.com/shop/G3w58MefcMmFxSjz,46条评价,人均￥22,鸡蛋炒面 手工水饺 剔骨肉
阿鹏烤肉(磁县店),https://www.dianping.com/shop/G5WeY6C2VHAAlnA2,35条评价,人均￥79,大利生菜 牛仔骨 四宫格拼盘
虾的诱惑(磁县总店),https://www.dianping.com/shop/l4DVRdwjUXx6rcyG,2条评价,人均-,
槐店王婆大虾(邯郸磁县店),https://www.dianping.com/shop/Fq5D3PKzx85v86uP,9条评价,人均￥55,王婆大虾 精品鸭血
蜜雪冰城(美食林店),https://www.dianping.com/shop/H8pDC4MgaF374wei,133条评价,人均-,满杯百香果大圣代 珍珠奶茶 杨枝甘露
劈柴院(建设东路店),https://www.dianping.com/shop/l7LrCkIVXtsCp6Eu,1o条评价,人均-,铁锅炖鸡 馒头
乐多士烘焙蛋糕店(杨仙庙店),https://www.dianping.com/shop/Ha6mNs3UtYqJt5SW,364条评价,人均￥9o,甜蜜蜜 水果蛋糕 贺寿蛋糕
海尚精品火锅,https://www.dianping.com/shop/l8GkGx8IRlWXPayi,1841条评价,人均￥57,高钙羊肉丸 内蒙羔羊 精选肥牛
健晟星期天火锅(磁县店),https://www.dianping.com/shop/G9NZ1rXBCGMbtJgS,7o条评价,人均￥57,自助小料 青菜拼盘 小酥肉
北方灶王爷(仁和路店),https://www.dianping.com/shop/G89J0WD1S96eGiMm,4条评价,人均-,猪脚排骨铁锅炖
水煮肉片,https://www.dianping.com/shop/G5dN7CVJZirNPGRi,1条评价,人均-,茄子 锅包肉 干锅牛蛙
锅圈食汇火锅烧烤食材超市(磁州路店),https://www.dianping.com/shop/laq4e0j8eEWYXKSh,,人均-,风味海胆仙桃 黑鱼片 甜不辣
李先生(友谊北大街店),https://www.dianping.com/shop/F1j482I2tqrP46hI,16条评价,人均￥35,李先生加州牛肉面 豆浆 蒜泥海带丝
秦府大虾(磁县分店),https://www.dianping.com/shop/l76Q7IF0NBfVxLAG,3条评价,人均-,招牌虾 自助小食 鸭肠
石锅菜,https://www.dianping.com/shop/G7cJqyL5Vvi6cqtB,1条评价,人均-,清蒸石锅鱼 鱼香茄盒
沪上阿姨鲜果茶(朝阳北大街店),https://www.dianping.com/shop/k9RCBQk6uB7FrOZG,46条评价,人均-,杨枝甘露 蛋糕波波奶茶 厚芋泥波波奶茶
邯城味道四菜一汤(磁县分店),https://www.dianping.com/shop/H7QmTgaUXBDhF8nL,16条评价,人均-,法国鱼 元宝扣肉 西湖牛肉羹
郭家驴肉(友谊北大街店),https://www.dianping.com/shop/H182UL0b9MMP5cnb,3条评价,人均-,
熊家无二·韩式炸鸡(磁县店),https://www.dianping.com/shop/G67JxW88IML2vC8B,3条评价,人均-,
益禾堂(建设路店),https://www.dianping.com/shop/H85bVPJx21QFprUD,53条评价,人均-,
正新鸡排(乐善店),https://www.dianping.com/shop/l3iRm9uXwTjH9LUs,,人均-,
桐盛阁,https://www.dianping.com/shop/i4W01a7ZaeNEFJxY,13条评价,人均-,
醉香居烤鸡架,https://www.dianping.com/shop/l6bC0sa7ZpFM30tG,,人均-,
聚湘苑,https://www.dianping.com/shop/l6O6tZVTgwTNyelK,7条评价,人均-,
巴江韵毛肚火锅(磁县店),https://www.dianping.com/shop/k4YhA80jKx5Pteza,229条评价,人均￥58,
正新鸡排(磁州店),https://www.dianping.com/shop/H4l0RBuTe48HgMU2,,人均-,
谷满天粥铺(兴盛路店),https://www.dianping.com/shop/G2aPM0Ry6eCE02YB,14条评价,人均-,
