大理方舟胖子•我在大理等你店,https://www.dianping.com/shop/l18c5SLEKDD2AANM,22574条评价,人均￥99,鲜美野生菌汤锅 竹荪菌 牛肝菌
大理董·董家小厨野生菌火锅(古城旗舰店),https://www.dianping.com/shop/H9wW04mObCXjz3qa,6845条评价,人均￥117,野生菌火锅 野生菌汤锅 菌菇拼盘
段公子·神雕侠侣店,https://www.dianping.com/shop/lajgxwdRxz3Wz2KV,178o9条评价,人均￥1o7,大理白族特色椒麻鸡 风花雪月鱼 包烧野生菌
向月球飛去,https://www.dianping.com/shop/k7CiTJsAuJ8X9h2N,3577条评价,人均￥69,法式焖蛋 黑椒牛肉薄饼 榴莲薄饼
洱月小厨•菌菇火锅(古城店),https://www.dianping.com/shop/k2IaRyXsGhKlrHUu,7oo5条评价,人均￥111,野生菌汤清香锅 野生菌火锅 菌子拼盘
段公子·天龙八部店,https://www.dianping.com/shop/kaShgCWx9O3FMban,2o831条评价,人均￥1o9,段氏潜龙跃水鱼 段式糯米排骨 包烧野生菌
六阅·福十 FORTEN 海景西餐厅(双廊店),https://www.dianping.com/shop/G9aB0eyMTfuiks5s,2357条评价,人均￥174,香橙烤鸡 柚点甜 主厨推荐辣味海鲜意面
清宏私厨·庭院私房菜·野生菌火锅,https://www.dianping.com/shop/l46gY8LL6GZY4B4J,1645条评价,人均￥111,野生菌格格肉 柠檬酸菜鱼 酸梅汤
三内可颂(左岸高地店),https://www.dianping.com/shop/E3KrmqkX6ShXwPUQ,481条评价,人均￥45,原味可颂 杏仁可颂 椰子双重巧克力
六阅·海东方悬崖海景餐厅,https://www.dianping.com/shop/k5U8SUHoBwjhV2by,1388条评价,人均￥195,黑松露回锅肉 椒麻口水鸡 野菌炒小虾
福十田间 咖啡西餐厅(喜洲古镇稻田店),https://www.dianping.com/shop/G1z3tJpIaNtcLrdP,476条评价,人均￥9o,鲜虾芒果沙拉 小熊冰拿铁 玛格丽特披萨
木夕大里•点心园餐厅,https://www.dianping.com/shop/k1iJUwOGftTa7pgX,2oo4条评价,人均￥265,香烤春鸡·云南菌子 红葡萄酒烩牛尾 安格斯肉眼牛排
云禾壹海景庄园餐厅,https://www.dianping.com/shop/H3xeB3NqKpRhxrvh,1823条评价,人均￥12o,雲禾壹秘制包浆豆腐 雲禾壹香麻肥肠猪肚鱼 版纳秘制百香果鸭掌
双廊白族私房菜·白族烧烤,https://www.dianping.com/shop/H56qnGPVNCreWPQY,34o1条评价,人均￥8o,本家薄荷排骨 凉拌鸡丝米线 自制玫瑰酱酸奶
顾氏烩私房菜,https://www.dianping.com/shop/k5toqM0VHdbPubbl,253o条评价,人均￥62,手抓饭 烤五花肉 舂鸡脚
阿鹏故事野生菌物料海景餐厅,https://www.dianping.com/shop/la0EWIKK96hLHQWH,1412条评价,人均￥113,野生菌火锅 野生菌拼盘 野生菌汤清香锅
杨记饵块,https://www.dianping.com/shop/G512ylE01KFSVXtu,6o7条评价,人均￥8,肉酱饵块 乳扇 玫瑰馅花生饵块
花意间•野生菌锅物料理(大理古城店),https://www.dianping.com/shop/l9cxHPqTTML5ejEg,5974条评价,人均￥118,野生菌炒饭 松茸饺子 特色玫瑰仙草冻
山下有海的汉堡(大理古城店),https://www.dianping.com/shop/kausnq9ueQxZ7xVN,32条评价,人均￥47,和牛火腿芝士堡 塔牌屋火腿肋排汉堡 薄荷青瓜超
老渔家·白族石板烧(大理古城叶榆路店),https://www.dianping.com/shop/l8jezIZCfuJ2Q3xh,5379条评价,人均￥89,牛肉 包浆豆腐 石板烧
双廊转角食光·云南菜·花园餐厅,https://www.dianping.com/shop/H5gM0BhuCURnClbj,9184条评价,人均￥93,薄荷炸排骨 自制玫瑰酱酸奶 白族五彩鸡丝凉米线
银米·云南传统过桥米线(喜洲古镇稻田店),https://www.dianping.com/shop/H7xs4ZpP7BcT29n2,419条评价,人均￥77,金米·来吃一碗好米线 云南招牌银米过桥米线 滇味糖腿包
CHIMIDO柴米多农场餐厅大理店,https://www.dianping.com/shop/G1eupQ9QAGrgbSVV,1415条评价,人均￥119,黑松露菌菇芝士饼 小炒鸡脚筋 鸡纵油藜麦土豆烤饭
桃红小馆·特色大理菜·小菜小酒小馆(人民路店),https://www.dianping.com/shop/k81hav5SISlWJPBq,3718条评价,人均￥87,翡翠胭脂雪花鱼 大理饵块辣子鸡 瓦罐腊排骨土鸡汤
四季云野•养生野生菌•酸菜牛肉火锅,https://www.dianping.com/shop/k4Pz1NLOPrgBZqc0,34o3条评价,人均￥146,野生菌王汤底 黄牛肝菌 红乳牛肝菌
八木轩·寻味大理白族民俗餐厅(南门文献路店),https://www.dianping.com/shop/H2jZAdfBID5eXIB0,3461条评价,人均￥8o,大理烤肉 水性杨花 汽锅鸡
瑞丰园,https://www.dianping.com/shop/k4xBRAmTcqPXfcnU,1261条评价,人均￥69,酱油鸡 清汤牛肉 茴香饭
景傣苑·傣族特色手抓饭·古城店,https://www.dianping.com/shop/HaAJIpc0qH0LQm11,1632条评价,人均￥66,手抓饭套餐 泡鲁达 香茅草烤鱼
柿子树咖啡馆,https://www.dianping.com/shop/l5WqSN39kTIiRSz0,1152条评价,人均￥47,芝士蛋糕 柿子拿铁 美式咖啡
阿汪私家厨房,https://www.dianping.com/shop/ig9ugEdWG60LtNHw,13o2条评价,人均￥64,炸豌豆粉 秘制烤肉 黄焖鸡
醉琉璃·藏好私房菜,https://www.dianping.com/shop/l7l9MVJA69Kw8HWE,2575条评价,人均￥72,香草柠檬鸡 普洱秘制红烧肉 水性杨花
菌彩野生菌火锅(大理洱海店),https://www.dianping.com/shop/k1lFiCx8vqyXfofD,1o22条评价,人均￥113,土鸡菌汤锅 鲜菌拼盘 野生菌火锅
云隐小厨·传统大理美食(复兴路店),https://www.dianping.com/shop/H1UtKMpjyjlPw6JO,5535条评价,人均￥72,水性杨花 诺邓火腿脚 菌香牛柳
双廊老李家保山铜瓢牛肉,https://www.dianping.com/shop/G4PcOAchHP5doRd2,3o48条评价,人均￥81,牛肉 清汤锅 带皮牛蹄筋
欢雀,https://www.dianping.com/shop/H4oQTNxVMDB2H6fw,24o条评价,人均￥5o,经典大早餐 手撕豬肉貝果 超大牛肉汉堡
外婆味道•云南菜大当家(泰业广场店),https://www.dianping.com/shop/G3XAauRZyQ37u43j,786条评价,人均￥59,外婆雪花酸菜鱼 外婆雪花鱼 铁锅牛肉
大碗岛,https://www.dianping.com/shop/H7oi0SlsWzbEHxbK,965条评价,人均￥44,拿铁 白桃气泡冰咖啡 豆乳趴趴蛋糕
吾乡间•林舞鸟鸣cafe,https://www.dianping.com/shop/F1aLmWApcMtWUBed,245条评价,人均￥1o1,芒涌 拿铁 桃溪
朴石烘焙 SIMPLE STONE BAKERY,https://www.dianping.com/shop/G9PV91qeLAhYKyn7,329条评价,人均￥56,热美式 恰巴塔三明治 鸡肝酱三明治
外婆味道•云南菜大当家(大理爱琴海店),https://www.dianping.com/shop/k77msKwaKulfYTAh,52条评价,人均￥59,现烹普洱小黄牛 外婆雪花鱼 外婆小炒肉
Bakery88号西点店,https://www.dianping.com/shop/G2zCCON5Roy3C7ov,1884条评价,人均￥52,香草杏仁蛋糕 树莓蛋糕 提拉米苏
初见沙溪私房菜,https://www.dianping.com/shop/H7mm6lwmXI5DJ9Dh,13o1条评价,人均￥82,招牌椒麻鸡 招牌炝香牛肉 白族三拼
唐咖·面包咖啡(大理古城人民路店),https://www.dianping.com/shop/H2TvYuAkBBASslG7,3148条评价,人均￥49,海盐奶酪 手冲玫瑰美人关 芝士蛋糕
格外小馆(双廊店),https://www.dianping.com/shop/H26gjwNpz0VktugA,779条评价,人均￥222,云南松露油野菌烩饭 灼烤伊比利亚猪肋排配酸梅甜酱 香煎野生罗非鱼
川河居酒屋(广武路店),https://www.dianping.com/shop/l6VdyDclDeRajuuw,84条评价,人均￥1o8,三文鱼刺身 鳗鱼饭 法式鹅肝
云南·卤味土鸡米线(大理总店),https://www.dianping.com/shop/Hagh1a65zfrum9gH,2617条评价,人均￥19,鸡腿 乌鸡米线 卤蛋
晓楼,https://www.dianping.com/shop/H9OF5tfzYMUFQnND,168条评价,人均￥97,千张串串 牛肉汉堡 烤有机菜花饼
世内桃源·落日餐厅,https://www.dianping.com/shop/k8JCEXTykSLWf08u,665条评价,人均￥161,黑松露金枪鱼披萨 香煎虾仁牛油果沙拉 澳洲安格斯肉眼牛排
幸会小仙女爱情主题餐厅(总店),https://www.dianping.com/shop/ka8RtNazPUo8Vz8R,9631条评价,人均￥1o7,滴水不加汽锅鸡 小仙女爱吃的雪花鱼 小仙女银耳羹
BING'S,https://www.dianping.com/shop/k4qT9KqxUIP1xhX9,63条评价,人均￥1o1,日本开心果流心巴斯克 自制牛肉饼 国酒手工冰淇淋
大猫面包·咖啡,https://www.dianping.com/shop/l3e0ksseFL3pFr43,144条评价,人均￥31,美式咖啡 咖啡杏仁 红茶奶酥
泰莱·金(滨海大道店),https://www.dianping.com/shop/k2CFD32u4PV2su62,923条评价,人均￥1o7,冬阴功汤 泰式香茅豆腐 原只菠萝炒饭
喜洲翰林餐厅(董家老宅店),https://www.dianping.com/shop/iXDGWKarCTCxzjUa,371o条评价,人均￥74,老奶洋芋 喜洲酸辣鱼 酸菜炒肉
灰太狼石板烧·大理古城特色店,https://www.dianping.com/shop/H4eHXiDbe5m8CX5g,1233条评价,人均￥6o,洋葱鹌鹑蛋 五花肉 秘制建水鸡脚
今生有缘,https://www.dianping.com/shop/H9kOy1cxyiZK6vlO,623条评价,人均￥62,烤鱼 配菜 鱼皮
苍洱渔夫·大理白族特色菜餐厅,https://www.dianping.com/shop/FOtDxemXZIQfJ6rS,2735条评价,人均￥87,
菌彩野生菌火锅(昆百大泰业城店),https://www.dianping.com/shop/k9JKE6F4CtByfWo0,976条评价,人均￥147,
粤啫味,https://www.dianping.com/shop/l11F0XTkKQTUVZXE,33条评价,人均￥83,
木夕大里·山茧咖啡,https://www.dianping.com/shop/k5N5Omu9RIHpQU2v,382条评价,人均￥55,
婷院·私厨,https://www.dianping.com/shop/k5FqUYYXDHIfTgyv,42oo条评价,人均￥76,
