半天妖烤鱼(邯郸宣和时代广场店),https://www.dianping.com/shop/H9AzXdBRrgJyXPOd,727条评价,人均￥1o3,青花椒烤鱼 五常大米 米饭
小猪查理川式烤肉(邯郸大名府店),https://www.dianping.com/shop/Fg8NrnjuTk6MqQSi,58条评价,人均-,芝士玉米 香辣牛肉粒 黑椒鸭胸肉
翠云楼,https://www.dianping.com/shop/l5uBXWjkvb7SCQTd,18条评价,人均￥71,百岁鸡 稻花香米饭 招牌脆皮虾
朴叔炭火烤肉(宣和时代广场店),https://www.dianping.com/shop/G8OHdAt6MAOoyfpX,61条评价,人均-,秘制浇汁肥牛 薄切五花肉 黑椒牛肉粒
龙泉礼记酒店,https://www.dianping.com/shop/k47yuUqlHP3c2hhj,4条评价,人均-,洪泽湖小龙虾 芝士焗土豆 凉拌冰草
满江红(大名店),https://www.dianping.com/shop/H9aSjTV0iZaja0Ev,1o条评价,人均-,金汤酸菜鱼 脆皮乳鸽 大汉羊排
马氏老外婆,https://www.dianping.com/shop/G2Qzc0RwxTzh12ED,16条评价,人均￥95,蟹黄粉丝煲 毛血旺 菠萝鸡
牛九段海鲜自助烤肉火锅,https://www.dianping.com/shop/l3AkqPclX6jDNcgI,53条评价,人均￥54,龙脑豆腐 单人晚餐 黑椒牛肉
巴鼎火锅(大名府路店),https://www.dianping.com/shop/H72ZL5qYE7FtlDC0,23条评价,人均￥77,上脑 炸酥肉 腐竹
叁拾烤肉,https://www.dianping.com/shop/H764FkUwvakaEDRE,6条评价,人均-,芝士玉米粒 炭烤精五花肉 炭烤酸菜
马路边边串串香火锅(大名县店),https://www.dianping.com/shop/la2w0ZEGa9uDbDbN,8条评价,人均-,鸳鸯锅 自助小料 老冰棒酸梅汁
幸运咖(大名老一中店),https://www.dianping.com/shop/H6Ed8xi6xxspeyjw,28条评价,人均-,椰椰拿铁 椰椰冻冻 招牌冰拿铁
川椒火锅(凤凰城店),https://www.dianping.com/shop/G5Fk0dW3ngSQUoUM,7条评价,人均-,
赖胖子肉蟹煲,https://www.dianping.com/shop/H4ES4bFkJzXVT6Ji,5o条评价,人均-,鸡爪煲 鸡翅煲 明虾煲
虾吃虾涮虾火锅(大名店),https://www.dianping.com/shop/G5b4DjxjpAFAXPZf,447条评价,人均￥64,鲜虾中锅 自助小料 鲜大虾锅
玛黎娜铁板牛排(大名宣和店),https://www.dianping.com/shop/l4s2e9hCJgeLfgVy,2o7条评价,人均-,牛排双人餐 墨西哥牛肉卷 茄汁意面
袁记串串香火锅(大名店),https://www.dianping.com/shop/l8sihLiNDX0GmsVH,57条评价,人均￥64,特色牛肉 鸳鸯锅 油碟
爱之海(大名航母店),https://www.dianping.com/shop/H9j0HbRfnRglZTay,469条评价,人均￥56,榴莲披萨 巴西烤肉 铁板烧
香满园烘焙房(大名府路店),https://www.dianping.com/shop/G1Wj2wo5SF2AQqL9,494条评价,人均￥18,水果片 暴富蛋糕 皇冠蛋糕
马家馆农家院,https://www.dianping.com/shop/jJZuI6UUcHwq5qqT,1条评价,人均-,水爆肚 香菇油菜 孜然羊肉
漫时光音乐餐厅,https://www.dianping.com/shop/k3QvEsS3EirgoSFw,26条评价,人均￥82,鲜嫩牛肉 鸳鸯锅 精品眼肉
汉釜宫自助餐厅(大名店),https://www.dianping.com/shop/l76IBxIqHJkup7rl,14条评价,人均-,
蓉匠川串火锅(大名店),https://www.dianping.com/shop/l68AOsiHFlQjmPCx,87条评价,人均-,鸳鸯锅 水晶猪皮 米粉
爱之海海洋主题自助餐厅,https://www.dianping.com/shop/jadUPhL5mbJkquom,1条评价,人均-,
西部爵世牛排(大名店),https://www.dianping.com/shop/H44jMOYYeOiCrrsA,59条评价,人均-,美式经典牛排 玉米浓汤 红酒
御厨传奇自助烤涮一体,https://www.dianping.com/shop/G6wXTewqzOIwa5aB,18条评价,人均-,
肯德基(大名店),https://www.dianping.com/shop/l1hGXTR64awVg8j5,34条评价,人均￥49,香辣鸡腿堡 香辣鸡翅 中薯
维多利亚汤泉度假酒店,https://www.dianping.com/shop/k99L3FZd5azqxC5r,2条评价,人均-,
六小六鲜汤豆花鱼(天雄路店),https://www.dianping.com/shop/FHSJR9XKRzHbMm18,24条评价,人均-,杂鱼火锅 胖头鱼火锅 紫薯丸子
美奇经典烘焙,https://www.dianping.com/shop/H8OMlI5JgGi3DIOf,979条评价,人均￥29,麻将蛋糕 水果蛋糕 天空之城
火塘水浒烤肉,https://www.dianping.com/shop/H3PcPUoIBl8AMqXy,8条评价,人均-,武大郎烧饼 牛羊猪肉拼盘 五花肉
常聚德饭庄南院(大名店),https://www.dianping.com/shop/EIwB7XrzSI26WNs8,5条评价,人均-,椰蓉紫薯泥 辣子鸡丁 柠檬莲藕片
靠山屯农家铁锅炖(大名店),https://www.dianping.com/shop/G2p6MIjNlAlmnPat,,人均-,酸菜 娃娃菜 东北大拉皮
青瓦台饭店(天雄路店),https://www.dianping.com/shop/G4q0EW1GW9x1Qds3,12条评价,人均￥15,黑椒牛肉炒饭 精品肥牛 羊肉串
六小六鲜汤豆花鱼(大名府路店),https://www.dianping.com/shop/G7f1F6GHWFFmHKLr,15条评价,人均-,娃娃菜 老坛酸菜 鲜美菌汤
壹号烤场,https://www.dianping.com/shop/k9eLmVHtjethmEFS,6条评价,人均-,酱油筋 肥牛瘦串 烤猪腰
幸福鸟生日蛋糕(家家乐店),https://www.dianping.com/shop/l2kwUjznRuZ5xmdf,44条评价,人均-,草莓炸弹 六一抱抱桶蛋糕 蛋挞
满园春(大名店),https://www.dianping.com/shop/G86DblcU0PVHlwQH,1条评价,人均-,油麦菜 土豆烧牛肉 卤猪蹄
幸福鸟生日蛋糕(大名三中店),https://www.dianping.com/shop/l5gnsnRd4jQGTjOV,28条评价,人均-,老婆饼 麻薯 手撕包
振海锅贴(天雄路二分店),https://www.dianping.com/shop/l7Sbe4LFWu53XKOn,7条评价,人均-,猪肉大葱锅贴 大锅鱼 肉锅贴
蜀城古江(大名店),https://www.dianping.com/shop/G6KQO5IAVpHY8dag,64条评价,人均￥5o,
老娘亲快餐厅,https://www.dianping.com/shop/k12SVokENaLqux0j,285条评价,人均￥34,
老外婆餐厅(大名店),https://www.dianping.com/shop/G1O2A8CtC7uZWCNM,,人均-,
磁州卤面(大名店),https://www.dianping.com/shop/l8mquT1SChMkbVtM,18条评价,人均￥3o,
遇见流心披萨(元城街店),https://www.dianping.com/shop/k24H1V4XP24hjSi7,3条评价,人均-,
郭八火烧店,https://www.dianping.com/shop/l3rHhsKYA1fb0pym,58条评价,人均￥13,火烧夹鸡蛋 馄饨 郭八火烧
仟味一鼎自助小火锅(邯郸大名店),https://www.dianping.com/shop/H4XCnhZXtl5zxF98,,人均-,
赵嫂米线(大名第一家总店),https://www.dianping.com/shop/i1F7tKoxtoR6K42t,12条评价,人均￥1o,双卤米线 泰山火烧 赵嫂米线
王记东北小厨(大名店),https://www.dianping.com/shop/l8EpnzxrRIf6Bj3z,,人均-,杏鲍菇烧牛仔粒 红烧肉黄金钩 酸汤肥牛
云阿朵水煮肉片(时代广场店),https://www.dianping.com/shop/HasVgWDx0xDzFUy8,2条评价,人均-,藤椒水煮肉片 酷爽金汤肥牛 呱呱小牛蛙
十二茶(老一中店),https://www.dianping.com/shop/l7G2B8BzE0TDOPFf,1条评价,人均-,
湘荟,https://www.dianping.com/shop/k2lL3VDIz1VSPUdl,1条评价,人均-,
金涛小海鲜(天雄路凤凰城店),https://www.dianping.com/shop/FRci8Vk3YeW2JJVI,2条评价,人均-,
宋小七石锅鸡米饭(大名府路店),https://www.dianping.com/shop/H6NTsPdMZGN02lyw,7条评价,人均-,
喜得利蛋糕(京府街店),https://www.dianping.com/shop/G80nlnyWDN9AjL85,398条评价,人均￥78,
自助大骨头火锅,https://www.dianping.com/shop/k42IFq2FKoy6555y,,人均-,
五百居,https://www.dianping.com/shop/H25SxkHqHJiTDxXN,5条评价,人均-,
朝天门火锅(大名店),https://www.dianping.com/shop/l2A2k1QEPDLpyRaz,,人均-,
杨记火锅,https://www.dianping.com/shop/l3F2op9cydCmxGTW,6条评价,人均￥35,
迎宾楼(天雄路店),https://www.dianping.com/shop/jjpkFljShXjx4tv7,1o条评价,人均-,
