老马家马忠餐饮(达日店),https://www.dianping.com/shop/k41gnVuv8V0n2HYT,8条评价,人均-,粉汤 干拌 鸡肉砂锅
格萨尔自助火锅城,https://www.dianping.com/shop/G7tb2DD3CkJhLTZj,1条评价,人均-,麻辣锅
忠华美食城,https://www.dianping.com/shop/G8Ymw4lu51HGQIz8,2条评价,人均-,蓝莓山药 上汤娃娃菜 酸奶
成俊清雅老炒人家达日分店,https://www.dianping.com/shop/l4b1SJTQaZAW3XPc,,人均-,
和平餐厅(黄河东路店),https://www.dianping.com/shop/H3TLXGpu6OcIIF66,,人均-,
热贡饭馆,https://www.dianping.com/shop/l9d8nFlngHE9r2c6,,人均-,
穆斯林小吃,https://www.dianping.com/shop/l4ZvpOemGzOZMQ0z,,人均-,
湟中饭馆,https://www.dianping.com/shop/G7dwFCXHrrGH739W,,人均-,
循化蒸汽面馆,https://www.dianping.com/shop/j1ZI4rjhyoGIzTJn,1条评价,人均-,西红柿鸡蛋汤 牛肉拉面 酸辣土豆丝
清真姊妹麻辣烫,https://www.dianping.com/shop/l6PTj5MS25A0kyal,,人均-,
乃琼小吃馆,https://www.dianping.com/shop/H4tDrSRgNtXAq0zO,,人均-,
民贸餐厅,https://www.dianping.com/shop/G3dahXcfJd2D9b9B,,人均-,
姐妹麻辣烫(建设路),https://www.dianping.com/shop/k8TbkgpgyYIublXc,,人均-,麻辣烫
papu慢摇音乐酒吧,https://www.dianping.com/shop/H1jFF1jVhuNuz13P,,人均-,
口福聚卤肉面食馆,https://www.dianping.com/shop/G7gEvo8b6twxAcfa,,人均-,
左撇子蒸汽牛肉拉面,https://www.dianping.com/shop/k8rIAfIcK7K4IgrI,1条评价,人均-,
岭域文化风轩,https://www.dianping.com/shop/k8d6pnroMqhRXD9v,,人均-,
兴隆粮油店,https://www.dianping.com/shop/k2AVUmvlVvRfICnk,,人均-,
叶子茶艺,https://www.dianping.com/shop/l94e2D4cbX9B4MbK,,人均-,
鑫鑫小排档,https://www.dianping.com/shop/G2lwnVBohxAK52BO,,人均-,
幸福调料店,https://www.dianping.com/shop/Ga00fuwguJaZnVf9,1条评价,人均-,
四川小炒(红科东路店),https://www.dianping.com/shop/jK04UQ3dXMsqiqVS,,人均-,
达日县东乡达伍的手抓餐厅,https://www.dianping.com/shop/l5Su0lbonnEhSKS4,,人均-,
炒面加工,https://www.dianping.com/shop/H8z6ZszMFc280VxO,,人均-,
永来饭店,https://www.dianping.com/shop/G8pWA0i0jrzf9iQF,,人均-,
王超饭庄,https://www.dianping.com/shop/k78bsNigoxkEJWst,,人均-,
鑫源饭馆,https://www.dianping.com/shop/H7EdcnOrppu17Gnu,,人均-,
香拔拉饭馆,https://www.dianping.com/shop/k91HYhMhscaefWD2,,人均-,
尕福哥麻辣烫,https://www.dianping.com/shop/H145POlRd071Bb3D,,人均-,
阳阳小吃(黄河东路店),https://www.dianping.com/shop/l9mjOBsGMuanUjkz,,人均-,
大碗馄饨(红科东路店),https://www.dianping.com/shop/l8ECquNsXQHKF9Eg,,人均-,
东先生的清吧,https://www.dianping.com/shop/Ha7nm4mU5eJp9aak,,人均-,
亿家亲蔬菜超市,https://www.dianping.com/shop/laERRoW7jo22U5Df,,人均-,
一品鲜小炒,https://www.dianping.com/shop/l3AIUaEIWL6qbhq0,,人均-,
华味蒸汽面馆,https://www.dianping.com/shop/l6YP69BbD1UNzbMQ,,人均-,
黄河幸福饭店,https://www.dianping.com/shop/k5bKrEhqKTRKbEIY,,人均-,
重庆晓天小炒,https://www.dianping.com/shop/jBrzOarWY30Ioqb3,,人均-,
福满楼(红科东路店),https://www.dianping.com/shop/k66Y6Xee07XQFiAx,,人均-,
汉釜宫,https://www.dianping.com/shop/CLHVfO4Atu4XAv5o,,人均-,五花肉拌饭 精品肥羊 乐堡啤酒
东乡手抓王,https://www.dianping.com/shop/k31lfb0IuQVdPNUG,6条评价,人均-,豆腐 油麦菜 土豆片
蜀味轩(建设路店),https://www.dianping.com/shop/l6tZPFHiWApGHvlt,6条评价,人均-,手撕包菜 肉末豆角 番茄炒蛋
川味砂锅小炒,https://www.dianping.com/shop/k7o8oMdGtfBHlbhq,,人均-,
快乐星汉堡(建设路店),https://www.dianping.com/shop/l7JVeSfVGaJF62Ly,,人均￥17,汉堡包
马金龙麻辣烫达日店(建设路店),https://www.dianping.com/shop/EdJxyg8Z1DEU6vF4,,人均-,
玛域格萨尔林卡,https://www.dianping.com/shop/k2mgpYZVzx57zH38,,人均-,
高原红盖浇饭,https://www.dianping.com/shop/kadg4iO1bZpiBnR9,,人均-,
糊涂香麻辣烫,https://www.dianping.com/shop/l9SVzHdNJSed7H1G,,人均-,
扶贫综合集贸市场,https://www.dianping.com/shop/FTWCEenVldRANGXk,,人均-,
主题火锅,https://www.dianping.com/shop/G6pq68Hux7Bmv6qd,,人均-,
安徽小吃,https://www.dianping.com/shop/k4a5mlzT5JAFsOFT,1条评价,人均￥13,
吉祥安康饭馆,https://www.dianping.com/shop/k1hOqTAZTiyPFWBu,,人均-,
三东小吃,https://www.dianping.com/shop/H5vIy8HsCMldEGvR,,人均-,
四川小吃(黄河东路店),https://www.dianping.com/shop/l5nSxinKfzczfMLv,1条评价,人均-,
顺福德油条店,https://www.dianping.com/shop/G9l9MGi8AsHTzf3g,,人均-,
循化文都饭馆,https://www.dianping.com/shop/l2f1eOQJQkhXaMjx,,人均-,
