那都不是锅·打边炉·潮汕生腌,https://www.dianping.com/shop/iuOAIoa8vWdwWFyc,829条评价,人均￥133,花胶鸡锅 椒盐玉米 自制午餐肉
正黄旗海鲜烧烤大排档(延安路店),https://www.dianping.com/shop/k94fBMofyOvMZ7s3,14758条评价,人均￥19o,海胆 烤牛舌 蒜蓉蒸扇贝
HUHU泰(柏威年店),https://www.dianping.com/shop/G8PaOlYwsUo5H2ha,7o1条评价,人均￥136,冬阴功海鲜汤 虾片 小食拼盘
安三胖韩国烤肉专门店(西安路罗斯福店),https://www.dianping.com/shop/G5vVfpcdezT7nLKq,162条评价,人均￥75,三胖吾桑格 土豆泥 调味猪排肉 （水果腌制）
金碧辉煌海鲜烧烤啤酒厂(大连旗舰店),https://www.dianping.com/shop/k9uSCAW1uzHFBNtx,2977条评价,人均￥1o9,麻辣烫 烧烤 羊肉串（10串）
杉姐老火锅(大连民主广场店),https://www.dianping.com/shop/l7tbqirTCXfrbMbz,159条评价,人均￥136,虎皮鸡爪 杉姐炸蛋 杉姐嫩肉片
卢布里西餐厅(滨海西路店),https://www.dianping.com/shop/H4CUCZIgO5zja7hu,173o条评价,人均￥135,卢布里奶酪面包 瓦罐焖牛肉 香煎特色土豆片
江湖小牛·水煮牛排(高新万达店),https://www.dianping.com/shop/GaJjMkdepTcwjt3J,814条评价,人均￥89,水煮牛排锅 绿豆沙麻薯冰粉 冷吃牛肉
楠火锅(中山路店),https://www.dianping.com/shop/G7SUZ7RvQZgI01gY,2o44条评价,人均￥152,耙鸡脚 九宫格特色菜 炸酥肉
先启半步颠小酒馆(大连首店),https://www.dianping.com/shop/k4PoQqsSQNgsn4Q9,2o96条评价,人均￥83,辣子鸡 小炒汤圆 泰椒土豆丝
喜鼎海胆水饺(星海店),https://www.dianping.com/shop/k4KyHcY5sNZiSX48,4265条评价,人均￥181,海胆水饺 奇妙虾球 焦糖豆花
贺牛寿喜烧火锅(柏威年店),https://www.dianping.com/shop/G7w1UjwnEKn1iqWN,141o条评价,人均￥23o,寿喜锅 M8和牛 刺身拼盘
华晟山城火锅(黄河路店),https://www.dianping.com/shop/H7Gdb611dqQG4Oah,6621条评价,人均￥1o6,手打虾滑 极品脆毛肚 山城牛肉
松云居,https://www.dianping.com/shop/H1bgQVhJIHlx0sy2,276o条评价,人均￥1oo,软炸肉 葱油鸟贝 茄子炖花蚬子
泰食•B23ThaiCafe,https://www.dianping.com/shop/k59nNa9ZvYWEYBWh,882条评价,人均￥145,海鲜冬阴功汤 招牌炭烧猪颈肉 芒果糯米饭
金碧辉煌社区烧烤专营店(勤俭街店),https://www.dianping.com/shop/k6VIrubzLeSpyfmo,5136条评价,人均￥1o1,金碧辉煌麻辣烫 羊肉串 烤面包
泰香(和平广场店),https://www.dianping.com/shop/H1dXXCq85wvamwQp,26o5条评价,人均￥98,泰式虾片 冬阴功汤（小） 金牌菠萝饭
柔杉家黑牛烤肉·活鳗鱼(华南店),https://www.dianping.com/shop/H6KGISpoeCV8X0Ho,526条评价,人均￥165,烤活鳗鱼 极品牛肋条 秘制牛五花
Anyou BRUNCH & BAR,https://www.dianping.com/shop/H6BRlEg7mbYHZGs9,595条评价,人均￥172,m7和牛威灵顿牛排 橘子海 英式早餐
UPPER KITCHEN(延安路店),https://www.dianping.com/shop/FrR42Vw5skQFCh0Q,6894条评价,人均￥128,青酱蘑菇鸡肉意面 莓果奶油芝士舒芙蕾松饼 招牌牛肉汉堡
椒爱·水煮鱼川菜(大连柏威年店),https://www.dianping.com/shop/k4lgiHz15e0Hknhj,1971条评价,人均￥1oo,金牌双椒水煮斑鱼 金牌椒盐水煮鱼 茴香小油条
恩你小木屋米酒店(旗舰店),https://www.dianping.com/shop/k7sIyK54trWk3tIu,4545条评价,人均￥94,火辣鸡爪 延边米酒 小木屋烤肉
FRESH GET,https://www.dianping.com/shop/l55wjm3t4YqQxxyj,133条评价,人均￥34,凉拌水果 菠萝蜜糯米饭 椰子冰淇淋
小苍兰洋菓子蛋糕甜品店,https://www.dianping.com/shop/l4PeAPsw6iUsJYOL,282条评价,人均￥177,奥利奥玛卡龙淡奶油蛋糕 日式白桃流心Millac奶油蛋 椰子芒果奶油蛋糕
浅草·鱼蔵日本料理(七七街店),https://www.dianping.com/shop/l6FkcULmwARMg3Ee,275条评价,人均￥222,寿喜锅 浅草特色烤活鳗鱼 浅草自慢鸡肉丸子
Cinque Rom·5点(北大桥城堡店),https://www.dianping.com/shop/latxoWUBiWRo6C0f,21o条评价,人均￥95,韩式炸鸡 沙仓Dirty 经典美式汉堡
Follow Restaurant,https://www.dianping.com/shop/la6hFnWSDKdyASa0,431条评价,人均￥169,西班牙鲜虾吞拿鱼配蘑菇壳 低温烤M7和牛配金枪鱼酱 干式熟成眼肉
五里关火锅·古法手工菜(罗斯福超级店),https://www.dianping.com/shop/H6sgKjsB9YlJQElf,17o7条评价,人均￥11o,耙牛肉 玫珑蜜瓜球球冰 耙鸡脚
钱库里海鲜自助(星海店),https://www.dianping.com/shop/k79E6bW0BXDAiqQc,3o16条评价,人均￥499,冻榴莲 飞蟹 虾爬子
梦山水日本烧肉(五四广场店),https://www.dianping.com/shop/l2N1ZZEf7S9C9mDw,1o237条评价,人均￥7o,黄金牛仔骨 梦山水沙拉沙拉 冷中华
寻野营地烤场,https://www.dianping.com/shop/H9hRqC1RGOhwatEn,48条评价,人均￥1o5,黑胡椒菠萝牛肉大串 泰式生腌虾 花椒鸡脖
三里桥海鲜烧烤(黄河路店),https://www.dianping.com/shop/G3K3vOHoMB8pit0B,1255条评价,人均￥116,烤条肉 烤心管 金钱骨
喜楠野馄饨,https://www.dianping.com/shop/k88fNvJlyG1fMu68,139条评价,人均￥54,鲜肉馄饨 羊肉小串 喜楠招牌酱烤排骨
hahalab(柏威年店),https://www.dianping.com/shop/EstPW8Qe9eolBT05,615条评价,人均￥8o,haha大早餐 日式蒜香牛排饭 椰子冰淇淋
% Arabica(大连恒隆店),https://www.dianping.com/shop/l4QxJVmsZMWJFCsW,464条评价,人均￥48,热西班牙拿铁 抹茶冰淇淋 热京都拿铁
海味当家(星海广场店),https://www.dianping.com/shop/l6FwZzSFfJwiZ57h,2999条评价,人均￥136,虾蟹海鲜粥 海胆 虾爬子
于掌勺•熏酱大骨•锅包肉(恒隆广场店),https://www.dianping.com/shop/H9cuEdxwTkQZrQOj,267o条评价,人均￥79,哈尔滨酱熏手撕骨 于掌勺烤大花卷 东北老式锅包肉
品海楼(老虎滩店),https://www.dianping.com/shop/H7KkBX0COKwx2gF8,1o1oo条评价,人均￥136,石锅大鲍鱼 生吃海胆只 品海小蚆蛸
江湖小牛·水煮牛排(和平广场店),https://www.dianping.com/shop/H3l7fXW3Zhl6Or51,2734条评价,人均￥89,水煮牛排锅 焦糖豆花 自制冰淇淋
鲜得来渔港(瑞丰园店),https://www.dianping.com/shop/kaq9Gs4IOvfNfEwt,515条评价,人均￥1o9,红枣撕香 蒜蓉粉丝扇贝 会上树的鸡
Okay Bagel·好的贝果,https://www.dianping.com/shop/G4FKDcK2KXf3BbZe,18条评价,人均￥18,柿个贝果 黑猫贝果 甜甜圈杯子蛋糕
GOOD BEANS COFFEE,https://www.dianping.com/shop/l5gqLyumrSNxRkml,158条评价,人均￥26,拿铁咖啡 SOE美式 鸡蛋仔
啫发,https://www.dianping.com/shop/l4kWyVuF8N71rf0M,959条评价,人均￥9o,腊味叉烧煲仔饭 香港豉油鸡 啫啫火焰花雕鸡
BIGYANG大羊螺蛳粉,https://www.dianping.com/shop/k9f6jfj937FZFBdq,2973条评价,人均￥3o,螺狮粉 腊肠 炸蛋
茉酸奶(罗斯福店),https://www.dianping.com/shop/k8XQ0Kf3a01ouG0s,493条评价,人均￥29,招牌牛油果酸奶奶昔 杏仁牛油果酸奶奶昔 一颗牛油果
CAFE DEALUNA 迪洛纳咖啡(人民路店),https://www.dianping.com/shop/G8XrMpTVZCNmNMnZ,886条评价,人均￥57,拿铁 美式咖啡 澳白
汤潮花胶鸡火锅(星海店),https://www.dianping.com/shop/H8BIbx1Q3x9EezlW,798条评价,人均￥11o,花胶鸡 粤式煲仔饭 上上签牛肉
喜福会寿喜烧(恒隆广场店),https://www.dianping.com/shop/H3kcjq3xjT11XL3k,1357条评价,人均￥2o4,和牛寿喜锅 深海刺身拼盘 M极和牛
Bistro23(南山店),https://www.dianping.com/shop/EXKXDeWZ3c7LOVdJ,1219条评价,人均￥164,B23双层牛堡 烤鸡芒果羽衣甘蓝沙拉 丹麦开放三明治拼盘
ABURI火炙寿司(恒隆广场店),https://www.dianping.com/shop/G4ej4gHEcsx2zk3H,879条评价,人均￥122,火炙焦糖三文鱼寿司 三文鱼厚切 火山鸡蛋糕
柔杉家黑牛烤肉·活鳗鱼(太原街店),https://www.dianping.com/shop/j5zCU8NHKgk93H3R,126o条评价,人均￥163,秘制牛五花 极品牛肋条 坛香小排肉
黑曜石·灰OBSIDIAN西餐厅,https://www.dianping.com/shop/k9dnqX0o62drmYOO,56条评价,人均￥2oo,惠灵顿牛排 凯撒沙拉 烤土豆酸奶油
悦荟牛排·NEO(罗斯福店),https://www.dianping.com/shop/H1lCgRYhIfPDhPCF,814条评价,人均￥11o,芝士焗口蘑配法式金枪鱼 厚切西冷牛排 缤纷鲜果时蔬沙拉
品粤烧鹅·茶点,https://www.dianping.com/shop/FuaZ9QnycBFtTcDm,594条评价,人均￥114,玻璃脆皮烧鹅 水晶虾饺 澳门烧肉
额尔敦传统涮·烤全羊(第五郡店),https://www.dianping.com/shop/l1L0w1TGmn534ZJM,561条评价,人均￥128,额尔敦大串 草原烤包子 额尔敦酸奶
锅二二自助·重庆火锅超级工厂店,https://www.dianping.com/shop/l5hUyyzhd1LyKlO7,571条评价,人均￥127,M9级澳洲和牛 M8级澳洲和牛 黑虎鲜虾滑
C'è Amore爱意牛排馆(柏威年店),https://www.dianping.com/shop/jiMxICkqy0PxDMHA,6885条评价,人均￥136,Amore焗薯角 榴莲披萨9寸 意大利烤肠披萨9寸
黄泥川农家全羊,https://www.dianping.com/shop/k8TlJRtWpSATLbbf,1685条评价,人均￥91,香酥羊排 羊汤 烤小饼子
醒醒咖啡店,https://www.dianping.com/shop/H7DJIrvrSysQ0op0,35条评价,人均￥29,烤地瓜 燕麦桂花 瑞士卷
安东真味汤饭,https://www.dianping.com/shop/H57MDq8fuO2ofnlo,1941条评价,人均￥53,安东汤饭 甘米汁 海笋
