鲜一口饺子馆(一分店),https://www.dianping.com/shop/k1wURLSRjckaT8Q8,1条评价,人均-,锅包肉
孙记老陕面,https://www.dianping.com/shop/l5EXxQvVO3gJuqFA,1条评价,人均-,
蜀飞食府,https://www.dianping.com/shop/l1V0pmQ04iyVEEXs,,人均-,排骨翅中 排骨虾 翅中虾
四川大邑胖哥便餐,https://www.dianping.com/shop/l3Vj2OXVE9NJxc8G,1条评价,人均-,回锅肉盖饭
森林道茶馆,https://www.dianping.com/shop/H6NyCwFpFlu9Fv3w,,人均-,
江湖冒菜,https://www.dianping.com/shop/ipiFfeMpUV8GkHWQ,,人均-,
溢香馒头压面房,https://www.dianping.com/shop/k8Poqqu8TzHnKTQM,,人均-,
红燕面馆,https://www.dianping.com/shop/k7U6uD4WVnxGktIy,,人均-,
达孜堡格快餐店,https://www.dianping.com/shop/irOawJiAOn5awu2V,,人均-,
百味食府,https://www.dianping.com/shop/k7Iszk5Wfu58kNTn,,人均-,
重庆傻儿私房菜,https://www.dianping.com/shop/l52y1II45HBqhVpM,,人均-,
蜀香餐厅,https://www.dianping.com/shop/G9cydRtepsQsVBkz,,人均-,
香满堂川菜馆,https://www.dianping.com/shop/H1phifFo20Fwxvmm,,人均-,
白纳曲果农民专业合作社林卡,https://www.dianping.com/shop/k6o3kt4q6NcSCf8k,,人均-,
达孜贡吉茶馆,https://www.dianping.com/shop/H2bm1Vh5ynAQpeQZ,,人均-,
毛椒火辣火锅串串,https://www.dianping.com/shop/H3Oa5nwGP6XHQEOy,,人均-,全牛油红锅
吉祥馒头店(邦堆乡人民代表大会西),https://www.dianping.com/shop/l4M3AZVKqaU1Nu9Q,,人均-,
拉雪恰瓦茶馆(没有分店),https://www.dianping.com/shop/H35azKsUGh062MMn,,人均-,
邓姐担担面,https://www.dianping.com/shop/l8hVzKTbUvht7jDL,,人均-,
达孜旦增桑珠臧餐馆(没有分店),https://www.dianping.com/shop/H1aYLd30uiVRVG2o,,人均-,
喵亦烧仙草,https://www.dianping.com/shop/kaAxw1KRiAjjOIIv,1条评价,人均-,超级水果茶
达孜碧玺茶馆,https://www.dianping.com/shop/l4L69o9dXkNfdafi,,人均-,
安多餐饮店,https://www.dianping.com/shop/k332OOXhqdSyasbY,,人均-,
甘丹寺餐厅,https://www.dianping.com/shop/G5dF7QrVMj767Xnk,,人均-,
111茶馆,https://www.dianping.com/shop/H6IDEQ0pyqxsI6er,,人均-,
达孜百纳众乐茶馆,https://www.dianping.com/shop/H7A6jxjk7TLgwUaw,,人均-,
达孜嘎玛欢聚茶馆,https://www.dianping.com/shop/H2F1kd3ZwhLzjL6O,,人均-,
豫东早餐小吃店,https://www.dianping.com/shop/G6sI6mHusy2YTErl,,人均-,
螺丝茶馆,https://www.dianping.com/shop/H5sttzZgo0k1pp2n,,人均-,
达孜县苏木手工馍馍铺,https://www.dianping.com/shop/HalyVPS5xNUHhGZm,,人均-,
饭香居,https://www.dianping.com/shop/k7fwXlZRRqSETyoO,,人均-,
阿珠藏餐馆,https://www.dianping.com/shop/H2KAsT8Zve2Xbjvw,,人均-,
兰姐面馆,https://www.dianping.com/shop/H558i0aQMQ0IFL5P,,人均-,
重庆风味老友聚餐馆,https://www.dianping.com/shop/G7MNKlm1Kv2iGC3l,1条评价,人均-,蒜苗回锅肉
九牛一牦,https://www.dianping.com/shop/l34Wz9exFoeWBNHA,,人均-,
桑林鲁固茶馆,https://www.dianping.com/shop/k2s9hhMKfiHdL7qb,,人均-,
阿吉林藏家宴,https://www.dianping.com/shop/k86DMez5HNJTmkcc,,人均-,
达孜胖二娃饭店,https://www.dianping.com/shop/FmwJdYQoDtggdLAJ,,人均-,
西藏阿帕拉自助火锅,https://www.dianping.com/shop/H7LQixtklOYmjNN6,,人均-,
彬彬压面房,https://www.dianping.com/shop/l9bjnakNg7AmwWd7,,人均-,
多杰茶馆,https://www.dianping.com/shop/iZxJRJ42fqHSZZOK,,人均-,
俏巴蜀,https://www.dianping.com/shop/l9gQ7eHPF60kSbag,,人均-,
甲木萨藏宴,https://www.dianping.com/shop/G2r7vQaxX3I1oay4,1条评价,人均-,苏打水 喜孜青稞酒 拉萨啤酒
桑吉贡桑次仁茶馆(没有分店),https://www.dianping.com/shop/k6JsaLskoSseuW7N,,人均-,
达孜穆林清饭店(没有分店),https://www.dianping.com/shop/Fd6wP1Ex2BOVPHa5,,人均-,
那曲特色炸串,https://www.dianping.com/shop/H4b6UYGQNVCLF6oI,,人均-,
重庆烧鸡公火锅,https://www.dianping.com/shop/G8T7FQg1O0N6R33P,,人均-,
桑林尼霞林卡,https://www.dianping.com/shop/G7Rq3W9vF44LGKDT,,人均-,
达孜无忧度假村,https://www.dianping.com/shop/H1yAvA58afbKVVr0,,人均-,
八方包子(镇江路店),https://www.dianping.com/shop/ijC5RlRzDyEMjGVG,,人均-,
鹏鑫粮油加工店,https://www.dianping.com/shop/G6r7FCbSL3uV1EBU,,人均-,
波仓风味茶馆,https://www.dianping.com/shop/laSPMXaXuK3066sg,,人均-,
伊麦蛋糕房(达孜店),https://www.dianping.com/shop/k6fBhYaeQGz2CvQg,,人均-,奥利奥奶茶 蜂蜜小面包 水果酸奶杯
达孜区岗日霓霞农牧民施工队,https://www.dianping.com/shop/l76BKhoJdx9S0MHR,,人均-,
伊尔烤肉面食店,https://www.dianping.com/shop/Gagq0WO0Q5UA4iYi,,人均-,
阿酷鲁多茶馆(没有分店),https://www.dianping.com/shop/l7YBFc3cayR1rwje,,人均-,
东乡手抓河沿面片,https://www.dianping.com/shop/GaFHwVni1ZYW0FO5,,人均-,
重庆特色豌杂面,https://www.dianping.com/shop/HaZ4byFgAt2KzVs5,,人均-,
老蜀人川菜鱼庄(德庆中路店),https://www.dianping.com/shop/FKReJwZVLWL9vy8h,,人均-,荷兰豆炒腊味 味道小炒肉
满福茶馆,https://www.dianping.com/shop/l7hKpZ83VH2525aM,,人均-,
