蒙德餐厅,https://www.dianping.com/shop/H6Mqz8q1K5zaqEYF,174条评价,人均￥59,牧民手把肉 牧民酸奶 铜锅奶茶
蒙古羊门涮肉(达旗店),https://www.dianping.com/shop/l4k5ysLlAbkuLdx4,87条评价,人均￥5o,大刀草地羊 大刀牛胸肉 大刀牛上脑
牛舍得涮肉(达旗店),https://www.dianping.com/shop/k8oCqrusbsqC9VkL,149条评价,人均￥78,极品雪花肥牛 自助小料 达茂羊肉(三两）
肯德基(响沙湾店),https://www.dianping.com/shop/l1i7Td2CUJBpwAle,5条评价,人均-,汁汁嫩牛堡（经典美式风味） 薯条兑换券 十翅一桶
麦谷情生日蛋糕(达旗店),https://www.dianping.com/shop/H6idLqXCwZWYU7ev,123条评价,人均-,小清新 可爱米奇 告白熊生日蛋糕
盯上牛泥炉烤肉(达旗店),https://www.dianping.com/shop/H7OvpDLY9xZrTPqP,4o条评价,人均-,鲜雪花大块肉 奶茶冰粉 肋排五花肉
肯德基(达拉特旗维多利店),https://www.dianping.com/shop/G2TIXr91jMi7oRPO,21条评价,人均-,十翅一桶 热辣香骨鸡 暖心早餐
吴大师鸭爪爪特色火锅(一店),https://www.dianping.com/shop/H7XTLXbDeLd3X1sR,34o条评价,人均￥36,奶香炸馒头 招牌鸭爪中翅锅 招牌中翅大虾锅
老解馅饼店,https://www.dianping.com/shop/G7bNeyO16AT18wTz,82条评价,人均￥12,猪肉馅饼 牛肉馅饼 酿皮
晶焱鑫烧烤城,https://www.dianping.com/shop/k68BjYkutb2fi5vA,14条评价,人均￥25,烤羊腿 苦菜 烤韭菜
老榆林长虹饭店,https://www.dianping.com/shop/G82DrLX2cQLP50w7,3条评价,人均￥47,
华莱士·全鸡汉堡(达旗店),https://www.dianping.com/shop/G8H46lsEh4bRsc2K,94条评价,人均￥21,
1+1珍奶工坊(达拉特旗店),https://www.dianping.com/shop/l4KNcSO1Sn0n3AK3,3条评价,人均-,
俊梅鸭脖王,https://www.dianping.com/shop/G2imy2oqHgDSrG7j,2条评价,人均-,
元氣插座(树林召大街店),https://www.dianping.com/shop/H4Upf5dTDaswwQpe,8条评价,人均-,
夜狼0477烧烤(达旗店),https://www.dianping.com/shop/H6YOAzqqKtkpIYns,3条评价,人均-,爆炒虾尾 鸡脆骨 鸡爪
德克士(陶瓷广场店),https://www.dianping.com/shop/k2ZjGwLax4Vd4noQ,119条评价,人均-,咖喱饭 脆皮炸鸡 咔滋薯霸
小巷子面馆,https://www.dianping.com/shop/H2a2XNEGyk3wk9Yl,,人均-,过油肉拌面 西红柿鸡蛋盖饭 鱼香肉丝盖饭
锅圈食汇火锅烧烤食材超市,https://www.dianping.com/shop/H6IaBzE5FSsXzInJ,1条评价,人均-,水晶川粉 乡村安格斯雪花肥牛 金针菇
醉牛啤,https://www.dianping.com/shop/l52tlRlkfuXEdPoo,1o9条评价,人均￥87,阿旺叉烧肉 阿旺羊肉串 烤面包
川渝情重庆火锅(达拉特路店),https://www.dianping.com/shop/k8evy9X94vr5n22b,24条评价,人均￥25,凉拌豆腐皮 鲜豆腐冻豆腐拼 鱼丸蟹棒拼
俊梅鸭脖店(紫御花园店),https://www.dianping.com/shop/Ha9JyCTorqIIi436,,人均-,青苹果 娃哈哈冰红茶 娃哈哈矿泉水
哈萨尔王黄河鱼大酒店,https://www.dianping.com/shop/Er2KiBu4YHwdJkJq,1条评价,人均-,红烧鲤鱼 家炖鱼 油炸鱼块
小蛮螺螺蛳粉,https://www.dianping.com/shop/H9h5whaYXME7vYg7,,人均-,肥肠螺蛳粉 狼牙土豆 麻辣螺蛳粉
福满香(金鹏路店),https://www.dianping.com/shop/H7AqEcOlF9pU4NUi,1o3条评价,人均￥3o,秘制烤鱼 铁锅排骨大丰收 飘香水煮肉
馥约手作烘焙,https://www.dianping.com/shop/k71OkhZkA5lNrgRA,1条评价,人均-,DIY蛋糕 流心泡芙 黑糖麻薯
老郭羊架馆(达旗二分店),https://www.dianping.com/shop/j9Lvj3J5UVKXRzI7,187条评价,人均￥66,羊架子 羊棒骨 凉拌莜面
蜜雪冰城(陶瓷广场店),https://www.dianping.com/shop/H4FuTPjEHoAO3Pnr,,人均-,桑葚莓莓 厚芋泥奶茶 拿铁咖啡
响沙蒙古大营,https://www.dianping.com/shop/G10zL8t8hdpGkjsj,173条评价,人均￥117,烤羊排 铜锅奶茶 酸奶
甜啦啦(市府街店),https://www.dianping.com/shop/G1ueBq6vLaMVMaUC,8条评价,人均-,红豆 芋泥小丸子 暖小糯奶茶
百珍汇海鲜大咖,https://www.dianping.com/shop/H35sKgkTgKopewk0,,人均-,海鲜大咖小锅 小龙虾小锅 爆炒鱿鱼圈
鲜鱼店,https://www.dianping.com/shop/k9I83WZ5n16VOfOr,,人均-,
老左鱼店,https://www.dianping.com/shop/H4BTeHVtfmNf6gAM,,人均-,
琪香果,https://www.dianping.com/shop/kayFtCUk2aA84uCp,1条评价,人均-,榴莲 都乐金菠萝
青春肴饮品店,https://www.dianping.com/shop/G1jtRsy2LKKl4fSz,,人均-,多肉荔枝桃桃 草莓冰乐 柳橙冰乐
大漠烤将,https://www.dianping.com/shop/l7Q9doKEOLc6tQ4N,3条评价,人均-,爆炒虾尾 炒方便面 铁板肥肠
意林饼屋(达旗店),https://www.dianping.com/shop/k3pAtHzvB8lEAVnH,1o25条评价,人均￥53,樱桃条形蛋糕 八寸蛋糕 芒果风情
沪上阿姨鲜果茶(北国购物广场店),https://www.dianping.com/shop/G8BZsrrbhh6HfP2a,18条评价,人均-,杨枝甘露 芝士草莓奶盖 芝士葡萄奶盖
小李砂锅面,https://www.dianping.com/shop/H1mZh4ql92e91p7a,1条评价,人均-,饺子串面 砂锅圪坨 砂锅刀削面
魏氏铁帽烤肉(旗舰店),https://www.dianping.com/shop/Ha3MsCAi85rIpIx9,24条评价,人均-,五花肉 特色铁帽煎鸡蛋 烤鸡腕骨搭韭菜
二强大块羊肉,https://www.dianping.com/shop/G8RCUmnUdUcruArO,22条评价,人均￥25,刀削面 羊肉 凉菜拼盘
文氏骨香居香辣羊蝎子(达旗店),https://www.dianping.com/shop/k3FicAw5JWDdeB77,141条评价,人均-,香辣羊羯子 宽粉 麻酱
芳芳烧烤,https://www.dianping.com/shop/FRlxbvHaamTSmMDq,3条评价,人均￥5o,非遗来凤鱼 奥尔良鸡翅 油边
锅圈食汇火锅烧烤食材(汇昇花园店),https://www.dianping.com/shop/l7BifJBoF4fSLjgy,,人均-,
鱼你在一起(滕达步行街店),https://www.dianping.com/shop/G5jUTvR2UOmD4b1G,17条评价,人均-,热炝酸菜鱼 毛血旺 公举番茄鱼
肥羊爱上大嘴鱼(陶瓷店),https://www.dianping.com/shop/k23GUG3fNTLOtLwf,1条评价,人均-,鱼羊锅 豆腐花大嘴鱼 肥羊爱上大嘴鱼
天天香烧麦馆,https://www.dianping.com/shop/G3CZ4UL7IhXqAWix,2条评价,人均-,精品手工馅蒸烧麦 精品手工油煎羊肉烧麦 八宝粥
家红蒙羊蝎子火锅(达旗店),https://www.dianping.com/shop/l53sBnSZi5L0PZXq,32条评价,人均-,鱼香肉丝 葱爆羊肉 香芹炒豆干
7石咕噜鱼(达拉特路店),https://www.dianping.com/shop/k5EFInxQ53AZq5rK,166条评价,人均￥51,黑鱼 麻辣锅 油麦菜
张亮麻辣烫(北国购物店),https://www.dianping.com/shop/l6jtzGNbJaXcN6vf,,人均-,麻辣烫 香菇 手擀面
川西老号重庆火锅,https://www.dianping.com/shop/jfkf8xOYEf1M6xbz,97条评价,人均-,鸳鸯锅 大刀牛眼肉 鸭血
兄弟火锅自助,https://www.dianping.com/shop/ErDCxHJJy5dte8qC,2o条评价,人均-,披萨 蛋挞 羊肉卷
马家私房面(达旗店),https://www.dianping.com/shop/H7pjPGBPnXmTSdPS,21条评价,人均￥24,马家私房牛肉面 私房卤肉饭 牛肉馅饼
刁四藤椒麻辣烫(园丁小区店),https://www.dianping.com/shop/H7HHah7yl7fXgYag,,人均-,鱼籽小可爱 魔芋素毛肚 干贝丝
德克士(达旗2店),https://www.dianping.com/shop/G3eIYQYb7oxerwKI,397条评价,人均￥37,脆皮照烧鸡腿饭 双鸡堡 咔滋薯霸（中）
咖啡滋味,https://www.dianping.com/shop/jWM1YYIEKzykttAw,16条评价,人均￥8o,意大利香肠披萨 水果沙拉 铁板沙朗牛排
欢乐牧场(兴达店),https://www.dianping.com/shop/l7TMHmyjTsxOh4OP,1231条评价,人均￥47,酸奶 涮肉 冰淇淋
达拉特旗创客咖啡店,https://www.dianping.com/shop/k6xnYnyBglRsJGVC,,人均-,火腿披萨 伯爵红茶巴克斯芝士蛋糕 马卡龙
蜀香园,https://www.dianping.com/shop/H4DPNl5M5bemEVQt,,人均-,手撕牛心菜 水煮鱼 鱼香肉丝
欢乐牧场(腾达店),https://www.dianping.com/shop/G9bD8q6CMosMpxQA,635条评价,人均￥56,涮菜 脊骨 披萨
