南圆北角重庆火锅鲜肉·烧烤(大厂县城店),https://www.dianping.com/shop/l3xKFwYf6nL0wSaC,769条评价,人均￥85,奔驰锅底 一斤装特制肥牛 小黄牛鲜肉
撒拉花儿 新疆味道(大厂店),https://www.dianping.com/shop/k1x5Sx1G935xg48Q,61条评价,人均￥74,尕撒拉烤包子 招牌大盘鸡 哈萨克奶茶
大牛儿火锅,https://www.dianping.com/shop/H5R4IKv600qZdDrk,167条评价,人均￥121,严选肥牛 寿喜锅 和牛眼肉
天禧宴,https://www.dianping.com/shop/H7U8miItD2bkszgF,142条评价,人均￥89,北京烤鸭 三杯鸡 碳烤牛舌
伊杨烧麦馆,https://www.dianping.com/shop/k7Q5iH5QL1RpTr22,272条评价,人均￥65,牛肉手切烧麦 三鲜烧麦 牛肉大葱
跃华春鲜牛府(大厂县城店),https://www.dianping.com/shop/k8ggTTUu78rvokpp,551条评价,人均￥1o3,烧饼夹肉 跃华春招牌鲜牛肉 匙仁
啪啪不只是一家串店(孔雀城棠墅园店),https://www.dianping.com/shop/l6Bjfy5pTBU80wZ9,123条评价,人均￥9o,炭烤锦州小羊肉串15支 啪啪下酒菜 二厂橙味汽水
独一味鲜肉涮坊(幸福路店),https://www.dianping.com/shop/G43NNNtAB4ajwii8,7o1条评价,人均￥58,鸳鸯锅 胶原肥牛 烧饼
独一味羊蝎子烧烤店,https://www.dianping.com/shop/G6s0h5fZL4Itba33,459条评价,人均￥98,镇店之宝羊蝎子 羊肉串 烧饼
杨家铜锅涮肉烧烤,https://www.dianping.com/shop/H34nmfAgE9ah2pt7,133条评价,人均￥78,烧饼 手切鲜羊肉 特色麻酱
肉当佳·拌斤八两牛肋条烤肉(路劲店),https://www.dianping.com/shop/Hay63wzRDSj7AmEd,58条评价,人均￥1oo,黄老大雪花·牛肋条 黑老二·三味牛排 精品黑牛排
东玺庄园,https://www.dianping.com/shop/l24ZKecGNeQYRXEW,11条评价,人均-,宫保阿根廷红虾 东玺炆火煨牛腩 老汤酱牛肉
大自然烤鸭(潮白家园店),https://www.dianping.com/shop/HagC5SXFiMhoJ5IX,151条评价,人均￥113,烤鸭 锅包肉 麻酱拉皮
清真云南马帮云南小肉串烧烤,https://www.dianping.com/shop/k1sDKyDuF8W3Nzk1,5条评价,人均-,萝卜皮 香辣牛干巴 云南小肉串
麦当劳(大厂新城店),https://www.dianping.com/shop/l39IBp0u10HNK1X8,229条评价,人均￥27,薯条 麦辣鸡翅 麦乐鸡
海记炭火烤肉,https://www.dianping.com/shop/k6mywBGHjMHXNPsN,325条评价,人均￥1o2,五味全牛 海记秘制牛肉 炸馒头片
呷哺呷哺(廊坊大厂华联店),https://www.dianping.com/shop/E5e9sue9hUx6shaX,194条评价,人均￥71,呷哺人气草原羔羊肉 原切牛眼肉 印度风味咖喱锅底
金手勺东北菜(英国宫店),https://www.dianping.com/shop/ixCtHdFzigvJupDk,153条评价,人均￥61,锅包肉 东北大拉皮 年夜杀猪菜
跃华春火锅烤肉城(夏垫店),https://www.dianping.com/shop/H9GYlC3a5RgqjYMr,428条评价,人均￥91,特色麻酱烧饼 招牌火焰牛肉 招牌黑椒牛扒
大自然烤鸭,https://www.dianping.com/shop/G9zO6ZEN44lTFbs2,185条评价,人均￥92,烤鸭 锅包肉 毛血旺
老卓小馆,https://www.dianping.com/shop/G6RDWBPVG85BLFDC,1o条评价,人均￥4o,泰香Q卷 猪排饭 什锦大卷
拾来运转铁锅炖,https://www.dianping.com/shop/l4GVevGB0tCvAOpK,13条评价,人均￥68,东北粉条 鲜豆腐 拍黄瓜
鹄泮花园烧烤野奢营地,https://www.dianping.com/shop/l8odvzbdY9BMEieO,24条评价,人均￥1o8,花园四人烤串套餐 花园六人烤串套餐 鹄泮天鹅花园入园门票
黑牛小镇市集烤肉(潮白家园店),https://www.dianping.com/shop/G62nhbjKHup13wky,75条评价,人均￥83,朕店之宝 韩风厚切五花 小镇牛五花
喜来登盛宴标帜餐厅,https://www.dianping.com/shop/EGPO38OaJp9lUFT1,385条评价,人均￥198,生鱼片 手卷寿司 传统提拉米苏配时令水果
萃香寻(大厂店),https://www.dianping.com/shop/k7uO6H7OyVjHFT4X,22条评价,人均￥89,
一品斋(大安西街店),https://www.dianping.com/shop/G2OAmbzeWxVbbTsI,6o条评价,人均￥31,
姥姥家春饼,https://www.dianping.com/shop/k3Llr6nqFWwwwBTN,226条评价,人均￥64,
疆湖 地道新疆味儿,https://www.dianping.com/shop/G3R6j3OX8myst00T,9条评价,人均-,
志成八大碗,https://www.dianping.com/shop/H2RYYPLL0p8tfLZe,29条评价,人均￥57,
大自然齐齐哈尔烤肉店(潮白家园店),https://www.dianping.com/shop/HagmQgO0XQ0AEgzu,1o9条评价,人均￥64,齐齐哈尔家庭拌肉 青菜拼盘 大自然秘制羊肉
范大厨家常菜,https://www.dianping.com/shop/FMAEhkDuuQmxYKGs,,人均-,肉沫酸豆角 酱焖小黄鱼 苦瓜腊肉
羊老大饭店,https://www.dianping.com/shop/k47pxUhYiY8Vs3qC,1o7条评价,人均￥8o,鲜羊肉串 宫爆鸡丁 烤鲜羊肉
西西里牛排(潮白家园店),https://www.dianping.com/shop/H2FSNwANySl0kylA,9条评价,人均-,黑椒T骨牛排 招牌意大利肉酱意面 台式手撕鸡柳
家信和牛烤肉店,https://www.dianping.com/shop/G7M5RgSIEH72RPMm,132条评价,人均￥9o,眼肉 上脑 西冷牛排
清真·京春园饭店,https://www.dianping.com/shop/i3PpoXmgyzpg4DhT,24条评价,人均￥78,红烧牛尾 扒口条 醋苜
鸡西大冷面(早安北京店),https://www.dianping.com/shop/H4sftlMmY558cASI,9条评价,人均-,鸡西大冷面 牛肉刀削面 桔梗
Mancia Di Patton,https://www.dianping.com/shop/H7qhIIgSvnKkkrX0,6o条评价,人均￥31,巴顿美式 土耳其咖啡 纽约芝士蛋糕
羊串三叶(大厂店),https://www.dianping.com/shop/H8n9bs2TyTp5rQGf,75条评价,人均￥75,羊肉串 蒜蓉小龙虾 炭烤羊排
芽米食坊,https://www.dianping.com/shop/l4L6KbC6eTquTZ64,25条评价,人均￥95,牛肉卷饼 肚包肉 寿喜锅
顺兴饭店(大安东街店),https://www.dianping.com/shop/H7MoFpftwLklMcdE,56条评价,人均￥58,顺兴果木烤鸭 一品莜面 清炒虾仁
鞑子烤羊腿·自助骨头锅,https://www.dianping.com/shop/G7DoDzHabeInRv2W,11条评价,人均-,麻辣小龙虾 烤羊腿 烤羊排
清真华仁黏食,https://www.dianping.com/shop/G3SmJkuo5iHSEJ5Y,24条评价,人均￥27,炸糕 切糕
签与千寻串串香,https://www.dianping.com/shop/k4MQdg6AviHDSGSw,3条评价,人均-,
天意斋羊汤馆(西环路店),https://www.dianping.com/shop/G4d3DlR30ZMXeIQh,13条评价,人均￥28,羊杂汤 全羊汤 凉菜拼盘
清真全羊宴,https://www.dianping.com/shop/H9UB48x5ozduHSFO,17条评价,人均￥55,拌羊头 蹄筋 羊肝
回回香小吃,https://www.dianping.com/shop/l5WnfewQ5dFd8w7V,18条评价,人均￥17,牛肉饼 羊杂汤 豆腐脑
三里香黄泥烧鸽子(祁各庄店),https://www.dianping.com/shop/FBkevwA9HsA6hrij,28条评价,人均￥63,烧鸽子 鱼豆腐 鸡胗
潮汕居生鲜牛肉火锅,https://www.dianping.com/shop/lau2KAAkReuSuqBd,1o条评价,人均￥78,手打熟牛丸 潮汕炸腐皮 手打牛肉丸
跃华春烤肉城(大厂店),https://www.dianping.com/shop/l81v180oPagu6O0S,85条评价,人均￥124,跃华春嫩牛肉 功夫黑牛腹肉 原切牛排
喜来登采悦轩中餐厅,https://www.dianping.com/shop/F1FD7lnvyBlnzlJ5,127条评价,人均￥155,京东肉饼 扁豆焖卷子 金牌肉汤泡饭
小红椒川渝火锅,https://www.dianping.com/shop/laCZIqtDt28KulNz,62条评价,人均-,高钙羊肉 虾滑 鸳鸯锅
路口海鲜,https://www.dianping.com/shop/G65PgTOm4lWTL2Uv,4条评价,人均-,炒方便面 蒸生蚝 爆炒蛏子花蛤
80蛋糕烘焙坊,https://www.dianping.com/shop/l5UiCdnMO4WYWiJA,24条评价,人均-,慕斯狗 生日蛋糕 巧克力奥利奥毛巾卷
李大厨碳火烤肉铁锅炖,https://www.dianping.com/shop/G2MVMkNVpF3V0Dxc,18条评价,人均-,拌牛肉 原味五花肉 李大厨冷面
炙魂＆黑牛炭火烧肉,https://www.dianping.com/shop/H8t0bcpgfx9rLeVq,9条评价,人均-,肉拼盘 雪花牛排 鸡翅
大自然齐市烤肉,https://www.dianping.com/shop/H1iEZfc6khFkR438,136条评价,人均￥76,大自然齐市家庭拌肉 烤肠 精品肥牛
德克士(祁各庄慧客隆店),https://www.dianping.com/shop/H4jeSftcw4Zqhzld,27条评价,人均-,欢乐桶餐 双层香酥炸鸡堡 左将军炸鸡卷套餐
跃华春涮小匠(大厂店),https://www.dianping.com/shop/l9ehH66ZFlMvnQsR,12条评价,人均-,纯香牛骨锅 蒜香鸡爪 鲜虾滑
清真京城香火锅鸡,https://www.dianping.com/shop/l3m0SnZD6eA2a9Eu,7条评价,人均-,莲藕片 鱼火锅 皇冠梨
