烤匠麻辣烤鱼(仁和新城店),https://www.dianping.com/shop/G3ATUuwbDYCL8pIq,1812条评价,人均￥74,经典麻辣烤鱼 包浆豆腐 芝士烤红薯
杨三孃跷脚牛肉(荷叶街店),https://www.dianping.com/shop/l3VkC5dCHNOfz9Nd,7o9条评价,人均￥28,鲜血旺 跷脚碗碗牛肉 粉蒸牛肉
七星椒卤菜(三圣宫店),https://www.dianping.com/shop/i3QnVRLKBTjdRzPm,39o条评价,人均￥1oo,卤鸡脚 卤鸭脚板 鸭菌把
吃城都·招牌青花椒鱼(仁和新城店),https://www.dianping.com/shop/G4NEfVaBF5Xks99B,29条评价,人均-,招牌青花椒黑鱼 经典四宫格 冒千层肚
L&J·黎家凉虾·老字号,https://www.dianping.com/shop/k22TcejmNjummxpS,269条评价,人均￥1o,红豆沙 醪糟凉虾 火锅苕粉
大石人家鱿鱼面馆(万兴路店),https://www.dianping.com/shop/k64VLLmfkYaPM58g,44条评价,人均￥13,海味鱿鱼面 京酱干面 香辣鱿鱼面
俊熙家现切烤肉自助店(达州升华广场店),https://www.dianping.com/shop/l91in6iYyr0sSKip,19o条评价,人均￥86,芝士焗紫薯 秘制牛五花 文俊熙现切谷饲眼肉牛排
农家记忆土菜馆,https://www.dianping.com/shop/G8zIYHUUTYdlIr5x,2o93条评价,人均￥47,农家怪味鸡 自制豆花牛柳 公社回锅肉
老地方海铺(南城店),https://www.dianping.com/shop/G4mACWrGba8riEay,26条评价,人均-,蒜蓉大青龙 北京烤鸭 猪脚焖鲍鱼
晓秧锅鲜货火锅(市内店),https://www.dianping.com/shop/k8apMjuR1Dmxb2Q5,348条评价,人均￥1o6,现切鲜牛肉 传统经典毛肚 草原千层肚
四季融汇北京烤鸭(罗浮广场店),https://www.dianping.com/shop/k38Bzz4zE0ijupeH,813条评价,人均￥54,北京烤鸭 酸萝卜烤鸭架汤 卤水鸭头
走亲戚,https://www.dianping.com/shop/k9lJgUekeLJuD2fN,27o条评价,人均￥48,锅边馍 水煮牛肉 蒸三样
晓秧锅鲜货火锅(南外店),https://www.dianping.com/shop/HaBPS3TRyX1KYW2e,42o条评价,人均￥99,精品生抠鸭肠 现切牛肉 屠场鲜毛肚
醉香源烧烤,https://www.dianping.com/shop/l1TSKfddIVSmjX4j,2条评价,人均-,牛肉 鸡脚脚 烤五花肉
老地方海铺(西外店),https://www.dianping.com/shop/k2wQ8mHx41DerF6C,67条评价,人均￥193,帝王蟹四吃 老式酱猪蹄 花雕芙蓉龙虾仔
老地方酒楼(西外店),https://www.dianping.com/shop/HaIoV0JqgWiCqSsm,66条评价,人均￥124,财源滚滚 老地方腊香肠 粉丝捞鹅掌
say Hi.东南亚料理(西外店),https://www.dianping.com/shop/EikD9yrUE2loO45u,6o条评价,人均-,柠檬草冬阴功汤海鲜锅 菠萝海鲜炒饭 芝士金枕榴莲春卷
竹涟烧肉(升华广场店),https://www.dianping.com/shop/H90Mx4yChf0Ytc1T,128条评价,人均￥134,烧汁牛五花 顺滑寿喜牛牛烧 必胜牛
鲁西肥牛(南外店),https://www.dianping.com/shop/G5UyOJJ2ey5HNs8n,1297条评价,人均￥67,鲁西肥牛 如意醉肥牛 精选肥牛
泰可TKA东南亚料理(仁和新城店),https://www.dianping.com/shop/G5c7dAvdh2YgyieD,84条评价,人均-,黄金虾饼 招牌面包咖喱鸡 冬阴功汤粉
渝大狮毛肚老火锅(达州店),https://www.dianping.com/shop/k2Vel1ywC3R78pqC,4o4条评价,人均￥86,冷锅鸭血 荣昌鲜鹅肠 瀑布肥牛
山城袍哥鲜菜火锅,https://www.dianping.com/shop/k8RDEIs5VO51f3fh,13条评价,人均-,眉毛老肉 屠场清油毛肚 双椒牛肉
碳在烧韩国烤肉(罗浮广场店),https://www.dianping.com/shop/H9cuVew3UP2APHK0,1o25条评价,人均￥72,厚切五花肉 一米肥牛 葵花五花肉排
老地方达州饭店(莲湖广场分店),https://www.dianping.com/shop/k1nq8IRM4a5o3cZD,5条评价,人均-,吊烧万源黑鸡 鲍鱼烧猪脚 达州饭店特色菜松茸牛掌
黎婆辣子鸡,https://www.dianping.com/shop/k2mfQw1wjhdDgkiy,49条评价,人均￥84,醉鸡 剁椒蹄花 土豆鸡
袁氏瘪包子(转转楼店),https://www.dianping.com/shop/k8kwK4gi8CnpoO21,52条评价,人均￥1o,尖叫鸡米小笼包 花卷 酱肉包子
牛之哥·果木炭火烤肉(升华广场店),https://www.dianping.com/shop/l19E1EDz2HYUf37v,228o条评价,人均￥88,秘制坛子肉 薄切五花肉 酱香肥牛
南方米线,https://www.dianping.com/shop/FZoes3E60efaUVih,113条评价,人均￥1o,酸辣米线 酸麻辣砂锅米线 三鲜米线
奇奇子烧鸟居酒屋(仁和春天店),https://www.dianping.com/shop/l3jdq9LHjrJBKcxn,14条评价,人均-,寿喜锅 烧鸟 葱烧鸡肉串
瓷器口老火锅(西外店),https://www.dianping.com/shop/H4tldnZG6AHhSd3r,34条评价,人均-,一米牛肉 大刀腰片 云阳腰片
那拉提·疆味餐厅(罗浮广场店),https://www.dianping.com/shop/H4WDxGEOy3ObOpWz,42条评价,人均￥77,传统羊肉串 沙湾大盘鸡 喀什烤包子
王府鞑子烤羊腿(升华广场店),https://www.dianping.com/shop/l2cC1IWXVuEI8EcH,121条评价,人均-,王府碳烤羊腿羊排 干豆干卷 铁板芝士玉米
赵家刘肥肠(总店),https://www.dianping.com/shop/H8dGJUnYUqi7refW,84条评价,人均￥65,蒸肥肠 干煸肥肠 尖椒肥肠
通州别院·湖南土菜院子(火烽山店),https://www.dianping.com/shop/l5ppVdTDZ65ok7nS,54条评价,人均￥95,老坛剁椒鱼头 经典毛血旺 茶油炒土黄牛肉
德宏面庄(树仁街店),https://www.dianping.com/shop/l2I09ZzLh1eLELPf,93条评价,人均￥14,尖椒牛肉 红烧肥肠面 醪糟汤团
谢蟹浓肉蟹煲(升华店),https://www.dianping.com/shop/H8Wekq3ZgqjlgyTN,287条评价,人均￥6o,肉蟹煲 蜜汁鸡爪煲 酸汤肥牛
拿火烧肉(罗浮广场店),https://www.dianping.com/shop/l7Qd0SA8RbgVrY8E,5o1条评价,人均￥94,伊比利亚黑猪五花 蒜烧五花 秘汁牛腱
晓秧锅鲜货火锅(西外店),https://www.dianping.com/shop/l3wPrKWsAsHuwp3D,918条评价,人均￥115,现切极品牛肉 屠场鲜毛肚 精品生抠鸭肠
晓秧锅鲜货火锅(西外龙泉店),https://www.dianping.com/shop/H292OmJlsqn0VUfH,77条评价,人均￥95,现切极品牛肉 纯鲜鸭血 精品生抠鸭肠
石灰石烧鸡公(罗浮广场店),https://www.dianping.com/shop/H2SEBnOsCj2UqpcQ,48条评价,人均-,招牌鲜芋鸡 鸡汤饭 土豆酱烧鸡
王府炭烤羊腿·羊排(中迪公馆店),https://www.dianping.com/shop/k3wlgHFu8ACXFLUb,118条评价,人均-,羊肉串 烤韭菜 碳烤羊腿
天源火锅料理(石龙溪店),https://www.dianping.com/shop/G5Ke7Y4S5BWp9Vq8,64条评价,人均￥123,生扣鹅肠 自制虾滑 招牌屠场鲜毛肚
一楽烧肉(仁和新城店),https://www.dianping.com/shop/G2GanDJd0QezSmTK,192条评价,人均￥1o2,雪花牛肉 土豆泥沙拉 一樂烧肉上和牛五拼
老地方酒楼(红旗路店),https://www.dianping.com/shop/H5TIblFdq14SyvN5,5o条评价,人均￥81,豆腐花肥牛 泡椒猪脚 粉丝扣肉
朱肥肠总店,https://www.dianping.com/shop/EX7GDBidGm3KVeyc,19条评价,人均￥65,粉蒸肥肠 清炖肥肠 尖椒肥肠
旮旯老火锅(南外采气七队店),https://www.dianping.com/shop/G3D90oZD1ZoSgvhA,16条评价,人均-,发鱿鱼 虎皮鸡爪 秘制现熬锅
恋尚桃花源(升华广场店),https://www.dianping.com/shop/H8AfIlxTeZ101eIL,265条评价,人均￥7o,花甲酸辣鸡 天鹅榴莲酥 桃园三结义
玉林汤圆,https://www.dianping.com/shop/H9zOfNlRRNPnPfUw,123条评价,人均￥8,肉汤圆 玉林汤圆 海带丝
麻渣渣洪七公火锅串串(市内店),https://www.dianping.com/shop/FaolNFZQECnoBDrq,792条评价,人均￥58,洪七公牛肉 招牌香菜牛肉 鲜小郡肝
SEVEN COFFEE 7咖啡(市检察院店),https://www.dianping.com/shop/G4nOrCbUpQxcbPPU,8条评价,人均-,燕麦拿铁 卡布奇诺 榛果拿铁
辣千喜火锅串串(西外店),https://www.dianping.com/shop/H3MWeOYhgCKVsFeZ,12条评价,人均-,麻辣牛肉 折耳根牛肉 荤素自选签签
村上小厨(大竹店),https://www.dianping.com/shop/H40HN22tQ3Ybh44K,65条评价,人均￥52,村上双椒兔 茶香鸭 肥肠辣子鸡
建平小吃(大众街店),https://www.dianping.com/shop/ETa5n2qvucyzcUou,49条评价,人均￥11,杂酱面 叶子面 自制干拌
憨石匠鲜菜火锅(金利美店),https://www.dianping.com/shop/HaXz6yW6qvsuRep2,462条评价,人均￥77,现切吊龙牛肉 天然石锅红锅 秘制麻辣牛肉
渝大狮老火锅(渠县店),https://www.dianping.com/shop/H5cNBJAEdQdWVcBQ,88条评价,人均￥57,麻辣牛肉 鲜切吊龙黄牛肉 瀑布肥牛
桉澜荟ANLHUI,https://www.dianping.com/shop/i7tnVRRogUysQeqX,67条评价,人均-,
时代盛宴海鲜自助餐,https://www.dianping.com/shop/H8sg42s1P593klOY,2478条评价,人均￥43,
觅泰·泰国料理餐厅(大东街店),https://www.dianping.com/shop/G2P4zQxm8wvwFvDj,128条评价,人均-,
成發记·老达县大排档(仁和新城店),https://www.dianping.com/shop/k9QnQ1icrJVu8CuY,9条评价,人均-,
花神街角咖啡(西外店),https://www.dianping.com/shop/G59JlTPa2dIMFIz1,82条评价,人均￥35,
