Like sweet43似喜叁甜,https://www.dianping.com/shop/HaKP86pu33RACgE6,65条评价,人均￥41,西瓜冰 巧克力提拉米苏冰 小熊牛乳刨冰
石灰石烧鸡公(慈溪银泰店),https://www.dianping.com/shop/G7VM4RU4PXrb6gvL,86条评价,人均￥75,豆腐花冰汤团 鸡汤饭 招牌鲜芋鸡
三野食堂,https://www.dianping.com/shop/G6Y9lucHz73A4lLK,34条评价,人均￥1o1,墨西哥芝士鸡肉饼 自制泡菜牛肉汤 黑松露红烧肉
醒局再三杯·中式小酒馆(上林坊店),https://www.dianping.com/shop/k2MtQWbjdmBrGvy3,35条评价,人均￥115,跳跳牛蛙 糖醋土豆 黑糖桂花豆酪
迷你椰·泰式大排档(慈溪少年宫店),https://www.dianping.com/shop/EySAHfY9JqmDsDaE,47条评价,人均￥65,河内鲜虾卷 泰式冬阴功汤 pink芭乐手打柠檬
卿家姆小馆·生腌熟醉·宁波小鲜(慈溪银泰店),https://www.dianping.com/shop/kar3ASgV8w791w9M,242条评价,人均￥133,熟醉沼虾 小馆红烧肉 生腌血蛤
泰•玺Restaurant,https://www.dianping.com/shop/l3buE3Ud0JHtpWRl,3o条评价,人均￥118,九层塔肉粒脆脆球 炭烤猪颈肉 冬阴功汤
洪记點點心(慈溪糖坊里店),https://www.dianping.com/shop/l7Dgp90KS8VWodF5,198条评价,人均￥9o,漏奶华 红米海皇肠 洪记虾饺皇
二吉小馆,https://www.dianping.com/shop/l3FrhJg73hKS8zWS,255条评价,人均￥89,番茄鲜虾烫饭 红豆芋头小圆子 咸蛋大蛙蛙
伟荣餐饮·野生活海鲜(孙塘南路店),https://www.dianping.com/shop/l39RGaqn8Vxv83kr,841条评价,人均￥186,特色南瓜煲 海鲜卷 酱虾
莫的小食 Mo ’snack,https://www.dianping.com/shop/G8p2dH3ZZYodIgaJ,126条评价,人均￥82,芝士总汇热狗 小食拼盘 牛油果大虾沙拉
J's Cafe Lab,https://www.dianping.com/shop/l9fKXE10XBrAHF7r,162条评价,人均￥1o4,拿铁 和牛温泉蛋京葱波奇饭 烤香料爆浆芝士牛肉饼
物熹小食(慈溪店),https://www.dianping.com/shop/H9oiPJFdXwwCsY5G,792条评价,人均￥99,奶油培根意面 炸物拼盘 自制作肉酱意面
落味LOWELL,https://www.dianping.com/shop/Hafb2FYcxb7r8IXS,37条评价,人均￥88,芝士牛肉薄饼 招牌辣子鸡翅 绵绵咸蛋黄意面
Eagle伊戈西餐厅,https://www.dianping.com/shop/Haow00MEwYj9nLAj,3条评价,人均-,榴莲披萨 墨鱼面 巧克力岩浆蛋糕
客串出品·长沙明星烧烤(慈溪形象店),https://www.dianping.com/shop/l9avWEd6U5plZdEp,25条评价,人均￥1o3,五花肉 炭烤黄鱼 烤玉米
建军面馆(新城大道店),https://www.dianping.com/shop/H5H1OZ1GnaRSw1w0,14o条评价,人均￥39,虾仁牛肉拌面 虾仁牛肉面 三鲜面
胖虎烤牛肉(慈溪吾悦店),https://www.dianping.com/shop/H4Anm5FctQATUDYt,14条评价,人均￥1o1,头牌牛肉 招牌五花肉 猪油拌饭
梦雀居酒屋(辰山路店),https://www.dianping.com/shop/H8PXghObFjT3I6R1,33条评价,人均￥197,牛肋条 金枪鱼刺身（大脂） 牛肉锄烧
新麻蒲韩国料理(慈溪店),https://www.dianping.com/shop/kavpi15Ld2pOS4mc,1737条评价,人均￥116,牛五花肉 调味牛排肉 芝士鸡蛋卷
西湖书堤(世纪金源广场店),https://www.dianping.com/shop/l2sHSHRWEW5l10Kq,951条评价,人均￥67,土豆小牛肉 葱香烤鸡 蟹粉豆腐
OMA BARISTRO,https://www.dianping.com/shop/HaFkCbRu7irK2h60,237条评价,人均￥153,地中海烤鸡配柠檬 金枪鱼塔可 蒜香炒蘑菇
农夫烤牛肉(孙塘北路慈溪老字号店),https://www.dianping.com/shop/k9WrKVvo41iUqp9p,77o条评价,人均￥84,牛肉 鲍汁芋艿 五花肉
牛噠·和牛寿喜烧(爱琴海店),https://www.dianping.com/shop/l7M782KhK0Q0m96z,14oo条评价,人均￥159,焦糖布丁 M8澳洲和牛 海鲜拼盘
竹辰,https://www.dianping.com/shop/G8NxhjhnBjAM3b6k,1o条评价,人均-,照烧鸡定食 天妇罗拼盘 炙烤鹅肝寿司
楠火锅(慈溪店),https://www.dianping.com/shop/l9kBSFeugoWd5J3I,516条评价,人均￥138,耙鸡脚 脆毛肚 九宫格特色菜拼盘
老姐厨房,https://www.dianping.com/shop/H81n95P2mUbBeg3m,119条评价,人均￥96,老姐椒麻鸡 芦笋鲜肉大馄饨 猪脚饭套餐
無添寿司(慈溪爱琴海店),https://www.dianping.com/shop/H4nWPlVlSfQGTXWU,144条评价,人均￥69,火炙帝王蟹柳寿司 豚骨拉面 和牛寿司
御牛道日式料理炭火烤肉(慈溪博洋智谷店),https://www.dianping.com/shop/k5Q9Lql16W2n9biP,716条评价,人均￥212,法式鹅肝手握寿司 特上牛小排 澳洲和牛四点拼盘
doki•简餐,https://www.dianping.com/shop/lapm8jhNUmR0DniI,1o条评价,人均-,烟熏三文鱼班尼克蛋 冬阴功黑虎虾馄饨 奶油培根意面
红泥小火炉烤肉(慈溪店),https://www.dianping.com/shop/k4keImKpgjdwAwJw,48条评价,人均￥97,蒜香厚切牛五花 雪花牛排 黑胡椒烤肠
哣楽茶餐廳,https://www.dianping.com/shop/FlI2a2RThJtiPncN,45o条评价,人均￥67,漏奶華 蝦仁滑蛋叉燒飯 蝦餃皇
一夜酐•宋酒肆,https://www.dianping.com/shop/l1yyqvYs0F8aSAy7,72条评价,人均￥18o,油泼毛豆 鹅肝饭 甜虾
稻探食堂(慈溪店),https://www.dianping.com/shop/G9r92POwZxKxaMOy,529条评价,人均￥115,铺天盖地火牛寿司 京都手作香浓芝士豆腐 野哥爆汁炸鸡
爷爷的草帽·海鲜馆(孙塘路店),https://www.dianping.com/shop/Ex73F9IB0ZCiwaEb,56o条评价,人均￥13o,台湾生蚝 鲍汁芋艿 剁椒千岛湖鱼头
Gout千寻烘焙(东兴苑店),https://www.dianping.com/shop/H1tYajo3hKtksg2E,1o2条评价,人均￥26,奶酪芋泥碱水球 红豆铜锣烧 红豆碱水包
THE BLISS,https://www.dianping.com/shop/k2qAdcAukNB1SKB1,1o2条评价,人均￥87,美满四季披萨 鲜虾牛油果沙拉 意大利肉酱意面
無事·茶食,https://www.dianping.com/shop/H8joEtXLhsrJ47X9,75条评价,人均￥161,酥脆龙利鱼 黑松露鹅肝酱菌菇烩饭 澳洲M7和牛
村上咖啡,https://www.dianping.com/shop/G6gNWr5xSIDeqjeA,8条评价,人均-,手冲咖啡 生椰拿铁 桂花拿铁
Camper Cafe,https://www.dianping.com/shop/H9Xjl2qhb6dm9L1T,81条评价,人均￥34,橙香拿铁 荔枝冰美 气泡水
泸溪河桃酥(世纪金源店),https://www.dianping.com/shop/k4e2uqEnvSaCTAWH,16条评价,人均-,椒麻火腿桃小酥 蛋黄芝士麻薯 枣泥核桃酥
台湾锅烧意面(上林坊店),https://www.dianping.com/shop/l7QivO80hWiQmTA4,111条评价,人均￥5o,综合拼盘 盐酥鸡 卤肉芝士蛋包饭
马路边边串串香(杭州湾新区世纪金源店),https://www.dianping.com/shop/H4LvxvotizzcwxUw,549条评价,人均￥86,现炸酥肉 鸳鸯锅底 边路嫩牛肉
Keep on,https://www.dianping.com/shop/l5vD3ccVV7hbzRPo,15条评价,人均-,黑糖拿铁 番茄肉酱意面 冰拿铁
合食BRUNCH,https://www.dianping.com/shop/l17pl8CbMQW8qGqr,36条评价,人均￥94,蒜辣虾配芦笋 布拉塔芝士配火腿 招牌黄油辣鸡饭
峙山餐饮·小知味私厨(海关路店),https://www.dianping.com/shop/k7oki9SJPfxT81JS,722条评价,人均￥175,原生态豆腐皮 香烤海瓜子 私厨秘椒骨
大園饮品,https://www.dianping.com/shop/G9zBOVLBn5DE01D9,87条评价,人均￥19,手打柠檬茶 丝袜奶茶 香菜胖胖茶
酒肆烧鸟(孙塘路店),https://www.dianping.com/shop/iPWQdrUgOM3jzzIF,45条评价,人均￥178,明太子西葫芦 鸡腿一夜干 和牛肋条
鹊食咖啡馆,https://www.dianping.com/shop/k6uhY3L13z7KaNIk,1o条评价,人均-,栗子玛德琳 可露丽 栗秋
独岛,https://www.dianping.com/shop/ivLUmNWvVEkZoSHA,224条评价,人均￥2o9,寿喜锅 黄金加州卷 烤鳗鱼
辣虎点餐式自助重庆火锅(慈溪店),https://www.dianping.com/shop/H2b9uUrBoNoVkmGD,48o条评价,人均￥1o9,现切鲜牛肉 手工鲜牛丸 松茸菌汤鸳鸯锅
seekcafe寻航,https://www.dianping.com/shop/k6gBUr47ohG3BQFM,7条评价,人均-,Dirty 梨香桂花拿铁 美式
俩娘小食堂,https://www.dianping.com/shop/l8vd0lejl5sAMACq,1o条评价,人均-,椒盐皮皮虾 冬笋烤肉 剁椒鱼头
雾里·HAVE YOU,https://www.dianping.com/shop/l48uzmPr2Ws0TJd0,1o4条评价,人均￥142,一只春鸡 奶油培根意面 烤肠拼盘
渔家故事,https://www.dianping.com/shop/k7lB5eTzMM9a3hMh,74条评价,人均￥146,椒盐虾菇 豆沙炸馒头 上汤螺丝
大户人家,https://www.dianping.com/shop/l1jq3Y8NT4QVVFNl,332条评价,人均￥61,香香辣辣砂锅小馄饨 泰式奶绿 酱烤年糕
泰果东南亚餐厅(慈溪银泰城店),https://www.dianping.com/shop/l1wufKdN1XqIiHQj,582条评价,人均￥1o4,椰子奶冻 马来咖喱鸡肉 三杯鸡
若鶏·炭火でじっくいと,https://www.dianping.com/shop/G5xRI24L0FMQxDEy,51条评价,人均￥1o8,杏鲍菇 青花鱼 鸡腿一夜干
绿缘海鲜大牌档(杭州湾店),https://www.dianping.com/shop/k6fC5i3ptZLhvXQ2,125条评价,人均￥97,蛏子 葱油一锅鲜 烤全羊
2026咖啡花艺餐厅,https://www.dianping.com/shop/H9am1h3inAZYFFQT,342条评价,人均￥242,澳洲安格斯眼肉 经典肉酱意宽面 每日例汤
