卜家乡村饸饹店(总店),https://www.dianping.com/shop/l6cqzKWiByWF56gE,98条评价,人均￥22,饸饹 一口香 泡菜
吴记小厨,https://www.dianping.com/shop/G5gaVkDWy7CrbDJU,1o条评价,人均￥32,淳化饸饹 粉蒸肉 老味鸭胗
荞面饸饹(淳化连锁总店),https://www.dianping.com/shop/l5jaFEVamBlPYbiN,2o条评价,人均￥45,荞面饸饹 特色豆腐丝 凉拌农家肉
贤仓大院,https://www.dianping.com/shop/k4mU1oF8SF4FrxSd,8条评价,人均-,大丰收 香辣猪蹄 菜丸子
宇通泡馍馆,https://www.dianping.com/shop/G8z9q0Fqt9MoJQ7i,3条评价,人均-,酱辣子
千禧饸饹店(西新街店),https://www.dianping.com/shop/jk46EKjeYMRx9WaH,13条评价,人均￥13,优质鸡汤饸饹 优质羊汤饸饹 凉肉
淳化城关巴依大叔新疆美食店,https://www.dianping.com/shop/Haj702zO4adXJVqM,3条评价,人均-,新疆一品馕
宋城阁,https://www.dianping.com/shop/G64QLorwWgu3HD1p,11条评价,人均-,葫芦鸡 凉拌饸饹 浆水牛肚
淳化印象,https://www.dianping.com/shop/l28xXk8hWKGLNRqd,1o条评价,人均-,饸饹 蘑菇青菜 红枣茶
蜜雪冰城,https://www.dianping.com/shop/G6FXzZAuVhAnVVqw,3条评价,人均-,蜜桃四季春 雪王英式烤奶
串串香火锅(南新街南段店),https://www.dianping.com/shop/k2PV37pHrAs2Wx7g,,人均-,
兔菌煲,https://www.dianping.com/shop/k2f44WhQxftFkmu0,2条评价,人均-,
小蒲腊肉店,https://www.dianping.com/shop/H6UUqnfMzTJ1JqEr,,人均-,
湖北火锅城,https://www.dianping.com/shop/G7oxrNcls4Mhbwke,2条评价,人均-,
小青饸饹,https://www.dianping.com/shop/G7YFaJP3EJW7hD07,2条评价,人均-,荞面饸饹
老潼关肉夹馍,https://www.dianping.com/shop/H8OiwuqHvR1HgS53,4条评价,人均￥18,
御品坊,https://www.dianping.com/shop/k3l7FhVOKoguqhUR,4条评价,人均-,水果缤纷 桃酥
冰煮羊养生火锅,https://www.dianping.com/shop/l97Bf1wkULHuLa4A,,人均-,
赛尚西饼(民乐购物广场店),https://www.dianping.com/shop/F6RuQtXFAk12MgVH,1o条评价,人均-,面包脆片 脏脏包
朱雀坊牛羊肉泡馍馆,https://www.dianping.com/shop/H5TOsnlSTMS0VUSQ,3条评价,人均-,
马家水盆羊肉,https://www.dianping.com/shop/H5YPDMpUV9LtHj3l,,人均-,手抓羊肉
梨园邑饭店,https://www.dianping.com/shop/G107Nsg4RBqRFp6L,,人均-,
李想大虾,https://www.dianping.com/shop/k3RPHBa3eUziqqia,7条评价,人均-,筷子牛肉 大刀腰片 小郎酒
清香饸饹馆,https://www.dianping.com/shop/k5YOax2HjL2HagcV,,人均-,
苟八豆腐脑(淳化县店),https://www.dianping.com/shop/G7jq1hAJPg03aEu2,,人均-,
小黄余城南一品私房菜,https://www.dianping.com/shop/k5cYHInK4fEJ25MV,,人均-,麻婆豆腐 油炸花生米 大刀土豆片
有你必甜,https://www.dianping.com/shop/G1btbjYUUaySYygb,1条评价,人均-,双拼冰激凌 百香果橙 四季玛奇朵
墩儿酒吧,https://www.dianping.com/shop/H1XeSm2Sa3E9FpZ0,,人均-,
放心馍店,https://www.dianping.com/shop/H355Dyjl4MQCpZeA,,人均-,
丰惠蔬菜水果店,https://www.dianping.com/shop/H4NjgZzx26t7Op1y,,人均-,
鑫源大酒店,https://www.dianping.com/shop/kaDQdTj8ShlqExpE,1条评价,人均-,
川香锅,https://www.dianping.com/shop/k6v5fmr1AxNXcGNS,,人均-,
金马鸡汤刀削面(X232店),https://www.dianping.com/shop/k60knthueHsHow4Z,,人均-,
热凉米皮,https://www.dianping.com/shop/Ec9JwvdIscydM1cq,,人均-,
老四牛羊肉泡馍,https://www.dianping.com/shop/jV55CygA8msvAs20,,人均-,
三原肉夹馍,https://www.dianping.com/shop/l44J3poKH0yul3N9,,人均-,
农家饭庄,https://www.dianping.com/shop/k6ISC1fjFfucGv6d,,人均-,
恒泰小吃城,https://www.dianping.com/shop/H1O1v60z9MHKl1CC,,人均-,
金冠蛋糕房,https://www.dianping.com/shop/l2nK4Cum9YCy5EGN,1条评价,人均-,果酱夹心面包 桃酥
小板凳砂锅串串,https://www.dianping.com/shop/H3WSPeHJpwJZBAxf,,人均-,
城南往事,https://www.dianping.com/shop/H6Kj6M59COkPVF5G,,人均-,
小袁泡馍,https://www.dianping.com/shop/l1JmEmIKHuHflKgO,,人均-,小炒泡馍 羊杂汤 水盆羊肉
十里香饸饹店(马北路店),https://www.dianping.com/shop/H1MH43E16Y2dB9fj,,人均-,
胖媳妇面馆,https://www.dianping.com/shop/l3lKDPl1Bw77txiR,,人均-,
美洋洋饸饹店,https://www.dianping.com/shop/H4tYX05QxIDAGPt3,,人均-,
宋大嫂串串,https://www.dianping.com/shop/H7GTQxUo46TK0KCl,,人均-,
老地方饭庄,https://www.dianping.com/shop/l4qVXkkrKQ4dzDs1,,人均-,
南小贝(咸阳淳化店),https://www.dianping.com/shop/k15kZ0hHJpzzN33V,,人均-,乌龙爆柠茶 秋之火龙果 西柚优益
利群饸饹店,https://www.dianping.com/shop/ka2g7g6mVdeYocgD,,人均-,
老杜家风味小吃,https://www.dianping.com/shop/l6rRLH4BcOar7TxB,,人均-,
天津灌汤小笼包(232县道店),https://www.dianping.com/shop/G6Q8w5XK2gxqpleZ,,人均-,
辣妹子土豆粉,https://www.dianping.com/shop/H317ulHGpWdcUxZs,1条评价,人均-,土豆粉
重庆鲜面店(211国道店),https://www.dianping.com/shop/k5CH5jBCMOWHfdzw,,人均-,
YaYa广场串串,https://www.dianping.com/shop/laEUSuCn0ZrWER8Z,2条评价,人均-,麻辣锅底 荤素串串 苕皮
水果自选超市,https://www.dianping.com/shop/H8GSosGvFAnw9TKU,,人均-,
张记小吃,https://www.dianping.com/shop/H578YSgYqya0lVh5,,人均-,
南山小调26元自助小火锅,https://www.dianping.com/shop/GaMmKMjJRKa0g3uC,2条评价,人均-,
百姓面庄,https://www.dianping.com/shop/G4XaiTKSP3xaToeY,,人均-,
烧得旺,https://www.dianping.com/shop/k3ceZHOHt72Be3Ky,,人均-,
醉爱酒楼,https://www.dianping.com/shop/l2hhBWsbkmcpx1e9,,人均-,
