醉得意(大田店),https://www.dianping.com/shop/G3yNym5j7K8284gS,39条评价,人均￥43,片片鱼（酱椒味） 大炮酸菜鱼 香酥脆皮鸭
蜀龙燚火锅店,https://www.dianping.com/shop/G2FOiLiMgjYpBDzY,12条评价,人均-,红糖糍粑 酸梅汁 精品肥牛
红湖饭店大骨头(石牌店),https://www.dianping.com/shop/H4u32BfqMWvTsDp3,24条评价,人均￥5o,石牌农家大骨棒 黄骨鱼焖豆腐 春竹笋炒酸菜
蚂蚁私厨,https://www.dianping.com/shop/l5BNPOWgf7EomL50,1条评价,人均-,
牛小肉炭火烤肉(大田店),https://www.dianping.com/shop/k3h6mfrb8b69A1wH,86条评价,人均￥71,特色五花肉 牛小肉虾滑 牛小肉劲道面
德克士(东街口店),https://www.dianping.com/shop/l2zfcCesuJV7ymuK,319条评价,人均￥27,咔滋脆皮手枪腿 超级鸡腿堡 南洋鸡肉酥皮卷
膳为食事日式炭火烧肉专门店,https://www.dianping.com/shop/k75uU0PJRqehzw2z,17条评价,人均-,酱烧猪五花 壶渍牛肋条 海草
福芸大骨头,https://www.dianping.com/shop/l5Pa6muPFelfZ0Bo,5条评价,人均-,烧干豆角 酱大骨 萝卜丝汤
渝德火锅(大田店),https://www.dianping.com/shop/G95xIhfaF6LD2h0Q,13条评价,人均-,广味香肠 带皮五花肉 麻辣牛肉
三鲜手抓大骨头肉,https://www.dianping.com/shop/Flh8L2OjJxuxKHV9,13条评价,人均-,苦菜小肠汤 大骨头肉 笋干
越界厨房制造,https://www.dianping.com/shop/G3aaBAC8y4TnerRs,1o5条评价,人均￥62,酸汤肥牛 东坡肉 枸杞叶猪舌汤
牛太尉潮汕牛肉火锅,https://www.dianping.com/shop/l3bsiLVIsdFilISm,1o条评价,人均-,牛肉丸 烤肉 茼蒿
熊爸爸碳火烤肉,https://www.dianping.com/shop/Ftj1xZ1BYcVD9bdV,1条评价,人均-,炒饭
卖糖咖啡画馆,https://www.dianping.com/shop/G25bafrYsloa5eWr,2条评价,人均-,咖啡
永安特色粿条(南山桥店),https://www.dianping.com/shop/l7QeiRQtD38dCiWS,12条评价,人均￥2o,鸭血 豆腐 活肉
翠花东北饭店,https://www.dianping.com/shop/G5q2GHfW4M5V80zT,1条评价,人均-,东北生财烤五花 东北溜肥肠 杂粮包
仙悦餐厅,https://www.dianping.com/shop/la0S7016pNZo8G8s,1条评价,人均-,玻璃乳鸽 干煎大黄花鱼 果香雪花牛肉
吓伟蚝门火锅(大田店),https://www.dianping.com/shop/l6UrVXMtfDdXOX90,7条评价,人均-,清蒸螃蟹 生蚝甲鱼煲 水库大甲鱼
三明熏鸭(东街口店),https://www.dianping.com/shop/k7RsXI2TJoK1wnlU,7条评价,人均-,带鱼 鸭头 熏鸡爪
胡炭长炭火烤肉,https://www.dianping.com/shop/G2uxbciPu5tIfUpv,,人均-,
周麻婆(大田凤翔广场店),https://www.dianping.com/shop/l9PurVzOgmGwoLAh,34条评价,人均￥41,
豪享来(大田店),https://www.dianping.com/shop/l352tXm47XgYfQTb,76条评价,人均￥72,
烧烤攻略,https://www.dianping.com/shop/H7vOF8pZTA4RpvqW,3条评价,人均-,
LiLiHoneу,https://www.dianping.com/shop/H43xcdbmb4ceRpid,3条评价,人均-,
巧克力浓情馆(南山店),https://www.dianping.com/shop/k5Cp2yQnlzGmfz78,13条评价,人均-,
牛宝宝自选烤肉火锅,https://www.dianping.com/shop/H9vcE7FfAR6mOBWm,,人均-,
牛焱潮汕牛肉火锅,https://www.dianping.com/shop/l4DeeoDn7uxsvGMa,,人均-,
上岛咖啡(大田店),https://www.dianping.com/shop/G58XpqOVAG1LxwSd,381条评价,人均￥53,
大骨头肉猪脚干饭石牌老店,https://www.dianping.com/shop/l5qDaZnm85KLVM1N,9条评价,人均-,
私奔,https://www.dianping.com/shop/G6Cbm5SAVv5GOODW,5条评价,人均-,
蚝门大咖,https://www.dianping.com/shop/kaNXbFa3bgIrj5j0,2条评价,人均-,啤酒鸭 炭烤金鲳鱼 土豆片
九层粿(南山路店),https://www.dianping.com/shop/l1VEVPuoLqay7wCy,1o条评价,人均￥1o,苦菜小肠汤 兔肉草根汤 扁肉
阿梅烤兔,https://www.dianping.com/shop/k3P4HpWmg1OxpP4f,11条评价,人均-,炒面 牛肉汤 猪血菜
泉州牛肉馆(大田店),https://www.dianping.com/shop/Gan7wSBqE1K6ClcW,1条评价,人均-,红烧牛楠面 鸭翅 鸭胗
翰霖泉食府,https://www.dianping.com/shop/k1JaYJYLpjFK54Da,1条评价,人均-,蒸汽石锅鱼套餐
甜心面包(武装部店),https://www.dianping.com/shop/G24ItzZM5xBtdhsn,28条评价,人均￥1o,高端私人定制情趣蛋糕三 酸奶冰点蛋糕 水果醇乳进口奶油蛋糕
兄弟九层粿,https://www.dianping.com/shop/k7Yl41YbMzVX3lI2,1条评价,人均-,雪碧罐装 绿茶 小肠豆腐汤
巧克力浓情馆(建山店),https://www.dianping.com/shop/l37vV2HhRWsxJx96,7条评价,人均-,花生汤 炸花生 青菜
黑电(实幼店),https://www.dianping.com/shop/l3IUvR2cNRzOaZvW,71条评价,人均￥12,招牌鱼粉 秘制猪蹄粉 鱼头粉
柳城餐馆(大田分店),https://www.dianping.com/shop/l6UxckrTZP4mw4XA,1条评价,人均-,白灼活虾 小笋炒酸菜 芋饺
杜氏烘焙(三角亭店),https://www.dianping.com/shop/laknqryA6cgXfgh7,186条评价,人均￥16,
巧克力浓情馆(公园店),https://www.dianping.com/shop/H5BW646OXXkOa9AZ,4条评价,人均-,
正纯小海鲜,https://www.dianping.com/shop/Ga3aQwgsUY0cbgvH,1条评价,人均-,
泰国小铺,https://www.dianping.com/shop/G7hX6vsLTD6N3iu8,,人均-,
没有烤肉(大田金碧辉煌店),https://www.dianping.com/shop/G3ReJq0rzazyloxp,,人均-,
茶百道(南山路),https://www.dianping.com/shop/H5alhtQAVGZbXYQ6,6条评价,人均-,豆乳玉麒麟 超级杯水果茶装 铁观音奶茶
百乐牛排,https://www.dianping.com/shop/k4NNWrprfDHeHhHS,1条评价,人均-,带骨纽约客
经典世家牛排(大田店),https://www.dianping.com/shop/l1bJQwD8si45VQnQ,625条评价,人均￥67,黑椒菲力风味牛排 精致黑椒菲力 水果
四方桌·福建客家醉酒鸭(三明大田店),https://www.dianping.com/shop/G9GmTuKhReIFu3J6,3条评价,人均-,鸡汤菜心 永定酸菜乌鱼片 一品竹荪汤
华全饭店,https://www.dianping.com/shop/k4UY8PN7KRgDEZp1,22条评价,人均￥73,大骨头肉 石牌大骨 光鱼焖豆腐
纯萃餐厅,https://www.dianping.com/shop/H7p4sSWNq3h4CYN7,,人均-,泡椒田鸡 水煮乌鱼 柠檬乌鱼
佳客太子,https://www.dianping.com/shop/l8ZbR79Sw0Zu1N5H,189条评价,人均￥37,经典韩国牛排 水果沙拉 冰淇淋
城南饭店(宝山路店),https://www.dianping.com/shop/k8Bz9hQ9S7yEhPPp,2条评价,人均-,兔子草根汤
铁木真烤肉(大田分店),https://www.dianping.com/shop/G8vHo9bE31KSGoWO,,人均-,
高老庄(建山路店),https://www.dianping.com/shop/l4NcQxFK6C1xUIsF,2条评价,人均-,水煮肉片 水煮鸭胫 喜力
岩窖(小南门店),https://www.dianping.com/shop/H7HJwsuMuMzgGEqb,,人均-,榴莲双重芝士 脏脏包 三明治
望蜀阁火锅城,https://www.dianping.com/shop/k89pP62vr9E7jAn2,3条评价,人均-,空运毛肚 精品五花肉 鸭舌
蒸不赖(时代广场店),https://www.dianping.com/shop/l5Ggy8ezkgcqn5qO,4条评价,人均-,手撕卷心菜 水煮牛肉 家常酸菜鱼
胜利饭店,https://www.dianping.com/shop/G5dQG1My6USMl0Cq,13条评价,人均￥66,骨头 烤兔 萝卜丝
川魂帽牌货冒菜,https://www.dianping.com/shop/k3H9diwNbSZFRN80,,人均-,鲍汁面 双椒里脊 麻辣五花肉片
