小破店烧烤铜火锅,https://www.dianping.com/shop/H4F4AAMi1rNT1adN,1o条评价,人均-,烤鲫鱼 特色秘制烤干豆腐 鸡架
老羊头叫板火锅,https://www.dianping.com/shop/H9gwfjLou6FTgaAN,315条评价,人均￥7o,老羊头羊排卷 老羊头叫板肥牛 虾滑
鸭绿江鱼馆(大石桥店),https://www.dianping.com/shop/k4i6BN7ndIHUEbE8,25o条评价,人均￥44,鲶鱼 大饼子 豆腐
茶百道(营口大石桥大润发店),https://www.dianping.com/shop/gPzSBdIoWoXCkdrC,12条评价,人均￥14,杨枝甘露 芝士红艳艳 龙芽茉绿
无尘会所私人定制餐厅,https://www.dianping.com/shop/l5uQmDiFav9DDQeB,2条评价,人均-,糖醋排骨 香辣虾 特色酸菜鱼
恰点烤肉小串,https://www.dianping.com/shop/H34QI2boST6gnOfj,4条评价,人均-,
丈母娘海鲜烤肉自助,https://www.dianping.com/shop/H5bY3t9R2wCVIGWb,4条评价,人均-,
小四川水煮鱼(振兴南路店),https://www.dianping.com/shop/l4Gz08Ha6E98a24D,56条评价,人均￥75,
尚餐巴蜀卤味老火锅,https://www.dianping.com/shop/G1f3H01vVLuLueY3,3条评价,人均-,
可立亚,https://www.dianping.com/shop/l6yDFffnf3966qoN,6o9条评价,人均￥82,
聚隆精致料理,https://www.dianping.com/shop/G22yYLHbihRhLBgV,5o条评价,人均-,
1881食汇烧烤,https://www.dianping.com/shop/H1009lEd7kMWnzkq,3o条评价,人均￥78,
张大叔成都市井火锅(大石桥店),https://www.dianping.com/shop/H9J8TENpj8PMvlIo,13条评价,人均-,
西蜀侠客火锅店,https://www.dianping.com/shop/G1DQbjUJ280xOA04,49条评价,人均￥1o2,
一碟一碗,https://www.dianping.com/shop/H3chXUOka6d03dOL,7条评价,人均-,
金辉铜火锅(仪表街店),https://www.dianping.com/shop/k1sSpca5kXVMZbuF,5条评价,人均-,血肠 竹笋 虾滑
曹记羊汤,https://www.dianping.com/shop/H5Bs6cn2h2AaNhAc,18条评价,人均￥93,羊汤 筋饼 拌毛肚
鲜族王朝烧烤城串烧(五堪店),https://www.dianping.com/shop/H7RFHoohm0766Kgd,6o5条评价,人均￥68,黑椒肥牛 王朝特味肥牛 辣酱猪五花
食神记忆小串(哈大路店),https://www.dianping.com/shop/l37Y3e8vecJWQNtl,27条评价,人均￥69,牛肥瘦 荞麦大冷面 招牌鸡爪
秦大师熏酱小酒馆,https://www.dianping.com/shop/l57ZLPThABJLdpP3,2条评价,人均-,椒盐水煮鱼 肚包肉 大肠灌肉
浅喜,https://www.dianping.com/shop/k5Le2FKZxrzq8rbe,18条评价,人均￥19,焦糖海盐拿铁 抹茶冰乐 美式咖啡
钢都粮站老太太烧烤,https://www.dianping.com/shop/G16Yi7hBk4w6VHJo,15条评价,人均￥36,特色烤鸡架 特色肥瘦 牛心管
会友饭荘,https://www.dianping.com/shop/k4QwglEmiJIS9CSf,4条评价,人均-,羊肉烧卖 会友牛肉肠 牛肉馅饼
聂大厨金饭碗粗粮馆(中兴路店),https://www.dianping.com/shop/H8gnRh4oSDaOgZke,126条评价,人均￥68,护心肉 酥黄菜 祥云豆沙
隐炉炭火烤肉,https://www.dianping.com/shop/H1kBbiaRWmwc2qSZ,3条评价,人均-,雪花肋扇 隐炉烤黑鱼 啤酒大片肉
土货重庆火锅(大石桥店),https://www.dianping.com/shop/l102DbPdS44z1Ctz,48条评价,人均￥97,土货X非遗陈鸭肠 土货九大碗 牛肉拼盘
刘府百壹大地锅店,https://www.dianping.com/shop/H88yYUsij4QbQ8Pl,15条评价,人均-,白菜大豆腐五花肉粉条 二白菜土豆条炖排骨 鸡手
喜牛(大石桥店),https://www.dianping.com/shop/l2F4Smu37akLpzAZ,,人均-,牛尾 牛软排锅 全家福锅
森美时光咖啡,https://www.dianping.com/shop/G4ILRHL96yD2zmIe,641条评价,人均￥58,原味华夫饼 咖啡 黑胡椒牛排意粉
故乡烤肉韩国料理,https://www.dianping.com/shop/H91beLCl59jCPxgn,453条评价,人均￥71,牛五花 特色鸡蛋羹 秘制牛肉
金牡丹自助烤涮店,https://www.dianping.com/shop/k3XK3p2fxOr4MZZB,1326条评价,人均-,酸菜 河蟹 多春鱼
汇吥汇吃·军民炸串(大石桥店),https://www.dianping.com/shop/H2rdWLFxIQWHClBW,51条评价,人均￥36,鸡排 鸡骨架 牛排
渝五爷鸭血串串锅(大石桥店),https://www.dianping.com/shop/H9n0DpEnUrz6Y4JK,2条评价,人均-,渝五爷火锅料 藤椒猪里脊 冒鸭肠
蒙汉府铜火锅,https://www.dianping.com/shop/k8YyzCJb3PqCUFS4,4条评价,人均-,手切鲜羊肉 酸菜 蛏子
佰渔鲜美食广场,https://www.dianping.com/shop/G4XV7cR06b8wPrjy,14条评价,人均-,凉拌蛎蝗 海胆三叶香 干锅鸭头
大哥大春饼店,https://www.dianping.com/shop/l9UQ48Oe8n0LX9lg,24条评价,人均￥37,京酱鸡丝 卷春饼 酸菜粉丝
星院烧烤,https://www.dianping.com/shop/k9YWy0P4pqxsg15r,1条评价,人均-,臭鱼 星院特色烤羊腿 星院特色烤羊排
k辣老成都串串火锅,https://www.dianping.com/shop/H7koYbgqLVodQ3Jr,78条评价,人均￥89,K辣串串 K辣鸳鸯锅 辣红糖糍粑
圣吉火盆火炕,https://www.dianping.com/shop/k6qYXGElRsopddZm,25条评价,人均-,油梭子 酸菜锅 哇哈哈
老字号抻面馆,https://www.dianping.com/shop/l5zzBgGqnMaOsZpy,5条评价,人均￥27,酸辣热汤冷面 辣椒油 小菜拼盘
坛子李地摊烤肉,https://www.dianping.com/shop/H3qllGD27jvcj3WV,15条评价,人均-,
秦大师鸭爪爪干锅火锅串串香,https://www.dianping.com/shop/k3DQHW2yes2NgJVj,14条评价,人均￥67,
牧牛小炉子自烤小串,https://www.dianping.com/shop/H7ZFKiEU6ijUWHHG,2条评价,人均-,
犇犇烤肉店,https://www.dianping.com/shop/l4uAps7alpbHkH0m,14条评价,人均-,
luckin coffee瑞幸咖啡(大石桥兴隆步行街店),https://www.dianping.com/shop/layaoWDmBEgVsfOF,5条评价,人均-,
渝香居重庆火锅(大石桥店),https://www.dianping.com/shop/k2QpsYp2EuYWgh3c,652条评价,人均￥72,重庆麻辣鸳鸯锅 渝香嫩牛肉 鸭肠
米兰厨房(大石桥直营店),https://www.dianping.com/shop/G9XZYqIm7inHdW7t,1687条评价,人均￥96,芝心缤纷水果比萨 牛排套餐 澳洲黑椒小牛排
羊三爷新派铜锅涮肉,https://www.dianping.com/shop/GarDWI32KgJSBj8A,1条评价,人均-,鲜切元宝肉 暴打黑虎虾 鲜切羊上脑
你我他巫山烤全鱼(大石桥店),https://www.dianping.com/shop/l6fBiCo1RmdWFRCI,636条评价,人均￥63,怪味烤黑鱼 剁椒烤黑鱼 米饭
味霸鲜面馆,https://www.dianping.com/shop/G9fvCrcdeTFdohTg,235条评价,人均￥33,蛋炒面 牛肉面 炒鸡架
顺合兴铁板料理,https://www.dianping.com/shop/kalC1lMgGHvVghIA,11条评价,人均-,自助餐 蔬菜沙拉 鳗鱼饭
自己家的厨房(佰亿大公馆1期店),https://www.dianping.com/shop/HaakuL7UTVe7wvKx,2条评价,人均-,牛肉饭 柚子醋鸡排饭 关东煮
福华肥牛,https://www.dianping.com/shop/l7Mi0uSiYZnfOSBG,25条评价,人均￥9o,福华肥牛 虾滑 冻豆腐
刘炭长牛烧大块烤肉(大石桥店),https://www.dianping.com/shop/H6ejOo0JCnv0lB8f,1条评价,人均-,石锅拌饭 川蜀小土豆 冒菜川粉
鸡丝馄饨馆,https://www.dianping.com/shop/H1nvPojJBj2qML9C,17条评价,人均￥22,馄饨 丝饼 小拌菜
李先生牛肉面大王(大石桥大润发店),https://www.dianping.com/shop/H9jQqg1S0Gztot4P,252条评价,人均￥27,李先生牛肉面 土豆丝 邱君扣肉饭
三宝粥吧百姓厨房(哈大中路店),https://www.dianping.com/shop/l2Fp4gO87wD85ZXh,114条评价,人均￥24,皮蛋瘦肉粥 虾饺 小米红糖大枣粥
大管家回家吃饭日式料理店(石桥大街店),https://www.dianping.com/shop/FsXNGYiKEw5sBJSk,2条评价,人均-,三文鱼刺身 营养健康沙拉 卤肉饭
凯伦咖啡(振兴店),https://www.dianping.com/shop/HaxePFS2UljDvFwo,921条评价,人均￥9o,果木烟熏牛排 威灵顿牛排披萨 黑椒牛柳炒意面
韩厨海鲜烤肉自助,https://www.dianping.com/shop/l42rBQyVyHTZpxS9,4条评价,人均-,
