馋道海鲜自助烤肉(大英店),https://www.dianping.com/shop/G1Eon1ZRVV7Sk36e,435条评价,人均￥56,黑胡椒牛排 粉丝扇贝 鱿鱼须
火盆小香猪(大英总店),https://www.dianping.com/shop/k1uyvCOa97lZktWM,172条评价,人均￥5o,跑山小香猪 香烤五花肉 香辣嫩牛肉
李扯扯辣卤串串(大英店),https://www.dianping.com/shop/l3wX19S2OcwuwwoQ,127条评价,人均-,冰汤圆 麻辣牛肉 辣卤耙鸡爪
火糊涂·私飨火锅(大英店),https://www.dianping.com/shop/H2Ald2tEszyeT9Sd,232条评价,人均￥71,极品千层肚 尊享雪花肥牛 巴掌毛肚
味之绝美蛙鱼头店(大英店),https://www.dianping.com/shop/l8laNY3qvaDNlOk6,156条评价,人均￥7o,美蛙 鱼头 傣味凤爪
烤火匠•火盆烧烤•柴火鸡(大英店),https://www.dianping.com/shop/k52XZF6dUmCaDViO,72条评价,人均-,
杠杠火锅店,https://www.dianping.com/shop/G6f4LOdwzHnKnFWG,32条评价,人均￥67,
有红鸡毛店(大英店),https://www.dianping.com/shop/G5hAgQxapqbpdRfm,33条评价,人均￥59,
严氏卓筒井传统蒸肥肠,https://www.dianping.com/shop/l1QCcfATlHG99Id9,15o条评价,人均￥32,
蚝上豪生蚝海鲜自助,https://www.dianping.com/shop/G2cD1wLZaG2Ep6of,39条评价,人均-,
里头坐·火锅馆 Little Zuo(大英店),https://www.dianping.com/shop/l7esCJvDg2MPc3Xb,128条评价,人均￥81,
九宫格老火锅,https://www.dianping.com/shop/H5C1kpVZfIqFzJYJ,18o条评价,人均￥68,
三N（孃）烤肉(大英永逸广场店),https://www.dianping.com/shop/G3qpEbWW9ePuUq7l,5o条评价,人均￥46,
大英九歌庭园生态网红火锅,https://www.dianping.com/shop/G3tVR856i1pLNXVZ,62条评价,人均￥8o,
三千庭•精致川菜餐厅,https://www.dianping.com/shop/la1rzhkg8ovZDx3Y,18条评价,人均-,
源香园自助火锅(大英店),https://www.dianping.com/shop/k90KY5teC6oCgeQs,27条评价,人均-,肥牛卷
泰香柠(大英特色店),https://www.dianping.com/shop/k9QZzJ0RHjb5AfS2,326条评价,人均￥76,2-3人套餐 马德里菠萝炒饭 烤五花肉
麻渣渣洪七公火锅串串,https://www.dianping.com/shop/l4q2F91K6pHGk32d,83条评价,人均-,毛肚 鸭肠 土豆粉
聚龙砂锅居,https://www.dianping.com/shop/H7wElYqCDMwdsf9H,23条评价,人均￥42,鲫鱼汤饺子 蒸排骨 鸡丝凉面
潮牛道涮烤养生馆(永逸店),https://www.dianping.com/shop/FDJI5QkAbnwunmfG,5条评价,人均-,
薛小蛮全球烤肉公司,https://www.dianping.com/shop/k55NPsbcuxQbqfkm,43条评价,人均-,招牌牛排条 厚切龙纹五花 和牛菲力骰子
红火焰烤肉小香猪,https://www.dianping.com/shop/k84sU5zaWFtmSrYo,9条评价,人均-,小香肉 五花肉 麻辣牛肉
遇见老砂锅(大英店),https://www.dianping.com/shop/G684ylXDaB06ovKo,3条评价,人均-,
鑫御隆斑鱼庄(大英总店),https://www.dianping.com/shop/H5PWstSjcA9NiQDM,456条评价,人均￥61,招牌斑鱼 小煎包 玉米饼
北木南烤肉和酒(大英店),https://www.dianping.com/shop/G9SZbOKJUPMtFLi1,75条评价,人均-,麻辣五花肉 我爱台肠 一颗嫩生菜
麻辣巅峰美蛙鱼火锅(大英店),https://www.dianping.com/shop/l8c2dX8zYPQomgbs,22条评价,人均-,鲜牛蛙 弹肥肠 黄金酥肉
吉布鲁牛排海鲜自助(大英商业街店),https://www.dianping.com/shop/H1qINpVPBrORNS6g,2185条评价,人均￥77,牛排 水果沙拉 鲜榨橙汁
石棉烤肉(大英店),https://www.dianping.com/shop/HanRYyyuHgK2osC8,35条评价,人均-,秘制五花肉 香煎牛排 香辣鸡尖
重庆太安姐妹鱼庄,https://www.dianping.com/shop/l5GkJugNeYOs2Ca8,36条评价,人均￥78,太安鱼 凉粉 乌鱼
三搭火市井火锅,https://www.dianping.com/shop/H7yL7IiiiylMfri0,126条评价,人均-,红糖糍粑 精品千层肚 水晶鸭肠
新嗨烩烤涮烤一体,https://www.dianping.com/shop/H5fwG1K6QRna9Y5e,15条评价,人均-,五花肉 肥牛卷 骰子牛肉
老三千庭私房菜,https://www.dianping.com/shop/jHLKy7FGlgrpwoC2,25条评价,人均￥57,肝腰合炒 菌香黄牛肉 萝卜炖排骨
九鼎美蛙鱼头火锅(大英店),https://www.dianping.com/shop/G8oq6zMTqiy5iGGm,37条评价,人均-,美蛙 土豆 豆芽
凤驿正宗来凤鱼壁山兔,https://www.dianping.com/shop/k4KVvkJmopqJxWPP,17条评价,人均￥66,来凤鱼 尖椒兔 青椒鱼
牛本轩潮汕牛肉扎皮蹄花,https://www.dianping.com/shop/k3rMv3rZ80R2l6nZ,25条评价,人均-,香煎牛排 霸王牛肉 鲜切牛吊龙
老哥门肥肠鱼(大英店),https://www.dianping.com/shop/G162JPAJcyfOrc3a,23条评价,人均-,椒麻美蛙 花鲢 老哥门肥肠
谭府酒楼,https://www.dianping.com/shop/jVgr9DOZe2ztsr20,33条评价,人均￥7o,红油钵钵鸡 翡翠桃仁 青小米爆虾仁
屋头串串香(大英店),https://www.dianping.com/shop/k8spyiqIuJWjnNnY,25条评价,人均￥68,十秒郡霸 霸王排骨 虎皮鸡爪
肥肠鱼稻田蛙,https://www.dianping.com/shop/G4B0AIMJ4YRD940L,33条评价,人均-,耗儿鱼 肥肠 稻田蛙
巫溪烤鱼(天平街店),https://www.dianping.com/shop/GaMBx84MUv7s8p6W,255条评价,人均￥4o,巫溪烤黔鱼 香烤麻辣鲫鱼 巫溪烤草鱼
重庆签味王串串香(大英店),https://www.dianping.com/shop/l5RCuOXANM2KZSaz,15条评价,人均￥4o,郡把 小郡肝 签签牛肉
米兰西饼生日蛋糕(大英店),https://www.dianping.com/shop/H2nI2e62wgapmrQh,21o条评价,人均-,小双层灌南高手 数钱蛋糕 星空摇马蛋糕
龙门飞鱼美蛙鱼头火锅(大英店),https://www.dianping.com/shop/l4PGiL7avyMmziqi,23条评价,人均-,烤蛙 经典麻辣锅 菠萝椰果奶
大英旷逸酒店·翰逸食府(永逸广场店),https://www.dianping.com/shop/k6tgQQrz9w8BctVh,6条评价,人均-,老坛酸菜龙利鱼 干拌牛肉 甜虾
曾饼子,https://www.dianping.com/shop/H6TnxdLw09OfaQcD,9条评价,人均￥5,锅鲜肉锅魁 肉饼子
蜀锦川城老火锅(大英店),https://www.dianping.com/shop/l1EsIlmMY8SZmhXt,184条评价,人均￥1o8,鸭血 嫩牛肉 农家小酥肉
西昌特色火盆小香猪(魁山坡店),https://www.dianping.com/shop/H2Xll4oJvMMhOGB8,71条评价,人均￥63,跑山小香猪 香烤五花肉 香辣嫩牛肉
肯德基(蓬莱路店),https://www.dianping.com/shop/jqtBce6BsydWR4pK,2o条评价,人均-,十翅一桶 黄金鸡块 薯条
潮牛道,https://www.dianping.com/shop/k825sq4Q38WFWWnC,16条评价,人均￥62,烤牛排 黄牛肉 烤牛肉
重庆巴爺香辣鸡煲,https://www.dianping.com/shop/G2P6dkweYTvSFaUE,25条评价,人均￥29,鸡煲 香辣鸡 小龙虾
关渔小院肥肠鱼火锅(大英店),https://www.dianping.com/shop/k3rYXONr4mZjUqvU,15条评价,人均-,肥肠 卤拼 凉粉
霸道烤官火盆烧烤(大英店),https://www.dianping.com/shop/iyqS5u1kcbbSjeUC,17条评价,人均-,香烤五花肉 跑山小猪肉 麻辣牦牛肉
匠岳·王宝器麻椒鱼(大英店),https://www.dianping.com/shop/H1XBKRMnx6qayTId,59条评价,人均￥62,深水花鲢鱼 宝器酥肉 绝味麻椒红锅
十二蛙小侠(大英永逸广场店),https://www.dianping.com/shop/ixSPGGqgcegZ2WJx,4条评价,人均-,小龙虾 烤鸡皮 香辣田螺
耍公子街头牛排,https://www.dianping.com/shop/k6SqTOxB9dpesRVK,1条评价,人均-,黑椒牛肉意面 战斧牛排 蔬菜沙拉
万年红酒家,https://www.dianping.com/shop/l9UNBilhsgsiC1sv,21条评价,人均￥59,粉丝捞鹅掌 跳水鱼 粉蒸回肠
金泰府火锅(大英店),https://www.dianping.com/shop/l2jkgklMJ7wbxez4,183条评价,人均￥74,美国肥牛 鲜鹅肠 鲜毛肚
一家烧鸡公,https://www.dianping.com/shop/laphEDeGCNFUlBsK,2条评价,人均-,烧鸡公 香辣虾 酸菜乌鱼
狗哥羊肉汤,https://www.dianping.com/shop/k5lgLNAHQkjATaF5,22条评价,人均￥5o,鸡蛋干 皮蛋 凉粉
可可同学私房蛋糕(大英店),https://www.dianping.com/shop/G2GlCCdX77SpBVt8,3条评价,人均-,万圣节蛋糕 祝寿自行车架子蛋糕 水果四拼
