锦尚鲜厨餐廳,https://www.dianping.com/shop/k3D3PHRtTK7ulGah,6条评价,人均-,锦尚雪花与鱼 鱼香肉丝 水腌菜拌粉丝
蜀味 牛百汇涮烤三味火锅(大姚店),https://www.dianping.com/shop/H69ylXdDGXuGPGTS,53条评价,人均-,烤五花肉 鲜鸭肠 全红锅
渔悦码头鹅卵石鱼火锅(大姚店),https://www.dianping.com/shop/H6asO5ahrJjNFdno,13条评价,人均-,清香藤椒锅 蛋黄流沙包 经典麻辣锅
石羊人家,https://www.dianping.com/shop/k8Gau8Hj60RlZgrp,1条评价,人均-,泡椒肉丝盖浇饭 炒面 鸡蛋炒饭
滇香火瓢牛肉(大姚店),https://www.dianping.com/shop/k2SKwSkWZbsunLw7,3条评价,人均-,
鱼蛙相恋美蛙鱼头火锅(大姚店),https://www.dianping.com/shop/H1lIVwJJjK2W1CRd,1条评价,人均-,豆腐皮 娃娃菜 香菇
御景轩 大姚县,https://www.dianping.com/shop/l4mzzgIw8N5emRoa,1条评价,人均-,红三剁 黄焖鸡 野山菌焖饭
永昭园土锅肚子鸡(大姚店),https://www.dianping.com/shop/l3TOeDblErgW9KJD,1条评价,人均-,香菜 葱花
牛太牛涮烤牛肉主题餐厅(大姚店),https://www.dianping.com/shop/k25VRYE3tJ86XPNZ,26条评价,人均-,大刀鲜嫩五花肉 香煎雪花牛排 鲜嫩涮牛肉
脆鱼馆火锅,https://www.dianping.com/shop/k2gjHPQ5x92HvrFS,3条评价,人均￥45,鱼腩 带骨鱼片 鲜脆鱼瞟
乡味食足火塘菜,https://www.dianping.com/shop/G6146lDncaJ1bx2W,3条评价,人均￥76,魔芋 五花肉 萝卜
白井酒楼,https://www.dianping.com/shop/k9txkP4P35QvtGdy,7条评价,人均-,炸小鱼 油焖猪肝 豆腐
小米甸土鸡烧烤,https://www.dianping.com/shop/G2SYmoWrYcN0bXBQ,1条评价,人均-,煮米线 碳烤卤鸡爪 麻辣拌洋芋
金核桃餐饮店,https://www.dianping.com/shop/H41QQT99P9pCzOOt,6条评价,人均-,核桃包 鲜椒乌鱼片 炸鲜虾
嘉华饼屋(大姚店),https://www.dianping.com/shop/k6fcbk2ZaiwVcHbE,11条评价,人均-,原味蛋挞 海底童话蛋糕 现烤精制云腿月饼
大姚,https://www.dianping.com/shop/FgQxpWIFOydUb7qW,,人均-,
石羊小土饼人家,https://www.dianping.com/shop/H4HvCTNFgFFGk97g,2条评价,人均-,酸菜豆芽盒子
赵记冷锅鱼特色火锅,https://www.dianping.com/shop/jhunIvbwcxlhJYXv,8条评价,人均-,豆花 泡菜 小豌豆
芭蕉树烧烤城,https://www.dianping.com/shop/k84qHNODelkQog8h,2条评价,人均-,螃蟹
江渔情麻椒鱼,https://www.dianping.com/shop/l4qk3lfITlUeJ5ET,,人均-,
庆丰园,https://www.dianping.com/shop/l81TSwaU8WpuehGP,2条评价,人均-,小炒肉 红烧鲤鱼 豌豆尖酥肉汤
憨石匠鲜菜土火锅(百草岭大街店),https://www.dianping.com/shop/FUpcgzP8RwHMjmHU,8条评价,人均-,毛肚
大姚悠品餐饮餐厅,https://www.dianping.com/shop/jgiISsreBhYpnLWe,19条评价,人均-,手工现打虾滑 鲜切嫩牛肉 鸳鸯锅
鸿阳卤面馆,https://www.dianping.com/shop/k8p8hfDwT7wmPyTC,6条评价,人均-,卤肉烩饭 鱼香肉丝 煮米线牛肉
大姚冰煮羊火锅店,https://www.dianping.com/shop/G7aFNREX11VcAB26,,人均-,豆腐竹 火锅面 莲藕
CHAGEE霸王茶姬(大姚店),https://www.dianping.com/shop/kaGFLjF6SxK7LHbK,9条评价,人均-,桃茗香 无树菩提 花田乌龙
新平嘎洒黄牛汤锅大王(大姚店),https://www.dianping.com/shop/l56vHVhpMILaQa91,2条评价,人均-,清汤牛肉米线 小锅牛肉米线 卤面
繁花音乐酒吧,https://www.dianping.com/shop/H1qpjfkTJK2CIafU,1条评价,人均-,繁花什锦烧仙草 清香茉莉花茶 酸奶水果捞
水城羊肉米线,https://www.dianping.com/shop/Fd28yvDJlaKKPRfS,,人均-,招牌羊肉米线 清汤羊肉 土鸡饵丝
杨国福麻辣烫,https://www.dianping.com/shop/G8kRH44G3LLiJa7h,1条评价,人均-,玉米面 粉丝 苦瓜
清真园(金碧路店),https://www.dianping.com/shop/H1FQungzPe5RVCzW,1条评价,人均-,牛肉 毛肚
兵哥烤鱼,https://www.dianping.com/shop/G23cT3X6aIn3gyJp,3条评价,人均-,烤鱼
老灶坊土鸡馆,https://www.dianping.com/shop/l38JiaCvEIGsVEuQ,1o条评价,人均-,卤腐 蘸碟 鲜榨果汁
赛飞烤鱼庄,https://www.dianping.com/shop/k8duceds52lFXvk7,1条评价,人均-,赛飞烤兔
大姚花溪清汤鹅(西河南路店),https://www.dianping.com/shop/kad02m8E5dsaR8IW,1条评价,人均-,花卷 蚕豆 卤鹅翅鹅脖子
正宗傣味撒撇小锤干巴,https://www.dianping.com/shop/H11xfnfMAPTR1d2K,,人均-,
嘎洒涮烤牛汤锅,https://www.dianping.com/shop/l4CPSo8qrOHwr9Ky,,人均-,
李记麻辣香锅,https://www.dianping.com/shop/H5PPN1IoomYas9UE,,人均-,香辣肥肠套餐 香辣牛蛙套餐 香辣虾套餐
老挝冰咖啡(大姚店),https://www.dianping.com/shop/H2JHBPDgaiB6b8wb,1条评价,人均-,美式黑咖啡 大姚冰咖啡 热乎乎的香蕉牛奶
潮焱(潮汕牛肉火锅),https://www.dianping.com/shop/ETMdvhOxmaprIqbp,1条评价,人均-,杂菌牛骨锅 招牌牛肉丸 红烧牛肉锅
贰食堂,https://www.dianping.com/shop/Haj2pYH9TdGGIsDI,,人均-,红烧牛肉米线 红烧牛肉面 特色炒米线
咖啡甜品站,https://www.dianping.com/shop/H9ZyYXAhMHAOCzcx,,人均-,圣代 美式 杨枝甘露芒果多
小伟纸包鱼,https://www.dianping.com/shop/H7iN0TDsR9k8WWef,1条评价,人均-,麻辣鱼 炸花生米 兰花豆
红山牛羊肉馆,https://www.dianping.com/shop/k2hqWuLGYpAyetkP,1条评价,人均-,
火烧火燎自助烤吧,https://www.dianping.com/shop/k6BzDag7iyZgaiWG,,人均-,劲酒 土豆 青稞酒
天府居川菜馆,https://www.dianping.com/shop/l3gOB0yplNU4bgQF,,人均-,红三剁 牛干巴苦菜炒饭 黄焖鸡盖浇饭
茶西西(金碧镇西街店),https://www.dianping.com/shop/l3TFBwG073Dp2MrW,2条评价,人均-,西西百香果 百香金菠萝 抹茶拿铁
三岔河羊肉,https://www.dianping.com/shop/G4LsTZrE1FRSTb54,1条评价,人均-,小炒羊肉套饭 凉拌酥蚕豆 韭菜
重庆巫山烤鱼(西河南路店),https://www.dianping.com/shop/l7yACzx5KX259ipq,,人均-,番茄炒蛋配饭 干锅鸡超 干锅鱼超
撸串吧昭通特色小肉串,https://www.dianping.com/shop/icgwFFuNiq76owdi,,人均-,糖醋锅巴土豆 特色炸土豆 烤净羊腰
正宗宾川海稍鱼罗非鱼羊肉馆,https://www.dianping.com/shop/H6Zr8TRTaU3H88Tf,1条评价,人均-,罗非鱼火锅 小炒肉 炸花生
砂锅米线,https://www.dianping.com/shop/k508M8ri17HaQt3x,2条评价,人均-,招牌臭豆腐砂锅卷粉 鱼香肉丝木桶饭 小米辣牛肉木桶饭
姚安臭豆腐砂锅米线(大姚店),https://www.dianping.com/shop/G3mlUYJsoNObAn41,2条评价,人均-,砂锅米线 砂锅面 鸡蛋鲜肉炒饭
金兴面馆,https://www.dianping.com/shop/l72P3kT3u66hNWFP,1条评价,人均-,红烧牛肉米线 小锅面 红烧牛肉饵丝
湘辣铁板鱿鱼,https://www.dianping.com/shop/j2uqbo87dQBxbAUT,,人均-,鱿鱼片 牛肉 大鱿鱼
高家庄脆皮酸汤猪脚,https://www.dianping.com/shop/l28cwCeQrwkZbg5s,3条评价,人均-,
运珍小吃,https://www.dianping.com/shop/H6MiDXuwrJIan3BV,,人均-,
中华火锅料理店(楚雄大姚店),https://www.dianping.com/shop/k9GbwH8bIYjee6Gp,1条评价,人均-,
久品鲜自助小火锅(金城花园店),https://www.dianping.com/shop/l5ezZaNUr1EvZFhD,,人均-,
川味天香小火锅,https://www.dianping.com/shop/k5WFrRdkIL0Atjpg,1条评价,人均-,
