大冶市和味老广记港式茶餐厅,https://www.dianping.com/shop/G4kc6bEwyD0067a7,41条评价,人均-,招牌咖喱皇炒大虾 明炉脆皮烤鸭 虾饺皇皇
鸿运打边炉(大冶店),https://www.dianping.com/shop/lajNBN7zU5kXqgzw,12条评价,人均-,原味椰子鸡 招牌金汤花胶鸡 广式早茶
大冶味道,https://www.dianping.com/shop/H4wMtPmz2a9JZMsb,46条评价,人均￥69,手工锅贴馍 臭豆腐 豬雜湯
圆梓,https://www.dianping.com/shop/HaICojydkLjjM8aa,37条评价,人均￥59,南瓜吐司 多汁肉肠 腊肠拌饭
汀步咖啡(大冶店),https://www.dianping.com/shop/jb5AXRNvkMvmYeD4,1o2条评价,人均￥1o4,热巧克力 西冷牛排 卡布奇诺
捌方火锅(大冶店),https://www.dianping.com/shop/H36RQhM1I7Ryc5S2,1169条评价,人均￥1o3,
徐家垴土豆片,https://www.dianping.com/shop/l1iBsx0cK7FoqPiy,59条评价,人均￥14,
深海渔场烤肉火锅自助餐,https://www.dianping.com/shop/F46vKkZJXtP0zm3T,1861条评价,人均￥86,
蛙大大炭烤牛蛙(雨润店),https://www.dianping.com/shop/G24tvA4APNw9wAR3,874条评价,人均￥64,
云咖啡·COFFEE,https://www.dianping.com/shop/l4IjMuyTOjB2aw7h,2条评价,人均-,
蓝桉咖啡酒馆(大冶店),https://www.dianping.com/shop/l4LLgUQg4boBQnI5,1条评价,人均-,
红门柴火鸡(大冶总店),https://www.dianping.com/shop/laotClqoVtmLYv8e,6o条评价,人均-,
行者酒肆,https://www.dianping.com/shop/Ezk33I0yOdHm4bWA,9条评价,人均-,
醉得意(大冶嘉禾店),https://www.dianping.com/shop/H64Lk4LpoHnwuC9u,49o条评价,人均￥62,
许味(乾塔路店),https://www.dianping.com/shop/H2C0DT4fIOWvQsZa,74条评价,人均￥64,
牛旺旺牛腩煲(雨润店),https://www.dianping.com/shop/GakcmYS2O2wKsaeW,3o条评价,人均-,麻花 海苔鲜饼 旺哥秘制鸡爪牛腩煲
春上町无国界料理,https://www.dianping.com/shop/jOPXHXcC8dM3T1sb,7条评价,人均-,泰式冬阴功汤火锅 新加坡黑椒炒大虾 咸蛋黄奶油大虾
吃人辰,https://www.dianping.com/shop/jqByehiUxvFz6atB,69条评价,人均-,地狱拉面 麻辣花蛤 蜂蜜柠檬汁
蜀城墨都(大冶店),https://www.dianping.com/shop/l6c9NRqxq0eO9Ork,126o条评价,人均￥97,尊品虾滑 雪花肥牛 九尺鹅肠
啤咖丘,https://www.dianping.com/shop/l468Z4eq2zZ5jarq,1条评价,人均-,
一品私房菜(建设路店),https://www.dianping.com/shop/iQvvVfSPzJDqLwzA,98条评价,人均￥33,
789年代味道,https://www.dianping.com/shop/Fwjd8AQXupmn9pEb,2条评价,人均-,
醉一城,https://www.dianping.com/shop/l4V5vhEhgwKTPcbJ,2条评价,人均-,
水哥潮汕砂锅粥(二店),https://www.dianping.com/shop/H8yPDNqp9Vaxmbfy,3条评价,人均-,
刘一牛烤鲜牛(大冶店),https://www.dianping.com/shop/H2l8KMrLNAdDEZ2m,22条评价,人均-,
花兮亭(雨润国际广场店),https://www.dianping.com/shop/l6B9EkLks6nUSE3x,533条评价,人均￥71,
星巴克(黄石大冶中央商场店),https://www.dianping.com/shop/G2RviKXtxJ6RtymJ,4条评价,人均-,
楚天吊锅王(大冶二店),https://www.dianping.com/shop/k7tNVrxpc2mQNRnw,23o条评价,人均-,
海底捞火锅(雨润国际广场店),https://www.dianping.com/shop/G1jpjzo6WujF93Ro,64条评价,人均￥85,
洞氮胡记羊肉馆(外滩首府店),https://www.dianping.com/shop/icM634rVSTD7FMV5,1条评价,人均-,
小食候湘(大冶店),https://www.dianping.com/shop/l6qnzfZgYCCK47si,15条评价,人均-,下饭黄牛肉 剁椒鱼头 枣丸汤
老传统酒店,https://www.dianping.com/shop/G5T9Yf35DmGwrg9O,16条评价,人均-,尖椒 凤爪 豆腐
潮汕牛肉养生火锅,https://www.dianping.com/shop/H3eTCAyGTcr2HN4t,264条评价,人均-,吊龙 嫩牛肉 匙仁
白云边刘家厨房(山南店),https://www.dianping.com/shop/H7mVw0KRD0HTLgzi,7条评价,人均-,锅巴粥 红烧牛蹄 莲角烧排骨
粥满堂,https://www.dianping.com/shop/HaydSwIQ2OCGc1MY,25条评价,人均￥66,粥满堂牛肉饼 糯香排骨 皮蛋瘦肉粥
老传统菜馆(锦绣花园店),https://www.dianping.com/shop/l8tSDtVK76R4UpjA,2o条评价,人均￥125,甲鱼 萝卜炖牛肉 羊肉串
Timber 君子有酒烧肉馆(大冶店),https://www.dianping.com/shop/ka6eMziVNXRMFRsI,2o条评价,人均-,葱香牛舌 罐腌牛肋条 霜降和牛牛小排。
莱茵河畔(雨润店),https://www.dianping.com/shop/ig44DbOQU5ZaLVZz,2832条评价,人均￥61,菲力牛扒 泰皇炒饭 黑椒牛柳炒意粉
潮辣矿泉水火锅(百代银座店),https://www.dianping.com/shop/H7kNKriAgxiQdHW4,742条评价,人均￥85,现炸小酥肉 肥牛公主出嫁 上上签毛肚
铜录山朱记炒粉哥,https://www.dianping.com/shop/H3jXLfQsxcNfx6Z2,2条评价,人均-,牛肉炒粉
易老时光咖啡馆·猫咖,https://www.dianping.com/shop/H9hevk44y7ftzzvA,73条评价,人均-,抹茶冰乐 芝士火腿圆饼 华夫饼
焰火牛杂馆,https://www.dianping.com/shop/Gan8tnR7aIJoX4Nv,3条评价,人均-,头牌牛杂煲 海鲜大咖 海鲜牛杂煲
古茗(还地桥店),https://www.dianping.com/shop/H2CiSDxt9OmltMLh,4条评价,人均-,布蕾脆脆奶芙 流沙芋泥芒芒 超A芝士桃桃
左邻右舍土菜馆(雨润国际广场店),https://www.dianping.com/shop/k5snHfz0imhLSewa,247条评价,人均￥61,姜辣凤爪 农家芍粉肉 糖醋里脊
在心头餐厅(观山店),https://www.dianping.com/shop/G48FFSX17gwkSYU8,53条评价,人均-,功夫凤爪 新鲜玉米汁 肉圆萝卜汤
牛二仙爆汁牛骨头(大冶店),https://www.dianping.com/shop/G62PYZ4flWUptNh1,5o条评价,人均-,爆汁牛杂（中份） 爆汁牛骨头（中份） 爆汁牛骨头牛杂拼盘
粥满堂(天利国际家居店),https://www.dianping.com/shop/G97HxlLzpVm1CWG1,39条评价,人均-,皮蛋瘦肉粥 青菜瘦肉粥 糍粑鱼
盛港林记港式地摊打边炉,https://www.dianping.com/shop/H6txK2BE4fnoN4Vt,1条评价,人均-,
故食荟(青龙山公园店),https://www.dianping.com/shop/k7tr3EjJIqTsMQAs,94条评价,人均￥35,牛肉串 冻豆腐 土豆片
9号小酒馆,https://www.dianping.com/shop/H3mXFEgcxsvOw1Is,3条评价,人均-,浪漫花神干红 青岛棕金 百威啤酒
捌方素食,https://www.dianping.com/shop/k6lc6p1dYuJhkyzg,1条评价,人均-,
虾皇(大冶旗舰店),https://www.dianping.com/shop/l6uWhdo3pK9jyoMB,21o条评价,人均￥1o4,油焖大虾 清蒸大虾 蒜蓉虾
楚天吊锅王(一品店),https://www.dianping.com/shop/H6p9xmtfiphRy9nQ,2条评价,人均-,
福至尊鱼羊馆(大冶店),https://www.dianping.com/shop/G85feX6VnmTvwdw9,39条评价,人均￥77,番茄烧牛腩 羊杂汤 酸辣土豆丝
豪渝火锅(大冶店),https://www.dianping.com/shop/Ei2U9G01fOwlfzHq,472条评价,人均￥82,豪渝至尊脆毛肚 招牌手工虾滑 重庆椒麻牛肉
pizzapizz披萨·牛排·意面·焗饭(蔚蓝港湾店),https://www.dianping.com/shop/k9AzYca1e3TvoqSj,2条评价,人均-,夏威夷浪漫风情披萨 龙凤呈祥 奥尔良千岛烤肉披萨
蒙古巴图鲁烤羊腿(大冶店),https://www.dianping.com/shop/G8Ln6Co2e0RRuix3,14条评价,人均-,蒙古巴图烤羊排 蒙古奶茶 蒙古巴图烤羊腿
一品瓦罐串串·绝味吊锅,https://www.dianping.com/shop/l9odlakCVCxi0r9g,11条评价,人均-,吊锅 地锅鸭吊锅 牛排吊锅
能亮烧烤(两湖天下店),https://www.dianping.com/shop/H5uwkfQ7HJHyOu0c,47条评价,人均-,烤瘦肉 夜猫小黄鱼 蒜蓉茄子
小小舒Cake,https://www.dianping.com/shop/k2CG4ZRrPnD3mJrq,15条评价,人均-,日式生吐司 奶油草莓切块 巴斯克芝士蛋糕
