禾田居度假酒店,https://www.dianping.com/shop/H2II5WbLIXVV2svn,72条评价,人均￥611,姜茶 红茶 橄榄油全麦饼
峡谷农庄,https://www.dianping.com/shop/EceiSN9dBSU379lR,482条评价,人均￥33,石锅鱼 农家小炒肉 清水活鱼
菜逢源农家山庄,https://www.dianping.com/shop/k1eHdutArlS6dkXg,14条评价,人均-,腊肉炒蕨粑 血肠 茭头
唐二私房菜,https://www.dianping.com/shop/laQmfKvARH7dgBXF,4条评价,人均-,猪蹄 美味双皮奶 爆炒基围虾
酒拾烤肉(慈利店),https://www.dianping.com/shop/Hauq1KocyKRuiijf,242条评价,人均￥73,招牌五花肉 招牌香辣牛肉 爆汁龙利鱼
阳和肚米,https://www.dianping.com/shop/l7n1iUTeXIelbZNA,33条评价,人均￥95,阳和肚米 野葱炒蛋 炒菠菜
好江南饭店(慈利店),https://www.dianping.com/shop/l7KkzZrv6ZT3ECry,81条评价,人均￥52,手工肉丸配时蔬 阳和肚米 石门肥肠火锅
麓山派卤味火锅(慈利店),https://www.dianping.com/shop/l6C5CLAkNeON4vCk,2oo条评价,人均￥72,卤牛肉 小酥肉 卤肥肠
小城有味火锅慈利店,https://www.dianping.com/shop/l5X6Ko6gCMV3yR4D,22条评价,人均-,大刀毛肚 澳洲进口雪花肥牛 九宫格
醉行湘西(慈利店),https://www.dianping.com/shop/G46ucghGvrZfTjwc,53条评价,人均￥72,土司神龙鸭 榜爷鱼头王 醉行排骨
月下料理,https://www.dianping.com/shop/FU35FwsgK5FMI1e3,3条评价,人均-,
海食上,https://www.dianping.com/shop/l4XJUB3jrgoN6Kfw,9条评价,人均-,
与食俱进·鸭天下主题餐厅,https://www.dianping.com/shop/k9Z026mgKUTirtru,3o6条评价,人均￥65,
老四中米粉,https://www.dianping.com/shop/G1ekJlPhh5UC4rYK,2o条评价,人均￥8,
鹅嗲嗲•鹅铺(慈利店),https://www.dianping.com/shop/G7uoQMa4g1l2TuIB,141条评价,人均￥71,
柳叶湖石锅鱼,https://www.dianping.com/shop/G5jRpH6iYSc0BorF,11条评价,人均-,麻辣味草鱼 蕨巴炒腊味 石锅黄丫鱼
洞氮•胡记羊肉馆(慈利店),https://www.dianping.com/shop/k6YYX7CnU2Z0htea,1条评价,人均-,哈啤小麦王 哈啤纯生 光明look
金三角三下锅,https://www.dianping.com/shop/G7WMOoIxhgj44hH9,8条评价,人均-,排骨冬瓜汤 肥肠 手撕包菜
二朴炸鸡社(慈利零阳镇店),https://www.dianping.com/shop/l3obUa2zjwy6OZk4,7条评价,人均-,鸡肉火鸡面 鱼饼炒年糕 葡萄果汁
柒酒烤肉(慈利店),https://www.dianping.com/shop/Ham52JAbwQenrtFc,45条评价,人均-,精品五花肉【头道招牌菜】 香辣黄牛肉【招牌菜】 澳洲雪花牛肉【招牌菜】
么喱烤肉(慈利店),https://www.dianping.com/shop/H65ZthRIJAjQuEF4,15条评价,人均-,蜜汁鸡翅 招牌五花肉 生菜
桃溪岛农庄,https://www.dianping.com/shop/l85e9GYXgF6yjuVX,28条评价,人均￥67,浓汤桃花鸡 老乡村豆腐 乡里土家煎辣椒
张大师吮指鸭爪爪·一锅两吃(御景中央店),https://www.dianping.com/shop/GaHq78B5F9SUQ3tj,55条评价,人均-,人气爆款吮指鸭恋虾 魔芋 吮指全爪锅干锅
长沙饭店(幸福中路店),https://www.dianping.com/shop/kaW19EZWQVmbNLpV,9条评价,人均￥13,酸菜蛋炒饭 臭豆腐 香菇肉丝削面
渔人码头(博联天街店),https://www.dianping.com/shop/H7gOEh2K1TZSfBEy,3条评价,人均-,冬瓜片 手工鱼丸 皂市雄鱼
唐唐小妹串串火锅,https://www.dianping.com/shop/G7uqvLxlzl5y0U30,3条评价,人均-,娃娃菜 毛肚
猫馋鱼,https://www.dianping.com/shop/H8m7ULmOpp5AFOr9,1条评价,人均-,
西麦园生日蛋糕(慈利店),https://www.dianping.com/shop/GaCWz1p5KPOrErtK,335条评价,人均￥16,肉松卷蛋糕 抹茶红豆土司 小黄人蛋糕
锦和苑欢乐自选火锅(慈利店),https://www.dianping.com/shop/k9BtFRTvhDmxdHeA,169条评价,人均￥73,无限量自助 无限自助 毛肚
庄壹碗下饭菜,https://www.dianping.com/shop/layg9q1hFSDMbgrD,1条评价,人均-,
铭记烧烤(火车站店),https://www.dianping.com/shop/l6OR6Fd9XFhKuQ0g,17条评价,人均￥55,香菜葱花飞饼 飘香卤虾 招牌虾蟹粥
粒上皇(张家界慈利幸福路店),https://www.dianping.com/shop/k4QAGp66rRAyG6Jb,13条评价,人均-,冰魔栗 现炒栗子 冰沙楂
塔斯汀中国汉堡(慈利胜汉步行街店),https://www.dianping.com/shop/HaDmuZwUBTVh4e7s,,人均-,藤椒鸡腿汉堡 北京烤鸭中国汉堡 板烧凤梨中国汉堡
寻味掌柜羊肉馆(慈利店),https://www.dianping.com/shop/k7HduyEZCQGeQ0Be,1条评价,人均-,肥肠五花肉 旱鸭子火锅 羊骨架
柳叶湖石锅鱼宵夜店,https://www.dianping.com/shop/k6TnU200JdLIjS6g,2条评价,人均-,海鲜粥 山胡椒牛百叶 石锅清鱼
李记平价海鲜加工坊,https://www.dianping.com/shop/G9vHQIy7yiODaP0h,1条评价,人均-,香辣蟹 辣酒煮花萝 凉拌猪耳朵
幸福西饼生日蛋糕·下午茶(慈利店),https://www.dianping.com/shop/k57DyVRYpcElYFqa,38条评价,人均-,榴芒双拼 海盐脆脆 全心全意
巴蜀大将火锅(慈利店),https://www.dianping.com/shop/l7e0JtSnn1YyKYKc,17o条评价,人均￥68,张飞毛肚 雪花肥牛 大将嫩牛肉
万家灯火(幸福中路店),https://www.dianping.com/shop/G4Mdz374CNcH4pfI,29条评价,人均￥63,婆婆铁锅鸡 梅菜扣肉 小炒肉
擂椒筒子骨(慈利店),https://www.dianping.com/shop/k8VMc7M6AMeQ6iqc,1o条评价,人均-,擂椒筒子骨 麦酱炒肉 醋泡萝卜皮
鸭爪爪干锅火锅(慈利一店),https://www.dianping.com/shop/G8KbVWIpU0KnKN0L,32条评价,人均-,鸭恋虾 鸭三宝 千张皮
鸭鸭铁板烧,https://www.dianping.com/shop/H2TRV3z5H7KgpNsN,12条评价,人均￥44,土豆片 牛肉 猪里脊
溪口腊牛肉(慈利店),https://www.dianping.com/shop/H5Jn4UXkpNAweFT9,,人均-,
清水鱼庄(江垭水库大坝店),https://www.dianping.com/shop/k4jTo93ncKObbunq,2条评价,人均-,自养土鸡火锅 银鱼炖蛋 大坝清水鱼
罗潭山谷土菜馆,https://www.dianping.com/shop/k3TR9pg9vnBtaKDL,18条评价,人均￥49,农家小炒肉 牛肉火锅 香葱炒土鸡蛋
芒LuLu甜品馆,https://www.dianping.com/shop/k6sWawCOit7z0Ipk,35条评价,人均-,咖喱蛋包饭 柠檬红茶 泡菜牛肉拌饭
红运打边炉,https://www.dianping.com/shop/k32OiLNlaRfTw5iJ,,人均-,肥牛 椰子鸡套餐 椰子鸡
麦香缘·朵麦可诗,https://www.dianping.com/shop/l4pfJdP7z19p1R4L,76条评价,人均￥9o,黑椒牛柳意粉 麦香缘的煲仔饭 酸豆角肉沫煲仔饭
盛德园(光明路店),https://www.dianping.com/shop/l430nTSEv0H7Ixel,8条评价,人均￥54,
老饭甑私房菜馆,https://www.dianping.com/shop/G8AKSQrnXbOb31VZ,3条评价,人均-,铁板里脊肉
书亦烧仙草(步行街店),https://www.dianping.com/shop/l4alG9uieWsR0drA,125条评价,人均￥12,招牌烧仙草 小芋圆烧仙草 书亦烧仙草
哇噻烧烤,https://www.dianping.com/shop/ladGv1fVkNm62X0c,1条评价,人均-,
茶百道(慈利宾馆店),https://www.dianping.com/shop/H7XJDeSr29OGyy48,14条评价,人均￥15,豆乳玉麒麟 西瓜啵啵 奥利奥奶茶
澎厨本味,https://www.dianping.com/shop/k84zDRiYVeTSnXa6,34条评价,人均￥58,美有机花菜 羊肉锅 小荞酒
三煌爷钵钵菜,https://www.dianping.com/shop/G7a6SLPXkJDb1QRE,1条评价,人均-,招牌麻辣鱼块 青椒土豆肉丝 小炒肉炖豆腐
楼上有糕甜品店,https://www.dianping.com/shop/G7BpQHWSHmH8N0bc,33条评价,人均-,装饰奶油蛋糕 汽车蛋糕 原味泡芙
九头鸟香辣蟹,https://www.dianping.com/shop/k3DE6MIdrFyEQ50p,5条评价,人均-,招牌香辣蟹 紫菜蛋汤 鸡蛋盐菜炒饭
食尚筷乐湘,https://www.dianping.com/shop/k78CvfGYXv6qqaxR,14条评价,人均￥4o,红烧肉炖干豆角 腊肉炖地木耳 排骨蒸芋头
阳和石锅鱼,https://www.dianping.com/shop/l3hpxJAeEcVIP8s1,1条评价,人均-,
兵兵酒家,https://www.dianping.com/shop/G5zPRoflB10ToNe6,1条评价,人均-,
