靠山屯铁锅炖(万达一店),https://www.dianping.com/shop/k7Pkv6orMTn1NzQ8,23o5条评价,人均￥1o1,小笨鸡炖蘑菇/斤 锅包肉 玉米饼
星辰岩石烤肉,https://www.dianping.com/shop/EpKC1eiKIp41NPxv,1995条评价,人均￥97,秘制五花肉 烤酸菜 特色小肋排
香水鱼铁锅炖,https://www.dianping.com/shop/laolO0W3Tb6RSwhn,2145条评价,人均￥97,锅贴玉米饼 三道鳞 宽粉
石遇火山岩石烤肉·朝鲜菜,https://www.dianping.com/shop/k34rux77InMqs34I,1579条评价,人均￥1o8,五花肉 精品岩石烤肉九宫格 基地黄牛肉
一分利老菜馆,https://www.dianping.com/shop/k3N10ZnK3jbSBYLW,323条评价,人均￥64,锅包肉 小鸡炖蘑菇 刀切香肉
果松柴火·火山岩石烤肉,https://www.dianping.com/shop/FCbTPfhuseZ0IjYU,795条评价,人均￥1o3,五花肉 酸菜 牛肉
乡土风情铜火锅·东北菜·烧烤(长白山万达店),https://www.dianping.com/shop/jQJTSY6Rmde3rnNX,1251条评价,人均￥1o3,锅包肉 老东北铜火锅 小鸡炖蘑菇
薛记铁锅农家菜,https://www.dianping.com/shop/G8qAinvAdnJSkVCg,816条评价,人均￥93,小鸡炖蘑菇 锅包肉 东北大拉皮
大泥炉烤肉炭烤活鳗·延吉烤串·炭火锅(万达店),https://www.dianping.com/shop/H99p8ebGzTFqFKet,355条评价,人均￥128,泥炉烤肉 厚切五花肉 延吉冷面
丛记粗粮人家,https://www.dianping.com/shop/i6ywWTwwcEQpLGUd,142条评价,人均￥66,东北老式锅包肉 东北大拉皮 地三鲜
延吉老猎户炭火锅烤串水饺(万达店),https://www.dianping.com/shop/G67V7YeI0LGHsmcX,129o条评价,人均￥1o2,锅包肉 东北大拉皮 手工水饺
果松铁锅炖·柴火地锅鸡鱼,https://www.dianping.com/shop/l82848uGn7I7NqUk,1192条评价,人均￥99,玉米面饼子 铁锅炖鸡 东北粉条
原乡湖烧烤·铁锅炖·东北菜(鲁能度假区店),https://www.dianping.com/shop/lazx3gskYV4wF1iX,4o条评价,人均￥139,特色烧烤 羊肉串 特色铁锅炖
火山岩岩石烤肉,https://www.dianping.com/shop/H9mUor8jwgOCgyU6,983条评价,人均￥88,酸菜 五花肉 白桦汁
柏悦悦厅,https://www.dianping.com/shop/l6hnajnLhBYwvBB4,1o2条评价,人均￥257,锅包肉 小鸡炖蘑菇 地三鲜
金阿迈朝鲜族汤饭馆(松江河店),https://www.dianping.com/shop/G28x0c1quoHkHd1V,48条评价,人均￥41,牛肉汤饭 阿迈石锅拌饭 原味煎鲅鱼
海胜三江源铁锅炖,https://www.dianping.com/shop/H9bJ8GDkKPcj3cMi,189条评价,人均￥95,特色铁锅炖鸡锅 粉条 特色铁锅炖鱼
果松木炭酸菜铜火锅·外婆参鸡汤,https://www.dianping.com/shop/G7NUrfUaUEF2tOTB,557条评价,人均￥1o6,东北酸菜 牛肉 羊肉
白峰咖啡,https://www.dianping.com/shop/k8h3pjUi2zIvKTpt,188条评价,人均￥57,卡布奇诺 太妃榛果拿铁 拿铁
德缘饭庄,https://www.dianping.com/shop/k3CvQqNFLRle585P,2o8条评价,人均￥71,锅包肉 东北地三鲜。 野菜炒蛋
老渔翁柴火铁锅炖(松江河店),https://www.dianping.com/shop/k5ICG6sFj9rtoPT2,89o条评价,人均￥92,铁锅炖笨鸡 饼子 宽粉
朝膳府炭火烤肉,https://www.dianping.com/shop/HanA9rrTUhT9e2sE,5o条评价,人均￥124,招牌五花 牛上脑 雪花外脊
长白山火山石烤肉,https://www.dianping.com/shop/k7cwCxjIfG7SmiRp,959条评价,人均￥112,五花肉 自家酸菜 牛排
阿郎烧烤(二店),https://www.dianping.com/shop/k7TZxNcxtp6Kaocl,216条评价,人均￥83,脱骨鸡爪 鲜羊肉串 铁板土豆肉皮
长白山雪屋火锅,https://www.dianping.com/shop/l2Umxrbn3sHUejJs,4条评价,人均-,冻梨 雪屋火锅
山里屯柴火铁锅炖,https://www.dianping.com/shop/G2GunoAkNIeyFGs4,753条评价,人均￥9o,铁锅炖冷水鱼 白菜 玉米饼
山河屯柴火铁锅炖,https://www.dianping.com/shop/G3MZn9NcqJhurc08,134条评价,人均￥5o,农家笨鸡 榛蘑 排骨
长白山万达锦华度假酒店-吉咖啡餐厅,https://www.dianping.com/shop/k8fOwkvlTBCCNzaG,118条评价,人均￥96,火锅 东北黑木耳 菌类拼盘
长白山鲁能瑞士酒店-意大利餐厅,https://www.dianping.com/shop/kaIBG6bIDwYGIvSo,64条评价,人均￥121,锅包肉 花椒走地鸡 菌菇小炒皇
食间高丽火盆,https://www.dianping.com/shop/ka8HPCGRxx6JrgbU,41条评价,人均￥86,米酒 拌板筋 辣白菜
阿里郎烤肉(长白山万达店),https://www.dianping.com/shop/Gakzwt4bvVjo9vK8,751条评价,人均￥1o3,牛上脑 梅花肉 五花肉
大王小王长白山酸菜铜锅,https://www.dianping.com/shop/G6v6Ck9CidTPUFzG,8o条评价,人均￥1o6,酸菜 自制血肠 高钙羊肉
朴小妹人参鸡,https://www.dianping.com/shop/F1GIMbw0F0y7Fm65,1o18条评价,人均￥111,人参滋补鸡 栗子糯米饭 正宗朝鲜族大冷面
星巴克(万达滑雪场店),https://www.dianping.com/shop/H4uGWU1Vp5F9qvh3,4o条评价,人均￥42,燕麦拿铁 双杯热荔荔粉巧茶拿铁 大溪地绵云冷萃
巴卤社老火锅(白山市抚松店),https://www.dianping.com/shop/H8byY2qgZ7ZMp154,11条评价,人均-,麻辣牛肉 水牛毛肚 特色冰沙
朝膳居朝鲜民俗延边风味馆(长白山店),https://www.dianping.com/shop/lamaf3buigLC6UV2,92条评价,人均￥49,石锅拌饭 红烧明太鱼 高丽辣鸡爪（招牌菜）
延边烤肉,https://www.dianping.com/shop/H3fRnVdztOElFLge,382条评价,人均￥78,五花肉 朝族辣白菜 东北酸菜
悦府东北老菜坊饺子王(长白山万达店),https://www.dianping.com/shop/GasF9b19OPXZwj4f,552条评价,人均￥91,家常水饺 锅包肉 小鸡炖蘑菇
长白山鲁能胜地瑞士酒店-度假村·怡客全日制餐厅,https://www.dianping.com/shop/laAM72eQWmJvEQxl,25条评价,人均￥117,鲜花椒排骨 野菜 锅包肉
喜来登酒店-盛宴标帜餐厅,https://www.dianping.com/shop/k68lrANHMMgEmlxH,168条评价,人均￥167,烧烤 海鲜 滋补山珍养生火锅自助晚餐
英花朝鲜族快餐,https://www.dianping.com/shop/H2NMeB6OHFLTzK14,178条评价,人均￥55,朝鲜冷面 干椒牛肉丝 米肠打糕拼盘
长白山万达凯悦酒店·悦庭餐厅,https://www.dianping.com/shop/H8lva5rrUlPOhQmQ,487条评价,人均￥211,锅包肉 传统地三鲜 酸菜汆白肉
黄鸿森林烤肉,https://www.dianping.com/shop/G9ks4kHmonCY0oF0,61条评价,人均￥79,秘制牛五花 酸菜 冷面
漫·餐厅,https://www.dianping.com/shop/k5bxtt2kxAG5xZgi,15条评价,人均-,望·长白下午茶️ 西红柿牛腩 饺子
鹿停餐厅,https://www.dianping.com/shop/k8zRU4xuIm43si9l,26条评价,人均￥186,澳洲谷饲西冷 法式焗蜗牛 德国烤肠拼盘
喜来登采悦轩中餐厅,https://www.dianping.com/shop/G1ur6v2oaOraHYSc,215条评价,人均￥151,东北经典锅包肉 小鸡炖长白山野生榛蘑 一锅炖
金达莱朝鲜族饭店(长白山万达店),https://www.dianping.com/shop/G2SrCU6kCsuaWjAR,83条评价,人均￥7o,石锅拌饭 部队火锅 朝鲜冷面
雪国味道夜市,https://www.dianping.com/shop/H2FAAlYYwSdhWmuO,32条评价,人均￥32,瓦香鸡 老鸭汤面 简餐
串串香烤吧,https://www.dianping.com/shop/GaD4WMRSuYtZ55TP,73条评价,人均￥95,羊肉串 护心肉 肉筋
得厚咖啡,https://www.dianping.com/shop/l1s4bm7s3J6jwbdz,3条评价,人均-,冰拿铁 冰焦糖玛奇朵 手冲蓝山
东北情餐厅,https://www.dianping.com/shop/k7cLKqyGD6kYOoCq,3条评价,人均-,猪肉炖粉条 凉拌木耳 野生菌炒猪颈肉
高记延边炭烤,https://www.dianping.com/shop/lanPjBBkbzrNMO4P,326条评价,人均￥63,五花肉 黑椒牛肉 牛肋条
金氏园朝鲜菜•延边烤串,https://www.dianping.com/shop/kazu2d53JzhKtDNq,278条评价,人均￥84,香辣牛排锅 火辣鸡爪 朝鲜族黑包
胡同里烧烤,https://www.dianping.com/shop/H4vJmJmruP87xAwO,21条评价,人均￥63,五花肉金针菇 生烤鸡爪 牛板筋
米村拌饭馆(松江河店),https://www.dianping.com/shop/k2SruCiiomlW0olY,5o6条评价,人均￥38,石锅拌饭 石板金针肥牛团购 金枪鱼拌饭
麦当劳(白山市松江河店),https://www.dianping.com/shop/l5Ty6PeJbIoihj5r,23条评价,人均￥48,
岳桦中餐厅,https://www.dianping.com/shop/G9f6pADP7Ej6BsQ6,1o7条评价,人均￥1o4,
香水鱼铁锅炖,https://www.dianping.com/shop/G3Ugp8SAwQ3DZVZr,289条评价,人均￥76,
延吉烤肉(西顺城街店),https://www.dianping.com/shop/Ga0EWrRBkGbN4iIB,24条评价,人均￥64,
玉今韩餐料理,https://www.dianping.com/shop/l2XVa7CrWF19vTQd,23条评价,人均￥46,
