楠火锅(抚州硕果时代店),https://www.dianping.com/shop/k2CCfhP10Aj3tS9Y,27条评价,人均￥116,火龙果鱼籽虾滑 耙鸡脚 卤鸡爪
火啫啫·粤式啫啫煲(硕果时代店),https://www.dianping.com/shop/H1MA5S5tNh9CeP1U,389条评价,人均￥8o,鲍鱼啫清远走地鸡 腊味煲仔饭 黑椒啫蘑菇
大芊金火锅串串(硕果天空里店),https://www.dianping.com/shop/G6VZAz7iEkP6jkM6,13条评价,人均-,芒果冰汤圆 黄金酥肉 紫米雪花冰
太二酸菜鱼(硕果时代店),https://www.dianping.com/shop/G7c8RdPR2xxJd3CU,117条评价,人均￥95,老坛子酸菜鱼 现任椰奶冰粉 二哥爱鸡翅
古鲁特自助烤肉海鲜(抚州万象新城店),https://www.dianping.com/shop/l6yyU56jFsG9ksTm,188条评价,人均-,烤肉海鲜自助 烧烤油炸畅享 烤肉狂欢
竹涟烧肉·日式烤肉(抚州凤凰城店),https://www.dianping.com/shop/k1nK9t7RFT0Kqz64,175条评价,人均￥137,
佐敦冰室(硕果店),https://www.dianping.com/shop/HapuirR49m8IYqS8,187条评价,人均￥9o,
椰丛.东南亚料理(抚州万达店),https://www.dianping.com/shop/G2XwdUvfVPLsYsKu,12o条评价,人均￥85,
海底捞火锅(硕果时代店),https://www.dianping.com/shop/H3rACSaRA2V7mpHT,444条评价,人均￥95,
乡里乡亲(金巢大道店),https://www.dianping.com/shop/k7XegtHY93JxWLZl,1o39条评价,人均￥65,
牛造的场·黑牛烤肉局(硕果店),https://www.dianping.com/shop/k2IRg8luYjf1zxvV,457条评价,人均￥86,
佐敦茶餐厅(抚州万达店),https://www.dianping.com/shop/H8fJ3RtX2Haswjhg,534条评价,人均￥73,
遇江南江西菜(硕果时代店),https://www.dianping.com/shop/l39JosIfkpxYVkqK,1114条评价,人均￥76,
金太佑韩料美食餐厅(硕果店),https://www.dianping.com/shop/k5xBDz1Wvq0TnlSt,416条评价,人均￥58,
栖川山葵家日式创意料理(凤凰城店),https://www.dianping.com/shop/k9EgNoXmMFVOTjFD,51o条评价,人均￥114,
领蟹祥记·螃蟹脚(抚州硕果店),https://www.dianping.com/shop/H3CPq3S9AHCEyqbN,1324条评价,人均￥62,招牌香辣蟹 一铲子海鲜 开胃鸡爪
苏格里岛自助(硕果店),https://www.dianping.com/shop/jR7jT8zmd2rGRbEt,1542条评价,人均￥84,新鲜水果 小火锅 巴西烤肉
贵州特色烤小肠,https://www.dianping.com/shop/k2cEsQqixgnTvUhI,9条评价,人均-,特色屯堡烤小肠 包浆小豆腐 糯叽叽鸡皮
松本町·日本料理,https://www.dianping.com/shop/EOGmsP9GGiNqmwRO,234条评价,人均￥94,北海道浓香芝士豆腐 赤焰蟹肉一口噗寿司 招牌酸奶沙拉
半天妖烤鱼(抚州万达店),https://www.dianping.com/shop/G6wJUP8vWWqxccif,976条评价,人均￥6o,半天妖烤鱼 青花椒烤鱼 五常大米
巴哈尔古丽·新疆美食,https://www.dianping.com/shop/HaB1FXa6Nyf4HKtQ,38条评价,人均￥59,羊肉串 香妃茶 羊排
航海家主题铁板烧(凤凰城店),https://www.dianping.com/shop/G621uDTGwJVfzX5e,511条评价,人均￥131,蟹籽沙津大明虾 鹅肝 生蚝
木槿熹烤肉(硕果店),https://www.dianping.com/shop/l1WNOw6vbdelrb5B,896条评价,人均￥77,厚切猪五花 牛肉石锅拌饭 韩式辣年糕
不差火烧烤酒馆(抚州店),https://www.dianping.com/shop/GaQDXcVyL8WXQlH2,176条评价,人均￥66,鲜牛肉串 万州烤鱼 烤五花肉
牛好鲜潮汕自助牛肉火锅(天空里店),https://www.dianping.com/shop/H8nfHAStEMi0IgUs,296条评价,人均￥9o,牛肉火锅 嫩肉 吊龙
柴火鸡柴火记忆(硕丰中心店),https://www.dianping.com/shop/H5NkJM3mEd2Zu5Pw,45条评价,人均-,牛肉丸 花生米 柴火大锅鸡
小徐虾说,https://www.dianping.com/shop/l6RRfge85b0B5Iad,92条评价,人均￥127,秘制龙虾 特色年糕 红糖绿豆
老三样(抚州总店),https://www.dianping.com/shop/l66IwvTpmxYQ7O0d,973条评价,人均￥58,蟹脚捞粉 土法烧大鸡脚 嫩豆腐牛蛙
膳熹家·全州拌饭(硕果时代购物中心店),https://www.dianping.com/shop/l550hco9vPdXmvwb,138条评价,人均￥28,传统全州拌饭 韩式海带汤 延边泡菜
尊品牛排(硕果时代店),https://www.dianping.com/shop/k887v0SE6Yl4DN8m,77条评价,人均￥156,牛排 奶油香蒜面包 哈根达斯冰淇淋
金顺风味小吃,https://www.dianping.com/shop/G4TM4c4hQYwVNvEC,21条评价,人均￥2o,锅包肉 猪肉白菜炖粉条 地三鲜
鲍师傅糕点(赣东大道店),https://www.dianping.com/shop/H5xjRdTG1hCoVJgr,41条评价,人均￥39,海苔风味酥松小贝 原味奶贝 盘挞
王牛皮(名仕家园店),https://www.dianping.com/shop/l48ztcMhKFYiZW7B,11条评价,人均-,辣卤牛蛙 蒜辣驴皮 钢盆鱿鱼
七欣天(抚州硕果时代广场店),https://www.dianping.com/shop/H8sCcKvih4VT1MGC,4o9条评价,人均￥75,波格力蟹 神鲜虾 鲍鱼
吉布鲁牛排海鲜自助(硕果时代店),https://www.dianping.com/shop/G3aTJLtLaw0ZJ0u6,473条评价,人均￥92,牛排 披萨 烤生蚝
内当家豆花牛肉(赣东大道店),https://www.dianping.com/shop/l99C7PsVmsKzNhKc,193条评价,人均￥51,
小龙坎火锅(文昌里店),https://www.dianping.com/shop/l6n41s0OJqaqULpC,7o5条评价,人均￥64,
新华干拌串串,https://www.dianping.com/shop/H7w0UGUDTiskmzOg,67条评价,人均￥38,
花千代秘制烤鱼(硕果时代店),https://www.dianping.com/shop/k4VPdjqFFUU9vOA4,284条评价,人均￥81,
东北街溜子烧烤(滨湖世纪城店),https://www.dianping.com/shop/k2KvvmiLcDHfeeLG,179条评价,人均￥53,
过锅瘾三汁焖锅(硕丰中心店),https://www.dianping.com/shop/k17egWPPH5PvGqZ6,395条评价,人均￥57,
旺烤韩式自助烤肉(硕丰店),https://www.dianping.com/shop/k6D8Cm3Q25eN9vIW,499条评价,人均￥5o,
赖胖子肉蟹煲(硕果时代店),https://www.dianping.com/shop/k5RPyDdTTc7aVFjH,716条评价,人均￥76,
肥仔烧鹅王,https://www.dianping.com/shop/HaYsXsoCj7MYmsAT,3条评价,人均-,
安妮贝可生日蛋糕(硕果时代购物中心店),https://www.dianping.com/shop/l8tf4o8s99dkBOgV,256条评价,人均￥78,
泰悦澜东南亚菜(硕果店),https://www.dianping.com/shop/juEEJAUkwaEDxCkm,442条评价,人均￥82,菠萝海鲜炒饭 暹罗冬阴功汤 菠萝咖喱皇大虾
星巴克(抚州硕果时代广场分店),https://www.dianping.com/shop/G8AU79mDfQgwGz2V,42条评价,人均￥41,抹茶啵爆星冰乐 双杯热燕麦焦糖玛奇朵 星巴克熔岩黑巧摩卡
本来不该有·鲜果咖啡(锦绣华庭店),https://www.dianping.com/shop/EHO6DhldFpbSWtPq,53条评价,人均￥17,榴莲厚乳拿铁 石榴美式 牛油果厚乳拿铁
味福记.南昌菜(硕果时代店),https://www.dianping.com/shop/H8VQP0np8SvDTkDn,185条评价,人均￥68,福店三杯鸡 百年手工白糖糕 全家福
侬家小院(日峰山永城路店),https://www.dianping.com/shop/G7knjbcX3ZpZpl1D,13条评价,人均-,海鲜拼盘 柠檬酸菜鱼 小龙虾
梦湖宴(凯旋城店),https://www.dianping.com/shop/H7hS0caNTVGDSCji,11条评价,人均-,槟榔鸭 北京片皮鸭 莲花血鸭
绝味龙虾·羊蝎子(抚州直营店),https://www.dianping.com/shop/G8DTMmvYp78V8tgW,342条评价,人均￥63,小龙虾 绝味龙虾 绝味香辣锅
老三样(南城总店),https://www.dianping.com/shop/G5M5301SJRS4UWwg,15o条评价,人均￥46,蟹脚捞粉 鲜豆腐牛蛙 土法鸡脚
卡西西蛋糕(抚州旗舰店),https://www.dianping.com/shop/Ha39xUlDG4NOCMop,42o条评价,人均￥27,女神款蛋糕 鲜果蛋糕 流苏天使皇冠蛋糕8英寸
土灶柴火鸡(硕果天空里店),https://www.dianping.com/shop/l1h9cwqwHTTRC0Lk,1o条评价,人均-,铁板牛蛙 新鲜排骨 新鲜甲鱼
湘酒烤肉(硕果天空里店),https://www.dianping.com/shop/FdYBA8JEno9XAZBy,1292条评价,人均￥84,精选五花肉（小份） 生菜包肉 香辣肥牛
裕鼎鲜·中华小吃·特色菜(硕果时代店),https://www.dianping.com/shop/l2hITOW4cw3dQU8l,92条评价,人均￥51,五常神仙钵饭 百香果爆珠冰粉 重庆小酥肉肉
老佛爷铜炉蛙锅(万象店),https://www.dianping.com/shop/H5pOtZKf8pcaN2PT,224条评价,人均￥64,老佛爷铜炉蛙 铜炉蛙锅 铜炉蛙
必胜客(融旺店),https://www.dianping.com/shop/l55xRZDFkUmwubzG,774条评价,人均￥65,浓情香鸡翼 意面 超级至尊比萨（芝心普通装）
黄记煌三汁焖锅(硕果时代店),https://www.dianping.com/shop/k45fLi5wWgAiegr0,195条评价,人均￥87,牛蛙 巴沙鱼 鲜虾
