小吊鱼汤,https://www.dianping.com/shop/G6AYT4uJExX2YVwj,4o条评价,人均￥76,鱼籽 马哈鱼 鱼丸汤
舌尖佰味,https://www.dianping.com/shop/G5bf9YviovLg0aq5,22条评价,人均￥74,狗鱼鱼丸子汤 鱼丸汤 红烧狗鱼
鱼之味私房菜(泰山街店),https://www.dianping.com/shop/Haax1TgYStrMVKeT,67条评价,人均￥13o,红烧鲟鱼块 清蒸白鱼 酱牛尾巴
依力嘎东方渔港,https://www.dianping.com/shop/l35PV8qMJhaJfTsq,17条评价,人均￥191,魚氵湯 饺子 干豆腐
小牛馆(抚远店),https://www.dianping.com/shop/k7Gmhm9WqtIepJzL,6条评价,人均-,马哈鱼丸汤 锅包肉 水煮牛肉
鲟鳇鱼锅各种江鱼,https://www.dianping.com/shop/H1pMB5C7fF90TBgr,9条评价,人均-,鲟鳇鱼锅 家常炖虫虫鱼 全鱼宴
抓吉赫哲鱼馆,https://www.dianping.com/shop/l6hWG15Nhbcwba7r,8条评价,人均-,炒鱼毛 杀猪菜 清蒸白鱼
鳇尚皇涮鱼锅,https://www.dianping.com/shop/H1KMdSWU87JB7egL,2条评价,人均-,嘎鱼 澳鳇 鳇鱼尾
家香渔饺子王,https://www.dianping.com/shop/k1x21zFMTDBWIp49,8条评价,人均-,猪肉酸菜水饺 鸡蛋酸菜 鱼肉馅水饺
远宏餐馆,https://www.dianping.com/shop/H6RLaAmr8wwNBCvk,1o条评价,人均￥49,酱嘎牙子 酱牛尾巴 蒜烧鲶鱼
吉庆活鱼锅,https://www.dianping.com/shop/l1L3EGkcPhwuhC4U,97条评价,人均￥9o,鲟鳇鱼 贴饼子 鱼肉馅水饺
肚王(时代广场店),https://www.dianping.com/shop/l7ASqUlHIAYyI0os,3条评价,人均-,涮肚底锅 涮面 猪肉串
龙腾酒家(泰山街店),https://www.dianping.com/shop/jsm3ENiIVkjIuq2E,15条评价,人均￥61,生鱼 秘制烤羊腿 烤白鱼
沪上阿姨鲜果茶(抚远步行街店),https://www.dianping.com/shop/H9Aq4seEwBFGKHgH,1条评价,人均-,嫩仙草牛乳冰 谷谷金砖 白桃乌龙奶茶
牛一厨筋头巴脑,https://www.dianping.com/shop/G7O4YgUSjlhmUPjJ,5条评价,人均-,筋头巴脑排骨小锅 蘑菇拼盘 爽口拌菜
便宜坊龟锅烧烤,https://www.dianping.com/shop/k1DRNMFwRQAVql17,2条评价,人均-,羊肉锅 蚕蛹 干豆腐
32坐炖涮锅,https://www.dianping.com/shop/H13xUtAgFRpRPKWd,2条评价,人均-,柠檬百香果冰粉 牛腩打边炉便当 排骨火锅鸡便当
品味名厨,https://www.dianping.com/shop/H1xTiN7FfMV0QFil,15条评价,人均-,锅包肉 凉拌菜 花生米
渔家宴(沅江路店),https://www.dianping.com/shop/l4oO3nZeK8bOpPRZ,7条评价,人均￥5o,家常炖鲫鱼 蘸酱菜 咸鱼
利源火锅(正阳路店),https://www.dianping.com/shop/H6xLPBolZwS5M9yt,15条评价,人均￥84,羊肉 手打虾滑 青菜拼盘
蜜雪冰城(抚远店),https://www.dianping.com/shop/H42pxW1qWCig5iln,1条评价,人均-,
抚远市抚远镇海拉尔火锅店,https://www.dianping.com/shop/k6ld1FaeKkGkxdRW,2条评价,人均-,
小媳妇砂锅居,https://www.dianping.com/shop/k7JQYT37hybrBije,,人均-,
佳肴小居,https://www.dianping.com/shop/H6UF9DMFbFSGqCnc,15条评价,人均￥74,
小厨娘铁锅炖鱼(抚远分店),https://www.dianping.com/shop/l4FHfN0TfAZQcF8J,1条评价,人均-,
福盛居饭店(泰山街店),https://www.dianping.com/shop/k1isqkE5Aowqcohf,12条评价,人均-,
朝阳餐馆,https://www.dianping.com/shop/HacsT3PykP4rVcAz,3条评价,人均-,
东极赫哲鱼馆,https://www.dianping.com/shop/j4KkRsCatzHbNNDZ,2条评价,人均-,
独一处砂锅居,https://www.dianping.com/shop/G9TJwAXA3CMqcxBh,6条评价,人均-,
人民公社大食堂铁锅炖,https://www.dianping.com/shop/l3W34ofH3A39uCfu,8条评价,人均-,
蒙古人火锅,https://www.dianping.com/shop/H8LlhuPNFYM19CDI,1条评价,人均-,
食面八方手擀面,https://www.dianping.com/shop/l9IgJxJHwKeyzz2W,,人均-,美味炸酱面 老坛酸菜面 鸡丝麻酱面
蜀香园江鱼海鲜楼(友谊路店),https://www.dianping.com/shop/k8kCXA7poPAVLyfC,1条评价,人均-,土豆丝 拌白菜心 烧茄子
冰雪时光(抚远店),https://www.dianping.com/shop/k8CAOIQna282uhQj,5条评价,人均-,桃桃大圣代 鲜芒莓莓 草莓大圣代
五谷香粥,https://www.dianping.com/shop/laPZPIm4sNOdDhIC,8条评价,人均-,小米粥 萝卜粉条包 咸菜拼盘
鲜入围煮港式打边炉,https://www.dianping.com/shop/G9VK7hyxZa9xLLJk,,人均-,
鸡头王烧烤(嵩山街店),https://www.dianping.com/shop/l8EPvluU2Pcu78o2,2条评价,人均-,鸭舌头 原味排骨 牛肾
沁园烧烤,https://www.dianping.com/shop/k6aGqzK5Qi0QQkDZ,,人均-,胸口 烤鸡头 鸡爪子
外婆鱼,https://www.dianping.com/shop/k52OvvVZBnU3pJgA,7条评价,人均￥71,凉拌鱼筋 鱼肉片 炸素丸子
龟锅烧烤(黄河路),https://www.dianping.com/shop/irTRpP7MLq9ADBeE,,人均-,
独家原生态烤肉,https://www.dianping.com/shop/GaxJZYAft8oCVMST,1条评价,人均-,烤胸口
肚王烧烤涮,https://www.dianping.com/shop/iwJRNpOPQcTLK8jO,1条评价,人均-,猪肉串 羊肉串 特色干巴串
煮动力时尚火锅(抚远店),https://www.dianping.com/shop/k2cWECYoFwzWinXv,1条评价,人均-,
韩城狗肉,https://www.dianping.com/shop/l8nDiwJSPzEF1Nxn,2条评价,人均-,糖醋鲅鱼 朝鲜炒年糕 原味寿司
酒鬼居品味烧烤(黄河路店),https://www.dianping.com/shop/H1yDMTDMnzaG4hMI,1条评价,人均-,鸡爪 红柳大串 烤狗鱼
恩典乡村鱼馆(泰山街店),https://www.dianping.com/shop/k3tupliuuJN6PYZQ,,人均-,锅包鱼
刘文祥桦南大碗麻辣烫(抚远店),https://www.dianping.com/shop/isrf5ZGTcGx19iiI,,人均-,中辣麻辣烫 特辣麻辣烫 陈醋
冰馆,https://www.dianping.com/shop/k5wKvTba7YlfEYe8,1条评价,人均-,凤梨百香 芭乐番石榴 草莓奶啵啵
境隐雅厨,https://www.dianping.com/shop/k5lf9BwGwt7tCFCX,,人均-,黑椒牛肋皇 酥不腻烤鸭 富贵神仙鸡
永发冷饮厅,https://www.dianping.com/shop/j6gWVBVnEUbDEHqE,6条评价,人均-,黑胡椒牛柳意面 炸杏鲍菇 小酥肉
大一烧烤(正阳路店),https://www.dianping.com/shop/G54BzDer9y1sI7gx,4条评价,人均￥38,麻辣小龙虾 铁板鲫鱼 生蚝
张大叔成都市井火锅(抚远店),https://www.dianping.com/shop/k91hFWnBnhzhYbgN,8条评价,人均-,卤脆骨 鱼羊鲜 双椒油黄鸡
汇百艺一品鲜包(嵩山店),https://www.dianping.com/shop/H4dO80rze0jXLDt3,,人均-,茶叶蛋 芝麻球 咸鸭蛋
地方大锅台,https://www.dianping.com/shop/k45yRyCu0fDBKJsZ,4条评价,人均￥65,小鸡排骨炖
小妖烧烤,https://www.dianping.com/shop/H7CrbFuVR6ZSs1XU,,人均-,烤生蚝 就绿茶 红苹果
土财主铁锅炖,https://www.dianping.com/shop/jd7DjzOZCerzE9LE,,人均-,
卟二家甜品·咖啡·简餐,https://www.dianping.com/shop/H52y92KSAgmUrD54,,人均-,鱿鱼圈 无骨鸡柳 桃桃甘露
叫了只炸鸡,https://www.dianping.com/shop/H86Zr4rKG1DdpEMp,,人均-,爆汁鸡腿卷 咖喱鸡肉饭团 奥尔良鸡腿堡
776本店面手作,https://www.dianping.com/shop/H8faKCMsMWkP4F6T,1条评价,人均-,中华冷面 娃哈哈葡萄 灌装葡萄汁
釜诚饭店,https://www.dianping.com/shop/Ga6a2AjwqEHjXujM,4条评价,人均-,酸菜五花肉 压锅鸡手 本店自制血肠
