西塔老太太泥炉烤肉(仓山万达广场店),https://www.dianping.com/shop/G88qYSAU1IDGJ6Ei,179条评价,人均￥1o6,老太太特色肥牛 老太太特色瘦牛 浇汁横膈馍
霸腹(后巷路店),https://www.dianping.com/shop/iGFE8RbOEei5g7TN,1772条评价,人均￥1o9,黄油横膈膜 炮弹柠檬茶 青椒酿虾滑
石小路烧鸡公(东街口店),https://www.dianping.com/shop/H8G3Wkq0tIdHeWue,65条评价,人均￥68,芋儿烧鸡公 鸡汤饭 销魂土豆片
pagoCAKE派果·半糖蛋糕,https://www.dianping.com/shop/k7OQhpm3uslp6Rzx,325条评价,人均￥48,玫瑰荔枝半糖蛋糕 奶香荔浦芋泥 巧克力费列罗蛋糕
春一茶事•大梦悦读(烟台山店),https://www.dianping.com/shop/k9lO3Fy9m5lUP66k,94条评价,人均￥6o,柿子胖胖墩 小食九宫格 生普洱烤奶
丰烟起(象兴路店),https://www.dianping.com/shop/Hah5E0wZzdejdhcn,1o86条评价,人均￥96,痛风锅 虾滑 蟹粥锅底
Ridge Bistro南垞新法式小馆(烟台山店),https://www.dianping.com/shop/G57ia3D7B1uThurq,94条评价,人均￥137,迷迭香烤鸡佐奶油蘑菇酱 原切法式白火腿班尼迪克 黑松露薯条
陈金兰饮食店(柳前巷店),https://www.dianping.com/shop/l60F8xeF7BVZp0Km,3o49条评价,人均￥56,椒盐水电鱼 荔枝肉 葱油骨髓
朱富贵火锅(中防万宝城店),https://www.dianping.com/shop/H4o4FtoxmD6nCAPF,1948条评价,人均￥122,花胶鸡锅底 鲜活小鲍鱼 虾滑
升记·猪杂粥觅味馆,https://www.dianping.com/shop/k6rY0c5fQRA6T5OD,589条评价,人均￥77,新鲜猪杂粥 枸杞叶 蒜香排骨
荔银肠粉(东百中心店),https://www.dianping.com/shop/H7vAnmeBEZVr6rb9,123条评价,人均￥32,荔银王牌肠粉 荔银艇仔粥 金沙红粉米肠粉
蟹来蟹往·蟹黄面(东街口店),https://www.dianping.com/shop/H8CBFV4rmcCaOG71,393条评价,人均￥86,纯蟹黄金捞面 纯蟹黄金捞饭 酱香鸡爪
THE SPOILER 黄石(东百中心店),https://www.dianping.com/shop/H9TPAiX8JGRjjFT7,269条评价,人均￥1o7,招牌沙茶海鲜意面 奶油南瓜面包汤 班尼迪克蛋
飞鸟夜市 Straybirds bistro 家庭食堂·小酒馆,https://www.dianping.com/shop/H1QyAwPR85AOV2QC,171条评价,人均￥79,云朵卤肉饭 三杯王子鸡 酥炸蚵仔肉
寅记焯肉火锅,https://www.dianping.com/shop/H4N0AAqFISCaTqdK,98条评价,人均￥87,猪肚咸菜锅 沙腩肉 天梯
倔爷·深夜街头烤肉(金山店),https://www.dianping.com/shop/G14o3E5mwgWB6j05,1483条评价,人均￥117,大菠萝牛肋条 烤肉绝配小汉堡 四色小香肠
大壮牛腩煲(达明路店),https://www.dianping.com/shop/EUUjkkKXEafEiAMP,1779条评价,人均￥8o,香辣牛腩煲 爆汁牛筋丸 雪花猪肉
大吃,https://www.dianping.com/shop/EriBeB0YMFrFXbDm,1985条评价,人均￥17,紫米桂花冰饭 桂花四果汤 古早冰饭
喜饭江西菜(东浦路店),https://www.dianping.com/shop/HatGdFwwAc8idjz5,28条评价,人均￥85,宁都三杯鸡 文火煨猪手 霸王凤爪
丰烟起(金山万科里店),https://www.dianping.com/shop/H7DuFNiybtSkckJQ,773条评价,人均￥92,痛风锅 油条 虾滑
后街捞化(衣锦坊店),https://www.dianping.com/shop/l1CsxF3mdtghY93h,1896条评价,人均￥28,捞化 罗汉肉 鱿鱼
一豚轩·烧鸟(三迪中心店),https://www.dianping.com/shop/k8n6IJZsAJkERwaP,1236条评价,人均￥118,浓厚招牌豚骨拉面 寿喜烧豚骨拉面 火山土豆沙拉
THAI1949西泰料理(三迪中心店),https://www.dianping.com/shop/iY1DnkbAs8UA8cHs,3632条评价,人均￥179,泰式黄咖喱炒蟹 秘制烤猪颈肉配泰国甜酱 咖喱牛腩
迈村泰国菜x烟台山,https://www.dianping.com/shop/k16zRelQhr0gqpRH,395条评价,人均￥98,冬阴功大虾汤 四色芒果糯米饭 斑斓叶包鸡
丰火人间(象兴路店),https://www.dianping.com/shop/l1xy4qQZ2iPid680,199o条评价,人均￥1o4,横膈膜 菠萝雪花牛肉粒 炮弹柠檬茶
桥北卤舍(烟台山店),https://www.dianping.com/shop/l2EH7SSC2JYGZDVl,455条评价,人均￥57,卤味拼盘 青梅汁 热干面
研叔·港式海鲜排档(烟台山店),https://www.dianping.com/shop/G3ZJmNAd3JMQ08b7,133条评价,人均￥114,招牌奶油虾 脆皮乳鸽 啫啫麻辣田鸡
不贰烫火锅工厂,https://www.dianping.com/shop/H6laa2dIEVeTQixT,499条评价,人均￥99,贰哥鲜毛肚 现炸酥肉 牛肉
ALL IN芝士点心超级仓,https://www.dianping.com/shop/laYf3ZdMApBcLYtm,1o1条评价,人均￥69,惠灵顿牛排包 黄油老面包 酥皮春鸡包
老福洲三十年·福州味(东街口三坊七巷店),https://www.dianping.com/shop/EJrZ4vpjSSr2hSa9,3884条评价,人均￥1o5,南煎肝 包心荔枝肉 传统手工芋泥
浅川寿喜烧(烟台山店),https://www.dianping.com/shop/k3SzW69uGzVFXSp8,415条评价,人均￥1o6,超长松叶蟹肉TACO 寿喜锅 关东关西寿喜烧
剑KEN·烧鸟(烟台山店),https://www.dianping.com/shop/Ft0CeZEpKkdal2ai,6o条评价,人均￥148,烧鸟 提灯 鸡皮
大壮牛腩煲(万科广场店),https://www.dianping.com/shop/iHh1of2gasvxDAgE,211条评价,人均￥82,香辣牛腩煲 柠檬冻茶 话梅萝卜
零柒三幺·辣椒小炒肉(爱琴海购物公园店),https://www.dianping.com/shop/G3ASABgLHHWpcAmh,393条评价,人均￥72,长沙伢子辣椒炒肉 大大解辣大柠檬茶 皮蛋青椒擂茄子
南马唐·鲜作闽南菜,https://www.dianping.com/shop/H5PdkekzAi69Nx50,1o6条评价,人均￥126,招牌海鲜粥 闽南姜母鸭 熟醉蟹
一煲旺物·粤式啫啫煲(华润万象城店),https://www.dianping.com/shop/G9KISLFJOWe7J2z5,33o条评价,人均￥78,经典腊味煲仔饭 生啫沙姜走地鸡 煲仔饭
超师兄大盆水煮牛肉(东街口店),https://www.dianping.com/shop/G97m0KP3MJTXzIK7,88条评价,人均￥72,超师兄大盆水煮牛肉 红糖冰粉 超师兄·牛肉真现切
禧汕·街头潮汕味(福州总店),https://www.dianping.com/shop/G5X7o33pgYdtRV34,318条评价,人均￥136,现切牛肉 生腌虾 沙茶火锅
倔爷·深夜街头烤肉(白马路万科里店),https://www.dianping.com/shop/H6Ied8LftM3d8ZOl,186条评价,人均￥118,大菠萝牛肋条 黑椒猪颈肉 肥瘦相间五花肉
星南岛渔村·粤菜·粤式茶点(华润万象店),https://www.dianping.com/shop/G76jdey8lo4agAcQ,532条评价,人均￥115,星南岛虾饺 百酱蒸鸡爪 深井烧鹅
宅寿司·Omakase(福州店),https://www.dianping.com/shop/igcUox4oHjSa05tI,35条评价,人均￥177,海胆三文鱼taco 三文鱼玫瑰 芝士三文鱼手握
ITEAMO mix(东百中心店),https://www.dianping.com/shop/G2RrPGplfygRwkTn,11o8条评价,人均￥66,天香茉莉 茉莉玉蝴蝶 伯爵千层
没牙伯花生汤店,https://www.dianping.com/shop/l2Iw5cUCCaq6h93N,3155条评价,人均￥1o,花生汤 芋泥 藕糕
老福洲（三十年·福州味）(斗东店),https://www.dianping.com/shop/H6qPJlL3WovIXd83,68o7条评价,人均￥1o9,芋泥 荔枝肉 老福洲佛跳墙
不加思烤·炭火烤肉(万象九宜城店),https://www.dianping.com/shop/l2Qrxod1Z9ZJFjXI,259条评价,人均￥71,特色烤面包 招牌果木炭烤猪蹄 双色小香肠（自制）
云雀云南小锅米线(烟台山店),https://www.dianping.com/shop/H3uU1yCKm3ZzkPh5,68条评价,人均￥48,贵州红酸汤米线 手舂炸蛋 手舂鸡爪
松鹤精致料理(五一中路店),https://www.dianping.com/shop/HaPyIoTOZN4md8hi,4815条评价,人均￥273,三文鱼 甜虾 蛋黄酱焗蟹宝
老关东铁锅炖(福霞小区店),https://www.dianping.com/shop/G7kPenQAm7px87cK,153条评价,人均￥99,鹅锅 粉条 老豆腐
神府路壹号·街头烧烤牌档(达明店),https://www.dianping.com/shop/iiymdriaJjGPQEVo,7o3条评价,人均￥93,螺蛳鸭掌煲 乳山生蚝 烤吐司
紫阳海鲜楼·福州菜(长乐路店),https://www.dianping.com/shop/k2CmVguQJWU7VGw5,2463条评价,人均￥118,紫阳果木烤鸭 紫阳海蛎煎 紫阳金牌荔枝肉
大斗小吃,https://www.dianping.com/shop/G4er3NFv3WAJBEJG,788条评价,人均￥22,笋干烧卖 鲜肉烧麦 枸杞叶猪肝汤
甘草芭乐,https://www.dianping.com/shop/G6ZQ5GYappPFo0TN,68o条评价,人均￥18,甘草芭乐 青脆芒果 莲雾
杉姐老火锅(福建总店),https://www.dianping.com/shop/l3BGJcvxz5xKYbCi,151条评价,人均￥11o,虎皮鸡爪 杉姐炸蛋 屠场鲜毛肚
富贵墟·生料火锅,https://www.dianping.com/shop/H4MaB5JQpQqzelKQ,476条评价,人均￥65,海南糟粕醋 肥鲜牛肉 牛胸口朥油
米丝林,https://www.dianping.com/shop/H4GZed7DlBveLHFY,26条评价,人均￥54,舂傣味鸡脚 德宏牛肉白饵丝 野生酸角汁
三两面馆·闽南虾汤面,https://www.dianping.com/shop/H5IE1EreHiVT8bhJ,189条评价,人均￥31,微辣肥肠虾汤面 闽南醋肉 温泉蛋葱油拌面
ONLY SHE 与花(华润万象城店),https://www.dianping.com/shop/l2CmatKpTmnLNriq,38o条评价,人均￥129,招牌灵魂烤鸡 青王青椰空气冰 凤梨蔓越莓水果薄饼披萨
派小姐茉莉制造所(烟台山店),https://www.dianping.com/shop/k9iUP8ZEjiWtHJwb,375条评价,人均￥43,茉莉青茶酪 茉莉飘雪 桃花酥
王庄阿咪海鲜大牌档(上下杭店),https://www.dianping.com/shop/l8zVKN7faLGmedZA,44o8条评价,人均￥114,老董鱼饺 福州荔枝肉 海鲜佛跳墙
哲平鳗满•活烤鳗鱼专门店(华润万象城店),https://www.dianping.com/shop/l33Z4JKkdMNIcAqL,1296条评价,人均￥9o,口碑鳗鱼三吃 名古屋式鳗鱼饭 鳗鱼饭
