赛维利亚休闲小聚餐厅(福泉店),https://www.dianping.com/shop/H7ICZ6qth3S2lg3R,535条评价,人均￥62,软哨豆米火锅 豆米火锅 T骨牛扒
舒家大院老火锅(福泉店),https://www.dianping.com/shop/l5LrtqnGOfa946BP,5o条评价,人均-,特色霸王脆毛肚 冻魔芋 筒骨鸳鸯锅
娘美侗味,https://www.dianping.com/shop/H6EY8vFrFjUg8ah0,13条评价,人均-,有头有脸 鲜肉饺 干锅牛肉
牛犇餐厅,https://www.dianping.com/shop/l5TnY592n8uhPRBz,29条评价,人均-,清明粑 清汤牛肉 清汤刀叉牛肉坨
钟氏牛背筋,https://www.dianping.com/shop/l78j7a9s6oNNPaC2,1条评价,人均-,
都匀一号柴火鸡(福泉店),https://www.dianping.com/shop/G27NgSwRicVMTg9j,5条评价,人均-,酸菜脆皮豆米 红油米豆腐 蒜泥时蔬
代五娘私房菜,https://www.dianping.com/shop/k6dlAL77EqvMfYhh,9条评价,人均-,粉肠炖鸡
清真烤串串,https://www.dianping.com/shop/G55uCmyFeMCH625a,5条评价,人均-,烤牛肉串串 羊肉串 烤韭菜
好朋友餐馆,https://www.dianping.com/shop/l9QkWzIykJYu2M9M,3条评价,人均-,虾酸牛肉
黔味馆,https://www.dianping.com/shop/k1leU8r2JcBYvylZ,2条评价,人均-,豌豆米肉沫 干煸肥肠 玉米肉沫盖饭
德克士(福泉店),https://www.dianping.com/shop/jyj8jh1QAvFgmQ5b,3o1条评价,人均￥38,咔滋薯霸（中） 脆照烧鸡肉饭 一桶都是腿
马记清真馆(二十年老店),https://www.dianping.com/shop/G9WVj8PH8UjkXUSV,3条评价,人均-,
洒金全牛大排档,https://www.dianping.com/shop/jVKnL5txQC5FrcA8,1条评价,人均￥29,餐位费 干锅排骨 糟辣鱼
菊菊酸汤牛杂馆,https://www.dianping.com/shop/G86VeKG15WDuEbn2,9条评价,人均-,
张记木桶鱼(福泉店),https://www.dianping.com/shop/G56pyCwbWzll4V3N,3条评价,人均￥63,清香木桶鱼
谭罐罐惠水干锅马肉,https://www.dianping.com/shop/H9X37ZTRFnbP8of5,2条评价,人均-,
烹巢餐厅,https://www.dianping.com/shop/l18zt1W4tPJ4QX0l,6条评价,人均-,铁板牛仔骨 港式烧鸭 脆皮鱼皮卷
佐冷馋火锅(福泉店),https://www.dianping.com/shop/l1JkYJW1Ts29Fkq2,4条评价,人均-,无骨鸡爪
张晓洁缸缸麻辣烫(福泉店),https://www.dianping.com/shop/G4YoEWFn3FnBSeWT,1条评价,人均-,蔬菜缸 米饭沾水
雪花石板自助烧烤,https://www.dianping.com/shop/G3fYWmxf0TE193hy,2条评价,人均-,掌中宝 腰花 鸭脚
《好功夫》清汤鹅肉粉面干熘辣鸡粉面馆,https://www.dianping.com/shop/k4joYV4jQpCgoDjw,1条评价,人均-,红汤鸡杂粉 红汤鹅肉粉 清汤鹅肉面
口福人家柴火鸡,https://www.dianping.com/shop/G4ylnGUwA58SG9XR,1条评价,人均-,家常豆腐 干煸牛肉丝 青椒土豆丝
老饕火锅(洒金北路店),https://www.dianping.com/shop/k5AnQp759bRhhH9i,1条评价,人均-,牛油锅底 老肉片 卤牛蹄筋
江湖爆炒宵夜,https://www.dianping.com/shop/jJt1pxZ3asAMGAjk,1条评价,人均-,蛋炒粉 干锅鱿鱼须 香辣小龙虾
黔城家厨,https://www.dianping.com/shop/l1egfoTPhpAYNayu,24条评价,人均￥35,红烧猪脚 贵妃麻酥 香炒牛干巴
贵定满城香(福泉店),https://www.dianping.com/shop/G7mEQaPETM8Noymu,1条评价,人均-,
仙桥小花苗原生态食府,https://www.dianping.com/shop/Et7KHiu1UFn67uBv,1条评价,人均-,
白水先生(中心城店),https://www.dianping.com/shop/lartPRyHLixxWlzz,6条评价,人均-,
8+1烤鱼堂,https://www.dianping.com/shop/k2zyWGuPSHCPLDsA,54条评价,人均￥39,
臻飨坊北京烤鸭(福泉旗舰店),https://www.dianping.com/shop/G92HXv1NUnb1SmeX,1条评价,人均-,
山东大饼,https://www.dianping.com/shop/G9JV8vJOkdCukkXZ,,人均-,牛肉饼 康师傅雪梨 土豆丝卷饼
凯里老酸汤全牛大排档(金域龙庭美食娱乐步行街店),https://www.dianping.com/shop/l849OftFpyEneqxB,6条评价,人均-,带皮黄牛肉 咸菜小炒肉 红油酸汤锅
土味小哥,https://www.dianping.com/shop/GaYqYZpBuRaf9jyi,,人均-,莴笋炒肉 黄瓜肉片 西红柿炒鸡蛋
醉后一夜宵夜城,https://www.dianping.com/shop/H8FEc0jp7KlydlE3,7条评价,人均-,碳烤麻辣小烤肉 麻辣小田螺 招牌麻辣龙虾尾
兵弟牛杂馆,https://www.dianping.com/shop/l5tn4OylqU6FDmbN,1条评价,人均-,
小当家串串火锅(福泉分店),https://www.dianping.com/shop/k6QVxb9GNN1vynJ5,6条评价,人均-,泡椒牛肉 鸳鸯锅 清汤
老山羊庄,https://www.dianping.com/shop/GaBflc9VZj2JZT78,,人均-,
小罗甸特色干锅,https://www.dianping.com/shop/k9N3BFEojeaHPT6N,1条评价,人均-,鱼生套餐（9菜） 回锅肉 辣子鸡
维尔纳斯意大利手工艺蛋糕(福泉店),https://www.dianping.com/shop/k58zvrmpoAI4TGeV,1条评价,人均-,双层元气森林水果蛋糕 双层妈妈生日快乐 我爱你祖国
刘香记秘制泉水蒸汽石锅鱼,https://www.dianping.com/shop/G5U4sZr98uMoYXeH,4条评价,人均-,石锅鱼黄腊丁 石锅鱼黄辣丁 酸菜蹄膀小锅
老妈蹄花,https://www.dianping.com/shop/k4GeJg7i42gAhUMp,,人均-,黄焖牛筋 泡豇豆炒肉 回锅肉
领头羊,https://www.dianping.com/shop/k2vgOtqxU55M1TSh,1条评价,人均-,原汤羊肉粉 羊血 羊杂
益禾堂(中心城店),https://www.dianping.com/shop/l82gKBSY4IWN0vZZ,38条评价,人均-,益禾烤奶 益杯百香果 多肉西柚
绿豆酥(洒金北路店),https://www.dianping.com/shop/laQQlWTMJU8Eq1Ps,,人均-,
元素咖啡,https://www.dianping.com/shop/k6bfkevtbLkfKgJ0,1条评价,人均-,西冷牛排 酸菜鱼 水晶鱼片
一姐烙锅城,https://www.dianping.com/shop/l9A5558TYoQ4pY1Q,,人均-,青椒牛肉丝盖饭 绿豆汤 老干妈炒饭
烙锅屋,https://www.dianping.com/shop/k4JFh3JbV2tTfYQE,1条评价,人均-,
美石记,https://www.dianping.com/shop/H95m2o08cAV8Nf3l,1条评价,人均-,韩国水冷面 蛋包饭 部队年糕火锅
Jikenm基肯姆,https://www.dianping.com/shop/l4n3M4KyizCS8fY0,,人均-,款万岁蛋糕 肉松面包 肉松蛋糕
茶百道(福泉店),https://www.dianping.com/shop/k4niA0YYX5IvcvEr,3条评价,人均-,豆乳米麻薯 奥利奥奶茶 海盐抹茶芝士
贵州龙(福泉店),https://www.dianping.com/shop/l5iUFpUmCk86NCu1,28条评价,人均￥158,
布朗熊与可妮兔(牛场店),https://www.dianping.com/shop/k6VlXstaGLyGpALT,,人均-,
安妮贝可生日蛋糕(福泉店),https://www.dianping.com/shop/G8o67ioDBaGSMs10,43条评价,人均-,
惠诚滋知(福泉店),https://www.dianping.com/shop/G2I4VIQMdl4Z3syI,281条评价,人均￥31,
福泉特色豆花鸡,https://www.dianping.com/shop/H7oVTsTiPiLNNswS,,人均-,
重庆特色一品烧鸡公石锅鱼,https://www.dianping.com/shop/l1xJQ9HjhL1FX7Mp,,人均-,
正宗柳州螺蛳粉,https://www.dianping.com/shop/H3Zl1xo6PC1Cu1bx,,人均-,
蹄花粉,https://www.dianping.com/shop/lalR8646VhTG1O7u,,人均-,
姊妹麻辣烫,https://www.dianping.com/shop/k5ta0GCw22s4cu8Q,,人均-,
德福记留一手专业烤鱼(洋桥店),https://www.dianping.com/shop/kay5JOuXt9XdrqRX,4条评价,人均-,
