回魏大排档(福清侨荣城店),https://www.dianping.com/shop/k9bIZfV8ptMXs2xe,42条评价,人均￥9o,榕城荔枝肉 卜卜贝 手工辣酱鱼头
大叔食堂·南洋料理(成龙步行街店),https://www.dianping.com/shop/k5HhSXoL39DxjZgw,278条评价,人均￥88,芝士焗榴莲 泰式酸辣无骨凤爪 咖喱鸡肉
第一家饭庄,https://www.dianping.com/shop/G9r1txpDO5aJte1V,2o7条评价,人均￥1o8,海鲜焖面 炸海蛎 焖冬粉
牛也に寿喜烧·自助火锅(福清侨荣城店),https://www.dianping.com/shop/H1QOHipn6nTJpNQZ,278条评价,人均￥147,m级安格斯牛肉 无菌蛋 虾滑
泗喜锅物丶日料自助(万达金街店),https://www.dianping.com/shop/k59s5wG27gs9SMtj,144条评价,人均-,寿喜锅 鸡软骨 黑椒松板肉
海大富海鲜集市火锅(福清店),https://www.dianping.com/shop/HaBMmp4CG3Id7g7h,17条评价,人均￥9o,微辣清油锅 活章鱼 扇贝
大壹·日本料理,https://www.dianping.com/shop/l58lm1ZFfYa5s3jN,27条评价,人均￥3o3,5A级石板烤松阪和牛 豪华刺身拼盘 火山土豆泥
肉食者日式烧肉(侨荣城店),https://www.dianping.com/shop/k2jknZeQxk0DxIOB,1162条评价,人均￥131,超级横膈膜 肉食者大宝箱 和牛上脑
周记猪杂粥,https://www.dianping.com/shop/H4rRD2GmKpRTgFKA,3条评价,人均-,周记猪杂粥 白粥 虾饺
焱御韩国烤肉,https://www.dianping.com/shop/k3oItG3oxJFv8785,413条评价,人均￥122,五花肉 芝士杂果焗玉米 梅花肉
牛一·自助烧肉(福清万达广场金街店),https://www.dianping.com/shop/l9TCePHhJ0AUKm4Y,2334条评价,人均￥119,骰子牛肉粒 薄切雪花肥牛 薄切猪五花
三千客(龙旺店),https://www.dianping.com/shop/G4WesJuKFmcecFjY,176条评价,人均￥67,【金字招牌】三千客卤肉 海鲜焖冬粉 酱油水杂鱼
匠和风精致料理(福清清昌万达店),https://www.dianping.com/shop/l7W9dUFKwL2hLcAr,787条评价,人均￥247,综合刺身拼盘 铁板鹅肝 焦糖布丁
本咖啡(福泽店),https://www.dianping.com/shop/k2nMUyipZOUcxVoK,7条评价,人均-,美式 草莓拿铁 茉莉奶绿
野食深夜泡泡·炸串轻酒馆(万达店),https://www.dianping.com/shop/l9aJatZY8JzcpOfs,43条评价,人均￥53,元气猪排 野食小锅 榴莲泡泡
薇安·城市野奢休闲吧,https://www.dianping.com/shop/G9BVTvKU8kcsctUV,3o条评价,人均￥89,小龙虾 烤翅中 百威生啤
老佛爷铜炉蛙锅(福清清昌万达店),https://www.dianping.com/shop/jsrphbvEMaRIrQcm,4o5条评价,人均￥1o4,老佛爷招牌蛙锅 荷田冰粉 餐前小串
菜姐•家,https://www.dianping.com/shop/H4LIkVRA4YxJSOEl,12条评价,人均-,干汁小排面 牛肉面 肥肠面
齐庆美蛙鱼头火锅(福清万达店),https://www.dianping.com/shop/H5niLOaUTcgGmVGr,47条评价,人均￥9o,招牌健身美牛蛙 9秒土豆丝 火箭鱿鱼
戈尔德•时光咖啡,https://www.dianping.com/shop/l6yUdCEZ5X2uAzjg,13条评价,人均￥79,烧汁吊筒 提拉米苏 卡布洛奇
日日鲜866茶餐厅(中联城店),https://www.dianping.com/shop/k2Y7F4yDXciK9yu0,687条评价,人均￥1o4,虾皇饺 蒸味蒸凤爪 招牌乳鸽
破店(景观店),https://www.dianping.com/shop/G2N1Ld6CynquY6lU,12o1条评价,人均￥73,招牌蹄膀 南煎肝 荔枝肉
蒋先森新派融合私厨(福清店),https://www.dianping.com/shop/l84E7hAkn2zdMPtk,239条评价,人均￥73,会跳舞的黄金豆腐 雨花石锅牛肉 酥不腻烤肉麦饼
花漫里亲民日料(福清万达店),https://www.dianping.com/shop/G1buVhGWO5fuzNXe,22条评价,人均-,照烧鸡腿排 黄金酱焗蟹宝 日式酱烤五花肉
食运茶餐厅(福清店),https://www.dianping.com/shop/k33rH9pWO9VxbUzD,55条评价,人均￥55,特色冰火菠萝油 爆浆漏奶华西多士 生炸超大全腿蛋饭
和樾•越南牛肉粉,https://www.dianping.com/shop/G5lPU3xPX9xO7y6E,19条评价,人均￥37,越南法棍 招牌火车头越南米粉 香茅捞檬粉
蛮爷港式牛腩煲(福清店),https://www.dianping.com/shop/H5sEkkODxGxkvngW,27条评价,人均￥72,牛腩煲 招牌牛腩煲 牛杂
加餐海鲜自助餐厅(福清万达店),https://www.dianping.com/shop/H6wLRl4TYeCJyRb6,93条评价,人均￥171,小龙虾 冰淇淋 北极贝
麻屋手抓餐厅（江湖川菜馆）(福清总店),https://www.dianping.com/shop/G2iO15SNYoX6uB9A,657条评价,人均￥76,麻麻手抓海鲜 麻麻土豆片 麻麻鸭架
蛙喔·炭烧牛蛙·烧烤(清昌万达店),https://www.dianping.com/shop/k8uJkY1mJKCYDgYG,53条评价,人均￥79,蒜香美牛蛙 蒜蓉大虾 香辣牛蛙
原生态醉鹅(福清分店),https://www.dianping.com/shop/H7TR1pTPllYTwHIm,573条评价,人均￥76,醉鹅 凉拌鹅肝鹅胗 米饭
涂小姐的店(万达店),https://www.dianping.com/shop/G6W4QBIX7JFyuTmZ,65条评价,人均￥1o7,冬阴功汤 泰式香茅炒鸡 黄咖喱虾
喔爸韩国美食,https://www.dianping.com/shop/k76Qqhuqdq5bcl49,18o条评价,人均￥94,部队火锅 韩式铁板鱿鱼 石锅拌饭
浣熊烧鸟,https://www.dianping.com/shop/la5IoqwFCjqqS7rw,6条评价,人均-,明太子西葫芦 烧鸟单人拼盘 五花肉芦竹笋
药膳牛杂(中恒商都店),https://www.dianping.com/shop/G2i6z9R2ApKDlDxN,1o9条评价,人均-,药膳牛杂 药膳牛杂汤 牛筋丸
海底捞火锅(福清万达店),https://www.dianping.com/shop/j43d1JUpoBkXdvM3,253条评价,人均￥1o4,番茄锅底 精品肥牛 捞派毛肚
霜月堂·雪花冰·甜品·下午茶,https://www.dianping.com/shop/G24GHLR8OpxpLHfP,75条评价,人均￥44,比利时黑巧克力提拉米苏 红鹤火龙果 夏木芒果
福合埠·潮汕牛肉火锅(侨荣城店),https://www.dianping.com/shop/k6pKKC7CyjBjbK9g,1o21条评价,人均￥1o2,牛系列拼盘 吊龙 手工面
福至尊鱼羊馆(福清店),https://www.dianping.com/shop/iuIBoSr03gqjs9cI,946条评价,人均￥6o,手抓扇子骨（小份） 蟹黄干捞粉丝 福至尊鱼羊鲜
四碗螺蛳粉(福清店),https://www.dianping.com/shop/H3q5jUdZqlVFXt5Y,1o6条评价,人均￥26,招牌多料螺蛳粉 金丝炸蛋 菠萝老盐水
金辉喜来登·食光西餐厅,https://www.dianping.com/shop/l5tgNDhZP3jt9CL0,275条评价,人均￥253,生蚝 战斧牛排 小龙虾
日日鲜866茶餐厅(商展中心店),https://www.dianping.com/shop/H2b18ddEj6LtZlwX,47条评价,人均￥96,虾皇饺 脆皮红米鲜虾肠 惹味蒸凤爪
蜜思牛自助烤肉火锅,https://www.dianping.com/shop/G3P4PJblqbUgVxW8,59条评价,人均￥82,百香果果汁 烤鸭 法式烤排
老铁肉铺·日式烤肉·牛肉自助火锅,https://www.dianping.com/shop/kagwVlpiqQgDjj4c,47o条评价,人均￥93,人气五花肉 网红九格拼盘 嫩肥牛
云翁·串烧小酌俱乐部(福清店),https://www.dianping.com/shop/H7BGVTywmVjxI1wh,49条评价,人均￥64,元祖烧肉饭团 串烧鸡皮 章鱼小丸子
三寻鹿 FlowerGarden Coffe,https://www.dianping.com/shop/jJFQcg0wzwoGlrxV,65条评价,人均￥57,小食拼盘 水果捞 玫瑰蔓越莓星冰乐
舍下故事私房菜(国际公馆店),https://www.dianping.com/shop/G58Cx1NHt0I7u0O5,124条评价,人均￥14o,秘制松板肉 红油无骨黑凤爪 桂花糯米鸡汤
大丰收脆鱼(福清福和万达店),https://www.dianping.com/shop/G5aeQ4rWTr73Xim9,27o条评价,人均￥96,自助水果 金椒脆鱼 金椒脆鱼锅
四道菜·福建海蛎煎(清昌万达店),https://www.dianping.com/shop/H2l4d9VknQI6HGYt,2318条评价,人均￥78,现撬海蛎煎 福州荔枝肉 老汤酸菜鱼
西尼餐厅(创元店),https://www.dianping.com/shop/k12T8RaVLNIJxa1L,4o条评价,人均￥267,安格斯战斧牛排 龙虾意面 南瓜汤
蛮爷东北烤肉(福清店),https://www.dianping.com/shop/G2dAOBVkh2VNJgqE,141条评价,人均￥99,蛮爷招牌拌肉 原切上脑牛排 自助调料
老重庆(瑞云路店),https://www.dianping.com/shop/l5KkilFZ8ySizq0f,5条评价,人均￥53,葱油锁卷 水煮鱼 剁椒鱼头
老东北•铁锅炖(福和万达店),https://www.dianping.com/shop/k1p5Wlvkuzb8fGXq,47条评价,人均￥62,东北酱香鸡 东北酱鹅鸡 锡纸猪脑
味之绝美蛙鱼头火锅(福清万达店),https://www.dianping.com/shop/G2xN0sjmTdMYBhba,7o条评价,人均￥91,味之绝健美美牛蛙 味之绝麻辣鲜香锅 味之绝花鲢鱼头
摊主浓虾面,https://www.dianping.com/shop/Fv50bxMNlC1r8nNP,34条评价,人均￥24,土豪大虾面 小肠虾面 头膏北极虾
融侨大酒店-榕苑自助餐厅,https://www.dianping.com/shop/H6O0zpa0FZcssPI6,121o条评价,人均￥181,
牛牛章鱼水煎肉(福清万达店),https://www.dianping.com/shop/lao3q7W6ktXFLfLy,2544条评价,人均￥75,
不识(福清店),https://www.dianping.com/shop/laovZgkiP4YHWTaE,7o条评价,人均￥51,
哈尔滨烧烤烤肉,https://www.dianping.com/shop/H17Ip96WTxHtnmZT,6条评价,人均-,
食膳潮牛潮汕鲜牛火锅(正常堂食),https://www.dianping.com/shop/l6aeyjkRQwQ7efrO,613条评价,人均￥83,
