老北京铜锅涮羊肉(浮山店),https://www.dianping.com/shop/G5YqmrctpIOUj5at,1条评价,人均-,秘制麻酱 冬瓜片 羊肉饺
蜀道火锅,https://www.dianping.com/shop/H7I91A480Po9MT3Q,1条评价,人均-,红糖糍粑
锅圈食汇火锅烧烤食材超市(神山店),https://www.dianping.com/shop/H9XnxH90sXoHdtk5,,人均-,牛牛拼盘 鱼豆腐 无骨鸭掌
剪刀面,https://www.dianping.com/shop/k7k3SoHiySBwltHP,5条评价,人均-,干炸蘑菇 黄豆炒猪皮 京酱肉丝
喵主鱼仆啵啵鱼(尧山东路店),https://www.dianping.com/shop/kaF9nsCTbXpo5bCS,1条评价,人均-,
大阳老乔羊汤,https://www.dianping.com/shop/k28ygJwTDkKs8sNG,,人均-,
无名缘米粉,https://www.dianping.com/shop/H7ANauNK9pFyToqe,,人均-,肥肠米粉 凉拌米粉 老坛酸菜米粉
王记羊汤(文昌南街店),https://www.dianping.com/shop/kayMgi5LFcn1BFgt,,人均-,
客中天饭店,https://www.dianping.com/shop/kaRALlxlz1HV7JaQ,2条评价,人均-,
小郭拉面馆(浮山店),https://www.dianping.com/shop/l7hfqp3LTycYXz6c,5条评价,人均-,牛肉拉面 猪头肉 凉菜
华莱士·全鸡汉堡(浮山客都店),https://www.dianping.com/shop/l7SaqftIe5khNfdS,9条评价,人均-,川味脆脆鸡小食餐 畅享吃肉快乐 蜜汁手扒鸡单人餐
慕巴夫鲜花主题蛋糕(尧山东路店),https://www.dianping.com/shop/k11tsNwSy3045yKa,7条评价,人均-,灌篮高手玩偶卡通生日蛋糕 黄金万两男士发财暴富生日蛋糕 我爱你中国国庆蛋糕
馨膳源美食酒楼,https://www.dianping.com/shop/Gaugm9cipVRu4FxO,4条评价,人均-,干煸牛肉条 酱醋开片鱼 锅仔牛肚
牧香原(文昌南街店),https://www.dianping.com/shop/FSTh3xv6evsx1Alj,5条评价,人均-,肥牛 飞饼
焱鱼·新派古道烤鱼,https://www.dianping.com/shop/FLKZwnkpENw89m92,,人均-,鱼跳虾 黑鱼 泡椒鱼皮
羊汤馆,https://www.dianping.com/shop/H9nbnw6GrzwQIMbp,,人均-,
王俊牧羊人羊汤,https://www.dianping.com/shop/H9LsuJQiXE8kui1r,,人均-,
28元自助手工水饺店,https://www.dianping.com/shop/k5ffaLaS1BYrfA9Y,1条评价,人均-,精美涮菜 水晶蒸饺 火锅涮菜鸳鸯锅
鹏鹏面食(浮山店),https://www.dianping.com/shop/l8Hl8JuCnbbZrzaq,4条评价,人均-,浮山特色小炒
武松家的蛙大侠(浮山店),https://www.dianping.com/shop/k1atIT2xOBpcribb,4条评价,人均-,招牌紫苏牛蛙锅 蒜香牛蛙锅 香辣牛蛙锅
聚丰园(新风北街店),https://www.dianping.com/shop/G43y0f9KnWeRtcF9,,人均-,
浮兴干锅,https://www.dianping.com/shop/G83JiAoIT8FXbu2t,1条评价,人均-,干锅大虾小份
清真响水河丁老大牛肉,https://www.dianping.com/shop/l2RbICXheTZuh5zi,,人均-,
派乐汉堡(浮山店),https://www.dianping.com/shop/G78HLZ3JWVtKbnD6,142条评价,人均￥19,至尊堡 滕椒香辣鸡腿堡 鸡肉卷
响水河丁老大牛肉,https://www.dianping.com/shop/k3R0lNRbFrS57SSd,,人均-,
永正饺子馆,https://www.dianping.com/shop/l3g3B5P2FqrUORFP,1条评价,人均-,
眼镜麻辣串(浮山新风北街),https://www.dianping.com/shop/H5HaMvKGT3OeZnQW,,人均-,麻辣烫
新疆大盘鸡,https://www.dianping.com/shop/H5onisYmxJapA9Jx,3条评价,人均-,特色凉菜 手擀面 金针菇
大众快餐(新风北街店),https://www.dianping.com/shop/isMxBFb8HQu2Guzf,1条评价,人均-,小笼包 青西红柿炒辣椒
南门罐罐面,https://www.dianping.com/shop/H4jM6ySeadbon9uT,,人均-,
美强蔬菜,https://www.dianping.com/shop/k7kJNtfeexwWMCJc,,人均-,
秀娥饺子馆,https://www.dianping.com/shop/k1XSI5KkkOtApqJC,2条评价,人均-,饺子
双龙大酒店(天坛东路店),https://www.dianping.com/shop/G7h7GFJCcWo3wUWZ,2条评价,人均-,
海霞饺子馆,https://www.dianping.com/shop/G6ylaSXHDZE8hBac,,人均-,
东北自家炒菜炭火烤肉,https://www.dianping.com/shop/k4qEqrExREZ2vbQ6,,人均-,
吴小糖沙拉煎饼,https://www.dianping.com/shop/G2aH4o60Au0eeljo,,人均-,川香嫩牛 果茶 太钢汽水
爱红水果批发部,https://www.dianping.com/shop/HaCPaw9wI0fwZtkk,,人均-,
水果烟酒副食,https://www.dianping.com/shop/G3UJgc27qZnOCWzW,,人均-,
早点面食馆,https://www.dianping.com/shop/k35bRlQBkyYezWmA,,人均-,
糖墩墩冰糖葫芦,https://www.dianping.com/shop/H7HKpjTo1twsz4sV,,人均-,烤密薯 红提 冰糖葫芦
胖子虾吃虾涮,https://www.dianping.com/shop/H73EHP413H98lzJ6,,人均-,
北王瑞瑞水果超市,https://www.dianping.com/shop/l4QyDldJ3uRfzB3a,,人均-,
顺口香营养餐厅,https://www.dianping.com/shop/G1LcRlTgt69gZP7w,,人均-,
久香饭店,https://www.dianping.com/shop/H3TUzIG8zp4Y62Gc,2条评价,人均-,排骨 丸子汤
浮山店吉县麻辣串,https://www.dianping.com/shop/l35UIV9JEPwxiOxF,,人均-,
古法砂锅店,https://www.dianping.com/shop/G3gkWPsvjdz6ipM0,,人均-,
尧山罐罐面(尧山西路店),https://www.dianping.com/shop/FQSLLwlWozsAndiA,,人均-,
世创正新鸡排,https://www.dianping.com/shop/H93fvvHTrRVWvz6E,1条评价,人均-,鸡排汉堡 桂圆红枣奶茶 缤纷果味奶茶
蛋糕屋(西关街店),https://www.dianping.com/shop/G57VjtkirgTBBMDF,,人均-,
鲜肉包子,https://www.dianping.com/shop/j4KP9oitj1uPBNSU,,人均-,
熊二披萨炸鸡,https://www.dianping.com/shop/H8ksmy8FgcFrfH5V,,人均-,奶香芝士 浓香紫薯 香甜水果
周巧手口口香,https://www.dianping.com/shop/H7JDUdUCzCIkS6MP,,人均-,
姚记肉浇面,https://www.dianping.com/shop/k4QpkrYBz9pIy3Wt,,人均-,
盘鸡王二部,https://www.dianping.com/shop/jqpaZQg3UadidBia,,人均-,
福记平陆油泼面(尧山西路店),https://www.dianping.com/shop/l46WCGTBOvHUTYFj,,人均-,
小丽压面,https://www.dianping.com/shop/G1N2cWpjccODIJb3,,人均-,
钰珈粮油副食,https://www.dianping.com/shop/k5kPBd69fFEkp8VN,,人均-,
牛肉扯面,https://www.dianping.com/shop/H2b5IOiAYjOuz20V,,人均-,
兄弟大盘鸡,https://www.dianping.com/shop/k59DOTp2mflwRKCS,,人均-,红焖大盘鸡 虎皮鸡爪 凉菜
乡村铁锅鸡,https://www.dianping.com/shop/G17EQAGhuXFivbGN,,人均-,
