东凤老字号腰子店,https://www.dianping.com/shop/l99nn8aq91s5hjR0,91条评价,人均￥29,五层小肠汤 榨菜肉丝拌粉 猪腰子汤
铁锅年代·地锅鸡火锅,https://www.dianping.com/shop/k7kOPM6WJXBdreGU,24条评价,人均-,农家土鸡 土鸡 排骨
旺得福·川湘制造,https://www.dianping.com/shop/ES8xGgXH6tDZrR0O,85条评价,人均￥72,长沙臭豆腐 酱汁酸菜光饼 烤田鸡
岚山·日式炭火烤肉(福安店),https://www.dianping.com/shop/l17NaZZpStNn89fF,68条评价,人均￥1o6,招牌牛肉粒 四味猪五花拼盘 招牌牛隔膜
柒酒烤肉(福安店),https://www.dianping.com/shop/G9dVNgusCXtcWfND,299条评价,人均￥8o,精品五花肉 雪花牛肉 鲜嫩里脊肉
老佛爷·铜炉蛙锅(福安东百城店),https://www.dianping.com/shop/l9jJ4K1DQSqAYnus,85条评价,人均￥92,老佛爷招牌蛙锅 香草烤鸡翅 蛋酥软糍粑
牛富贵海记牛肉火锅(福安东百店),https://www.dianping.com/shop/H2eUMK5dSYOATTVf,15条评价,人均-,一米牛肉 牛肉丸 上品雪花牛肉
小咖私厨工坊(福安店),https://www.dianping.com/shop/k7SMNGnrHUkIdZix,42条评价,人均￥56,韩国炸芝士吐丝 澳洲原切沙朗牛排 尼泊尔番茄肉酱意面
邦维执匠·咖餐甜点(东百店),https://www.dianping.com/shop/idBu8LTpIsh1aUhm,148条评价,人均￥51,鱼松芝士炒饭 黑椒牛肉意面 橄榄美式
GBG(创意餐饮),https://www.dianping.com/shop/G3HnBgTWaGEeyrFB,38条评价,人均￥82,酸菜炒光饼——福安之美食名片 干锅田鸡 面皮裹着京酱肉
伊森·Omakase日式料理,https://www.dianping.com/shop/k4yew6NdEAdsOZq5,3条评价,人均-,刺身 紫海胆 Omakase
马路边边串串火锅(三木街店),https://www.dianping.com/shop/G1BvWKUfJ9QsCZ2M,318条评价,人均￥96,牛肉 冒粉 糍粑
泰友民,https://www.dianping.com/shop/G7IPtwaGo9e94RTN,8条评价,人均-,泰式炸鱼饼 碳烤猪颈肉 泰式海鲜菠萝饭
肆喜海派融合餐厅,https://www.dianping.com/shop/H2z7F9HxZo1DHxqr,34条评价,人均￥126,酸菜鱼 韩式云朵炒饭 黑蒜养生汤
佳子·寿司鱼生(浅水湾店),https://www.dianping.com/shop/iWyy9cSvSWeN1pZb,55条评价,人均-,盐烤青花鱼 天妇罗炸虾 黑椒牛小排
派捞火锅,https://www.dianping.com/shop/l4Gbc72MqsG5eMGJ,79条评价,人均￥76,秘制嫩牛肉 手工虾滑 鸳鸯锅底
南湖嫩弟煎包店,https://www.dianping.com/shop/l9eYGCA26cNvoUcE,81条评价,人均￥12,煎包 积雪草 花生汤
御源府餐厅(福安店),https://www.dianping.com/shop/l5WjmqZtolFbVtod,38条评价,人均￥75,牛肉炒姜丝 春子鱼 爆炒海灵菇
花禾日上·日式烤肉日料,https://www.dianping.com/shop/l4zOdmTMjQxgoncy,42条评价,人均￥94,十五阶梯烧肉拼盘 综合刺身拼盘 海胆
朝天门火锅(福安东百城店),https://www.dianping.com/shop/H4YxduZmlKSCfo3X,2o5条评价,人均￥1o8,红糖糍粑 招牌空运脆毛肚 极品鲜虾滑
怂犟人烤肉店,https://www.dianping.com/shop/k3ZPw87D4aDCGrql,454条评价,人均￥88,
椰子汀(福安店),https://www.dianping.com/shop/k35Z0SG3BOHWi5Du,31条评价,人均￥44,
祥廣记,https://www.dianping.com/shop/H3j203kTll9PLbcq,65条评价,人均￥59,
渝德火·重庆市井火锅,https://www.dianping.com/shop/H4k4iassaJ2cRkOt,78条评价,人均-,
融柳大铁牛螺蛳粉(福安店),https://www.dianping.com/shop/G6PT5f9F6mvPMEiM,4条评价,人均-,
大丰收脆鱼(福安东百店),https://www.dianping.com/shop/H30bWDjSiW2IHp0h,232条评价,人均￥1o3,
橙路造物,https://www.dianping.com/shop/H2t5jlozddzvZX9c,13条评价,人均-,
豪德亨牛排自助餐厅(福安东百广场店),https://www.dianping.com/shop/H8PmIrResHddvGHD,57o条评价,人均￥83,
排骨饭店,https://www.dianping.com/shop/G3oR1xcV6oCfIqZX,2o条评价,人均￥48,
福安东百城假日酒店·嗨碗西餐厅,https://www.dianping.com/shop/k4eI2csAtFuDCkDP,26条评价,人均-,
我佳•金牛座牛肉自助火锅(福安店),https://www.dianping.com/shop/l6aVpJzHySxr0dGJ,59条评价,人均￥97,自助牛肉 牛肉丸 自助甜品
弥生食堂新派日料(福安店),https://www.dianping.com/shop/GadMEzJU99fOCcLW,49条评价,人均￥1o8,赤焰综合寿司拼盘 秘密汁烧鲭鱼 茶碗蒸
韩国传统炭火烤肉(街尾路店),https://www.dianping.com/shop/G8tn5hqKx5Ln3AvX,86条评价,人均￥96,猪五花肉 猪颈肉 土豆泥沙拉
奉旨烤肉,https://www.dianping.com/shop/H9XBVMRtzb9KbN5G,14条评价,人均￥1o7,照片牛五花 特选五花肉 招牌牛五花
天骄功勋冰煮羊火锅店(福安店),https://www.dianping.com/shop/k4p60gGg2YDzAZwE,43条评价,人均-,冰煮羊ZG肉 海带苗 手擀面
勇路炭火牛骨火锅(福安店),https://www.dianping.com/shop/l2T1C0bH4uWkGn6K,1o条评价,人均-,胸口油 料碗 鸳鸳菌菇牛杂锅
小吙记火锅(新华北路店),https://www.dianping.com/shop/l8HGFkFpbzQIVvRj,4条评价,人均-,现切牛肉 巴沙鱼 西瓜
蜀九鼎火锅(福安店),https://www.dianping.com/shop/k8rhwFWqrSeWMAzk,156条评价,人均￥113,手工虾滑 空运大脸毛肚 鸳鸯锅
牛道,https://www.dianping.com/shop/l2vAQTRd5sG0vncj,82条评价,人均￥1oo,吊龙 牛肚 嫩牛
叉叉寿司(福安店),https://www.dianping.com/shop/l3Ir6qH2XlMwoPaI,15条评价,人均￥9o,综合鱼生饭 芝士炸虾 鳗鱼小卷
阳头冷饮厅,https://www.dianping.com/shop/H6dNtgqu7tJm51Ue,56条评价,人均￥9,
黄老板火锅,https://www.dianping.com/shop/G50dRAUOFDjsuWAy,38条评价,人均-,
瑶锦居·鲜活酸菜鱼火锅(天马大道店),https://www.dianping.com/shop/G77wok9OqEBc3Xkh,38条评价,人均￥72,
越城记黑鱼煲(福安东百店),https://www.dianping.com/shop/H5vugjoH4p3bjXPb,127条评价,人均￥69,
爵士岛牛排火锅自助 牛排自助餐厅(冠后路店),https://www.dianping.com/shop/l5MGaLHt3cKjUCIr,156o条评价,人均￥57,
贤合庄卤味火锅(福安东百店),https://www.dianping.com/shop/H6vry6WOOB2SUJtP,719条评价,人均￥94,手剪香菇肥肠 摇摇鲜酥肉 屠场鲜毛肚
金宏宴,https://www.dianping.com/shop/G63kgxSuYhooch1x,2条评价,人均-,
天恒小肠面馆,https://www.dianping.com/shop/l3LiUEjxqPQdJLBp,23条评价,人均￥1o,拌面 小肠汤 干贝汤
谭鸭血老火锅(福安店),https://www.dianping.com/shop/k9kDlHgvhuBtavjL,148条评价,人均￥79,谭公鸭血 谭公脆毛肚 经典肥牛
味觉种子(福安店),https://www.dianping.com/shop/H2rZCEIcFGTRaxga,1o条评价,人均￥45,酸汤乌鱼 水煮田鸡 牛肉炒粉干
福台源自助火锅·烧烤,https://www.dianping.com/shop/H1MJ6bslyO0UBknR,749条评价,人均￥115,小龙虾 油炸冰淇淋 涮羊肉
邦维执匠·咖餐甜点(阳头店),https://www.dianping.com/shop/G3cyQgMykpkBg2en,131条评价,人均￥81,海盐椰子蛋糕 奥尔良烤翅 咖啡系列
福安阿北牛骨(阳头总店),https://www.dianping.com/shop/l6BlHrkYdTursrc6,86条评价,人均￥47,牛筒骨 牛肉丸 牛肉汤
L+ONE,https://www.dianping.com/shop/k89eFuxpNLgVyKCe,7条评价,人均￥42,百香果芒果蛋糕 苏打绿 黑糖波波厚奶
南洋小聚·东南亚融合菜(福安东百店),https://www.dianping.com/shop/H1EUQHQXLV2NTKsl,96条评价,人均￥77,泰式虾头膏豆腐 咖喱皇炒虾 香草肉碎香卷心菜
捞得爽·火锅烧烤特色菜,https://www.dianping.com/shop/k1eNucrmqSdBRzvA,2条评价,人均-,
luckin coffee瑞幸咖啡(福安冠后路店),https://www.dianping.com/shop/G1qmKhPUUcRjwRJd,5条评价,人均-,
霞浦滩涂海鲜楼(华兴苑分店),https://www.dianping.com/shop/l4iwB8nW8XexuEoV,9条评价,人均-,
77家韩国炸鸡(福安店),https://www.dianping.com/shop/H86jRpONsovugYeF,444条评价,人均￥58,
拾朴咖啡,https://www.dianping.com/shop/G5XPLsw3QIwq5hvb,32条评价,人均￥64,
