蒙古贞宾馆-特色餐厅,https://www.dianping.com/shop/G4DHSCKtVoJn5h9V,88条评价,人均￥86,蒙古馅饼 吉式锅包肉 手把羊排
江原道,https://www.dianping.com/shop/ka2qZOcc9uL1nkbr,54条评价,人均￥75,精品肥牛 烤酸菜 大酱汤
胡同烤肉(阜蒙县店),https://www.dianping.com/shop/H8pS6hDUAFSYKl1a,112条评价,人均-,黑椒鸡肉 黑椒梅花肉 胡同特色拌肉
店小二铁锅炖,https://www.dianping.com/shop/l3r14Cj1HyR4LUg6,1条评价,人均-,铁锅炖大鹅 驴排锅 牛勃骨锅
常家绝活肉饼,https://www.dianping.com/shop/H7NVRC4QNiFue6T7,8条评价,人均-,绝活肉饼 素虾仁馅饼 筋头巴脑
金碧湾酒店,https://www.dianping.com/shop/GaZ97cCGY0es7s8Y,18条评价,人均￥57,特色鱼头泡饼 大连软炸肉 拆骨肉炒红蘑
阜新饼王(阜新县店),https://www.dianping.com/shop/k9KNx67zVLZm75Oi,16条评价,人均￥36,烀饼 老式锅包肉 家常带鱼
刘炭长牛烧大块烤肉(阜蒙店),https://www.dianping.com/shop/H83irgiWWxhjAFa8,3条评价,人均-,红酒雪梨 小料 玉米饼
西出口金骰子碳烤骰子肉(阜蒙县店),https://www.dianping.com/shop/H6SsrhecEyCDHisM,55条评价,人均￥62,招牌牛骰子 土豆地瓜拼盘 招牌羊骰子
后街羊腿一绝,https://www.dianping.com/shop/G3nddIpfxKoryXah,22条评价,人均￥97,烤猪蹄 烤蚕蛹 黄泥烧鸽子
多多福海鲜自助,https://www.dianping.com/shop/H6D8w57NBUWQAMAO,31o条评价,人均￥62,生蚝 青虾 大飞蟹
小V家秘制火锅鸡(人民大街店),https://www.dianping.com/shop/l4OPvu0jmeL2MmWw,2条评价,人均-,火锅鸡 秘制香醋 油饼
红利来蛋糕花园(文化路店),https://www.dianping.com/shop/k7oeE1FYtndXx1IF,35条评价,人均￥12,一帆风顺 巧克力水果蛋糕 小熊蛋糕
健晟星期天(阜蒙县店),https://www.dianping.com/shop/G5INDjx9rT4O4cGW,2o4条评价,人均￥6o,肥牛一号 手切鲜羊肉 香煎鱼豆腐
金英社长韩式美食屋,https://www.dianping.com/shop/l4ZaM5nT9Itxne0j,2条评价,人均-,炸酱面 辣鸡爪 泡菜炒年糕
老诚一锅(阜蒙县店),https://www.dianping.com/shop/iugAvtWgAZzUcbyC,213条评价,人均￥5o,精品锅 金针菇 鱼丸虾丸拼
吉百利蛋糕(烧烤街店),https://www.dianping.com/shop/H8ave00mhvl35p5E,454条评价,人均￥55,巧克力水果蛋糕 愤怒小鸟卡通蛋糕 芭比娃娃
北门农家院,https://www.dianping.com/shop/H8bXSO8K2LlB4AgQ,1o条评价,人均￥25,带馅大饼子 清蒸多宝鱼 干锅鸭头
领誉新煮意时尚火锅(南环路店),https://www.dianping.com/shop/G8P1txkGGD5Me6Db,9条评价,人均-,肥牛 木耳 羊排
半亩地铁锅炖,https://www.dianping.com/shop/k5cJWAAkHkpVkrKe,2o条评价,人均￥79,锅包肉 饭包 炖胖头鱼
多牛筋头巴脑一锅香,https://www.dianping.com/shop/l9ORJioilfaYAK9p,31条评价,人均￥3o,美味经典小锅 新西兰羔羊 手擀面
名都晓荷塘(阜蒙县店),https://www.dianping.com/shop/k8akKz1vPfNSrViZ,147条评价,人均￥67,虾滑 肥牛一号 猪五花
三样菜火锅鸡海鲜大咖羊棒骨,https://www.dianping.com/shop/G7m91X1YK9fxTnu5,11条评价,人均￥51,吉式锅包肉 传奇火锅鸡 特味烤鱼
陈家烧烤(交通路店),https://www.dianping.com/shop/FvLVcfIuZw7XIs0R,82条评价,人均￥61,羊肉串 疙瘩汤 烤馒头
朝食暮饮,https://www.dianping.com/shop/l9bue6wXSLBaX7PJ,2条评价,人均-,老式锅包肉 广式胡椒猪肚鸡 琉璃茄盒
精点e派,https://www.dianping.com/shop/l16uVApl1MqaVtZM,11条评价,人均-,
火立方海鲜烧烤(吉顺店),https://www.dianping.com/shop/jNAz1JI3xBCdB4tW,14条评价,人均￥51,
蒙古方馅饼,https://www.dianping.com/shop/iZkLejAZ9fJRfhMn,17条评价,人均￥43,
六月咖啡,https://www.dianping.com/shop/l9bxUT7YjC4N3vUZ,4条评价,人均-,
知青农家院,https://www.dianping.com/shop/l1WW9uLh3z6tv4xh,4条评价,人均-,
大哥铁板烧,https://www.dianping.com/shop/k4jwcGe1GPWZE4xx,1条评价,人均-,铁板蛋炒饭 板烧玉米粒 猪肉馅馄饨
韩盛自助烤肉(文化路店),https://www.dianping.com/shop/i83jIcmA75KwJhmo,1条评价,人均-,鱿鱼 酸菜 羊肉串
老妈包子铺,https://www.dianping.com/shop/l6KzdppTytzu43GI,4条评价,人均-,猪肉香菇包子 猪肉鸡汁包子 萝卜大饼子
西塔斗牛家烤肉,https://www.dianping.com/shop/ka4Z7knnic6TVkfA,19条评价,人均-,骨汤西塔冷面 特味肥牛 烤羊腰
肯德基(蒙古贞店),https://www.dianping.com/shop/l3DVGPEnDDKEgdDl,312条评价,人均￥35,超级全家桶 榴莲之神云朵蛋挞装兑换券 新奥尔良烤翅
鼎汇鑫重庆老火锅(阜蒙县店),https://www.dianping.com/shop/H1UNbAFuZHyNyLSt,9条评价,人均-,鸳鸯锅 香香小羔羊 乌鸡肉卷
乡村爱情谢永强串吧(建设路店),https://www.dianping.com/shop/G64SbYLXPv5wehbJ,7o条评价,人均￥55,羊肉串 肉筋 烤串
妈妈菜馆,https://www.dianping.com/shop/l6Y6BNZz1uZldIX8,1条评价,人均-,鸭肠 竹笋 干炸里脊
牛骨头锅(胜利路店),https://www.dianping.com/shop/G5Z94wHQS46iYFQR,,人均-,
兰州正宗牛肉拉面(辽工大第二分店),https://www.dianping.com/shop/k4yjl3Byn0oJTw4l,,人均￥23,牛肉炒饭 椒麻牛肉 孜然羊肉
邵汇大虾(县财政局店),https://www.dianping.com/shop/k1oiAeBEPKM9D1ey,2o1条评价,人均-,虾锅 金针菇 华英鸭血
好先生烘焙,https://www.dianping.com/shop/k4hM5BHRDMUTFOsE,3条评价,人均-,
大韩烤肉,https://www.dianping.com/shop/l99SUSqrxD4e34Pa,18条评价,人均￥4o,羊腰子 五花肉 骰子肉
木炭铜火锅,https://www.dianping.com/shop/l1LufhXtw9hks1Lv,9条评价,人均￥16,全羊锅 骨头 干煸五花肉血肠
小四川椒盐水煮鱼(阜蒙店),https://www.dianping.com/shop/k2VzUErWOxDBfjdR,2条评价,人均-,毛血旺 凉拌牛肚 麻辣鲜虾
绝地吃鸡奶茶,https://www.dianping.com/shop/GajU5yIhpOZaDG6a,1条评价,人均-,拿铁牛奶 鲜橙奶绿 金凤梨百香琉璃茶
包老太太馅饼馆,https://www.dianping.com/shop/k8SrJd9Aub6BTCz4,18条评价,人均￥38,蒙古馅饼 锅包肉 雪绵豆沙
成都味道火锅,https://www.dianping.com/shop/iROPfEQ8gt6c3E16,42条评价,人均￥48,冻豆腐 金针菇 虾滑
金地烙馍村(阳光小区店),https://www.dianping.com/shop/H5apHlSMYXECpR76,4条评价,人均-,锅出溜 锅包肉 椒盐小河虾
小木屋拌饭,https://www.dianping.com/shop/kaa6L5MCcMzJNv6n,4条评价,人均-,辣白菜炒饭 主厨牛肉炒饭 紫菜包饭
联邦调茶局(阜蒙县店),https://www.dianping.com/shop/k2G5o8z08GqFJrGO,12条评价,人均-,柠檬百香果 葡萄撞奶 满杯红柚
坝上涮府,https://www.dianping.com/shop/G5w7Tr91Gh0CjCrv,,人均-,现炸酥肉 油麦菜 美新嫩羊肉
驴肉饺子馆,https://www.dianping.com/shop/l35gZilXv6lPPDK2,3条评价,人均-,驴肉饺子 餐位费 雪花金典干啤
大幌饭店,https://www.dianping.com/shop/l6ga2guqLGrAZo3I,2条评价,人均-,油梭子面肠预订 血肠 一品蛋酥
鑫聚德大骨头活鱼自助,https://www.dianping.com/shop/jR1IUGPM7ornho6x,1条评价,人均-,
天记包子,https://www.dianping.com/shop/k7kuPwvMsMASyTyA,2条评价,人均-,角瓜鸡蛋包 韭菜鸡蛋包 牛肉圆葱
爱屋西饼,https://www.dianping.com/shop/G7XCLHDxkRR8ONCQ,1条评价,人均-,流乳蛋糕 冰雪奇缘 芋泥雪贝
北京华府火锅(胜利路店),https://www.dianping.com/shop/G446fBRVAb2mnQwf,,人均-,精品羔羊 黄喉 手切羊肉
小聚串店,https://www.dianping.com/shop/H8S2tDOUY7KRd65e,2条评价,人均-,金针菇 烤猪蹄子 烤馒头片
孙国平羊汤,https://www.dianping.com/shop/FT8KGDSpZyxMd1hT,8条评价,人均-,羊汤 羊肝
