格桑藏餐吧,https://www.dianping.com/shop/GaNJnI24WddnpI4Z,567条评价,人均￥55,煎包子 酥油茶 酸奶
玉霞烤肉面食馆,https://www.dianping.com/shop/k6YR49erkHd2dgrk,546条评价,人均￥58,黄焖羊肉 羊肉串 炒面片儿
青海特色牦牛壮骨汤(刚察店),https://www.dianping.com/shop/l49IPsiytl5eMzjv,16条评价,人均-,牦牛壮骨汤 牦牛退骨肉 饼子
水浒烤肉,https://www.dianping.com/shop/G55oULdfSKOy3PcO,7条评价,人均-,五花肉 张顺蘑菇 生菜
老驼泉烤肉,https://www.dianping.com/shop/k5HSq3bYJAh9lokZ,77条评价,人均￥48,黄焖羊肉 羊肉串 干拌面
扎藏牧布风情吧,https://www.dianping.com/shop/l2TP5P5mhjTedMQS,121条评价,人均￥95,扎藏牧布锅贴大份 酸奶 酥油茶
老马师烤肉面馆,https://www.dianping.com/shop/jldsVJNvollq3h9G,1o8条评价,人均￥38,孜然羊肉 羊肉串烤羊腱牦牛肉凉拌 土豆炖羊肉
央卿仓火锅店,https://www.dianping.com/shop/G3p5mUw1GTRFkeRy,,人均-,自助火锅
智嘉倬芭仓自助火锅店,https://www.dianping.com/shop/l4zxL6JwGrbQn645,,人均-,
新源饺子馆,https://www.dianping.com/shop/H5qSJLvq20Jdi1pq,17条评价,人均￥23,烩饺 粉汤 牦牛肉
麻鱼老火锅,https://www.dianping.com/shop/l6UBgc1Y04aQgqaW,1条评价,人均-,笋片 特色麻麻锅底 梭边鱼
香巴拉生态园·大团结柴火鸡,https://www.dianping.com/shop/G2Pl5kTTeXBoScGA,2条评价,人均-,爆炒大公鸡 辣椒炒肉 麻婆豆腐
惠丰精品小炒面食馆,https://www.dianping.com/shop/G8bTC5SylbSirbNO,5条评价,人均-,手抓羊肉 炕锅羊肉 农家烤土豆片
鼎尚皇牛自助火锅,https://www.dianping.com/shop/k9oEVJ6kThJEmcCm,33条评价,人均-,单人自助火锅 酸奶 牛肉
生敏馍馍铺,https://www.dianping.com/shop/G1obxdAqKvCvjd3c,1条评价,人均-,油饼
伊穆小炒餐厅,https://www.dianping.com/shop/l2XC7vlIwDc5ZNqR,2条评价,人均-,
一品香饭馆(西莎线店),https://www.dianping.com/shop/k3Nb53HYXrrxjdJc,,人均-,
黎明早餐,https://www.dianping.com/shop/k3T4i4gJ05q2Tei7,,人均-,
仁和居川菜馆,https://www.dianping.com/shop/l9SAzNwolpDYBvYr,77条评价,人均￥42,水煮肉片 虎皮青椒回锅肉 呛锅鱼
福兰小炒削面馆,https://www.dianping.com/shop/l9nsfQGkqGMjMf4m,,人均-,
蜀缘自助火锅,https://www.dianping.com/shop/l2oagq9pMbPUVjFg,,人均-,
相恋奶茶吧,https://www.dianping.com/shop/G4Mmh21pTlssPWGn,,人均-,
刘记一日三餐,https://www.dianping.com/shop/FjGXsxHI136Fo1DQ,,人均-,
藏地酸奶店,https://www.dianping.com/shop/H4mpOjPulugg2mF4,,人均-,
菜根香川菜馆(西莎线店),https://www.dianping.com/shop/l7AwIKIRnqrZoci8,1条评价,人均-,葱爆羊肉 扇子骨
阿拉藏餐吧,https://www.dianping.com/shop/l9Qa9noHtCGXyvis,4条评价,人均-,生炒牛肉 烩饺 锅烙
重庆秦妈火锅(刚察店),https://www.dianping.com/shop/l85MMhQfSCggzHXS,6条评价,人均-,蹄花虾干锅 翅中虾干锅 全家福干锅
丝路缘餐饮城,https://www.dianping.com/shop/H5Sq6fH2E1lsXrOb,,人均-,
巴蜀川菜馆,https://www.dianping.com/shop/l9deVgjTteQohun7,1条评价,人均-,
罗氏牛羊肉铺,https://www.dianping.com/shop/G2xB2941JRPgvE3M,,人均-,
聚缘楼(西莎线店),https://www.dianping.com/shop/k2xLSkeoJhXEfmH5,21条评价,人均￥56,羊肉 鱼香肉丝 豆角茄子
川渝菜馆(东大街店),https://www.dianping.com/shop/k1SnhEBnn2GGgt3R,2条评价,人均-,家常豆腐 蒜蓉油麦菜
倬尔牧茶餐厅,https://www.dianping.com/shop/GaKtZ6dj9MU5pN8w,,人均-,
红海餐厅,https://www.dianping.com/shop/H6bHmqqIDq5AUyVx,5条评价,人均-,
西来顺小炒,https://www.dianping.com/shop/k2OBqrzzd2SKsmkN,18条评价,人均￥57,爆炒牦牛肉 炕锅羊肉 烤土豆
四季鲜清真肉店,https://www.dianping.com/shop/G6wx64V2w2Yt1PNP,,人均-,
唐格尔演艺,https://www.dianping.com/shop/k9gJWCKsLP2Xvzmj,,人均-,
兰州干炒干果店,https://www.dianping.com/shop/k7YXpCzpkKogQzZn,,人均-,
云轩过桥米线,https://www.dianping.com/shop/G57Coh3aJjChO1tB,,人均-,
小君肝串串香(东大街店),https://www.dianping.com/shop/G89dfZVAyeRFpPwT,,人均-,
文英蔬菜店,https://www.dianping.com/shop/G1blD9aVVm4q6Mze,,人均-,
小小心泽屋,https://www.dianping.com/shop/HaIH4IJejP75F1Gk,,人均-,牛排 部队火锅 藏炒饭
藏域小吃店,https://www.dianping.com/shop/k7dmf5mZ7wStKkzt,,人均-,
伊来顺杂碎店,https://www.dianping.com/shop/k3lZ2U9AD815bOQ8,4条评价,人均-,牛杂汤 羊杂汤
忠意餐厅,https://www.dianping.com/shop/G9tXhNMllyUXkk7x,,人均-,
鼎渝盛火锅店,https://www.dianping.com/shop/G9TevCGhK5v80GEJ,5条评价,人均-,菌汤鸳鸯锅 撒尿牛肉丸 金针菇
玲晨十点小酒吧,https://www.dianping.com/shop/k7RWtSk2DkcxrXSC,,人均-,
凯旋饭馆,https://www.dianping.com/shop/FwqmQ0Ef9WAgTgZm,,人均-,
鑫河面馆,https://www.dianping.com/shop/k6JKX8U5SMirkdWg,1条评价,人均-,
皇茶苑(智合格北巷店),https://www.dianping.com/shop/jNw2u22zXeVL4Drr,,人均-,
鲜果香蔬菜瓜果店,https://www.dianping.com/shop/H20TFRtCk3tHW1EE,,人均-,
膳湘小厨,https://www.dianping.com/shop/G7XoA0dRMjNSwd85,,人均-,
麻乃牛羊肉铺,https://www.dianping.com/shop/G953adPRE53GL4QI,,人均-,
伊顺楼餐厅(拉色波·商业街店),https://www.dianping.com/shop/k9OmYBHmxhDmZfbE,23条评价,人均￥25,大盘鸡 坑锅羊肉 炒牛腩
清真园美食城,https://www.dianping.com/shop/H6zKzdnu7NoOZUxQ,12条评价,人均-,大盘鸡 特色面食 炕锅羊肉
烧鹅仔酸辣粉,https://www.dianping.com/shop/k2r4Bfe5BGopwJEN,,人均-,
刚察县蜀居轩餐饮,https://www.dianping.com/shop/k2qnT9ed0296E5Pr,,人均-,酸辣里脊 炝锅鱼
湖滨餐厅,https://www.dianping.com/shop/H7X8wDL0zMxAQG6E,,人均-,
天天小炒,https://www.dianping.com/shop/l2hdEJVxvUuGX5Uk,4条评价,人均-,蛋炒饭 黄焖牛肉 油麦菜
央宗砂锅饺子馆,https://www.dianping.com/shop/Ga5IJvFVRb9OXl6b,,人均-,砂锅面片 米粉
