幸会手作,https://www.dianping.com/shop/G1z29QPHv9oem8Te,8条评价,人均-,香芒斑斓椰子奶油蛋糕 茉莉蜜瓜青提奶油蛋糕 焦糖可可脆奶油蛋糕切件
梳芙,https://www.dianping.com/shop/HaKquMNG0KQYqsnG,174条评价,人均￥82,爆浆芝士鸡扒 红糖姜茶 西柠百香果汁
食惯嘴,https://www.dianping.com/shop/l1pi2PZ5p8bgJRA1,27条评价,人均￥99,香煎柴枪粉 豆芽捞粉 白切雞
聚喜堂·酸菜鱼·牛杂煲·鸡煲·砂锅粥·酒馆(光明路...,https://www.dianping.com/shop/l4hF27GFX8HLRyBU,74条评价,人均-,豪气牛杂煲 招牌老坛酸菜鱼 招牌榴莲鸡煲
探火烤肉(康泰又一城店),https://www.dianping.com/shop/G1tABJJB90X2mbN1,97条评价,人均-,五花肉 墨鱼肠 牛肋条
围炉海鲜烤肉自助火锅(金港湾店),https://www.dianping.com/shop/H1xcjG1W8gZl4IgL,3o1条评价,人均￥74,可烤可涮 海鲜 水果
牛鲜生潮汕牛肉火锅店(桂圆东路店),https://www.dianping.com/shop/H5HVKSWgZ2dhU84R,143条评价,人均-,手打牛肉丸 牛肉丸 潮汕牛肉火锅
SOHO临•君临盛宴(挂榜公园店),https://www.dianping.com/shop/H5a9ExYrXAQ2WAiP,11条评价,人均-,北极贝寿司 泰汁虎虾 三文鱼寿司
發財小店•發財鸡煲(高凉中路店),https://www.dianping.com/shop/l5XApusjs1oFMUR1,1o条评价,人均-,滋补鸡汤小煲 油焗花甲 捞粉
瀛食精致料理(怡景花园店),https://www.dianping.com/shop/H7aBdCb1cXg8nqln,36o条评价,人均￥87,鳗鱼寿司 寿司船 芒果寿司
泰乐餐吧,https://www.dianping.com/shop/l6eoUBJ0h3w0tnKC,15条评价,人均￥88,原只菠萝饭 炭烧猪颈肉 巴东咖喱牛腩
椒王火锅(高州康泰城店),https://www.dianping.com/shop/l5JXgHc16PbZvSNf,1o43条评价,人均￥1o4,极品鲜黑毛肚 鲜打虾滑 极品澳洲精品肥牛（空运）
會仁茶居(高州店),https://www.dianping.com/shop/G7zFdWOyjVRkcM9r,5o条评价,人均￥63,酱香蒸凤爪 会仁虾饺皇 鼓汁蒸排骨
鸿福人家,https://www.dianping.com/shop/G2hvp9Mj3vWzpZya,95条评价,人均￥75,凤爪 虾饺 牛肚
老嘢烧烤,https://www.dianping.com/shop/G4S39lfTPaPJyafR,3条评价,人均-,瘦肉汤河粉 猪杂粉 牛肚粉
大川日料•寿喜火锅安格斯牛肉放题自助(东城大厦店),https://www.dianping.com/shop/k3Hkd98iLn0Tx99p,17条评价,人均-,炙烧V型蟹棒寿司 四款进口安格斯牛肉畅食 精选时髦饮品甜品畅饮
又壹手川渝火锅(莉莱江城店),https://www.dianping.com/shop/H2vM5eFAmCcVVqYl,48条评价,人均-,澳洲雪花肥牛 手工冰粉 串串毛肚
聚鲜源海鲜烤肉自助火锅(康泰又一城店),https://www.dianping.com/shop/E9oHdfo8rpK0cSrm,591条评价,人均￥55,海鲜 自助烤肉 糕点
格篱邻舍,https://www.dianping.com/shop/G78e97f6gWQW37ge,,人均-,
西城饼屋金丝牛肉饼(高州店),https://www.dianping.com/shop/l5MUn5TfRsD8Fy2I,5条评价,人均-,特色金丝葱爆鲜肉饼 经典鲜肉太宗饼 招牌金丝牛肉饼
山美肥佬葱油鸡,https://www.dianping.com/shop/kaJA73zn1hVwFxwI,28条评价,人均￥68,葱油鸡 鸡血汤 香煎水库鱼
mini重庆火锅(东方大道店),https://www.dianping.com/shop/kahS3Uk3gdMfrIrD,1o4条评价,人均￥1o2,火锅配 精品肥牛卷 秘制嫩牛肉
东门凉粉,https://www.dianping.com/shop/G9U8wEeS3YfsRVTO,12条评价,人均￥4,凉粉 红豆 海带
遇见桃花源(高州店),https://www.dianping.com/shop/H9yKk0zjLddQg1Li,728条评价,人均￥69,意粉 柠檬鱼 猪肚汤
华清牛杂•炸紫薯(高州店),https://www.dianping.com/shop/l5tZiR7JPlLppa46,1166条评价,人均￥46,招牌炸番薯 牛杂 炸紫薯
50号私家厨房(南湖二街店),https://www.dianping.com/shop/k9nSQJztCRbk2HeF,1条评价,人均-,蒸排骨 炒腊肉 炒土豆丝
麦当劳(太阳城店),https://www.dianping.com/shop/H8rOp0jk4tkknaKj,241条评价,人均￥23,板烧鸡腿堡套餐 薯条 香芋派
大亨餐厅•牛扒•意大利西餐(东城大厦店),https://www.dianping.com/shop/E8d8bzFr5NlHD6Lu,86条评价,人均￥8o,墨西哥波菜鸡肉卷 澳洲牛板腱 澳洲原切板腱牛排
匠食记•金牌捞面,https://www.dianping.com/shop/l1U7OZxnyyU8mgaP,3条评价,人均-,三宝（鸡扒/大肠/牛腩） 肉酱大肠面 鸡翅
知粥人家•海鲜刺身•粥底火锅(润景新城店),https://www.dianping.com/shop/jVfW2O6vnIzGk4gL,2条评价,人均-,雪花牛肉粒 蔬菜沙拉 深海刺身拼盘
高闻酒楼,https://www.dianping.com/shop/l6zPjnQKt9b1JfhM,32条评价,人均￥74,虾饺 蒸凤爪 金沙紫米肠
冰城饺子人家(沿江一路店),https://www.dianping.com/shop/l7WFVbsvUOBP8Uq3,186条评价,人均￥68,东北白菜水饺 韭菜盒子 东北玉米饼
江渔儿酸菜鱼(高州店),https://www.dianping.com/shop/H1PWoaCGbUpSeF6a,511条评价,人均￥67,老坛子酸菜鲈鱼 招牌老坛酸菜鱼 水果冰粉
牛客来牛排自助西餐厅(金港湾店),https://www.dianping.com/shop/H9rzNFKHXsuif3KO,366条评价,人均￥44,自助餐 黑椒传奇牛排 特级牛小排
鉴江民俗菜馆,https://www.dianping.com/shop/k8M3MEeod7fUJUBf,36条评价,人均￥84,白切鸡 番薯叶蓉羹 黑叉烧
正宗东门老牌豆芽粉,https://www.dianping.com/shop/G3WyEcWSf7KW0zVk,49条评价,人均￥5,豆芽粉 鸳鸯粉 白粥
邱记·陈皮鸡翅(高州总店),https://www.dianping.com/shop/k4UtHH38nmlPoxo6,1o1条评价,人均￥17,陈皮鸡全翅 陈皮鸡腿 菜花
螺蛳鸭脚打边炉(光明路店),https://www.dianping.com/shop/k5BYQAQRRuRhHLGU,15条评价,人均-,鸭脚 螺蛳粉 冬瓜片
亚燕鲜牛杂,https://www.dianping.com/shop/H3IIyfplZ8MWmfFL,13条评价,人均￥37,30元牛雜 湯粉 清汤
有局·特色湘菜·烧烤,https://www.dianping.com/shop/kar6YmLBOtSfaZzp,1条评价,人均-,大鲜鱿 潮州牛肉丸串 韭菜
相聚时光(光明店),https://www.dianping.com/shop/k6UtMcFahEjVOc7I,2561条评价,人均￥78,意粉 鲜茄鸡扒焗饭 香菇饭
求其咖啡(高州店),https://www.dianping.com/shop/H3oL4lPh2xKYJnG3,17条评价,人均￥37,椰萃拿铁 爽爽柠檬茶 桂花拿铁
食也居酒屋,https://www.dianping.com/shop/k6YCpT99sGGKZoZ3,19o条评价,人均￥93,狮子王 水果沙拉 人气寿司拼盘
天际咖啡,https://www.dianping.com/shop/H7tLvPAmtI7In9Xd,9条评价,人均-,白月光柠檬茶 茉香冰美式 梦龙dirty
重庆德庄火锅(高州店),https://www.dianping.com/shop/G66akTJGJz58y4Ii,278条评价,人均￥75,德庄毛肚 香香小肥牛 德庄鸭肠
探花鸡煲(高州店),https://www.dianping.com/shop/l9MyQr5bSwP4hEBL,47条评价,人均-,招牌鸡煲 金汤花胶鸡煲 竹笙猪肚鸡煲
顺德厨味,https://www.dianping.com/shop/l5F9gnPHCDSNykkf,33条评价,人均￥55,飘香蔬菜饼 酸菜鱼 特色豆腐
团团,https://www.dianping.com/shop/laE3BOaCHzG1kDkF,8条评价,人均-,杨枝甘露爆浆 水果脆皮泡芙 水果裸蛋糕
捞喜榴莲煲鸡(南湖店),https://www.dianping.com/shop/kaXtevGeOMbQ07av,37条评价,人均￥87,榴莲鸡煲 榴莲馅饼 榴莲肠粉
黎耀阳财神糖水铺,https://www.dianping.com/shop/l332X4jVSNOiwpzr,19条评价,人均￥14,招牌酸辣柠檬鸡爪 香芋黑米糯糖水 芒果拉丝麻薯
幸福西饼生日蛋糕(高州店),https://www.dianping.com/shop/EKxpcVQYHD7SoX1y,1o6条评价,人均-,榴芒双拼 心花怒放 烈焰莓莓
gaga coffee(永盛中心城店),https://www.dianping.com/shop/iygMR711RWZZZVk3,6条评价,人均-,皮蛋瘦肉粥 云慕拿铁 肠仔派
金水田螺,https://www.dianping.com/shop/k8kG1FnZ4XMzg19P,45条评价,人均￥24,田螺 海螺 鹅肠
蝦大大·油焖大师(二奶街店),https://www.dianping.com/shop/k78dqvcFidgtpqhq,8条评价,人均-,油焖小龙虾 油焖大闸蟹 油焖小青龙
喜樂ice,https://www.dianping.com/shop/kaSX8SnsMaKjqmnZ,4条评价,人均-,芒果噗噗冰 鸭掌 百香果柠檬茶
众味美食村,https://www.dianping.com/shop/l5UhdQN2DNKVOFyq,23条评价,人均￥72,竹笙灵芝豆腐 簸箕鲍肉鲫鱼 柠檬焗田鸭
渔乐码头烤鱼牛蛙晚饭餐厅,https://www.dianping.com/shop/G16zKa10s0iPw9T8,1o7条评价,人均-,紫苏牛蛙香锅 罗非鱼 麻辣小龙虾
沪上阿姨鲜果茶(高州府前路店),https://www.dianping.com/shop/jrXtcXlEu9f0XFjC,33条评价,人均-,血糯米奶茶 杨枝甘露清爽版 芝士草莓桃桃
东山羊庄(高州店),https://www.dianping.com/shop/GaBWyjsXIQY2z5w5,67条评价,人均￥65,羊肉火锅 羊肉饭 东山羊
正宗传统百年卢字号薯包籺,https://www.dianping.com/shop/l2MQzkBGBDkQSYPV,51条评价,人均￥8,卢字号薯包籺 薯包兴籺
