太公坊黑牛厨房·高青黑牛,https://www.dianping.com/shop/l10Mqx15omI1xWXJ,31条评价,人均-,鸳鸯大锅 肉眼肥牛 臻品上脑
崔老三黄河鲜鱼馆,https://www.dianping.com/shop/k743wgXYBqqr3DRi,28条评价,人均￥58,黄河鲤鱼 糖醋鲤鱼 炸河虾
沐锶汤泉大酒店·自助餐,https://www.dianping.com/shop/H2BXn7nK7DEJuXWT,953条评价,人均￥77,乌鸡汤 元宝虾 银耳羹
石坝村·重庆九宫格火锅(高青店),https://www.dianping.com/shop/k6yN9Mw5chddnh6T,2o4条评价,人均-,鸳鸯锅 四川苕粉 鲜鸭肠
半天妖烤鱼(高青华盛店),https://www.dianping.com/shop/k2oarArUmp3gJPds,918条评价,人均￥48,青花椒烤鱼 五常大米 大叉烤肉
小树林烧烤,https://www.dianping.com/shop/k1C90irLgWPopWRO,12条评价,人均-,猪肉串 小饼 酸辣土豆丝
食光里酒店(高青店),https://www.dianping.com/shop/H9VOuCIKFwvXsQpN,48条评价,人均-,糖醋里脊 海鲜疙瘩汤 糖醋小酥肉
如意捞番茄火锅(高青店),https://www.dianping.com/shop/l5tmdIxxeVHwCJLv,111条评价,人均-,金针菇 鱼豆腐 鲜鸭血
京城一锅老北京羊蝎子·董大憨羊肉火锅(高青店),https://www.dianping.com/shop/ibsBt4e2SvNy1DqE,234条评价,人均￥71,酸梅汤 科尔沁羔羊排 鲜豆腐
云外香水饺城,https://www.dianping.com/shop/Yclkp7QdSGQ3e2Ye,215条评价,人均￥37,胡萝卜肉饺 海鲜疙瘩汤 姜丝炸小鸡
吴记新四和菜馆,https://www.dianping.com/shop/H8fWt038XjWVvRAf,4条评价,人均-,
铜釜顺传统火锅(旗舰店),https://www.dianping.com/shop/Zz5L3V4IVl2oqmdj,167条评价,人均-,
肯德基(高青新华盛店),https://www.dianping.com/shop/H34rNSXSYTmEiDo0,12条评价,人均-,
人民公社食堂,https://www.dianping.com/shop/G5usAQVNvQvP6tAK,7条评价,人均-,
欧麦滋蛋糕花艺坊(芦湖小区店),https://www.dianping.com/shop/k66V91YZIghiMPM8,4o2条评价,人均￥7o,
高青县脸谱火锅店,https://www.dianping.com/shop/Ejawbcou6g9NqQCL,2o9条评价,人均-,海鲜蘸料 麻酱 猪肉卷
杨家大厨涮肉坊(高青店),https://www.dianping.com/shop/l6c28RzZqP0diCDc,393条评价,人均-,芝士玉米粒 招牌五花肉 韩式小烤肠
老知青饭庄(国井大道店),https://www.dianping.com/shop/FPdlnaXt9eMMdBFl,3条评价,人均-,辣椒炒肉 海鲜疙瘩汤 菠菜饼
李记湘府,https://www.dianping.com/shop/H7Rbu670KBDbPZf4,,人均-,双色鱼头 手撕腊鲢鱼 干锅鱼杂
野羊沟烧烤,https://www.dianping.com/shop/l21OrofoFsK1w8jZ,1条评价,人均-,羊肉串 烧茄子 烤面筋
太公坊高青黑牛,https://www.dianping.com/shop/G2hoG1vODvqXQoT5,9条评价,人均￥2o,
孟记汉江山韩式自助烤肉餐厅,https://www.dianping.com/shop/H2yeZGWAkggDYCKx,1o5条评价,人均-,
亚细亚美食城,https://www.dianping.com/shop/l7QsgTgrfDJ24VzU,7条评价,人均-,
高丽炭烤韩式烤肉,https://www.dianping.com/shop/G3nXAmbDf8wYhIcE,22o条评价,人均￥71,
迎宾馆自助餐,https://www.dianping.com/shop/kanK2k3St2mPBn95,3oo条评价,人均￥51,
八戒龙虾烧烤(高青店),https://www.dianping.com/shop/H7oI7m6rGfWXV7W4,2条评价,人均-,
Apero Lounge 酒廊,https://www.dianping.com/shop/k2Hu7Pd9nZgvrtuW,12条评价,人均-,
淄博赵一家烧烤(高青店),https://www.dianping.com/shop/H3Ty2YlhKd5YRJF3,56条评价,人均￥25,
湘南人民公社,https://www.dianping.com/shop/H3kY26snJ1079KwF,32条评价,人均￥29,
老街坊劈柴院,https://www.dianping.com/shop/k17YAasE8LiwbVkQ,1条评价,人均-,
双创园酒店-餐厅,https://www.dianping.com/shop/k4TgrPF2oHP1le7K,5条评价,人均-,黄豆 青椒炒肉 紫菜蛋花汤
骄龙豆捞(高青店),https://www.dianping.com/shop/lawQRwPpyvH4SOyq,331条评价,人均￥68,正宗羊肉串 羊肉卷 金针菇培根卷
再回首鲜鱼馆(官庄建材城店),https://www.dianping.com/shop/G4jeoPOLKxqI0JwW,48条评价,人均￥37,鱼头炖豆腐 炸鱼柳 糖醋鱼块
华莱士·全鸡汉堡(高青万悦城店),https://www.dianping.com/shop/H3aGNKtNQaN2MNz0,5条评价,人均-,香辣鸡腿堡 川味脆脆鸡小食餐 雨后兰花葡萄气泡饮A餐
七公江湖烧烤城(高苑路店),https://www.dianping.com/shop/l8fav2L0LnjtGAtF,5条评价,人均￥2o,烤精肉 猪肉五花 烤板筋
牛七天一碗牛肉汤,https://www.dianping.com/shop/k3F5Fcxfvk63HLVr,2条评价,人均-,牛肉汤 芝麻烧饼 牛腩豆腐
沾吴棣秘制火锅鸡,https://www.dianping.com/shop/i3zTJyCwD0QUx9ac,18条评价,人均-,金针菇 五全锅 羊血
黄河畔鲜鱼馆,https://www.dianping.com/shop/k5ZfJ1NRQ4ESc6TN,2条评价,人均-,红烧五花肉 酥炸黄花鱼 清炒扁豆丝
鼎香源火锅城,https://www.dianping.com/shop/G9xfk4EQjmPH1jTU,19条评价,人均-,手切羊肉 莲藕片 雪花优质
馨香物语(中心路店),https://www.dianping.com/shop/l4y1NMDAbzREmT4L,1282条评价,人均￥14,馨香物语蛋糕坊欧式水果蛋糕 美味蛋挞 馨香物语手撕包
名古屋蛋糕鲜花(金都花园店),https://www.dianping.com/shop/k6tkQl18dcT48CUA,1168条评价,人均￥31,蛋挞 水果蛋糕 淡奶水果卷
哈尼家(高青店),https://www.dianping.com/shop/l1Bl4c7kxS9tQ8vQ,1o3条评价,人均￥64,普通水果千层蛋糕 水果杯 水果班戟
渝香釜川渝火锅,https://www.dianping.com/shop/k4JrA1Umnv8jTgQt,8条评价,人均-,茼蒿 豆芽 柠檬凤爪
千乘食府,https://www.dianping.com/shop/l4RLeRs2uZcLNkWe,4o条评价,人均-,炒鱼 紫菜汤 黄金饼
石坝村·重庆九宫格火锅(高青二店),https://www.dianping.com/shop/k4n4fu3Wqs6PMhEm,65条评价,人均-,鸳鸯锅 鲜鸭肠 丸子拼盘
华夏海鲜饺子,https://www.dianping.com/shop/laeDwTRg7DoqqWWy,9条评价,人均-,毛血旺 西红柿疙瘩汤 盐水海捕大虾
牛有品 牛排披萨,https://www.dianping.com/shop/H5WZdC0tKDPlqmGZ,96条评价,人均-,果木烟熏牛排 阿伯特牛排 蒙特利西冷牛排
高青黑牛肉(远航牧场旗舰店),https://www.dianping.com/shop/l95P7gFxb9n7OZog,,人均-,
吉野家(高苑路店),https://www.dianping.com/shop/l55npj4bzie0mBK0,,人均-,
鲁蒙肉饼·糁汤,https://www.dianping.com/shop/G2MEYVy6O3iOWUZs,1条评价,人均-,牛肉萝卜饼 招牌猪肉饼 小白菜肉饼
黄河人家鱼馆,https://www.dianping.com/shop/k7iHP8kDC7LVKoCk,4条评价,人均-,
田横快餐(文化路店),https://www.dianping.com/shop/G6BLicrSnSUZEMlc,2条评价,人均-,
古湖畔羊肉馆,https://www.dianping.com/shop/l5wAwhHqVotyy8ao,9条评价,人均-,
半山妖特色全羊,https://www.dianping.com/shop/G7Pf9t8elO96vnL2,2条评价,人均-,
永和豆浆(中心路店),https://www.dianping.com/shop/G8mkjqksJLltx2aF,286条评价,人均￥15,
多味斋驴肉店,https://www.dianping.com/shop/l9mri8IUl1Ya8I5U,,人均-,
老张涮锅坊,https://www.dianping.com/shop/k675HtUXdikEYfZe,257条评价,人均￥54,
王记牛肉汤(文化路店),https://www.dianping.com/shop/H9vJ2QoA5Q1siEgE,2条评价,人均-,
刁四藤椒麻辣烫传承人(青城路店),https://www.dianping.com/shop/l8lrrwDUo42ngJKO,2条评价,人均-,
焦庄烧饼·牛肉汤(兰骏苑店),https://www.dianping.com/shop/k6nhsMn1S2y4gjHw,,人均-,
