黄六豆花(形象店),https://www.dianping.com/shop/k96dHnOqcgjmdMCq,318条评价,人均￥46,蘸酱 豆浆 豆花饭
西邮巷余三豆花饭,https://www.dianping.com/shop/H7IkTrbRrOojUYkF,55条评价,人均￥33,豆花 牛肉笼笼 烧白
楠火锅(富顺店),https://www.dianping.com/shop/k9yWqaTXRNJH140I,7o条评价,人均￥83,九宫格特色菜拼盘 火龙果鱼籽虾滑 西瓜挖球冰
古茗(富顺宏帆广场店),https://www.dianping.com/shop/H3Sbg0BMm1H11qF0,14条评价,人均-,超A芝士葡萄 超A芝士桃桃 布雷脆脆奶芙
李二豆花(黄桷树店),https://www.dianping.com/shop/G5nw40etMlS4LUhc,262条评价,人均￥33,素豆花 牛肉蒸笼 火爆双脆
土鄉土菜小江南,https://www.dianping.com/shop/H83L1leq3HbfFXN1,9条评价,人均-,甲鱼煲 港式烧鸭 海带鸭汤
麻辣时尚火锅(远达时代店),https://www.dianping.com/shop/H3tBpMWX6lLtXksz,727条评价,人均￥9o,雪花肥牛 手打虾滑 手掌毛肚
吉布鲁牛排海鲜自助(富顺千盛购物广场店),https://www.dianping.com/shop/HaohbSAh9CwHH4sK,312条评价,人均￥78,披萨 牛排 烤生毫
邓四喜社区火锅,https://www.dianping.com/shop/l4qeCcwhMd2p4L55,6条评价,人均-,油辣子苕皮 招牌四喜丸子 招牌双椒牛肉
西昌火盆烤肉(富顺店),https://www.dianping.com/shop/l8KK8Fo63VMjZgkk,26条评价,人均-,豪情五花肉 麻辣嫩牛肉 孜然羊肉
烤提督大圣烧烤·烤羊腿(富顺店),https://www.dianping.com/shop/l9De78D2DB6MY2yi,82条评价,人均-,鸭肠 豆皮 猪鼻筋
火盆小香猪,https://www.dianping.com/shop/H3jdBf8G23Eo5bTw,5条评价,人均-,美味鱿鱼 香辣嫩牛肉 拉罐百事可乐
1992儿时回忆的麻辣烫,https://www.dianping.com/shop/k8Bpa1Fow8mqxBcP,2o条评价,人均￥38,洋芋片片 宽粉 青笋尖
小猪查理川式自助烤肉(富顺店),https://www.dianping.com/shop/H66CsVDumth06IxN,166条评价,人均-,走地小猪肉 叉烧五花肉 霸王五花肉
北木南烤肉和酒(富顺店),https://www.dianping.com/shop/l5K5CS2hq0Aq26U6,117条评价,人均-,麻辣五花肉 黑椒牛排 浓香五花肉
西西里火锅店,https://www.dianping.com/shop/l9xI9Osq916KloaW,77条评价,人均-,现切吊龙 虾滑拼盘 脆嫩乌鱼片
卤校长老火锅(富顺店),https://www.dianping.com/shop/H5JX9mhusyCFGTxD,116条评价,人均￥84,辣卤耙鸡脚 辣卤耙肥肠 七大招牌现捞热卤
海棠夜食,https://www.dianping.com/shop/k2KAp1kL74Fnq0s9,31条评价,人均￥79,油炸麦粑 鱼蛋 脆脆螺
丁丁土鸡汤(西城店),https://www.dianping.com/shop/l5BMkomRrE3HAegK,9条评价,人均-,鲜菌土鸡汤 香酥平菇 鸡肉饺子
鲁班烤肉(富顺宏帆广场店),https://www.dianping.com/shop/F6e8lj0tB6HOJKlx,45条评价,人均-,秘制招牌五花肉 秘制招牌牛肉 秘制鸡腿肉
潮牛来席•潮汕牛肉火锅(时代广场店),https://www.dianping.com/shop/H62vwIBojCuaxtjG,155条评价,人均-,吊龙肉 牛肉手工抄手 熟牛腩肉
奥缔尔牛排海鲜烤肉自助(宏帆广场店),https://www.dianping.com/shop/G8I0crVgSrmSyJuY,126条评价,人均-,糯米酒 牛排 麻辣牛肉
ATén0cfee 亦十林啡,https://www.dianping.com/shop/jclH2ERD4MCTfuSW,,人均-,生椰拿铁 经典美式 桂花生椰拿铁
海棠牛肉串,https://www.dianping.com/shop/H8IuQdMWcPTkh2oO,12条评价,人均-,牛肉串 鼻筋 大排骨
冰咖啡,https://www.dianping.com/shop/H3WUj9lSQaR2uQbE,16条评价,人均-,绿豆沙 凉面 干拌抄手
雷三豆花,https://www.dianping.com/shop/k6UTs6m0BDHmkHAQ,8o条评价,人均￥39,富顺豆花 豆花沾碟 家乡烧白
胡三豆花,https://www.dianping.com/shop/G3kEsGv62MnQp4WK,68条评价,人均￥3o,豆花 腰花 兔肚
桶桶兔,https://www.dianping.com/shop/Ebv5H4JP929OVqrf,1条评价,人均-,
世臻和平饭店,https://www.dianping.com/shop/l293DOZ8Qo2ltH3z,31条评价,人均-,凉片 千天百味游龙鳝丝 红烧肉
星座的传说烘焙(富顺店),https://www.dianping.com/shop/k9GddFd8L5xBPoTe,96条评价,人均-,蓝莓诱惑A款 巧克力熔岩蛋糕 新品迷你彩虹蛋糕甜品
红高粱土菜馆(银杏北路店),https://www.dianping.com/shop/k2uGmLZipjYOCYcR,42条评价,人均￥5o,火爆兔肚 一品糟香南瓜 小煎排骨
九街淑芬掌中宝串串,https://www.dianping.com/shop/G3A50wO2HNJbnGhQ,217条评价,人均￥77,掌中宝 泡椒肥肠 椰子冰汤团
蚝宅,https://www.dianping.com/shop/Fh2oB905rwkeMlYy,4o条评价,人均-,单人自助生蚝 火辣龙虾 排骨
大口大口重庆老火锅,https://www.dianping.com/shop/k3ilsTKOoSfF5jHs,15条评价,人均-,鸭肠 鲜毛肚 精选锅
蜀大侠(富顺体育馆店),https://www.dianping.com/shop/jjZihpC1oPnvH2gF,172条评价,人均￥86,花千骨 贵妃牛肉 雪花肥牛
云南米线(盐井街店),https://www.dianping.com/shop/k8UtCBCfKGbKyZKQ,5条评价,人均￥21,麻辣牛肉米线 三鲜砂锅米线 生椒牛肉米线
大福顺烧烤,https://www.dianping.com/shop/FWCpCUyaXgntFBKJ,1条评价,人均-,
威尼斯庄园,https://www.dianping.com/shop/H5dLBqD5xoLRUgWq,19条评价,人均￥127,庄园绵秀龙虾 水煮肉片 私房鸭舌
何口味,https://www.dianping.com/shop/l9vDeMIyO8R7zAeA,2条评价,人均-,
蜜思甜,https://www.dianping.com/shop/H5gm3vL1NmpuCfY7,192条评价,人均￥96,榴莲千层 水果芋圆 爆浆芝士
小薇薇西昌自助烤肉(富顺店),https://www.dianping.com/shop/G8KHCuS95QHC45ib,18条评价,人均-,生菜包肉 烤肉 蒜香猪排
第一家西湖牛肉串,https://www.dianping.com/shop/k8rIpE5qAGL7PgLc,1o条评价,人均-,牛肉串 鸡爪 无头虾
兰兰夜宵,https://www.dianping.com/shop/l1OKHyErJgQCzOWY,7条评价,人均-,特色龙虾 精品鱼头 回锅肉
陈家巷火锅馆(富顺店),https://www.dianping.com/shop/H1UXp4TW6FrCtjfW,61条评价,人均￥7o,鲜鸭肠 麻辣牛肉 屠场鲜毛肚
十里香美蛙鱼头自助火锅,https://www.dianping.com/shop/l2e4KrEML69E764T,5条评价,人均-,
陈记良品轩,https://www.dianping.com/shop/G1lXJIifDQJ2KJkn,21条评价,人均￥8,糍粑凉糕 招牌糍粑冰粉 玫瑰糍粑冰粉
芭夯兔(西城国际店),https://www.dianping.com/shop/H5KSUa6non7tuwuA,144条评价,人均￥7o,珍菌锅芭夯兔 芭夯兔 味碟
好望角碳火烤肉(远达时代广场店),https://www.dianping.com/shop/la25Y3F2wyPqWjXG,34o条评价,人均￥1oo,牛肉蘑菇伴饭 红酒五花肉 瓦罐猪排
鼎尚自助火锅(富顺宏帆店),https://www.dianping.com/shop/GaXHrauWnUAMHGTD,36条评价,人均-,鲜鸭肠 麻辣牛肉 屠场鲜毛肚
巴黎甜甜轻奢蛋糕(富顺大转盘店),https://www.dianping.com/shop/G48OKgHvT50Kd7u5,66条评价,人均-,今晚吃鸡 经典红丝绒 草莓塔蛋糕
新高峰羊肉馆,https://www.dianping.com/shop/jYRKtN4m1CubX7ZR,23条评价,人均￥47,羊肉汤 烫羊肉 泡菜
乡村基(自贡富顺餐厅店),https://www.dianping.com/shop/G1ePmU2Jm7YVPe90,186条评价,人均-,秘制烤鸡排拌饭 新版肉沫茄子拼盘套饭 小炒黄牛肉滑蛋饭
洪杨杨厨鲜锅,https://www.dianping.com/shop/HamKCAtbXPC0t5pl,17条评价,人均-,鲜锅兔 麻辣鱼 仔姜田鸡
醉乡音,https://www.dianping.com/shop/k1yvGuzMm0wNTnel,12条评价,人均-,葱葱鲫鱼 干煸四季豆 烧椒皮蛋
西湖郭记牛肉串,https://www.dianping.com/shop/jIa1ybmeQPY0CZss,4条评价,人均-,鲜牛肉串 猪鼻筋
三三干锅,https://www.dianping.com/shop/l7bGEWKbJiFnoN7r,12条评价,人均-,
小留芬(西城店),https://www.dianping.com/shop/k3ltuUhvo6jnWIzk,4条评价,人均-,
鱼当道霸王酱烤鱼(富顺店),https://www.dianping.com/shop/l2F52LODvsex7Tv3,15条评价,人均-,
可可同学私房蛋糕(富顺店),https://www.dianping.com/shop/HakzXSw4aDGbb3di,13条评价,人均-,
大丰收九宫格火锅(西城壹号分店),https://www.dianping.com/shop/G8pS4IodmqUsByTX,14条评价,人均-,
