洛河川腌肉(甘泉店),https://www.dianping.com/shop/H636ga006B5ob4Dv,8o条评价,人均￥35,爆炒咸肉纯瘦 小白菜炖洋芋 米汤
老党家羊肉荞面饸饹馆,https://www.dianping.com/shop/H7RqStuLdfxPyLJr,57条评价,人均￥45,爆炒羊杂 陕北炖羊肉 甘泉豆腐干
紫藤园(甘泉店),https://www.dianping.com/shop/k2B6vzM9x7b1nAlK,4o条评价,人均￥42,小豆芽炒肉 烙饼 酱肘片
瓦窑沟马记老字号炝锅面(甘泉店),https://www.dianping.com/shop/k8osHLt2xl8nuEYe,9条评价,人均-,炝锅面 甘泉豆腐干 小豆芽面筋
甘泉庄记总店,https://www.dianping.com/shop/EzQX2Kvghllecq7N,5条评价,人均-,香菇面 金汤酸菜鱼 海皇粉丝煲
清涧粉汤烙饼一绝(甘泉店),https://www.dianping.com/shop/jxtohw39gbFxHh3a,18条评价,人均-,羊肉粉汤 手撕饼 素粉汤
闯闯烧烤庄记炝锅面,https://www.dianping.com/shop/k4b86Yq1xBJXG3dU,3条评价,人均-,面条 鸡翅 羊肉串
成都柴火鸡(甘泉店),https://www.dianping.com/shop/l7hFg0Qcr7BwnFvE,21条评价,人均￥37,金针菇 排骨 草鱼
米婆婆粥铺,https://www.dianping.com/shop/G4hOq5ReEgxfeqYR,1条评价,人均-,香酥牛肉馅饼 纯手工酸辣粉 五彩田园蔬菜粥
沈记饺子轩(甘泉店),https://www.dianping.com/shop/Fpt4pl0hCbh7Kogj,75条评价,人均￥15,纯肉大葱饺子 萝卜肉 芹菜肉
立祖麻辣肝盖面(甘泉店),https://www.dianping.com/shop/l2Sxln0cQbwByhMg,27条评价,人均￥15,麻辣肝盖米饭 麻辣肝盖面 麻辣肝夹饼
正新鸡排(甘泉店),https://www.dianping.com/shop/l6UYVT8BBplbRmrb,16条评价,人均￥14,正新鸡排 酸梅汁（赠） 猪肉
凸凸擀面皮,https://www.dianping.com/shop/H3G2Cphd8iIWSLOF,3条评价,人均-,烙面皮 肉夹馍 香肠
安旗蛋糕店(中心街店),https://www.dianping.com/shop/k2HN2dtSLdDQRyM1,,人均-,儿童网红蛋糕 奥特曼打小怪兽蛋糕 小蛋糕
军军碗肉,https://www.dianping.com/shop/k3hXCpo4j3ibDXvD,,人均-,小白菜烧洋芋 军军肘子肉 鸡蛋冲冲
劳山老婆面皮店(南关店),https://www.dianping.com/shop/E8wsUyHjQHJ9M0D8,1条评价,人均-,擀面皮 烙面皮 茶叶蛋
老李家腌肉馆,https://www.dianping.com/shop/l4wI8fls7xXYqyaa,,人均-,西湖牛肉羹 椒盐花生 烧油麦菜
川香缘延长烤肉,https://www.dianping.com/shop/G9GNqqCDS4r4OKrH,,人均-,
雄雄焖锅碗肉(甘泉店),https://www.dianping.com/shop/k7UIOAFpsrXZmJ8m,12条评价,人均-,焖锅排骨猪蹄送6个小菜 土豆 豆腐
甘泉二中烧烤,https://www.dianping.com/shop/l2SgY4TlbJC6n08U,,人均-,炸拉丝棒 炸洋葱圈 炸金丝卷馒头
鱼你在一起(甘泉店),https://www.dianping.com/shop/l3yUPViz0NsU2sFq,2条评价,人均-,米饭 番茄 老坛酸菜鱼
螺蛳粉(甘泉店),https://www.dianping.com/shop/l6DYCnIogbfFqHif,,人均-,
马老幺市井鲜火锅(甘泉分店),https://www.dianping.com/shop/G1QDfsdb4giiT80w,2条评价,人均-,极品鸭肠 特色牛油鸳鸯锅 宽粉
陕北人家,https://www.dianping.com/shop/k6ZHrTcxbNYtOZWp,1条评价,人均-,
阿姨奶茶专卖(甘泉县中学店),https://www.dianping.com/shop/k1iUiKknI5H0LMQP,1条评价,人均-,红豆血糯米奶茶 栗子波波 烤香肠
黄记炝荞面(甘泉店),https://www.dianping.com/shop/H2yrMa5svT0KbiIO,4条评价,人均-,风干羊肉剁荞面 香菇面 甘泉特色面食炝荞面
华莱士(延安甘泉店),https://www.dianping.com/shop/H29ttlvKhnjSN4sV,38条评价,人均-,香辣鸡腿堡 牛气冲天堡 韩式炸鸡桶
永惠德京味铜锅涮肉,https://www.dianping.com/shop/iKjT2lZELRmxy7Nx,1条评价,人均-,清汤炭火锅 苏尼特羔羊肉 小料
迈德思客(甘泉长青店),https://www.dianping.com/shop/HasfNCo4ys6J7Cri,127条评价,人均￥19,香辣鸡腿堡 新奥尔良烤鸡腿堡 鸡米花
兄弟烧烤(美水路),https://www.dianping.com/shop/H1ll1tjQbQbhncB0,,人均-,
有家有味饺子馆,https://www.dianping.com/shop/l2rYGa4ZzglQzMya,,人均-,韭菜大肉 韭菜鸡蛋 芹菜大肉
延安风味香肉夹饼,https://www.dianping.com/shop/H71TKFJPjTDUPKmO,,人均-,杏仁金针菇 韭菜土豆片 烧茄子
四季红面皮店(长青路店),https://www.dianping.com/shop/k3783ODuFKqL4lxD,,人均-,小米粥 米线 擀面皮
李想大虾,https://www.dianping.com/shop/kaBw2yl2LFqnAKiq,,人均-,赠半斤虾 青岛金麦白啤 农家大拌菜
大兴美食城,https://www.dianping.com/shop/H5rpakz4LyFA1S7n,28条评价,人均￥45,韭菜鸡蛋 葱爆羊肉 干锅土豆片
丁志军麻辣肝盖面(甘泉总店),https://www.dianping.com/shop/H8cCa1lG1i8ueJif,1条评价,人均-,麻辣肝盖面 中份凉菜
香蕉蛋糕(甘泉店),https://www.dianping.com/shop/EueLtjQAjJs2LROY,51条评价,人均-,鲜果时光 芭比之天鹅公主 水果拼盘
陕北特色美食(甘泉店),https://www.dianping.com/shop/k9AZUPJP0F77s0SJ,9条评价,人均-,饸饹面 麻辣牛肉 红烧排骨
康利来蛋糕店(甘泉分店),https://www.dianping.com/shop/l4c71uyKC2hfxPs5,2条评价,人均￥1o,水果 水果蛋糕 披萨面包
东北灶台宴,https://www.dianping.com/shop/G6nfzDJgOoze6rGV,5条评价,人均-,
川西豆皮涮牛肚(甘泉店),https://www.dianping.com/shop/l1hpb5Wsyo57PnK3,2条评价,人均￥46,牛肚 豆皮
志丹擀面皮(美水路店),https://www.dianping.com/shop/G55wrD7Aua2PWuH2,,人均-,菜夹馍 麻辣肝碗饦 宽粉砂锅
李飞南泥湾香菇面(西门坪店),https://www.dianping.com/shop/FLwuvcPRlCsBMLRd,,人均-,小炒肉盖米饭 凉拌猪肝 凉拌豆干
老何家羊肉驴肉面,https://www.dianping.com/shop/G9r2YNKUK9kqKbtt,4条评价,人均-,粉汤羊血 干烧老豆腐 清炒青菜
蜜雪冰城(中心街店),https://www.dianping.com/shop/H6I2ubTFEACp2kPo,1条评价,人均-,燕麦奶茶 外婆烧仙草 红豆奶茶
米悦烘焙(甘泉店),https://www.dianping.com/shop/k2VIr3A4QJkt87jF,7条评价,人均-,芒果乐园 草莓E派 儿童蛋糕
李记陕北粗粮擦面,https://www.dianping.com/shop/G8YuwtOOxKdHo83j,4条评价,人均-,粗粮面
蜜雪冰城(太皇山店),https://www.dianping.com/shop/k7FcWJZc8GZwehuo,1条评价,人均-,摩卡摇摇奶昔 招牌柠檬汁 草莓啵啵
宝发绝味炒饭(万家灯火店),https://www.dianping.com/shop/G5pI1UlRlvhqxz5I,,人均-,炒饼 西红柿鸡蛋拌汤 鸡蛋炒麻食
九州八拖二(甘泉店),https://www.dianping.com/shop/k5rMJrSfUZ9TV3BR,4条评价,人均-,土豆片 鱿鱼 莲藕
上上签牛肉串串(迎宾路店),https://www.dianping.com/shop/G8RgMnf5S7E2qc9Z,,人均-,
王军包子分店,https://www.dianping.com/shop/l9VOLW0FhTdF5g5Z,1条评价,人均-,
Mr.Cake创意甜品,https://www.dianping.com/shop/k5EuN7gnptGeG0pA,,人均-,雪媚娘 抹茶千层 蛋糕卷
鼎德香自助火锅(迎宾路店),https://www.dianping.com/shop/k8ByVfMveGALrcoh,7条评价,人均-,
陕北风干羊肉剁荞面,https://www.dianping.com/shop/k9WN9feedLFmnADf,3条评价,人均-,羊肉揪面片 风干羊肉剁荞面 泡菜
魏阿婆罐罐饺子(北关街总店),https://www.dianping.com/shop/k7z2VJ6TYwmvdtiT,12条评价,人均-,炒面 汤面 猪头肉
牛牛腌肉馆(甘泉店),https://www.dianping.com/shop/G6pkfcTOTiAQQZgO,8条评价,人均￥33,干豆角腌猪肉 酸菜腌猪肉 炒腌肉
阿东千里香馄饨包子城,https://www.dianping.com/shop/l8ac9devzUoiRNBt,,人均-,
平价川菜,https://www.dianping.com/shop/k3APcvw3bqW5lIwp,1条评价,人均-,
食尚酒家,https://www.dianping.com/shop/G87uTPT9WBCCuias,,人均-,蒜蓉小龙虾 蒜片乳瓜 麻辣炒虾尾
