一尺花园(高平店),https://www.dianping.com/shop/k8Yi8QnxHKDJI2Ez,24条评价,人均￥84,拿铁 花园炸薯条 花园秘制烤鸡翅
台湾古早料理,https://www.dianping.com/shop/H5W3AeNayOKfZXCn,14条评价,人均-,三杯鸡 贡丸子汤 菜脯蛋
廣順興(高平店),https://www.dianping.com/shop/G9IvyXXyOER8lvyy,7条评价,人均-,弹脆熟猪肚 白切鸡 蟹足柳
翠岭高平十大碗,https://www.dianping.com/shop/G4hTVfQPz5KJyWU0,59条评价,人均￥83,翠岭头道菜 黄牛肉 土豆丝煎饼
郭氏高平十大碗,https://www.dianping.com/shop/H9sYdb36PQqnJCr9,44条评价,人均-,核桃肉 鱿鱼汤 肠子汤
武松家(高平店),https://www.dianping.com/shop/l1ItgQzwDp8HzsMb,45条评价,人均-,紫苏牛蛙锅 酱香牛蛙锅 蒜香牛蛙锅
竹犇番茄火锅(高平店),https://www.dianping.com/shop/H7RM1VWPIktzRLD8,4o8条评价,人均￥63,日光番茄汤 竹犇肥牛 臻选脆弹毛肚
蜀栈毛肚火锅(高平店),https://www.dianping.com/shop/kaV8w1ciYvpdnAnY,116条评价,人均￥63,蜀栈毛肚 蜀栈小酥肉 红糖滋粑
晋京涮肉,https://www.dianping.com/shop/k4JEzj2U5f2UArbj,13o条评价,人均-,内蒙羔羊肉 无刺巴沙鱼 陵川牛肉丸
顺祥茶楼(建设南路店),https://www.dianping.com/shop/G14ZENfAdWLbOYG7,23条评价,人均￥39,酸菜龙利鱼 烤全羊 土包叫花鸡
德克士(高平二店),https://www.dianping.com/shop/G7jiB06EKIxnB60v,363条评价,人均￥3o,超级鸡腿堡 咖喱脆皮鸡饭 薯条
食其乐海鲜牛排自助餐厅(高平店),https://www.dianping.com/shop/l6JnfPBpFzcK1COT,7oo条评价,人均￥54,牛排 海鲜炒饭 水果沙拉
倔东家炭火烤肉(高平店),https://www.dianping.com/shop/H1n21rAq5HcVc9qr,154条评价,人均-,芝士玉米粒 玉米饼 蒜汁肥牛
南山居铜火锅,https://www.dianping.com/shop/G4Nevt5P38e8EzfD,125条评价,人均-,臻尊肥牛 雪花培根 寿司蟹棒
蜀宴,https://www.dianping.com/shop/l4vASiFVJcZW09aO,13条评价,人均-,富贵海黄鲍 古驿来风鱼 红焖甲鱼
醉麻辣(高平店),https://www.dianping.com/shop/H8JdcvlwCXh8Fp87,4条评价,人均-,麻辣虾尾 剁椒肉丝蛋炒饭 招牌臭豆腐
焖锅部落(焖锅部落高平店),https://www.dianping.com/shop/H3ar9gPq64Mlufr4,138条评价,人均-,龙利鱼 金针菇 特色肥牛
一九家黑牛烤肉料理店,https://www.dianping.com/shop/H7x15KgUhPmQ4Ulz,24条评价,人均-,照烧鸡腿饭 黑牛牡蛎肉 石锅牛肉拌饭
漫樱川町日料居酒屋,https://www.dianping.com/shop/G8fNFyd09La1Znx4,35条评价,人均￥72,蟹肉酥虾卷 炒乌冬面 鳗鱼饭
东北农家木火铁锅炖鱼村(高平店),https://www.dianping.com/shop/k7wwPWFJWukadj9O,16条评价,人均-,东北贴饼子 嘎鱼 多种鱼炖锅
辣客老灶火锅,https://www.dianping.com/shop/k5g3D6ZyidcRP7Yc,359条评价,人均-,特色嫩牛肉 麻辣牛肉 手工虾滑雪
小龙坎火锅(高平店),https://www.dianping.com/shop/k5GmhZMAWQ1dlXra,13o条评价,人均￥76,精品虾滑 红糖糍粑 龙哥牛肉
太洛酒家(高平店),https://www.dianping.com/shop/l1WjCT2TwqPOy6z2,18条评价,人均￥36,石锅凉粉 京酱肉丝 醋泡花生
拉风牛骨头火锅(高平店),https://www.dianping.com/shop/j1XTaJ9i65pHefPQ,7o条评价,人均￥11,拉风牛骨头 牛肉丸 水晶粉
云南石锅鱼养生餐厅(新建北路店),https://www.dianping.com/shop/EH0uEQySDVltr0du,45条评价,人均-,鱼汤 姜汁松花蛋 老油条
耐斯螺蛳粉火锅,https://www.dianping.com/shop/G9cK6QXUfXlyKVnG,,人均-,秘制午餐肉螺蛳粉 软糯肥肠 香脆花生
丰汇源自助烤肉,https://www.dianping.com/shop/H5JOxyHkXHdw7MZD,4o8条评价,人均-,北极甜虾 水果寿司 火锅串串
7石咕噜鱼,https://www.dianping.com/shop/k9AfbFw9WwaSvrMl,3条评价,人均-,肥牛 黑鱼 梭边鱼
潞咖啡,https://www.dianping.com/shop/HaRdxhkvdfhOUmHS,4条评价,人均-,咖啡
邓氏酱骨头自助火锅,https://www.dianping.com/shop/G6VExDe8P1Hnmupo,5条评价,人均-,邓氏酱骨头 邓氏酱骨头麻辣味 邓氏烤骨头
洛可可蛋糕店(高平店),https://www.dianping.com/shop/G3z1I68YvB9uteTj,95条评价,人均-,加油鸭 唯美满天星芭蕾女孩 森系布朗熊可妮兔
羊蝎子老城一锅,https://www.dianping.com/shop/k3E4xETZ13Ofv0BO,5条评价,人均-,羊尾蝎子小锅 香辣虾 羊蝎子特锅
宇民火锅,https://www.dianping.com/shop/k4DTJq0UePsMTAry,2条评价,人均-,面筋 豆衣卷 豆腐串
神农家宴,https://www.dianping.com/shop/l4InhoPthMHujjZK,19条评价,人均￥69,天鹅蛋 软米饭 地锅排骨
品意德北京烤鸭(丹河路店),https://www.dianping.com/shop/FFU0xaw6a1N4CIwn,1oo3条评价,人均￥2o,品意德北京烤鸭 一套烤鸭 椒盐鸭架
四川菜馆(泫氏东街店),https://www.dianping.com/shop/k21jLvyZRTmERUHR,39条评价,人均￥25,辣子鸡 麻辣豆腐 毛血旺
槐店王婆大虾(建设南路店),https://www.dianping.com/shop/l2qRNSZfrL0CMpTL,2o22条评价,人均￥66,王婆大虾 芋头粉 香辣虾
金顶鲜宁夏羊排(高平店),https://www.dianping.com/shop/l60sCdmbF6BADcOc,1o6条评价,人均-,宁夏羊排 宁夏鸡翅虾 精品羊排虾
草原人碳烤羊腿·羊蝎子火锅,https://www.dianping.com/shop/G2RwcuxC7OcE3QAx,4条评价,人均-,牛油辣番茄鸳鸯锅 果啤 羊蝎子
蹭饭韩国料理,https://www.dianping.com/shop/EuyOzdNrUi3pLVOR,4条评价,人均-,韩式炸酱面 炒年糕炸紫菜卷 韩式拌饭
开口乐(百货大楼店),https://www.dianping.com/shop/l7FJwc2Fkqp33CJL,198条评价,人均￥4o,
内蒙古草原往事•冰煮羊火锅,https://www.dianping.com/shop/G9Qc1njAOdTZxkfA,15条评价,人均-,
红玫瑰香辣蟹火锅城,https://www.dianping.com/shop/k6tFHgGaDyiHiEJ4,49条评价,人均￥4o,
谷丰大源地酒楼,https://www.dianping.com/shop/Ek5XGd4y6ctm17bb,8条评价,人均-,
米山大食堂,https://www.dianping.com/shop/EnjTymUZjcJr6qXy,32条评价,人均￥29,
乐乐炒炉面,https://www.dianping.com/shop/H7XPsaYyxGL9fgzL,13条评价,人均￥18,豆角炒炉面 老酸菜炉面 鱼香肉丝盖饭
签年时光火锅串串香,https://www.dianping.com/shop/G1mJCVUzkPCBSR6i,4条评价,人均-,秘制土豆 酸奶糍粑 爆浆红糖糍粑
二当家市井火锅,https://www.dianping.com/shop/k3mv68BDuqWekzvX,61条评价,人均-,红糖糍粑 番茄鸳鸯锅 竹笋
旋转自助小火锅(建设北路店),https://www.dianping.com/shop/GaatUE4wt9y9Jegr,,人均-,
蛋糕·爱花缘,https://www.dianping.com/shop/k6DiGz9EYHoW4Ou2,47条评价,人均-,天使 蛋糕网红款 皇冠动物奶油蛋糕
干锅牛肉,https://www.dianping.com/shop/H90YVJCszaScFikc,1274条评价,人均￥27,干锅牛肉 金针菇 豆腐皮
山葵烤肉酒场,https://www.dianping.com/shop/H8vPv7skDmw6Vc4T,,人均-,
贤合庄卤味火锅(长平东街店),https://www.dianping.com/shop/l51ny8C258jj6bVL,57条评价,人均￥72,贤家酥肉 冰粉 辣卤牛杂
李记北莊羊汤(赵庄桥店),https://www.dianping.com/shop/H7Vpzr0i0u4axLC5,281条评价,人均￥2o,羊杂汤 羊杂方便面 葱花饼
宁夏滩羊泉水涮肉,https://www.dianping.com/shop/H4hEm1xaWVmeN5Nb,,人均-,
巷子里(韩餐·糖水·小生活·高平店),https://www.dianping.com/shop/l75LoUKiNLSe0D8y,25条评价,人均-,雪花炸鸡 海苔金枪鱼拌饭 传统部队火锅
高平十大碗(赵庄店),https://www.dianping.com/shop/iiaYpx0ikTLdFXOY,3条评价,人均￥18,肠子汤 鱼香肉丝盖饭 回锅肉盖饭
自留地(高平店),https://www.dianping.com/shop/G97FdoBoBlqMJcsR,7条评价,人均-,农家猪肉炒粉皮 鸡丝冷面 西兰花
蜀栈重庆火锅,https://www.dianping.com/shop/laEYrIJv93FGe5CL,35条评价,人均-,豆腐 馒头 毛肚
翘暖暖炭火烤肉(高平店),https://www.dianping.com/shop/k6TIsuw30yQcLECA,75条评价,人均-,绿茶 秘制带骨牛排 椰蓉大幅
