眼哥新鲜烤鱼,https://www.dianping.com/shop/H8gGkPgr8rTEjEfJ,34条评价,人均￥2o,烤鱼 酸菜粉丝素汤 酸菜鱼汤
发洛烤猪儿肉,https://www.dianping.com/shop/l8Kjn6Rx3xkNe5aE,1条评价,人均-,
肖家烤猪肉,https://www.dianping.com/shop/l5L1b0w7fGcbAnoM,5条评价,人均-,烤小猪肉 烤猪儿肉 鸡翅
锦中苑人民食堂,https://www.dianping.com/shop/GaE4GT2jK0tRchmI,5条评价,人均-,炒莴笋 大蒜烧肚条 虎皮尖椒
五里关火锅(甘洛店),https://www.dianping.com/shop/l55UhYWjXCFEHnfm,7条评价,人均-,极品肥牛 屠场毛肚 鲜卤肥肠
两江红精致火锅,https://www.dianping.com/shop/l8a8NRTTKKpISSrv,,人均-,鸳鸯锅 黄喉 鸭舌
小城大厨,https://www.dianping.com/shop/l6GCW9zV3q4Vlys6,,人均-,干煸土豆丝 鸡脚 江油卤肥肠
大爆炸炸洋芋,https://www.dianping.com/shop/ka011rqwMbH9KvLD,4条评价,人均-,洋芋坨坨 狼牙土豆 洋芋片片
彝家楼,https://www.dianping.com/shop/k41G6i6wZ11ecTKf,2条评价,人均-,烤土豆
红运铁板烧,https://www.dianping.com/shop/G5zGA1TRkfKhahMZ,1条评价,人均-,烤肥肠 干碟
吉尼蛋糕,https://www.dianping.com/shop/H6HYVRxCvDzfK5IT,,人均-,小夹心奶油水果蛋糕 蛋挞 瑞士卷巧克力味
好又来蛋糕店(团结南街店),https://www.dianping.com/shop/H6m17Ab5U16jfyny,5条评价,人均-,经典巧克力鲜果蛋糕 ins风系列 巴黎之恋
蚝时光烤吧,https://www.dianping.com/shop/Eu9857Md7CBfwTiS,,人均-,生蚝 掌中宝 无骨鸭掌
天麻火腿鸡火锅(团结南街店),https://www.dianping.com/shop/l6hcJ77NTeB6yV3a,,人均-,猪脑 鸳鸯锅 黄喉
甘洛农贸市场,https://www.dianping.com/shop/l2zYJwieWW5TOMCl,4条评价,人均-,渣渣面
七喜火锅店,https://www.dianping.com/shop/k6Pb7GnFAQmZQ6Xf,,人均-,炸鲜奶 蛋炒饭 小珺柑
麦香村,https://www.dianping.com/shop/H68YlNtDZSEa6QGQ,,人均-,双层布朗熊 草芒之恋生日蛋糕 双层网红大吉大利
肖记鲜椒肥肠鱼,https://www.dianping.com/shop/GaXiDFpLWjZXWxM7,1条评价,人均-,酥肉 红锅肥肠鱼
金龙火锅(团结南街店),https://www.dianping.com/shop/H5Z7HydEFSn7E1Im,,人均-,午餐肉 鸭舌 红糖糍粑
王蹄花土菜馆,https://www.dianping.com/shop/GaNRTWEVpvIiJg6v,3条评价,人均-,清炒油麦菜 烤猪蹄 肉沫清蒸蛋
彩云榨榨面,https://www.dianping.com/shop/k3gSAi2Md16fN1sp,2条评价,人均-,
石棉慧姐烧烤,https://www.dianping.com/shop/l8yxg6wDGSiWvyAQ,,人均-,
棒棒香小食店,https://www.dianping.com/shop/l5psWAMHBR0Z3BCF,,人均-,
一根爱串串香,https://www.dianping.com/shop/G8cJ1uhNdz41EsWZ,,人均-,
茶屿水果茶(凉山州甘洛县店),https://www.dianping.com/shop/G1xlaZaUCRWiKdHy,3条评价,人均-,
美食弯炸洋芋,https://www.dianping.com/shop/l7guEswp9lgY8561,1条评价,人均-,
清香园牛羊杂粉,https://www.dianping.com/shop/GaXEiWgy4hgk9yfd,2条评价,人均-,
王府私房菜,https://www.dianping.com/shop/k7tcxDgKZFULPX9w,1条评价,人均-,
李小妖酒吧,https://www.dianping.com/shop/jLoZ52EheaD6TUiw,,人均-,
堂客(甘洛步行街),https://www.dianping.com/shop/G4RmiKlRSvY9GY3B,,人均-,
美蛙渔府(甘洛店),https://www.dianping.com/shop/H8PA6TL6gLbMz9au,,人均-,
海燕兴隆饭店,https://www.dianping.com/shop/jaHLGpFCG5hnvxQc,,人均-,
李老二卤肉,https://www.dianping.com/shop/k55HOE4TzAZDMlBG,,人均-,
二妹小黄鱼,https://www.dianping.com/shop/H8Q1MyhapykyoOIe,,人均-,烤鸡脚 网红卤甲鱼 菌肝
付淑芳小吃,https://www.dianping.com/shop/G6LXSykSUk1jER2X,1条评价,人均-,
蜀九苑火锅,https://www.dianping.com/shop/k9f4oImltnCnEGC9,6条评价,人均-,极品大刀毛肚 嫩牛肉 牛油鸳鸯锅
德克思休闲餐厅,https://www.dianping.com/shop/kaHzYfSp2cse3CiE,,人均-,
顺兴茶府(时代广场店),https://www.dianping.com/shop/ka7AUOFVNqp9LGsO,,人均-,
尔桑家,https://www.dianping.com/shop/H1LxjKLXvVBRgEnF,,人均-,意式香肠 白雪芒果黑糯米 意式香肠意面
周记正宗牛肉馆,https://www.dianping.com/shop/laKlKXu2vaKw2Dum,4条评价,人均-,卤牛肉 牛排 鸿运当头
石棉火焰烧烤,https://www.dianping.com/shop/G1RF8uro5MwwZCW7,2条评价,人均-,花生米 五花肉
殷式小吃,https://www.dianping.com/shop/k5DRr8QEWs4uioMn,,人均-,肥肠米粉 盐蛋 小笼包子
玉笼轩2 担担面,https://www.dianping.com/shop/G6BWEEAlnG3diBOb,,人均-,
脆皮五花,https://www.dianping.com/shop/H68I8f2BuymjsuZW,,人均-,脆皮五花 可乐
84炭烤,https://www.dianping.com/shop/iRLma83lNLDzCGRV,,人均-,
福来客老鸭粉,https://www.dianping.com/shop/H3P7RuVRgchaeuAC,,人均-,
三千烤鱼,https://www.dianping.com/shop/l1xcRUPJNfLlzfdr,,人均-,
养生菌滋味重庆香辣肥肠鸡(甘洛店),https://www.dianping.com/shop/k9MtKGHWpB6grtZZ,,人均-,猪脑 小酥肉 黄喉
酿九八德式精酿鲜啤,https://www.dianping.com/shop/l3MrEIdFhwv0aHZq,,人均-,
紫宴酒楼,https://www.dianping.com/shop/jR0u39OZck5HnVjJ,,人均-,干锅花菜 炒花甲 麻薯
特色赵老麻抄手,https://www.dianping.com/shop/H8z3TTkTfF1HrV1E,,人均-,
新炸洋芋,https://www.dianping.com/shop/l17Hc50RFO1ouVTP,,人均-,
张老二蹄花,https://www.dianping.com/shop/G3eYhWVBoQaTaBdp,,人均-,
阿慧烤鱼,https://www.dianping.com/shop/l7xMCM7jUYgdq8zn,,人均-,
红运烧烤(团结南街店),https://www.dianping.com/shop/i8nDUP2v0W9mRQAL,,人均-,
玉笼轩4 肥肠粉,https://www.dianping.com/shop/H19ThHJ1uvyYslUV,,人均-,
伍条伴,https://www.dianping.com/shop/H5iXhK2xIApD3pSa,,人均-,
蛙秘书麻椒鱼(甘洛店),https://www.dianping.com/shop/k4QV4PtRcMEdc6Cs,,人均-,秘书经典火锅 双椒藤椒锅 冬瓜
玉儿早餐店,https://www.dianping.com/shop/k2HS6aucOfdKmTCD,,人均-,排骨粉 鸡杂粉 回锅肉炒饭
好又来餐馆,https://www.dianping.com/shop/l8vNwpxm75QAOxhh,,人均-,
