惠泉烧烤,https://www.dianping.com/shop/Ha3N5rd2vQgRY1wn,56条评价,人均￥55,燕翅 冷面 涮毛肚
华松饭店,https://www.dianping.com/shop/G3SSRsYk2CHn1a4g,37条评价,人均￥61,锅包肉 锅烙 凉拌菜
小仲夏MIDSUMMER咖啡西餐,https://www.dianping.com/shop/l3WuQ3lxIlon1gms,221条评价,人均￥63,冰淇淋吐司 巧克力松露 番茄肉酱意面
韩园烧烤大片肉,https://www.dianping.com/shop/H5KA21IXp6J83BJf,87条评价,人均￥65,大片肉 冷面 韩式拌牛肉
吴老二鲜肉炭烤,https://www.dianping.com/shop/l5u2qRNM0Je5iPTi,3条评价,人均-,涮毛肚 牛肉串 羊肉串
营信刘罗锅铁锅炖(铁西店),https://www.dianping.com/shop/jBtdjZmvI3AcjF6h,52条评价,人均-,刘罗锅一锅烩 杂鱼锅 筋头巴脑
品质小黄牛海鲜火锅店,https://www.dianping.com/shop/k3fIHnpiitUIpyoA,166条评价,人均-,手切鲜羊腿肉 午餐肉粒 河蟹
营信刘罗锅铁锅炖(富拉尔基区总店),https://www.dianping.com/shop/H1CXPcvBmCIqOuZg,282条评价,人均￥57,小花卷 排骨 粉条
天舒哲烧烤(向阳大街店),https://www.dianping.com/shop/H9kHQmyQkaesISxk,19o条评价,人均￥51,毛肚 地瓜片 干巴串
五顺斋炭火锅烧烤,https://www.dianping.com/shop/jsFhBsKIiNXDK69g,9条评价,人均￥64,手切羊肉 羊肉卷 地瓜
集贤居烧烤,https://www.dianping.com/shop/G5CS8wh1VYSz71TS,15条评价,人均￥34,鸡爪子 牛肉干巴串 熟烤鸡头
麦利来蛋糕坊(第五百货店),https://www.dianping.com/shop/k2vCx6bbXaQSlTdu,3639条评价,人均￥23,脏脏面包 椰蓉吐司 水果蛋糕
姜记烤肉民俗料理,https://www.dianping.com/shop/G4KC9emLDAQfzEHz,13条评价,人均￥93,牛舌 烤胸口 齐齐哈尔雪花牛
大自然自助鱼锅骨头锅,https://www.dianping.com/shop/H9dCCvJtuNlNI2nW,1条评价,人均-,海带结 木耳 宽粉
大象火锅鸡,https://www.dianping.com/shop/k2YAxKuyMCiRFzhr,1条评价,人均-,亲亲肠 鸡腿鸡翅锅 炝干豆腐
小梅园,https://www.dianping.com/shop/GaqqJn7VUCSQobca,2条评价,人均-,牡蛎 上脑原切（眼肉） 雪花上脑肉
代斌烧烤,https://www.dianping.com/shop/iHNH2tIlLL7pOidz,34条评价,人均￥54,胸口 肉串 毛肚
东升私厨,https://www.dianping.com/shop/i8LDvXXcpXABPdIo,7条评价,人均-,锅包肉 酸菜 家常凉菜
鑫福臣烧烤,https://www.dianping.com/shop/H5X8c2Clb4lJldg4,5o条评价,人均￥66,燕翅 烤肉 涮毛肚
火勺,https://www.dianping.com/shop/l7EwXMjDsfZc4oRE,7条评价,人均-,皮蛋瘦肉粥 猪肉火勺 川味毛肚
渔村满汉楼,https://www.dianping.com/shop/H4YwS9Rpr0riHSRf,15条评价,人均-,菠萝咕咾肉 宫廷小拌菜 卤味拼盘
渔家傲炭烤全鱼·牛之道铁板烧·皇记煌三汁焖锅,https://www.dianping.com/shop/k76LUaYijMh19jMw,2142条评价,人均￥61,巴沙鱼 三汁闷鲜虾 葱香黑豆干
福臣烧烤店,https://www.dianping.com/shop/l1cMWAt4asYvETkM,21条评价,人均￥68,烤筋 烤燕翅 三丝抱豆
坛肉大骨头(红岸大街店),https://www.dianping.com/shop/G3LGDkliMgJwM65j,5条评价,人均-,锅包肉 熘丸子 杀猪菜
玲珑餐厅,https://www.dianping.com/shop/k9MITP748cuYVjgo,1条评价,人均-,淮阳狮子头 松茸扒京白 京葱爆牛柳
开心烧烤,https://www.dianping.com/shop/l5vQFfrjNdSAntFM,7条评价,人均￥63,牛肉串 燕翅 烤茧蛹
身土不二石板烤肉(花园街店),https://www.dianping.com/shop/l49muCD6bderQL0F,1条评价,人均-,私制牛排 拌饭
清真·赵家馅饼,https://www.dianping.com/shop/l3E5ejgpoa2Sspmc,24条评价,人均￥23,馅饼 羊汤 烧卖
四合园饭店,https://www.dianping.com/shop/k9I8cVZsLAQRJ1ob,31条评价,人均￥2o,吊炉饼 砂锅豆腐 菠菜豆腐砂锅
重庆德忆火锅（富区4店)(渝水岸餐饮),https://www.dianping.com/shop/k9Wg2FoY99D75enm,118条评价,人均￥69,手打鲜虾滑 徳忆小肥牛 美人肥牛
天鸿火锅,https://www.dianping.com/shop/l3OgOsf2lIpOrXSz,25条评价,人均￥58,羊肉 玉米虾 炸麻团
北方饺子馆(光明街店),https://www.dianping.com/shop/G4P3fAm4GssGm2PC,7条评价,人均-,锅包肉 炒豇豆角 香辣鱿鱼
天鸿火锅(铁西店),https://www.dianping.com/shop/GaEn0NqPvlku98Iq,2o条评价,人均￥86,山药片 牛肚 高钙羊肉
西安臊子面王(富区总店),https://www.dianping.com/shop/G5JHHiHbBg35TG21,9条评价,人均-,没臊子的臊子面 锅包肉 牛心管
人和手拉面,https://www.dianping.com/shop/k1hdlT8HFgkAqzAX,8条评价,人均-,手拉面 打卤面 肉段烧茄子
辣小几,https://www.dianping.com/shop/EpZcIoH5sijVFEWs,3条评价,人均-,水煮鱼 砂锅娃娃菜 烤骨头
胖彬烤鸡,https://www.dianping.com/shop/l8T3QZyTHwLK39Qx,1条评价,人均-,蜜汁烤鸡 风干鸡叉骨 甜辣鸡脖
榆林镇筋饼(六院店),https://www.dianping.com/shop/k5DpcUKdbjJt37bE,11条评价,人均￥52,筋饼 锅包肉 黄蘑土豆片
那家王婆大虾,https://www.dianping.com/shop/l8Pc9SyRwUVeEAjL,5条评价,人均-,香辣大虾 梅林午餐肉 汽锅蒸生蚝
天鑫正宗狗肉城,https://www.dianping.com/shop/l5gCni9uKTdamJcv,2条评价,人均-,狗脊髓 苏子粉
真口味餐馆,https://www.dianping.com/shop/jFTQxTCSuVde7UXK,2条评价,人均-,
食间朝鲜族风味餐厅,https://www.dianping.com/shop/G2QRpXnomvkgnm1A,6条评价,人均-,
新概念粗粮小厨,https://www.dianping.com/shop/k5tiLXmYLmh7ZW4T,1o条评价,人均￥42,
宝通原味碳烤(富区店),https://www.dianping.com/shop/H8xLfPQjNBYLGx68,9条评价,人均-,
维一烧烤大片肉(铁西一店),https://www.dianping.com/shop/G6WjBkZY77J2yfKs,11条评价,人均-,
椒爷串串香火锅(富区店),https://www.dianping.com/shop/G7fM7IUEjAJbDIY6,1条评价,人均-,
海棠烘焙,https://www.dianping.com/shop/iCpJUYxYaw5k24KT,1条评价,人均-,奥利奥夹心雪媚娘 水果蛋糕 草莓盒子蛋糕
大京园驴肉馆,https://www.dianping.com/shop/Hac6vmf1uRiaD5lM,1条评价,人均-,尖椒驴板肠 开边蚕蛹 驴肉蒸饺
喜甜,https://www.dianping.com/shop/l1TbfKcgybVjS6iM,1条评价,人均-,榴莲子蛋糕 巧克力摩卡切块 蔬菜小煮
城市布衣一品锅烙,https://www.dianping.com/shop/k8yJHXzijm5t48OM,4条评价,人均-,锅包肉 干炸里脊 红烧海鱼
刘家大碗面馆,https://www.dianping.com/shop/G7s9aE4BEXFMHcgO,,人均-,溜肉段 干烹土豆片 酸菜鱼
海洋炭烤活鱼,https://www.dianping.com/shop/laYtK4IPFtxxhbB8,1条评价,人均-,烤活鱼
佳芝小吃,https://www.dianping.com/shop/G9Qa6NsUUK0QplXt,8条评价,人均-,麻辣心管 锅包肉 花生米
欢乐牧人蒙古炭烤羊排(富拉尔基店),https://www.dianping.com/shop/l17FDun5zkF0Gf1w,2条评价,人均-,冷面 烤羊腿
幸福里,https://www.dianping.com/shop/k51D0y1iz6niBgpb,34条评价,人均￥32,西冷牛排 意式培根披萨 小食拼牌
沪上阿姨鲜果茶(五百店),https://www.dianping.com/shop/l5uMWIDrKsS2ih4L,21条评价,人均-,
兄弟手拉面,https://www.dianping.com/shop/G3lS7UbbJjBQudDw,6条评价,人均-,
龍记斑鱼庄(富区店),https://www.dianping.com/shop/k29n94EpxnbhLtbW,44条评价,人均￥45,
渔记铁锅炖,https://www.dianping.com/shop/k2WHGK5vARwpdmed,7条评价,人均-,
外婆铁锅焖面,https://www.dianping.com/shop/l5auUNLkFga6HfFU,21条评价,人均￥21,
