迷你椰·泰式大排档(清华名仕园店),https://www.dianping.com/shop/H50PVc66KrwP3JJy,32条评价,人均￥74,河内鲜虾卷 普吉阿姨的年糕古法咖喱虾 古早泰式奶茶
奎梨(盐城阜宁香港路店),https://www.dianping.com/shop/G4IRySEW3naZagvB,5o5条评价,人均￥92,奎梨家招牌吾桑格 玫瑰女神红 韩国手打奶茶
吾食柒·融合餐厅,https://www.dianping.com/shop/G2I9WAEeDKjwJbmO,3条评价,人均-,自制无骨鸡爪 榴莲薄底披萨 原切谷饲眼肉牛排
烧江南烤肉(阜宁店),https://www.dianping.com/shop/H9m7TUBdSrpeTXvp,271条评价,人均￥98,日式焗蟹宝 江南烤肉拼盘 本日牛排五拼
家之味·淮扬菜,https://www.dianping.com/shop/l2C9NOi08G9JeyI9,1o2条评价,人均￥73,千岛湖鱼头汤 铁锅生炒鸡 黄金豆腐
深藏一味·独食火锅(阜城大街店),https://www.dianping.com/shop/H1x3Gp89En36nkSZ,3条评价,人均-,秘制麻辣锅 芝士牛肉饼 鱼籽福袋
田掌门,https://www.dianping.com/shop/l7ZJPJH15hhlpBFg,57条评价,人均￥75,小炒黑猪肉 勾魂鱼头 特色鸭掌
七欣天(富建广场店),https://www.dianping.com/shop/k9wGwo016g1s6foA,53条评价,人均￥154,清水鱼 Q弹墨鱼仔 规格螃蟹
味之绝热血美蛙鱼火锅(阜宁店),https://www.dianping.com/shop/H20gFK4Edb660p60,25条评价,人均-,午餐肉 美牛蛙 巴沙鱼
西湖小院餐厅,https://www.dianping.com/shop/FEQWYNki4yufYhXp,118条评价,人均￥61,糖醋咕咾肉 小院特色口水鱼 西湖蜜莲藕
熊小胖烤肉(上海路店),https://www.dianping.com/shop/HaFzJNidYaHMfw99,692条评价,人均￥1o8,烤牛肉串 韩式脆皮肠 雪花牛肉粒
老阜宁油炸社(苏州路店),https://www.dianping.com/shop/lacYT3v7esWiJZjq,169条评价,人均￥71,网红冰粉 香蕉 鸡肉
全味餐厅,https://www.dianping.com/shop/k9VIjDGOYbdgFIqY,85条评价,人均￥77,北京烤鸭 糟香凤爪 剁椒鱼头王
阿哩·酒与饭局(天鹅丽都店),https://www.dianping.com/shop/G1qoLmOAK7LNoxaX,3条评价,人均-,十三香龙虾 羊肉串 羊蝎子火锅
醉逍遥美蛙鱼头(射河北路店),https://www.dianping.com/shop/H5Qi72TDHT4Oinni,5条评价,人均-,鱼头 美蛙 精品乌鸡肉卷
PAOPAO·小泡泡觅食屋,https://www.dianping.com/shop/H1twTStEsgtYN2q3,31条评价,人均￥63,小酥肉 特色牛蛙锅 草莓冻奶
小熊精酿啤酒·鲜串烧烤,https://www.dianping.com/shop/Hae69ke9Yhv4aIDl,83条评价,人均-,精酿啤酒 羊肉串 鲜肉烧烤
火鳳祥鲜货火锅商行(阜宁旗舰店),https://www.dianping.com/shop/l4sjhn9LFAnxGcqI,219条评价,人均￥1o2,四喜牛肉 火鳯祥双椒牛肉 酸汤鸭鸳鸯锅
芭蕉叶南洋小馆,https://www.dianping.com/shop/k7AXlSKLFN66GjV0,3条评价,人均-,咖椰土司 泰式冬阴功汤 香兰叶包鸡
路边牛杂·港式打边炉,https://www.dianping.com/shop/H9cFbKlDNupgSkKj,12条评价,人均-,鸭血 招牌多肉牛骨锅 纯牛肚煲
萝莉家韩式炸鸡(沿岗路店),https://www.dianping.com/shop/k8iVraJ2jc9mumnW,5o条评价,人均￥81,迷你汉堡 韩式部队火锅 泰式牛乳冰
LOVE音乐烤吧,https://www.dianping.com/shop/H8NYqB4ttMO3yzDz,,人均-,橙子桶 特色烤鱼 科罗娜日出
半天妖烤鱼(阜宁富建广场店),https://www.dianping.com/shop/l6jrzLf4pO7Nefze,963条评价,人均￥67,青花椒烤鱼 五常大米 时蔬拼盘
小食院,https://www.dianping.com/shop/H8aoPkboueJ7kgR7,27条评价,人均￥62,芒果三文治 柠檬泡椒鸡爪 Mini虾仁汉堡
虎霸霸盘盘麻辣烫(阜宁店),https://www.dianping.com/shop/l8UCr6V7NR00gkyB,6条评价,人均-,生菜 里脊肉 安井千叶豆腐
湘小主湖南菜,https://www.dianping.com/shop/l47fwMkB5hZYrhkv,112条评价,人均￥75,好色鱼头 帅大厨经典牛蛙 小炒肉
兔に角108精致料理(上海路店),https://www.dianping.com/shop/Fu5yggPTmvrXv5Ax,36条评价,人均-,甜虾 焗大虾 北极贝
粗盐西餐厅(天鹅丽都北门店),https://www.dianping.com/shop/H6z6ShAJRu0A5fzs,46条评价,人均￥78,惠灵顿牛排 厚切蜂蜜黄油吐司 澳洲安格斯战斧牛排
舟山海鲜城,https://www.dianping.com/shop/G1wQBaAl2Gxh5eVu,3条评价,人均-,大海螺 鲜活帝王蟹 梭子蟹葱姜
宣·私房蛋糕,https://www.dianping.com/shop/H7NX2CNwJPJJmn21,355条评价,人均￥61,安佳淡奶油蛋糕 安佳淡奶 6寸淡奶油蛋糕
柒张囍舍(新盛街店),https://www.dianping.com/shop/H5d8eaan0QkOEpoa,1条评价,人均-,鸡丝凉面 风味龙虾 阿妈炸黄花鱼
贝臻屋海鲜碳烤(哈尔滨路店),https://www.dianping.com/shop/ka66YRGXUvPr0lxW,7条评价,人均-,十五天梯烤肉 碳烤活鳗鱼 铁板烤活章鱼
Ann coffee,https://www.dianping.com/shop/l3qa7Lbq2cZPKM1B,25条评价,人均￥5o,咖啡 栗子南瓜巴斯克 咖喱蛋包牛腩饭
祖奶奶的蛋饼,https://www.dianping.com/shop/k9wtsfbc6HKezhah,2条评价,人均-,鸡柳 牛肉砂锅 鸡叉骨特辣
虎小点·国潮点心(阜宁店),https://www.dianping.com/shop/laSJ0CZkZhoqXAUo,4条评价,人均-,麻薯tiger卷 爆浆彩虹麻薯 招牌原味提拉米苏
言成烧肉(本店),https://www.dianping.com/shop/H8Yoi6vuuxXPF5mU,4o条评价,人均￥159,北海道海鲜炒饭 冰淇淋 local黑五花肉
河里渔(阜宁直营店),https://www.dianping.com/shop/HaTk7iMfmo0dyrhC,92条评价,人均-,黄辣丁 烤鱼 地锅馍
313羊庄(阜宁总店),https://www.dianping.com/shop/H7R21s4RZTnqKd1k,17条评价,人均￥97,羊肉 羊肉汤 羊庄烤大串
毛都毛了成都市井火锅(阜宁店),https://www.dianping.com/shop/G8vFQB6jqANQlvmf,27o条评价,人均￥91,红糖糍粑 乌鸡卷 虾滑
牛佬大贵州黄牛肉(阜宁店),https://www.dianping.com/shop/l6M4gHvben9yUyMP,171条评价,人均￥91,鲜切黄牛肉 每日新鲜黄牛肉 自助酱料
巴蜀大将火锅店(阜宁店),https://www.dianping.com/shop/H22lCaG9gBp0Gogh,7o条评价,人均￥8o,精品千层肚 菊花鸭胗 牛羊拼盘
蜜意蛋糕定制店(新盛街店),https://www.dianping.com/shop/k3UYz7CmAYdnvjTy,229条评价,人均￥19,雪媚娘 杨枝甘露爆浆蛋糕 芒果班戟
義烤堂(香港路店),https://www.dianping.com/shop/k8z1wPzFI89OFyEK,294条评价,人均￥1oo,猪肉串 蒜泥花甲 猪五花
吃好喝好,https://www.dianping.com/shop/H5xqKENUhg6teJdM,4条评价,人均-,
the Frypan得来品韩式炸鸡&料理(新盛街店),https://www.dianping.com/shop/k2515Jb7mixDW8X4,24条评价,人均-,传统部队火锅 柠檬酱油炸鸡 无骨鸡腿肉配薯片
宫小姐韩式烤肉(阜宁店),https://www.dianping.com/shop/k4ZAvrFUuqBx9BPU,158条评价,人均￥117,水果嫩肉 战斧牛排 韩式炸鸡
小龙坎火锅,https://www.dianping.com/shop/H22uGQtNevtYDenM,218条评价,人均￥11o,虾滑 小龙坎毛肚 鸭血
四季烧烤(阜宁店),https://www.dianping.com/shop/H9o04w1XUTLZXh3J,11条评价,人均-,猪脆骨 锡纸金针菇 猪肉串
隐醉串吧(阿道小串阜宁加盟店),https://www.dianping.com/shop/G2UqoseKPxsr7Zx7,2条评价,人均-,黑椒牛肉 蜜汁小肉 牛肉双筋
苏州藏书羊肉馆(阜宁店),https://www.dianping.com/shop/k7FVTWFxmhIpSHAD,3条评价,人均-,羊肉 羊蝎子 羊杂
娘家舅土灶台(哈尔滨路店),https://www.dianping.com/shop/H7506dLYE0txMlaV,1条评价,人均-,农家春卷 鲜土鸡 方腿
浅奈の日式咖喱蛋包饭,https://www.dianping.com/shop/H5HszeWOTLjnUMJe,17条评价,人均-,日式经典猪排咖喱蛋包饭 小食拼盘 红糖糍粑
岩谷屋日本料理,https://www.dianping.com/shop/H9Cigl21Y9C6QQw6,11条评价,人均-,加拿大北极贝刺身 岩谷刺身中拼 岩谷屋刺身中拼盘
熊小胖烤肉店(桥北店),https://www.dianping.com/shop/G4Z8D5qI0oF93mi4,324条评价,人均￥88,雪花牛肉粒 秘制猪王排 精品五花肉
蛙佬哥美蛙鱼火锅,https://www.dianping.com/shop/G87FHEdqHL6A0tBt,14条评价,人均-,微辣秘制锅 现杀美牛蛙 招牌冰粉
农家小院(哈尔滨路店),https://www.dianping.com/shop/k8V6bh2zUxdn3i65,113条评价,人均￥38,花菜 铁板鱿鱼须 啤酒龙虾
厚生香港小吃.虎斑烤鱼,https://www.dianping.com/shop/H4zN9V8eW1ZYonYC,25条评价,人均-,厚多士 黄鱼沸腾饭 芝士咖喱肉蛋包饭
李肆烤串(哈尔滨路店),https://www.dianping.com/shop/k9f9VrKVkJUm6rWK,12条评价,人均-,龙虾
十三式·亚洲烧肉(天津路店),https://www.dianping.com/shop/H8dqpGq9mpcf4F7R,111条评价,人均￥85,土豆泥 M5和牛牛排 M5吾桑格
苏荟藏书羊肉(阜宁店),https://www.dianping.com/shop/H5IOoc2tRWZaFZDg,,人均-,农家白菜 纯羊汤锅
