雪域烤饼店,https://www.dianping.com/shop/G30VHLf6AjuIzCQI,,人均-,
好再来鸡蛋面条铺,https://www.dianping.com/shop/H2bxRtnHQaWhpNqD,,人均-,
东东肉铺,https://www.dianping.com/shop/G80MLm01BGEB3IQx,,人均-,双拼饭 大阪烧
爱心蛋糕(吾勤东路店),https://www.dianping.com/shop/ilvWOA6tAVGgI5dL,,人均-,
富勇川菜馆,https://www.dianping.com/shop/G4xMPKIUIJV7h3DV,,人均-,
高原红饭馆,https://www.dianping.com/shop/G7rC0KjujfoQXj9x,,人均-,盐烤大虾 炝拌大头菜
兴隆餐厅,https://www.dianping.com/shop/lagnlKUbpwxTc53Q,,人均-,
甜蜜时光蛋糕店(胜利路店),https://www.dianping.com/shop/G2ItM6cdkVKUXGt0,,人均-,
蜀乐轩酒楼,https://www.dianping.com/shop/G1x2zzIBQO3PEnW6,,人均-,
沙迪耶舌尖面片,https://www.dianping.com/shop/H64Hm9gOGD6u638G,,人均-,
金城饭店,https://www.dianping.com/shop/H94jwKQfreT1hl91,,人均-,
杨氏冒菜,https://www.dianping.com/shop/l9VtQCm1Wu2KoEYq,,人均-,
金陵小笼灌汤包,https://www.dianping.com/shop/H2MA46v85QNPvRn0,,人均-,铁板牛舌 鹅肝寿司 可乐饼
黄冠蛋糕房,https://www.dianping.com/shop/l4yFLxVP9GLU0IpW,,人均-,
四川跃新大肉鲜肉铺,https://www.dianping.com/shop/l8QQQutX4EyUDTwL,,人均-,
川味小吃,https://www.dianping.com/shop/H75hwxky4w6hgeTc,,人均-,
无铭饭馆,https://www.dianping.com/shop/l4DPBl9xxPFvBx0Z,2条评价,人均-,重庆烤鱼 炝锅鱼 烤鸡翅
如意粮油门市部,https://www.dianping.com/shop/H4s4ix52cwVnULnN,,人均-,
好口味蛋糕麻花店,https://www.dianping.com/shop/H3XesWgZqmvMgOXk,,人均-,
三藏饭馆,https://www.dianping.com/shop/G4NjjqTgJly8aWWk,,人均-,半熟牛肉 南瓜慕斯 双拼饭
刘老二青椒鸡,https://www.dianping.com/shop/l2okp7fITt70tOgB,,人均-,酸菜鱼
占江肉铺,https://www.dianping.com/shop/G7n4RY3GPMHBtE2m,1条评价,人均-,
马忠餐饮,https://www.dianping.com/shop/l4OlPUtLrLBVIw0r,,人均-,
顾康川菜馆,https://www.dianping.com/shop/jE5NsRZ7Hb8sTt2Y,,人均-,回锅肉 宫保鸡丁 炒面
好再来小吃(柯曲南路店),https://www.dianping.com/shop/H4VBYZoeMYlrlvbi,,人均-,
甘德县农贸市场,https://www.dianping.com/shop/GaG81sr3ddXP11Rd,,人均-,
贵德饭馆,https://www.dianping.com/shop/H9KQwKp3kItjtFae,,人均-,
三部落茶餐厅,https://www.dianping.com/shop/l53Ju607B8n9rTFC,,人均-,木鱼花豆腐 碳烤烧鸟 葱鸡串
雪域烤饼店,https://www.dianping.com/shop/G30VHLf6AjuIzCQI,,人均-,
东东肉铺,https://www.dianping.com/shop/G80MLm01BGEB3IQx,,人均-,双拼饭 大阪烧
好再来鸡蛋面条铺,https://www.dianping.com/shop/H2bxRtnHQaWhpNqD,,人均-,
富勇川菜馆,https://www.dianping.com/shop/G4xMPKIUIJV7h3DV,,人均-,
爱心蛋糕(吾勤东路店),https://www.dianping.com/shop/ilvWOA6tAVGgI5dL,,人均-,
高原红饭馆,https://www.dianping.com/shop/G7rC0KjujfoQXj9x,,人均-,盐烤大虾 炝拌大头菜
沙迪耶舌尖面片,https://www.dianping.com/shop/H64Hm9gOGD6u638G,,人均-,
蜀乐轩酒楼,https://www.dianping.com/shop/G1x2zzIBQO3PEnW6,,人均-,
兴隆餐厅,https://www.dianping.com/shop/lagnlKUbpwxTc53Q,,人均-,
甜蜜时光蛋糕店(胜利路店),https://www.dianping.com/shop/G2ItM6cdkVKUXGt0,,人均-,
杨氏冒菜,https://www.dianping.com/shop/l9VtQCm1Wu2KoEYq,,人均-,
金城饭店,https://www.dianping.com/shop/H94jwKQfreT1hl91,,人均-,
金陵小笼灌汤包,https://www.dianping.com/shop/H2MA46v85QNPvRn0,,人均-,铁板牛舌 鹅肝寿司 可乐饼
无铭饭馆,https://www.dianping.com/shop/l4DPBl9xxPFvBx0Z,2条评价,人均-,重庆烤鱼 炝锅鱼 烤鸡翅
川味小吃,https://www.dianping.com/shop/H75hwxky4w6hgeTc,,人均-,
顾康川菜馆,https://www.dianping.com/shop/jE5NsRZ7Hb8sTt2Y,,人均-,回锅肉 宫保鸡丁 炒面
好口味蛋糕麻花店,https://www.dianping.com/shop/H3XesWgZqmvMgOXk,,人均-,
三藏饭馆,https://www.dianping.com/shop/G4NjjqTgJly8aWWk,,人均-,半熟牛肉 南瓜慕斯 双拼饭
刘老二青椒鸡,https://www.dianping.com/shop/l2okp7fITt70tOgB,,人均-,酸菜鱼
如意粮油门市部,https://www.dianping.com/shop/H4s4ix52cwVnULnN,,人均-,
占江肉铺,https://www.dianping.com/shop/G7n4RY3GPMHBtE2m,1条评价,人均-,
马忠餐饮,https://www.dianping.com/shop/l4OlPUtLrLBVIw0r,,人均-,
好再来小吃(柯曲南路店),https://www.dianping.com/shop/H4VBYZoeMYlrlvbi,,人均-,
甘德县农贸市场,https://www.dianping.com/shop/GaG81sr3ddXP11Rd,,人均-,
贵德饭馆,https://www.dianping.com/shop/H9KQwKp3kItjtFae,,人均-,
三部落茶餐厅,https://www.dianping.com/shop/l53Ju607B8n9rTFC,,人均-,木鱼花豆腐 碳烤烧鸟 葱鸡串
雪域烤饼店,https://www.dianping.com/shop/G30VHLf6AjuIzCQI,,人均-,
好再来鸡蛋面条铺,https://www.dianping.com/shop/H2bxRtnHQaWhpNqD,,人均-,
东东肉铺,https://www.dianping.com/shop/G80MLm01BGEB3IQx,,人均-,双拼饭 大阪烧
爱心蛋糕(吾勤东路店),https://www.dianping.com/shop/ilvWOA6tAVGgI5dL,,人均-,
富勇川菜馆,https://www.dianping.com/shop/G4xMPKIUIJV7h3DV,,人均-,
高原红饭馆,https://www.dianping.com/shop/G7rC0KjujfoQXj9x,,人均-,盐烤大虾 炝拌大头菜
金陵小笼灌汤包,https://www.dianping.com/shop/H2MA46v85QNPvRn0,,人均-,铁板牛舌 鹅肝寿司 可乐饼
杨氏冒菜,https://www.dianping.com/shop/l9VtQCm1Wu2KoEYq,,人均-,
金城饭店,https://www.dianping.com/shop/H94jwKQfreT1hl91,,人均-,
兴隆餐厅,https://www.dianping.com/shop/lagnlKUbpwxTc53Q,,人均-,
甜蜜时光蛋糕店(胜利路店),https://www.dianping.com/shop/G2ItM6cdkVKUXGt0,,人均-,
沙迪耶舌尖面片,https://www.dianping.com/shop/H64Hm9gOGD6u638G,,人均-,
蜀乐轩酒楼,https://www.dianping.com/shop/G1x2zzIBQO3PEnW6,,人均-,
黄冠蛋糕房,https://www.dianping.com/shop/l4yFLxVP9GLU0IpW,,人均-,
四川跃新大肉鲜肉铺,https://www.dianping.com/shop/l8QQQutX4EyUDTwL,,人均-,
川味小吃,https://www.dianping.com/shop/H75hwxky4w6hgeTc,,人均-,
无铭饭馆,https://www.dianping.com/shop/l4DPBl9xxPFvBx0Z,2条评价,人均-,重庆烤鱼 炝锅鱼 烤鸡翅
刘老二青椒鸡,https://www.dianping.com/shop/l2okp7fITt70tOgB,,人均-,酸菜鱼
如意粮油门市部,https://www.dianping.com/shop/H4s4ix52cwVnULnN,,人均-,
占江肉铺,https://www.dianping.com/shop/G7n4RY3GPMHBtE2m,1条评价,人均-,
顾康川菜馆,https://www.dianping.com/shop/jE5NsRZ7Hb8sTt2Y,,人均-,回锅肉 宫保鸡丁 炒面
马忠餐饮,https://www.dianping.com/shop/l4OlPUtLrLBVIw0r,,人均-,
三藏饭馆,https://www.dianping.com/shop/G4NjjqTgJly8aWWk,,人均-,半熟牛肉 南瓜慕斯 双拼饭
好口味蛋糕麻花店,https://www.dianping.com/shop/H3XesWgZqmvMgOXk,,人均-,
甘德县农贸市场,https://www.dianping.com/shop/GaG81sr3ddXP11Rd,,人均-,
好再来小吃(柯曲南路店),https://www.dianping.com/shop/H4VBYZoeMYlrlvbi,,人均-,
三部落茶餐厅,https://www.dianping.com/shop/l53Ju607B8n9rTFC,,人均-,木鱼花豆腐 碳烤烧鸟 葱鸡串
贵德饭馆,https://www.dianping.com/shop/H9KQwKp3kItjtFae,,人均-,
好再来鸡蛋面条铺,https://www.dianping.com/shop/H2bxRtnHQaWhpNqD,,人均-,
东东肉铺,https://www.dianping.com/shop/G80MLm01BGEB3IQx,,人均-,双拼饭 大阪烧
爱心蛋糕(吾勤东路店),https://www.dianping.com/shop/ilvWOA6tAVGgI5dL,,人均-,
富勇川菜馆,https://www.dianping.com/shop/G4xMPKIUIJV7h3DV,,人均-,
高原红饭馆,https://www.dianping.com/shop/G7rC0KjujfoQXj9x,,人均-,盐烤大虾 炝拌大头菜
金陵小笼灌汤包,https://www.dianping.com/shop/H2MA46v85QNPvRn0,,人均-,
杨氏冒菜,https://www.dianping.com/shop/l9VtQCm1Wu2KoEYq,,人均-,
金城饭店,https://www.dianping.com/shop/H94jwKQfreT1hl91,,人均-,
兴隆餐厅,https://www.dianping.com/shop/lagnlKUbpwxTc53Q,,人均-,
甜蜜时光蛋糕店(胜利路店),https://www.dianping.com/shop/G2ItM6cdkVKUXGt0,,人均-,
沙迪耶舌尖面片,https://www.dianping.com/shop/H64Hm9gOGD6u638G,,人均-,
蜀乐轩酒楼,https://www.dianping.com/shop/G1x2zzIBQO3PEnW6,,人均-,
黄冠蛋糕房,https://www.dianping.com/shop/l4yFLxVP9GLU0IpW,,人均-,
四川跃新大肉鲜肉铺,https://www.dianping.com/shop/l8QQQutX4EyUDTwL,,人均-,
川味小吃,https://www.dianping.com/shop/H75hwxky4w6hgeTc,,人均-,
如意粮油门市部,https://www.dianping.com/shop/H4s4ix52cwVnULnN,,人均-,
占江肉铺,https://www.dianping.com/shop/G7n4RY3GPMHBtE2m,1条评价,人均-,
马忠餐饮,https://www.dianping.com/shop/l4OlPUtLrLBVIw0r,,人均-,
顾康川菜馆,https://www.dianping.com/shop/jE5NsRZ7Hb8sTt2Y,,人均-,回锅肉 宫保鸡丁 炒面
刘老二青椒鸡,https://www.dianping.com/shop/l2okp7fITt70tOgB,,人均-,酸菜鱼
三藏饭馆,https://www.dianping.com/shop/G4NjjqTgJly8aWWk,,人均-,半熟牛肉 南瓜慕斯 双拼饭
好口味蛋糕麻花店,https://www.dianping.com/shop/H3XesWgZqmvMgOXk,,人均-,
甘德县农贸市场,https://www.dianping.com/shop/GaG81sr3ddXP11Rd,,人均-,
好再来小吃(柯曲南路店),https://www.dianping.com/shop/H4VBYZoeMYlrlvbi,,人均-,
贵德饭馆,https://www.dianping.com/shop/H9KQwKp3kItjtFae,,人均-,
三部落茶餐厅,https://www.dianping.com/shop/l53Ju607B8n9rTFC,,人均-,木鱼花豆腐 碳烤烧鸟 葱鸡串
好再来鸡蛋面条铺,https://www.dianping.com/shop/H2bxRtnHQaWhpNqD,,人均-,
东东肉铺,https://www.dianping.com/shop/G80MLm01BGEB3IQx,,人均-,双拼饭 大阪烧
爱心蛋糕(吾勤东路店),https://www.dianping.com/shop/ilvWOA6tAVGgI5dL,,人均-,
富勇川菜馆,https://www.dianping.com/shop/G4xMPKIUIJV7h3DV,,人均-,
高原红饭馆,https://www.dianping.com/shop/G7rC0KjujfoQXj9x,,人均-,盐烤大虾 炝拌大头菜
金陵小笼灌汤包,https://www.dianping.com/shop/H2MA46v85QNPvRn0,,人均-,铁板牛舌 鹅肝寿司 可乐饼
杨氏冒菜,https://www.dianping.com/shop/l9VtQCm1Wu2KoEYq,,人均-,
金城饭店,https://www.dianping.com/shop/H94jwKQfreT1hl91,,人均-,
兴隆餐厅,https://www.dianping.com/shop/lagnlKUbpwxTc53Q,,人均-,
甜蜜时光蛋糕店(胜利路店),https://www.dianping.com/shop/G2ItM6cdkVKUXGt0,,人均-,
沙迪耶舌尖面片,https://www.dianping.com/shop/H64Hm9gOGD6u638G,,人均-,
蜀乐轩酒楼,https://www.dianping.com/shop/G1x2zzIBQO3PEnW6,,人均-,
黄冠蛋糕房,https://www.dianping.com/shop/l4yFLxVP9GLU0IpW,,人均-,
四川跃新大肉鲜肉铺,https://www.dianping.com/shop/l8QQQutX4EyUDTwL,,人均-,
川味小吃,https://www.dianping.com/shop/H75hwxky4w6hgeTc,,人均-,
东东肉铺,https://www.dianping.com/shop/G80MLm01BGEB3IQx,,人均-,双拼饭 大阪烧
好再来鸡蛋面条铺,https://www.dianping.com/shop/H2bxRtnHQaWhpNqD,,人均-,
富勇川菜馆,https://www.dianping.com/shop/G4xMPKIUIJV7h3DV,,人均-,
爱心蛋糕(吾勤东路店),https://www.dianping.com/shop/ilvWOA6tAVGgI5dL,,人均-,
高原红饭馆,https://www.dianping.com/shop/G7rC0KjujfoQXj9x,,人均-,盐烤大虾 炝拌大头菜
兴隆餐厅,https://www.dianping.com/shop/lagnlKUbpwxTc53Q,,人均-,
甜蜜时光蛋糕店(胜利路店),https://www.dianping.com/shop/G2ItM6cdkVKUXGt0,,人均-,
沙迪耶舌尖面片,https://www.dianping.com/shop/H64Hm9gOGD6u638G,,人均-,
蜀乐轩酒楼,https://www.dianping.com/shop/G1x2zzIBQO3PEnW6,,人均-,
金陵小笼灌汤包,https://www.dianping.com/shop/H2MA46v85QNPvRn0,,人均-,铁板牛舌 鹅肝寿司 可乐饼
杨氏冒菜,https://www.dianping.com/shop/l9VtQCm1Wu2KoEYq,,人均-,
金城饭店,https://www.dianping.com/shop/H94jwKQfreT1hl91,,人均-,
黄冠蛋糕房,https://www.dianping.com/shop/l4yFLxVP9GLU0IpW,,人均-,
四川跃新大肉鲜肉铺,https://www.dianping.com/shop/l8QQQutX4EyUDTwL,,人均-,
川味小吃,https://www.dianping.com/shop/H75hwxky4w6hgeTc,,人均-,
无铭饭馆,https://www.dianping.com/shop/l4DPBl9xxPFvBx0Z,2条评价,人均-,重庆烤鱼 炝锅鱼 烤鸡翅
占江肉铺,https://www.dianping.com/shop/G7n4RY3GPMHBtE2m,1条评价,人均-,
马忠餐饮,https://www.dianping.com/shop/l4OlPUtLrLBVIw0r,,人均-,
顾康川菜馆,https://www.dianping.com/shop/jE5NsRZ7Hb8sTt2Y,,人均-,回锅肉 宫保鸡丁 炒面
三藏饭馆,https://www.dianping.com/shop/G4NjjqTgJly8aWWk,,人均-,半熟牛肉 南瓜慕斯 双拼饭
好口味蛋糕麻花店,https://www.dianping.com/shop/H3XesWgZqmvMgOXk,,人均-,
刘老二青椒鸡,https://www.dianping.com/shop/l2okp7fITt70tOgB,,人均-,酸菜鱼
如意粮油门市部,https://www.dianping.com/shop/H4s4ix52cwVnULnN,,人均-,
甘德县农贸市场,https://www.dianping.com/shop/GaG81sr3ddXP11Rd,,人均-,
好再来小吃(柯曲南路店),https://www.dianping.com/shop/H4VBYZoeMYlrlvbi,,人均-,
贵德饭馆,https://www.dianping.com/shop/H9KQwKp3kItjtFae,,人均-,
三部落茶餐厅,https://www.dianping.com/shop/l53Ju607B8n9rTFC,,人均-,木鱼花豆腐 碳烤烧鸟 葱鸡串
