不二家(高安店),https://www.dianping.com/shop/l9MC1aFw3IMGmu7Q,79条评价,人均￥66,霸道蟹脚 牙签牛肉串 豆腐鱼
高原郎西北菜·陕西面(高安润达店),https://www.dianping.com/shop/k7YbCwEIt3zPakMQ,3o条评价,人均-,羊肉泡馍 陕西凉皮 丝路菠菜饼
潮上鲜牛火锅(高安润达店),https://www.dianping.com/shop/l4jQuOe01R6gcJjH,8条评价,人均-,五花趾 胸口朥油 潮上牛肉丸
吉布鲁牛排烤肉海鲜自助(高安店),https://www.dianping.com/shop/H5XZVd0qvuzejvEn,37条评价,人均-,
欢喜·食研社,https://www.dianping.com/shop/ka5SLx9ibs8PrOcU,2条评价,人均-,卤味猪手 芒果总汇三明治 金枪鱼三明治
庭院人家,https://www.dianping.com/shop/G1lCa9ziLIOENHKQ,17条评价,人均-,脆皮带骨牛排 小黄鱼 辣椒炒土猪肉
高安市蜀大侠火锅店,https://www.dianping.com/shop/l6jvh8Advw5X41hf,245条评价,人均￥88,贵妃牛肉 牛羊天下 太极双滑
宴满厨茶油土鸡,https://www.dianping.com/shop/G1CSbuXvu7lPhogh,1条评价,人均-,
德克士(高安大道店),https://www.dianping.com/shop/jnKobyr1DL6jMCRJ,95条评价,人均￥3o,咔滋脆皮手枪腿 香辣鸡翅 德克士鸡块
黄厨探鱼,https://www.dianping.com/shop/G8mBbDMw9hffSBNK,65条评价,人均￥76,高安黄厨探鱼 压锅生蚝 泡椒味皖鱼
玖座日式烧肉酒场(安居店),https://www.dianping.com/shop/l3bJZWPl9qo2Wv2Q,9条评价,人均￥81,牛肉粒 桃花酒 牛五花
战斧牛排餐厅,https://www.dianping.com/shop/j3Eq2PaSdhqozD21,3条评价,人均-,纽约牛排 可口的果汁 提拉米苏蛋糕
德庄火锅(高安店),https://www.dianping.com/shop/H9IzLm7SAQPLzcsU,31条评价,人均-,鸭血旺 青椒酱 年糕
裕鼎鲜·新中菜·名小吃(高安润达店),https://www.dianping.com/shop/l3a4rrC1ofcoAf1b,49条评价,人均-,柠檬老坛酸菜鱼 五常神仙钵饭 百香果爆珠冰粉
春风·拾里restaurant,https://www.dianping.com/shop/l2r7E7PI8LsgaAkW,1条评价,人均-,菲力牛排 北海道果缤纷 大蒜炒肉盖饭
山里人家(前门路店),https://www.dianping.com/shop/H7rCSTVwlu1BOrHG,4o条评价,人均￥6o,农家蒸辣椒 海带排骨汤 生态烩山珍
烧本烧·火星烤肉(高安润达国际店),https://www.dianping.com/shop/H5Uhxd22Za9KY3CD,11条评价,人均-,西塔老街肥牛
江南渔港,https://www.dianping.com/shop/l2N8VGyA43WcxliR,118条评价,人均￥54,鸡蛋炒粉皮 烤鸭 秘制酱香鸭
小胖墩·泥炉烤肉(高安润达国际店),https://www.dianping.com/shop/G27UoSMcVC4aKoo9,5条评价,人均-,特色肥牛 秘制卷牛排 猪五花
最爱妈妈菜(森泽店),https://www.dianping.com/shop/G1LeBRFFMhUBQzP1,17条评价,人均-,口水鸡 原味黑猪肉丸汤 杀猪菜
韩泰食（海鲜、牛排）自助烧烤城(高安店),https://www.dianping.com/shop/G9H1m317jiOFf1zR,1588条评价,人均￥65,自助餐 烤肉 水果
重庆袍哥码头老火锅(安居店),https://www.dianping.com/shop/k30cQWbvD3rumchN,484条评价,人均￥68,虾滑 滑牛肉 精品羊肉卷
一半一伴(碧落路店),https://www.dianping.com/shop/H4o9pFsr4GFsb9M4,77条评价,人均￥57,夏日鲜橙冰茶 泰式鸡肉宽卷面 青酱罗勒鸡肉面
瑞州府宴,https://www.dianping.com/shop/G9HOvDq84vkxd1rd,4条评价,人均-,煎饼盒子 柴火土鸡 鸡汁脆笋
松子料理店,https://www.dianping.com/shop/l4oL2zJpXM1iaTP1,11条评价,人均-,和风牛排 寿司中拼 和牛炒饭
老三驴肉火锅城,https://www.dianping.com/shop/G4TyzUpGMa9tjr7T,58条评价,人均￥73,生鲜驴肉卷 味碟 驴肉火锅
常禧鲜活牛肉火锅店,https://www.dianping.com/shop/G59qeX6hxkiThDMV,,人均-,淮山 茼蒿 皇帝菜
猪欧巴韩国碳烤肉店,https://www.dianping.com/shop/H54TmrdXwKFa7ziO,444条评价,人均￥61,调味五花肉 土豆泥 石锅拌饭
当家鲜铺本味菜(凤凰村店),https://www.dianping.com/shop/k4VU4N1S504YiDPL,53条评价,人均￥56,火焰醉鹅 小炒黄牛肉 华林炒三丝
三菜一汤,https://www.dianping.com/shop/l7Me1YR9wskFRgJ9,315条评价,人均￥37,辣椒炒肉 酸辣土豆丝 烤翅中
领蟹祥记·螃蟹脚(润达店),https://www.dianping.com/shop/G2xp4iSE3vJkzRX0,136条评价,人均-,招牌香辣蟹 香脆鸡米花 祥记螃蟹脚
椰子树泰国餐厅,https://www.dianping.com/shop/G1kMzxandPdye2W0,13条评价,人均-,泰北街头炒面 炭烧泰式猪颈肉 热带椰奶冻
老三样(高安店),https://www.dianping.com/shop/G35OFBlAWB2uqCuM,79条评价,人均￥51,蟹脚捞粉 大炒牛肉 玉米排骨汤
不二味小海鲜(高安店),https://www.dianping.com/shop/H1zPUpPYRjhH23oh,68条评价,人均￥71,特色鲍鱼仔 南昌炒粉 烤榴莲
米兰西饼生日蛋糕(高安店),https://www.dianping.com/shop/G6rkH1RDkpYDayfh,861条评价,人均￥1o2,爱情火烈鸟 生日蛋糕 时间年轮
三合一打边炉,https://www.dianping.com/shop/H6zrugLV1t0X9zig,11条评价,人均-,上汤腐竹 羊肉汤 香菜
焱味邱金(江湖菜),https://www.dianping.com/shop/l2XQ4LRMKDpxBYNU,4o条评价,人均￥62,椒麻鸡 香菜牛肉丝 仔姜牛蛙
千句浮生若梦,https://www.dianping.com/shop/H5SovrNdC4ACYmHg,6条评价,人均-,黑金鸡块 海鲜汤面 榴莲披萨
最爱妈妈菜(新区店),https://www.dianping.com/shop/FMvEZ56yegA1OdNZ,36条评价,人均￥53,红烧猪手 沸腾鱼片 红烧皇帝鱼
ARTEASG(润达购物中心店),https://www.dianping.com/shop/G6Ual8Hxuo9dVccW,3条评价,人均-,酸奶牛油果 酸奶芒芒 芭乐波波
满屋饭香(世博华城店),https://www.dianping.com/shop/k3MZREaWuldIFAw9,1o条评价,人均￥4o,酱汁鸡爪 新派小炒肉 小炒牛肉
最爱妈妈菜(汽运城店),https://www.dianping.com/shop/k2ltaABR5knmyQqa,34条评价,人均￥7o,黄豆鸡爪 白菜梗煸油渣 南昌炒粉
味宴,https://www.dianping.com/shop/l1CJMtRWgo8nBlhu,7条评价,人均-,鲜椒澳洲牛舌 华林吊锅饭 竹荪三鲜
老湘村鸭院子(瑞阳大道店),https://www.dianping.com/shop/H7AWdrx9eaxrIjhA,37条评价,人均-,茶油鸭 钢盆鱿鱼 平锅蒜蓉虾
潮螺螺螺蛳粉(高安润达店),https://www.dianping.com/shop/H690bWa3yOYaTFnF,7条评价,人均-,消暑柠檬水 酸笋炒螺蛳 脆皮锅烧
黄记煌三汁焖锅(高安润达店),https://www.dianping.com/shop/k9puyAgPHggsp67a,12条评价,人均-,汁料 牛肉丸 杏鲍菇
季季红火锅(高安公销大厦店),https://www.dianping.com/shop/G6eOGUtQy88oyvjD,1394条评价,人均￥48,精品肥牛 鸳鸯锅 撒尿牛肉丸
煲仔麻辣烫,https://www.dianping.com/shop/laQdImgti4ogS4mL,7条评价,人均-,金针菇 麻辣烫 炸土豆塔
江记味道(高安店),https://www.dianping.com/shop/G3HYD2PlcVU3WYhJ,186条评价,人均￥59,雅片鱼尾 白灼时蔬 压锅米粉肉
蜀大侠火锅(润达国际店),https://www.dianping.com/shop/G2L9qqnGwahZPfgE,5条评价,人均-,牛奶鸭血 老菇菌汤全锅 三鲜骨汤鸳鸯锅
老友记潮汕鲜牛火锅(高安店),https://www.dianping.com/shop/k34PybH7HJnRFcVE,4条评价,人均-,牛肉炒面 鸭血 苦瓜
大斌家串串火锅(高安润达店),https://www.dianping.com/shop/G2Gcxz5Wr2peutLb,31条评价,人均-,贡菜牛肉 麻辣牛肉 大斌家串串
蓝边碗,https://www.dianping.com/shop/FDOVdmxrlgDRXojy,6条评价,人均-,啤酒烧鸭 鲍鱼烧鸡 小炒黄牛肉
老萍乡易厨当家(高安店),https://www.dianping.com/shop/k3Ee347t2st4OLMW,26条评价,人均-,萍乡小炒肉 香辣发财鱼 莲花血鸭
大东北音乐烧烤,https://www.dianping.com/shop/G35WJs5McYc1Kb4O,14条评价,人均-,羊肉 炭烤马步鱼 辣炒丁螺
小乡镇餐厅,https://www.dianping.com/shop/l3zNZjKuDWDl2InX,19条评价,人均-,拆骨肉炒荷包蛋 白辣椒腊牛肉 酸辣鸡杂
樊氏正宗牛骨粉,https://www.dianping.com/shop/k8wo2zo3LWduix2o,3条评价,人均-,牛肉面 景田纯净水 牛杂面
福田花语,https://www.dianping.com/shop/k1q0D3uY0W5h1fwG,2条评价,人均-,酸菜鱼
麦当劳(锦惠中路店),https://www.dianping.com/shop/G7vPDzyAroUjij6H,17条评价,人均￥27,麦麦脆汁鸡 香芋派 麦麦咔滋脆鸡腿堡
许大优的炸鸡铺(高安店),https://www.dianping.com/shop/EC2x1CZsmJmHYZJt,2条评价,人均-,酸奶跳跳酱 韩式无骨炸鸡 拉丝芝士丸子
