老青松酱骨砂锅居,https://www.dianping.com/shop/l8oUrRA9QoQAU1e0,4o9条评价,人均￥53,酱大骨 丸子豆腐 拉皮
根河印象主题餐厅,https://www.dianping.com/shop/l6HXSV2fBkAo4Y5u,146条评价,人均￥135,炸小鱼 豆瓣酱炖牛肉 鲜榨蓝莓汁
咱屯子铁锅炖,https://www.dianping.com/shop/l3vC10OWAxHpF10l,33o条评价,人均￥1o6,牛排牛尾锅 白菜 盖饼
至尊主题烧烤,https://www.dianping.com/shop/G4hXnWPVbmvcMijC,93条评价,人均￥89,牛肉串儿 烤羊排 羊肉
大马牙甜品·饮品店,https://www.dianping.com/shop/G6ZSDVzuojbYBxsV,2条评价,人均-,蛋黄酥 红丝绒盒子 草莓气泡水
牧羊人全羊府,https://www.dianping.com/shop/l1CGd9lDNs5kunNi,16条评价,人均￥84,烤羊排 炸小鱼 炸牛肉條
磊鼎铜锅(步行街店),https://www.dianping.com/shop/l2xdIkWiBd3tLbV3,182条评价,人均￥1o7,西旗羊腿卷 手工鲜羊肉 特色嫩牛肉
小龙烧烤(中央路店),https://www.dianping.com/shop/GaOEGuHQ2StYsf2Z,1o条评价,人均￥7o,碳烤茄子 浇汁花螺 烧腊拼盘
老昌春饼店(根河五号店),https://www.dianping.com/shop/G7kIWjQnhNbovLO9,42条评价,人均￥27,春饼 地三鲜 黑米粥
鑫鼎园大铜锅,https://www.dianping.com/shop/k8DoqNHyPfuwOVGl,29条评价,人均￥89,毛肚 羊肉片 清汤锅底
木头柴火铁锅炖,https://www.dianping.com/shop/k12TUPWfYU5DZvL4,327条评价,人均￥127,小笨鸡贴大饼 小笨鸡贴饼子 排骨锅
大鸿福饺子,https://www.dianping.com/shop/l3SN7YtlxYRcvk3M,8条评价,人均-,梅菜扣肉 叫花鸡胗 奶香面包夹
清真好再来烧烤,https://www.dianping.com/shop/H8WsnqvmP4YMsMQc,1条评价,人均-,牛肉串 羊肉串
冷极牛百味,https://www.dianping.com/shop/k6Ar9rfthF5LxSY8,13条评价,人均￥72,筋头巴脑 霸王鞭 腱子筋
盛祥和清真烧麦馆,https://www.dianping.com/shop/H6VcY290r3edjsQy,32条评价,人均￥34,羊肉烧麦 牛肉烧麦 家常凉菜
老青松家常菜,https://www.dianping.com/shop/l1qF2s0642BNSGAw,6条评价,人均-,溜丸子 开胃羊肚 锅包肉
嘎巴锅家常菜,https://www.dianping.com/shop/l4JXfR7rXmhfTUeI,1条评价,人均-,
林城记忆酒店,https://www.dianping.com/shop/H1OdatWQz48Z4aI9,7条评价,人均-,麻椒鸡 炒南瓜 黑椒蝶鱼头
御琪四川火锅,https://www.dianping.com/shop/k4tEowF9vxmSwrSR,12o条评价,人均￥54,西旗羔羊肉 高钙肉 蟹肉花
世纪馨馨烧烤(中央路店),https://www.dianping.com/shop/iuQxnnbfokB9HULe,3条评价,人均-,板筋 鱿鱼须子 肉筋
宫家大院,https://www.dianping.com/shop/l2jbvvY4V0SEHCpZ,14条评价,人均￥82,
佳德福火锅居(二部),https://www.dianping.com/shop/H9AVWnVzAw5vg3OB,1条评价,人均-,
高先生牛排火锅,https://www.dianping.com/shop/iKgsh25L17Q26y24,6条评价,人均-,牛骨牛排4人餐 牛胸骨 牛脊骨
鑫和鑫排骨锅,https://www.dianping.com/shop/l72ywpHVueq5UcOM,1o条评价,人均-,血肠20元 酸菜1O一盘 韭菜炒鸡蛋
磊鼎铜锅(红旗路店),https://www.dianping.com/shop/l7hgwU9ce1mCKfc6,4条评价,人均-,番茄锅 鲍鱼 扇贝
32坐.炖涮锅,https://www.dianping.com/shop/l7vbfsVxW8OHirDf,1条评价,人均-,招牌火锅鸡 冰爽麻辣鸡爪 排骨火锅鸡
金波排骨锅,https://www.dianping.com/shop/G91caF23FERF7pvO,,人均-,
川滋味尚品涮肚(新华街店),https://www.dianping.com/shop/G1h7KHeQJ3lzEXCF,5条评价,人均-,豆腐
老麻家馅饼铺,https://www.dianping.com/shop/k21hqIwMR43ZJ6u1,17条评价,人均￥33,招牌馅饼 萝卜丝粉丝砂锅 砂锅豆腐
学府烤鱼小酒馆,https://www.dianping.com/shop/H70MY30FXHpTCckJ,,人均-,红烧小丸子 黄瓜拉皮 麻辣豆腐
摩点(阿龙山街店),https://www.dianping.com/shop/k4GsUZiRP7QXjCSL,1条评价,人均-,水果缤纷 梦幻烤肠 老式面包
一锅香羊蝎子,https://www.dianping.com/shop/k8cTswkX16RLpMvx,9条评价,人均-,溜肉段
蜜屿鲜果盒子,https://www.dianping.com/shop/l2cE534ed4vHyAGF,1条评价,人均-,经典原味鲜果捞 紫米酸奶 藻蓝蛋白酸奶捞
川渝府串串香火锅,https://www.dianping.com/shop/ka9dpiB3aULPUef5,,人均-,
老邻居美食荟快餐广场,https://www.dianping.com/shop/H2XBOmcmbwVD1o1z,1条评价,人均-,部队火锅 生煎肉包 松花蛋拌豆腐
部落鹿羊特色火锅美食,https://www.dianping.com/shop/k51RWflYATNiVw00,66条评价,人均￥87,羊肉卷 肥牛 羔羊肉
米婆婆营养早餐店,https://www.dianping.com/shop/kaDdcjXX0ybJp8JC,16条评价,人均￥13,牛肉小笼包 鸡蛋羹 富贵饼
一品烤肉(中央路店),https://www.dianping.com/shop/G3eWSuslPMYseam6,1条评价,人均-,烤牛肉 金针菇鸡蛋
锦州烧烤(兴安路店),https://www.dianping.com/shop/G5IkGa0yFxiMNvqp,,人均-,生蒜 锡纸粉丝 鸡皮
根河市好里堡鑫鑫源饭店,https://www.dianping.com/shop/l8PxhnE5L6f7AoKU,2条评价,人均-,清炖当地野生冷水细鳞鱼
旺角烤肉,https://www.dianping.com/shop/l1KuPHole6oN734O,25条评价,人均￥7o,烤羊排 孜然牛肉 冷面
暖食轻食寿司甜品店,https://www.dianping.com/shop/H7YkoktYLY0udXtv,1条评价,人均-,牛肉dong饭 爱马仕大蟹柳 黑胡椒牛肉意面
大拇指烤肉,https://www.dianping.com/shop/H2RvrUrcPNZCST3u,1条评价,人均-,特色牛肉 牛排肉 大块肉
菜根香青麻椒川菜馆,https://www.dianping.com/shop/laUlpXovBnnTsqz3,2条评价,人均-,
聚缘山西刀削面,https://www.dianping.com/shop/H5EYLHzA1b2iuvZD,2条评价,人均-,腰果小酥肉 自制干肠 炝拌花生米
鑫喜家乐饺子(阿龙山街店),https://www.dianping.com/shop/l78RVUOsjPEnzzLp,19条评价,人均￥21,素三鲜饺子 牛肉大葱 韭菜鸡蛋
鑫鑫烧烤店(兴安路店),https://www.dianping.com/shop/lauqViuLo8iUABFk,,人均-,鸡头 毛豆 鸡胗
百味小厨,https://www.dianping.com/shop/G2CxojY6HkeCasdf,3条评价,人均-,西兰花炒木耳 软炸虾仁 一块肉
顶顶汤火牛排(根河直营店),https://www.dianping.com/shop/Fn2CdJ0O1AKAy1dU,11条评价,人均￥74,手擀面 爽口黄瓜 锡纸鸡蛋
胖子大关东柴火地锅炖,https://www.dianping.com/shop/EtHx7iRuz5v6DUMe,6条评价,人均-,奶茶 苯鸡铁锅 炝黄豆芽
鑫顺通酒店,https://www.dianping.com/shop/l4V02ywujWxPxuHN,3条评价,人均-,
新英过桥米线店,https://www.dianping.com/shop/Gag2puLRcAQyttBu,,人均-,辣鸭腿 麻油 陈醋
小两口砂锅馅饼店,https://www.dianping.com/shop/l3TxP9uvMXTAISDU,17条评价,人均￥24,豆腐砂锅 馅饼 萝卜粉丝
滋味包子小菜坊,https://www.dianping.com/shop/G8qd1XvNlQNVrSKB,2条评价,人均-,猪肉包子 韭菜鸡蛋 大头菜鸡蛋
豪门盛宴(满归街店),https://www.dianping.com/shop/k99Zga2TY8ABcoxE,5条评价,人均-,干煸大排 锅包肉 蒜蓉开背虾
冷极驿站,https://www.dianping.com/shop/H3HFn2KmbMNfqdeE,12条评价,人均-,饺子
丰源肉联鲜肉店(阿龙山街店),https://www.dianping.com/shop/l9VFp8R6a8DeZpL3,1条评价,人均-,拌菜 鸡脖 鸡胗
金鼎轩,https://www.dianping.com/shop/l5jVVv3fckGftfMP,23条评价,人均￥65,羊排肉 高钙羊肉 小料
大鱼海塘烤肉,https://www.dianping.com/shop/H51jaBXSqxh3rbg7,1条评价,人均-,猪皮
新辣公子海鲜鸭脖,https://www.dianping.com/shop/k8swnOYuvkIX1Eg3,1条评价,人均-,鸭翅 风干鸭头 风干锁骨
