岗巴伊香阁清真餐厅,https://www.dianping.com/shop/G9A6YLwHZj9Wa6ym,1条评价,人均-,
岗巴聚香源川菜,https://www.dianping.com/shop/k5EnKPPLbEmBeqiX,,人均-,
伊兰烧烤面食,https://www.dianping.com/shop/k9eeRlDfnsDIpzST,,人均-,
岗巴九九九川菜馆,https://www.dianping.com/shop/G41lTsanMJfC2vFB,3条评价,人均-,辣椒炒腊肉 炒白菜
每日鲜蔬菜水果店(雪东路店),https://www.dianping.com/shop/k9PlhWOko1PjS0EX,,人均-,
黄手艺冒菜(环城南路店),https://www.dianping.com/shop/H7EtWrjYOIUOjTBd,1条评价,人均-,牛肉酱 千张 蚝油
时代藏餐,https://www.dianping.com/shop/H78beTzH66J0p9Wz,,人均-,
顺道茶馆,https://www.dianping.com/shop/H9g9R5epmkh0lJUe,,人均-,
巴蜀人家饭店,https://www.dianping.com/shop/H3d1oKyY2ISXQCAC,2条评价,人均-,虎皮青椒 酸辣肘子 米饭
邛崃天边酒家,https://www.dianping.com/shop/k4QAjsXZ6Wvgf8CH,5条评价,人均-,岗巴羊 黄瓜 米饭
岗巴羊,https://www.dianping.com/shop/H8YtN48KNr6sPIcV,1条评价,人均-,崗巴羊
岗巴丹杰林茶馆,https://www.dianping.com/shop/l9MDVhrkkHEGIWkM,1条评价,人均-,
岗巴湘里人家(环城南路店),https://www.dianping.com/shop/EHpuzZ66Ux1azQue,,人均-,
蜀香园(宗山中路店),https://www.dianping.com/shop/kansIjaMwWT5rui7,,人均-,
临夏饭馆,https://www.dianping.com/shop/G8K6fJCGO9rgt2YH,,人均-,
茶邻丁奶茶店,https://www.dianping.com/shop/k8EJ4bCZp50xfuws,,人均-,
邛莱饭店,https://www.dianping.com/shop/ic8hZjguXZ8TFmKN,1条评价,人均-,皮蛋青瓜汤 西红柿鸡蛋面
岗巴伊香阁清真餐厅,https://www.dianping.com/shop/G9A6YLwHZj9Wa6ym,1条评价,人均-,
岗巴聚香源川菜,https://www.dianping.com/shop/k5EnKPPLbEmBeqiX,,人均-,
伊兰烧烤面食,https://www.dianping.com/shop/k9eeRlDfnsDIpzST,,人均-,
岗巴九九九川菜馆,https://www.dianping.com/shop/G41lTsanMJfC2vFB,3条评价,人均-,辣椒炒腊肉 炒白菜
每日鲜蔬菜水果店(雪东路店),https://www.dianping.com/shop/k9PlhWOko1PjS0EX,,人均-,
时代藏餐,https://www.dianping.com/shop/H78beTzH66J0p9Wz,,人均-,
黄手艺冒菜(环城南路店),https://www.dianping.com/shop/H7EtWrjYOIUOjTBd,1条评价,人均-,牛肉酱 千张 蚝油
顺道茶馆,https://www.dianping.com/shop/H9g9R5epmkh0lJUe,,人均-,
巴蜀人家饭店,https://www.dianping.com/shop/H3d1oKyY2ISXQCAC,2条评价,人均-,虎皮青椒 酸辣肘子 米饭
邛崃天边酒家,https://www.dianping.com/shop/k4QAjsXZ6Wvgf8CH,5条评价,人均-,岗巴羊 黄瓜 米饭
岗巴羊,https://www.dianping.com/shop/H8YtN48KNr6sPIcV,1条评价,人均-,崗巴羊
岗巴丹杰林茶馆,https://www.dianping.com/shop/l9MDVhrkkHEGIWkM,1条评价,人均-,
岗巴湘里人家(环城南路店),https://www.dianping.com/shop/EHpuzZ66Ux1azQue,,人均-,
蜀香园(宗山中路店),https://www.dianping.com/shop/kansIjaMwWT5rui7,,人均-,
临夏饭馆,https://www.dianping.com/shop/G8K6fJCGO9rgt2YH,,人均-,
茶邻丁奶茶店,https://www.dianping.com/shop/k8EJ4bCZp50xfuws,,人均-,
岗巴伊香阁清真餐厅,https://www.dianping.com/shop/G9A6YLwHZj9Wa6ym,1条评价,人均-,
岗巴九九九川菜馆,https://www.dianping.com/shop/G41lTsanMJfC2vFB,3条评价,人均-,辣椒炒腊肉 炒白菜
伊兰烧烤面食,https://www.dianping.com/shop/k9eeRlDfnsDIpzST,,人均-,
每日鲜蔬菜水果店(雪东路店),https://www.dianping.com/shop/k9PlhWOko1PjS0EX,,人均-,
黄手艺冒菜(环城南路店),https://www.dianping.com/shop/H7EtWrjYOIUOjTBd,1条评价,人均-,牛肉酱 千张 蚝油
时代藏餐,https://www.dianping.com/shop/H78beTzH66J0p9Wz,,人均-,
顺道茶馆,https://www.dianping.com/shop/H9g9R5epmkh0lJUe,,人均-,
巴蜀人家饭店,https://www.dianping.com/shop/H3d1oKyY2ISXQCAC,2条评价,人均-,虎皮青椒 酸辣肘子 米饭
邛崃天边酒家,https://www.dianping.com/shop/k4QAjsXZ6Wvgf8CH,5条评价,人均-,岗巴羊 黄瓜 米饭
岗巴羊,https://www.dianping.com/shop/H8YtN48KNr6sPIcV,1条评价,人均-,崗巴羊
岗巴丹杰林茶馆,https://www.dianping.com/shop/l9MDVhrkkHEGIWkM,1条评价,人均-,
茶邻丁奶茶店,https://www.dianping.com/shop/k8EJ4bCZp50xfuws,,人均-,
临夏饭馆,https://www.dianping.com/shop/G8K6fJCGO9rgt2YH,,人均-,
邛莱饭店,https://www.dianping.com/shop/ic8hZjguXZ8TFmKN,1条评价,人均-,皮蛋青瓜汤 西红柿鸡蛋面
岗巴湘里人家(环城南路店),https://www.dianping.com/shop/EHpuzZ66Ux1azQue,,人均-,
蜀香园(宗山中路店),https://www.dianping.com/shop/kansIjaMwWT5rui7,,人均-,
伊兰烧烤面食,https://www.dianping.com/shop/k9eeRlDfnsDIpzST,,人均-,
岗巴伊香阁清真餐厅,https://www.dianping.com/shop/G9A6YLwHZj9Wa6ym,1条评价,人均-,
岗巴九九九川菜馆,https://www.dianping.com/shop/G41lTsanMJfC2vFB,3条评价,人均-,辣椒炒腊肉 炒白菜
每日鲜蔬菜水果店(雪东路店),https://www.dianping.com/shop/k9PlhWOko1PjS0EX,,人均-,
黄手艺冒菜(环城南路店),https://www.dianping.com/shop/H7EtWrjYOIUOjTBd,1条评价,人均-,牛肉酱 千张 蚝油
时代藏餐,https://www.dianping.com/shop/H78beTzH66J0p9Wz,,人均-,
顺道茶馆,https://www.dianping.com/shop/H9g9R5epmkh0lJUe,,人均-,
巴蜀人家饭店,https://www.dianping.com/shop/H3d1oKyY2ISXQCAC,2条评价,人均-,虎皮青椒 酸辣肘子 米饭
邛崃天边酒家,https://www.dianping.com/shop/k4QAjsXZ6Wvgf8CH,5条评价,人均-,岗巴羊 黄瓜 米饭
岗巴羊,https://www.dianping.com/shop/H8YtN48KNr6sPIcV,1条评价,人均-,崗巴羊
岗巴丹杰林茶馆,https://www.dianping.com/shop/l9MDVhrkkHEGIWkM,1条评价,人均-,
茶邻丁奶茶店,https://www.dianping.com/shop/k8EJ4bCZp50xfuws,,人均-,
临夏饭馆,https://www.dianping.com/shop/G8K6fJCGO9rgt2YH,,人均-,
邛莱饭店,https://www.dianping.com/shop/ic8hZjguXZ8TFmKN,1条评价,人均-,皮蛋青瓜汤 西红柿鸡蛋面
岗巴湘里人家(环城南路店),https://www.dianping.com/shop/EHpuzZ66Ux1azQue,,人均-,
蜀香园(宗山中路店),https://www.dianping.com/shop/kansIjaMwWT5rui7,,人均-,
岗巴伊香阁清真餐厅,https://www.dianping.com/shop/G9A6YLwHZj9Wa6ym,1条评价,人均-,
岗巴九九九川菜馆,https://www.dianping.com/shop/G41lTsanMJfC2vFB,3条评价,人均-,辣椒炒腊肉 炒白菜
伊兰烧烤面食,https://www.dianping.com/shop/k9eeRlDfnsDIpzST,,人均-,
每日鲜蔬菜水果店(雪东路店),https://www.dianping.com/shop/k9PlhWOko1PjS0EX,,人均-,
黄手艺冒菜(环城南路店),https://www.dianping.com/shop/H7EtWrjYOIUOjTBd,1条评价,人均-,牛肉酱 千张 蚝油
时代藏餐,https://www.dianping.com/shop/H78beTzH66J0p9Wz,,人均-,
顺道茶馆,https://www.dianping.com/shop/H9g9R5epmkh0lJUe,,人均-,
岗巴羊,https://www.dianping.com/shop/H8YtN48KNr6sPIcV,1条评价,人均-,崗巴羊
巴蜀人家饭店,https://www.dianping.com/shop/H3d1oKyY2ISXQCAC,2条评价,人均-,虎皮青椒 酸辣肘子 米饭
邛崃天边酒家,https://www.dianping.com/shop/k4QAjsXZ6Wvgf8CH,5条评价,人均-,岗巴羊 黄瓜 米饭
岗巴丹杰林茶馆,https://www.dianping.com/shop/l9MDVhrkkHEGIWkM,1条评价,人均-,
蜀香园(宗山中路店),https://www.dianping.com/shop/kansIjaMwWT5rui7,,人均-,
邛莱饭店,https://www.dianping.com/shop/ic8hZjguXZ8TFmKN,1条评价,人均-,皮蛋青瓜汤 西红柿鸡蛋面
岗巴湘里人家(环城南路店),https://www.dianping.com/shop/EHpuzZ66Ux1azQue,,人均-,
茶邻丁奶茶店,https://www.dianping.com/shop/k8EJ4bCZp50xfuws,,人均-,
临夏饭馆,https://www.dianping.com/shop/G8K6fJCGO9rgt2YH,,人均-,
