广富食府,https://www.dianping.com/shop/k2Ic5f5qkuEnUnGm,27条评价,人均￥122,白斬雞 白切阉鸡 烧鹅
猴子私房菜,https://www.dianping.com/shop/k8mPxwcw2mkcVTS8,5条评价,人均-,烤鸭 炒腊味 秘制炸排骨
伊兰堡清真牛肉馆,https://www.dianping.com/shop/G1oBUaTzzkjGz67E,3条评价,人均-,清蒸牛肉 大白菜 土豆
老地方(普厅南路店),https://www.dianping.com/shop/G9ft8cgi2Y9OYE9Y,1o条评价,人均￥18,煮面 牛肉土豆炒饭 炸酱面块
伊味园,https://www.dianping.com/shop/jDegrEsGwumGk6mh,6条评价,人均-,豆皮
富州大酒店,https://www.dianping.com/shop/k1XpDbZj5rbmicEX,3条评价,人均-,蒜蓉虾 鲟龙鱼 黄焖鸡
首味文山酸汤米线(十五分店),https://www.dianping.com/shop/G1ABhYQew442c6Zb,2条评价,人均-,小料 酸汤米线 配菜
陈氏私房菜,https://www.dianping.com/shop/k6ju4KHpegr5lu5j,5条评价,人均-,自蒸沙河粉 烤鸡
梁家野菜馆,https://www.dianping.com/shop/k60QnL1NXZEEwztW,4条评价,人均-,
鹏佳烧烤,https://www.dianping.com/shop/G7DNLdKn5yM5GTfE,9条评价,人均-,特色烤肉肠 热狗 甜肠串
越南卷粉店,https://www.dianping.com/shop/l5VMgE20IYgTJWxp,5条评价,人均￥13,米线 卷粉
建水朋友醉虾烧烤,https://www.dianping.com/shop/H6O4EVmFCvbLWPs7,1条评价,人均-,掌中宝 鸡蛋炒饭 鸡翅尖
广东菜馆(普厅北路店),https://www.dianping.com/shop/kaAt7kU8k6mkNrGR,6条评价,人均￥42,牛肉炒河粉 白切鸡 皮蛋瘦肉粥
民富饭店,https://www.dianping.com/shop/l7vp1jHQdgVNQhf8,71条评价,人均-,凉卷粉 毛驴肉米线 糯玉米炒肉末
阿拉丁烧烤(富州百货批发城店),https://www.dianping.com/shop/H1TOWl7i8Ux4bZEO,1条评价,人均-,大白虾 红柳烤肉 小瓜
重庆老四川(普厅北路店),https://www.dianping.com/shop/l5nFbV4w4N7ckgtd,18条评价,人均￥32,酸菜鱼 耙牛肉 鲜椒鸡
重庆秦妈火锅(富宁店),https://www.dianping.com/shop/G4ywyvjhmQV63IKt,8条评价,人均-,鸭掌 酒鬼花生 卤牛肉
坡芽餐厅,https://www.dianping.com/shop/G1psCFx3MGVAaDJg,3条评价,人均-,
佳佳螃蟹王蒸汽海鲜餐厅,https://www.dianping.com/shop/G3e9TnrpDxnid2Bn,17条评价,人均-,扇贝 鲍鱼 生蚝
江川石锅鱼食府,https://www.dianping.com/shop/k5kiqF87n8Jf9Rea,2条评价,人均-,石锅鱼
清真回味餐厅铜锅涮牛肉,https://www.dianping.com/shop/k8xdlGQTXiQAMSF6,1条评价,人均-,红汤
越南华侨小卷筒,https://www.dianping.com/shop/k9zGnHrlRsiFbPj0,3条评价,人均-,筒骨粥 木耳陷 皮蛋瘦肉粥
爱尚西餐厅,https://www.dianping.com/shop/G6I96Aj13mkz0Kvn,1o7条评价,人均￥27,培根炒意面 水果王国披萨 罗马假日披萨
燕平康烧烤店,https://www.dianping.com/shop/Gaau8RwVNDUr5pil,5条评价,人均-,杨梅酒 鸡蛋生菜炒卷粉 烧烤
川味园鱼庄(瑞临线店),https://www.dianping.com/shop/H6E0OcdNAWmX06fQ,1条评价,人均-,土鸡汤 芋头烧鸡 炸野生小鱼
研磨时光,https://www.dianping.com/shop/l8uEvpbb9OnDDN1l,7条评价,人均-,
怡缘羊肉馆(富宁店),https://www.dianping.com/shop/H4F4uqEmEBMC0szm,1条评价,人均￥53,
泸州烤鱼(幸福桥店),https://www.dianping.com/shop/l2gQF78mgmH52hlo,1o条评价,人均-,
南得一臭(富宁店),https://www.dianping.com/shop/G2wvg82qJpbh1SAi,5条评价,人均-,
碧水蓝天-餐饮部,https://www.dianping.com/shop/G2oQifr8VuhYcVvX,2条评价,人均-,
人合缘清真牛肉馆,https://www.dianping.com/shop/l11tUO7rO7pWlyaL,,人均-,炒苦瓜
鑫福源东北饺子馆(富宁店),https://www.dianping.com/shop/k90GOYNwEFj3DjlM,1条评价,人均-,白菜猪肉饺子 韭菜猪肉饺子 葱花猪肉饺子
旧食,https://www.dianping.com/shop/l7bwASAKGF1NoRLC,1条评价,人均-,
飘香快餐,https://www.dianping.com/shop/k7dI3PVQaEqjigqf,5条评价,人均-,宫保鸡丁 红烧猪脚 快餐
美味基餐厅,https://www.dianping.com/shop/j2i7EsbjQkMWkNby,39条评价,人均-,招牌童子鸡 新奥尔良烤翅 大薯条
华莱士·全鸡汉堡(新兴餐厅店),https://www.dianping.com/shop/G2T48wzH4RkYU4S2,9条评价,人均-,蜜汁手扒鸡 辣味鸡肉卷 香辣鸡排堡
酩庄螃蟹店,https://www.dianping.com/shop/Fu18AwLq8cHWJQEy,1条评价,人均-,
川锅派旋转小火锅,https://www.dianping.com/shop/G2JViqQOxC7gJWZQ,,人均-,玉米 木耳 田鸡
成志烤鸭店,https://www.dianping.com/shop/G5io84HbGep8K6cV,,人均-,特色辣椒酱 麻婆豆腐 烤鸭
川香串串火锅,https://www.dianping.com/shop/G8dpraY2qqRvbdCZ,2条评价,人均-,炒油麦菜 川味辣子鸡 油爆肥肠
百味居(文体路店),https://www.dianping.com/shop/G2gBkZJtIH2CiyKc,1条评价,人均-,
老马烧烤(文苑路店),https://www.dianping.com/shop/Ha2fSP1V7gIJxeOO,,人均-,
羊肉砂锅米线(第三分店),https://www.dianping.com/shop/G3iChcYQXtEgrOwm,,人均-,
青清小院,https://www.dianping.com/shop/H4FZDF7iafk2qmn5,,人均-,
阿凡提烧烤(迎宾路店),https://www.dianping.com/shop/H6q1brmmoOvsXoMU,,人均-,
胖子烤鱼王,https://www.dianping.com/shop/H1hTzAQ719PbSSRQ,1条评价,人均-,怪味田螺 香辣烤鱼 牛肉串
蜜雪冰城,https://www.dianping.com/shop/H1hVJhJlKsJNQ2V2,,人均-,果汁 厚芋泥奶茶 草莓味果冻
一品鲜原生态酸汤鸡,https://www.dianping.com/shop/G8xaClBeYJCkUzyq,4条评价,人均-,酸汤黄牛肉 海带片 银丝卷
龙骨食府,https://www.dianping.com/shop/G3HIR0OusrOZ6BAI,,人均-,
浅草寿司(地下商场店),https://www.dianping.com/shop/H11kiRBLMzeMJA9P,,人均-,椰果奶茶 西瓜汁 原味奶茶
益禾堂(文化路店),https://www.dianping.com/shop/k39kPUX6CAjhGsab,21条评价,人均-,益禾烤奶 冻柠蜜 烤奶加q。
十万伏特(奶茶·柠檬茶·水果茶·云南富宁店),https://www.dianping.com/shop/j5oLI9oF4XeAHnQv,,人均-,伏特梅梅 醇滑草莓 香芋地瓜丸
木桶鱼,https://www.dianping.com/shop/G9Ypcj4BmKYlD9XZ,,人均-,
食上客羊肉米线馆,https://www.dianping.com/shop/G8YyyvbiY2s6JAX3,,人均-,羊肉麻辣米线 羊尾巴 维他命饮料
富宁林秀山庄自助烧烤,https://www.dianping.com/shop/G4IAjapEkR7RQ4hW,,人均-,自助烧烤 煎蛋 鱼香肉丝盖浇饭
悟空火焰山烧烤(富宁店),https://www.dianping.com/shop/k1JtY49POWI1web0,1条评价,人均-,
多味羊汤锅,https://www.dianping.com/shop/l7CTvfKBgz18rvF2,,人均-,羊排 肥羊 羊杂
南宁老友粉(富宁店),https://www.dianping.com/shop/l242z4IlViQR0Vt9,,人均-,老友肥肠粉 广西酸豆角 老友猪肝粉
锅圈食汇火锅烧烤食材超市(迎宾路店),https://www.dianping.com/shop/H5ED6vhBR1Z38kyQ,,人均-,
东星脆皮猪脚,https://www.dianping.com/shop/H74HyomzuvcWo0Bx,,人均-,
