聚珍庭(富阳万达店),https://www.dianping.com/shop/l2AROjZzGx4wnIbn,744条评价,人均￥1o4,青柠檬酸汤鱼 冬阴功海鲜汤 椰子嘟嘟膏
迷你椰·泰式大排档(杭州富阳万达店),https://www.dianping.com/shop/k8gAKVj9QxP2hPST,43条评价,人均￥71,泰式冬阴功汤 普吉阿姨的年糕古法咖喱虾 南洋生打椰椰拿铁
山居荣府高级餐厅,https://www.dianping.com/shop/H69nMHHqqzfM0Ojf,1358条评价,人均￥232,桂花酱果木烤鸭 芝士焗土豆 海胆石锅豆腐
春熙禄 x 富春山房(野生动物园店),https://www.dianping.com/shop/l1nYa4Ux16OjYPs3,368条评价,人均￥113,山房招牌红烧肉 钵钵鸡 山房桂鱼
大管家剧院酒馆,https://www.dianping.com/shop/EFQm8crtb6iP7F0G,64条评价,人均￥148,炭烤伊比利亚猪肋排 黑松露菌菇披萨 蜜瓜火腿
醉忆江南江鲜馆(富阳总店),https://www.dianping.com/shop/G74qoNmnOJEIhDHC,1233条评价,人均￥116,正宗千岛湖鱼头 富春江白鲈 炒时蔬
嘻得乾·齐齐哈尔火锅烤肉,https://www.dianping.com/shop/G96cnhSH5Mv3okWJ,16o条评价,人均￥83,齐齐哈尔家庭拌肉 炭烤东北酸菜 东北冷面
平野屋(富阳店),https://www.dianping.com/shop/jLK0uCMolwbzsPUX,1663条评价,人均￥1o6,大满足肥牛饭 法式焗虾寿司4枚现烤 海鲜玉子烧
山居柴门,https://www.dianping.com/shop/l9Ld3AGUpZIy90fk,4o1条评价,人均￥164,桂花酱果木烤鸭 海鲜锅巴 低温酥皮牛小排
外婆家(杭州富阳万达店),https://www.dianping.com/shop/l52XbelSXRDCIbTl,712条评价,人均￥71,茶香鸡 蒜蓉粉丝虾 糖醋里脊
新疆杭州疗养院·富春山庄,https://www.dianping.com/shop/F8RIb8zXV08y3Qul,353条评价,人均￥1o2,羊肉串 大盘鸡 新疆烤包子
大痴小馆,https://www.dianping.com/shop/l12oMR5fFVzbBBoQ,737条评价,人均￥331,龙井虾仁 油焖春竹笋 河虾
西山活鳗烤肉(大盘山路店),https://www.dianping.com/shop/H8qkGhaDVFyOuzzF,251条评价,人均￥132,滋补活鳗鱼 三味肋条 牛肉炒饭
古古麦有饭吃酒小馆,https://www.dianping.com/shop/l22n3oFXLl9v3IFb,4o1条评价,人均￥84,羊肉串 大盘鸡 椒麻鸡
欢乐居饭店,https://www.dianping.com/shop/l6NpQ5FlAlmPOm0x,166条评价,人均￥115,特色牛骨头 手抓牛骨 爆炒螺蛳
牛头馆私厨(黄公望店),https://www.dianping.com/shop/iYhQ4nzBRjrw0J3o,139条评价,人均￥156,牛头 牛气冲天 浪花富春江大白鱼
望江楼·浙菜·家宴(富阳店),https://www.dianping.com/shop/H6iW0NPQl3SNKCU0,295条评价,人均￥138,荔枝妃子笑 秘制千岛湖鱼头 金华两头乌
江鲜第一锅,https://www.dianping.com/shop/H1S8UXp8QZ9Cctsz,19条评价,人均￥117,石锅鱼 短刀鱼 江鳗
CHAI CAFE&BISTRO,https://www.dianping.com/shop/l3rsyZsZyFyaMCQh,11条评价,人均￥34,香葱司康 桂花酿奶 抹茶生巧巴斯克
鲜嫩白里几,https://www.dianping.com/shop/H14bxsydgxMLHZGF,33条评价,人均￥46,白里脊 黑素鸡 鸡爪
Allllll In 咖啡烘培,https://www.dianping.com/shop/l3vfUg4HdnuSaTWg,15条评价,人均￥61,柿子提拉米苏 抹茶生吐司 鸡胸肉凯撒沙拉
太二酸菜鱼(富阳万达广场店),https://www.dianping.com/shop/H5CX0GihTNwoUQ5v,34条评价,人均￥88,酸菜鱼 停不下来小酥肉 酥酥黄金白玉菇
楼兰相遇·新疆菜(东方茂店),https://www.dianping.com/shop/G2ZXlJclZegZ21Mg,596条评价,人均￥92,沙湾大盘鸡 酥皮烤包子 羊肉串
陆六六地摊火锅(银湖店),https://www.dianping.com/shop/l4Qh0dkB8VvZqIbK,28条评价,人均￥78,牛油锅底 卤大肠 特色卤猪脚
平野中华料理,https://www.dianping.com/shop/l1fCQS3KY0Le3tuA,174条评价,人均￥91,话梅排骨 猪油拌饭 烤苕皮
余香小馆·1号良仓,https://www.dianping.com/shop/k5sEduQw2u7adKfA,15条评价,人均-,肉多多拼盘 盐酥鸡 香肠拼盘
开小灶(公望街店),https://www.dianping.com/shop/l7MR2qzml5XrDzcq,559条评价,人均￥87,酸菜鱼 招牌辣鸭头 盐烤猪蹄
弘大前夜市·홍대by辛奇·韩国料理·烤肉(富阳店),https://www.dianping.com/shop/laKPTRvlWcT4IcYt,177条评价,人均￥86,蟹柳鱼籽手握饭 厚切黑五花肉肉 韩式炸鸡
柒點精致料理,https://www.dianping.com/shop/k2H0hrmdAhuK55zE,288条评价,人均￥194,春季单人份刺身拼 日式鳗鱼饭 西京银鳕鱼
孙权家菜馆(富阳店),https://www.dianping.com/shop/G522mLHscHW8HxL4,722条评价,人均￥96,神仙鸡 孙权家面筋 牛肉大王
大王烤肉·齐齐哈尔地桌烤肉,https://www.dianping.com/shop/G5S21w9ykK383Rm0,32条评价,人均￥91,特色毛肚锅 口菇 雪花牛肉
爱+AGAPE花园西餐·咖啡·披萨·轻食,https://www.dianping.com/shop/l73HqAW7vU7qocuS,293条评价,人均￥94,特色鸡肉taco 经典牛肉酱意面 黑椒牛柳POKE饭
鲜嫩里几,https://www.dianping.com/shop/H3usPpzlDlwJ2Wgl,163条评价,人均￥74,里脊 牛肉 黑素鸡
鲜潮牛•潮汕牛肉火锅(玉长城店),https://www.dianping.com/shop/H4FImuf7xPZkkgoq,164o条评价,人均￥12o,手打生牛丸 爽口嫩牛 吊龙
焱味·邱金,https://www.dianping.com/shop/lagOUnq4mQDmsDQk,155条评价,人均￥98,仔姜牛蛙 火爆黄喉 干香鸡尖
东北灶(富阳万达店),https://www.dianping.com/shop/G4fxPaZ2vdXgs5Do,5oo条评价,人均￥63,锅包肉 京酱肉丝 酱大骨
山居爷爷面局(文教路店),https://www.dianping.com/shop/lahTBqRLPrJd7pbU,673条评价,人均￥46,现烤高桶蛋挞 芝士土豆 灌汤小笼包
湖畔居(富阳店),https://www.dianping.com/shop/G5NjB3Te9cxPlqfL,13o条评价,人均￥158,九宫格 手工绿豆糕 鸡汁功夫鲈鱼
POPE(富阳店),https://www.dianping.com/shop/G9WSZt3TIwXNdFdQ,11条评价,人均-,墨西哥鸡肉薄饼 丛林猎人烤肠 西班牙腊肠牛肉芝士焗饭
老鸭集(富阳万达店),https://www.dianping.com/shop/k1D884a7Go6XjRqI,351条评价,人均￥94,半只火腿老鸭煲 天目山笋干 蘸料
车间·Workshop,https://www.dianping.com/shop/l9N5clE91MOuDkIq,18条评价,人均￥42,SOE美式 焦糖生姜拿铁 西柚苏打
海底捞火锅(富春新天地店),https://www.dianping.com/shop/H5e0HTUpJEK5IK51,548条评价,人均￥1o5,番茄锅底 招牌虾滑 捞派毛肚
老太婆饭店,https://www.dianping.com/shop/FRqFaI6oqcLo7hCA,73条评价,人均￥87,一口香 牛排煲 螺丝鸡爪
小矮灶地摊火锅(富阳店),https://www.dianping.com/shop/H9sAqKDLYBoassdC,24条评价,人均-,牛百叶 黄喉 牛蛙
钱小奴炭烤自助料理(富阳万达广场店),https://www.dianping.com/shop/H5Ksg4SB7A4kLOpj,1629条评价,人均￥11o,水果自助 三文鱼 水果罐头
乡音沃豆腐馆,https://www.dianping.com/shop/k40ETDDq5X3WsvtU,1o5条评价,人均￥56,肉丝沃豆腐 红烧排骨 肉丝澳豆腐
菜场面馆(新登综合市场店),https://www.dianping.com/shop/l5Ngj4qFRHmmyed2,15条评价,人均￥19,臭豆腐肉丝面 青椒牛肉面 炒粉干
帝道海铺·海鲜牌档,https://www.dianping.com/shop/k1grdh2FFco0J7MK,48条评价,人均￥1o1,海胆酱黄金虾球 潮汕生炝波斯龙 脆皮妙龄乳鸽皇
MUTC mutocircle咖啡馆,https://www.dianping.com/shop/H7bmJs5nqzPFEnzv,118条评价,人均￥52,西班牙拿铁 海岩奶绿白胡子 桂花拿铁
花味烤肉(富阳玉长城店),https://www.dianping.com/shop/ikLrckZ5FGm0bMyH,155条评价,人均￥85,烤调味五花肉 吾桑格 金枪鱼蟹柳海苔饭
过江烤鱼·农家菜·烧烤小海鲜(东望大厦店),https://www.dianping.com/shop/G9HerLpWyCaqnbMi,77条评价,人均￥85,过江烤鲈鱼 小炒黄牛肉 小龙虾
重返汉城1988·韩式烤肉(鹿山店),https://www.dianping.com/shop/Ha3YYVe1Rt8a77Q9,272条评价,人均￥95,韩式南瓜粥 雪花肥牛薄片 厚切五花肉
牛山弟花园餐厅·鲜牛肉·烤肉,https://www.dianping.com/shop/H3nqoYZiO3zKNB5u,87条评价,人均￥72,现拌牛肉 牛蝎子锅 生菜
半天妖烤鱼(富阳玉长城店),https://www.dianping.com/shop/H6uq48TmcbTcXY7m,685条评价,人均￥71,半天妖烤鱼 大叉烤肉 青花椒烤鱼
卤校长重庆火锅(富阳店),https://www.dianping.com/shop/H7uP1nDR11GTUmhO,334条评价,人均￥113,辣卤耙鸡爪 白雪冰汤圆 七大招牌现捞热卤
Ceci-Cela 素时(富阳店),https://www.dianping.com/shop/Cdv0aZB7TmZTuEAl,11条评价,人均-,寿喜烧意面 越南粉 炸鸡腿
梅花庄,https://www.dianping.com/shop/k1lD2BNunHNPrLSt,553条评价,人均￥113,富春江白鱼 农家酒酿馒头配干菜肉 特色仔排
好享吃面坊(文教北路店),https://www.dianping.com/shop/k9CkDYhZTz3JlGZx,12o条评价,人均￥24,麻辣牛肉干挑面 生爆牛柳面 猪肝面
WDN COFFEE/SHAVEDICE/CAKE,https://www.dianping.com/shop/H3rwPoOgInn1JrRc,23条评价,人均￥27,西瓜太郎刨冰 柠檬奶青 香水椰子冰沙
久渔屋餐厅·精致料理(野生动物园店),https://www.dianping.com/shop/DnYSnBw9f2VR7ADa,82条评价,人均￥99,北极大甜虾 芥末章鱼 鹅肝手握
