迷你椰·泰式大排档(颍州府店),https://www.dianping.com/shop/G2U8HwhxfDShr2aU,237条评价,人均￥66,泰式冬阴功汤 泰式传统黄咖喱鸡 芒果糯米饭
萍姐火锅·公路夜市(碧桂园颍州府店),https://www.dianping.com/shop/G9fLZWiSsgwmNWbM,32条评价,人均-,耙鸡爪 多肉酸梅汁 麻辣掌中宝
無二火锅(三里湾店),https://www.dianping.com/shop/l8AD9u2LQ6WRmOW5,886条评价,人均￥99,牛乳冰沙 秘制香辣牛肉 重庆飞来的鲜毛肚
楠火锅(阜阳店),https://www.dianping.com/shop/l33zIfuJco85AaeY,617条评价,人均￥1o5,九宫格特色菜拼盘 青提雪山冰 西瓜挖球冰
德记火锅,https://www.dianping.com/shop/H9fMLOSmEAm5yrbM,25条评价,人均-,精选现切黄牛肉 手打黑虎虾丸子 屠场鲜毛肚
一棵葱社区火锅(河滨路店),https://www.dianping.com/shop/kaS8NNYZRtADXAtU,542条评价,人均￥81,手工冰粉 社区嫩牛肉 双椒牛肉
一棵葱社区火锅Plus(城南店),https://www.dianping.com/shop/G3g7cJuWB6iM6VgJ,375条评价,人均￥73,鸭血 双椒牛肉 耗儿鱼
朱光玉火锅馆(万达广场店),https://www.dianping.com/shop/H1t2RceAtmuAq1JJ,165条评价,人均￥128,啵啵鱼豆腐花 红丝绒芝士牛乳冰 虎皮鸡爪
嘻炭烤肉,https://www.dianping.com/shop/l1oTJ1uPnU0ioQ5J,32o条评价,人均￥81,黄金南瓜粥 韩式厚五花 牛肉粒石锅拌饭
安三胖韩国烤肉(颍州吾悦店),https://www.dianping.com/shop/H6xE2fieQsGLQpxV,621条评价,人均￥84,PORK三兄弟 妈妈的辣年糕条 秘制牛五花
一門居酒屋•串烧酒场(阜阳宝龙店),https://www.dianping.com/shop/k6QQOmwRwq2eqFR1,285条评价,人均￥124,蟹肉厚蛋烧 火炙鹅肝 玫瑰番茄
暹罗•喜泰来(时代广场店),https://www.dianping.com/shop/k1iTp6gD589xlBdN,92条评价,人均￥78,冬阴功汤海鲜汤 黑金咖喱皇面包鸡 一整只椰青奶冻
奈石寿喜烧•和牛自助(吾悦广场店),https://www.dianping.com/shop/G4ypOoNJRc7VkUiZ,27条评价,人均-,泰国金枕榴莲 金枕榴莲千层
破店肥哈·海鲜·烧烤(碧桂园颍州府店),https://www.dianping.com/shop/k7Q0DzMaasQoiGUU,48条评价,人均-,沈阳鸡架 破店麻辣烫 一大口牛舌
颖禾炒鸡,https://www.dianping.com/shop/G2Nbl1MJc0blA8zd,86条评价,人均￥63,颍禾炒鸡 锅巴 豌豆糊
米村拌饭(颍州万达店),https://www.dianping.com/shop/iclnMYwNUG9vTFRH,135条评价,人均￥32,招牌安格斯肥牛 石锅拌饭 烤牛肉拌饭
小菜园新徽菜(阜阳颍州万达店),https://www.dianping.com/shop/l4Z55qflMmhz52GY,234条评价,人均￥66,铁板蒜蓉虾 徽州臭鳜鱼 红烧鸡爪
日月与卿(吾悦广场店),https://www.dianping.com/shop/l2gDHLuiAsOgCGYS,2o8条评价,人均￥97,蟹肉牛油果沙拉 豚骨拉面 蟹肉寿司
张胡子地锅(港丽金茂广场店),https://www.dianping.com/shop/G5gW9oruA1ZEQolR,397条评价,人均￥56,地锅本鸡 张胡子地锅鸡 五花肉
同庆楼(阜阳双清湾店),https://www.dianping.com/shop/G7avWwsuYWoFMEdY,46条评价,人均-,招牌红烧肉 徽州臭桂鱼 天鹅榴莲酥
九田家黑牛烤肉料理(颍州万达店),https://www.dianping.com/shop/l613fyrJ0nzNqo1L,11o6条评价,人均￥75,
大龙燚火锅(吾悦广场店),https://www.dianping.com/shop/G9zxbVsdyqJpHpbX,1575条评价,人均￥91,
一绪に和牛寿喜烧(颍州万达店),https://www.dianping.com/shop/HaBZI7dZnPButCEv,1549条评价,人均￥168,
太子浓心招牌炸酱小锅米线,https://www.dianping.com/shop/G1rG5RK9HNRcsqox,84条评价,人均￥27,
蓉城四海黑牛烤肉海鲜自助餐厅(财富广场店),https://www.dianping.com/shop/G6tJgsfDJepk19pk,211条评价,人均-,
醉倾城园林餐厅,https://www.dianping.com/shop/k5mYwyL84Gb3PkQV,689条评价,人均￥65,
院里 · 火锅(双清路店),https://www.dianping.com/shop/G4nKCCBUCwvRv1PW,6条评价,人均￥65,
御福会火锅,https://www.dianping.com/shop/l4BH5Do7vQ2qZsRp,13条评价,人均-,
黄记煌三汁焖锅(阜阳时代广场店),https://www.dianping.com/shop/H7y7o43sM8PjwP0I,27o条评价,人均￥65,
九街淑芬掌中宝串串,https://www.dianping.com/shop/l6aKsZxBEgP2ptge,1o6条评价,人均￥88,
张胡子地锅(易景国际店),https://www.dianping.com/shop/l4SZ6eD1b2TDhnlc,42o条评价,人均￥69,干豆角 五花肉 招牌地锅本鸡
超级椰泰国菜(文峰公园店),https://www.dianping.com/shop/k4b0zjKKbnqklZ9n,198条评价,人均￥83,椰皇椰子冻 泰妈妈咖喱面包鸡 特色烤猪颈肉
谷饲堡·手作牛肉汉堡,https://www.dianping.com/shop/G4hW20ZaND0ajB1E,17条评价,人均-,墨西哥辣味牛肉堡 蒜香黄油芝士薯条 热带凤梨牛肉堡
廣順興(浙商大厦店),https://www.dianping.com/shop/l8ZJDiRHhhrcKs6s,9o条评价,人均￥1o3,招牌猪肚鸡 烧鹅 马蹄竹蔗毛根茶
大芊金火锅串串(颍州万达店),https://www.dianping.com/shop/H1kXoECYHz6oqjDI,98条评价,人均￥77,现摊苕皮 香酥掌中宝 大芊金串串火锅
CHAGEE霸王茶姬(颍州万达店),https://www.dianping.com/shop/k8tfr7sHxXv2ieok,1o条评价,人均-,
十二蛙小侠铁锅牛蛙(幸福恒太城店),https://www.dianping.com/shop/jQtbANYB21ua02ug,26条评价,人均-,
东吴面馆,https://www.dianping.com/shop/l8D9it10oIVpqBow,24条评价,人均￥19,
阜阳大牌档,https://www.dianping.com/shop/k6srmLVNBvuDXQ8g,35条评价,人均￥53,
Beijohn贝约翰西餐厅(万达金街店),https://www.dianping.com/shop/jSofoDzqv0TbyTIN,366条评价,人均￥74,
正好有肉•烤肉馆(颍州万达店),https://www.dianping.com/shop/G8AyZvmVsQiLT2jT,44条评价,人均-,
富春山居,https://www.dianping.com/shop/G7XKvjYfp4xcYXZ9,53条评价,人均￥144,
城中央·清真餐厅,https://www.dianping.com/shop/G58vj6Q13LuCzMA3,42条评价,人均￥94,
廣順興(江湾城店),https://www.dianping.com/shop/H18006JgCZ0iM8WO,178条评价,人均￥97,
阿公家餐厅(易景国际店),https://www.dianping.com/shop/H9rBLLPEk7JS1RFg,2o条评价,人均-,
朱六老菜馆,https://www.dianping.com/shop/k7KDwrGxrQ5Lfw64,3条评价,人均-,五花肉炖鳝鱼 蒸菜 炒虾仁
Meet Sun韩式大排档(阜阳吾悦广场店),https://www.dianping.com/shop/k6BtCT0w0281uUiP,283条评价,人均￥53,蔬菜沙拉 芝士满满年糕火锅 肥牛年糕火锅
菊上料理(吾悦广场店),https://www.dianping.com/shop/k6SCXyNSohhVDevN,328条评价,人均￥22o,鹅肝 芝士蟹宝 刺身拼盘
誠•烧肉Slncerity,https://www.dianping.com/shop/la0uk06iJKARl9yK,2条评价,人均-,
白石的深夜食堂(颍州万达店),https://www.dianping.com/shop/G6qKjaMz0X3pKF6T,794条评价,人均￥97,鳗鱼饭 玉子烧 芝士芒果虾
楠火锅(颍上店),https://www.dianping.com/shop/GavsQm8e0O7vP0Dm,1o4条评价,人均￥1o8,耙鸡脚 爆款绵绵冰 九宫格特色菜拼盘
大嘴鲨海鲜烤肉火锅自助餐厅(颍州万达五店),https://www.dianping.com/shop/G1vuIXfJiSWkHZNM,2o99条评价,人均￥81,海鲜火锅行 铁板牛排 烤扇贝生蚝
北京涮羊肉桃园烤串,https://www.dianping.com/shop/H3z3DIi6Wm5yoI8O,4条评价,人均-,
海利湾·大嘴鲨海鲜自助烤肉餐厅(时代广场店),https://www.dianping.com/shop/H4xeuLBOulCMClwW,79o条评价,人均￥78,烤肉 炭烤生蚝 火龙果
小食神,https://www.dianping.com/shop/l74UhKDrafFZdJ7m,8条评价,人均-,食神烩八珍 蛤蜊酿虾滑 蒜香排骨
Beijohn贝约翰西餐厅(吾悦广场店),https://www.dianping.com/shop/k8d152A6iHG8s3if,193条评价,人均￥89,香煎龙利鱼 惠灵顿牛排 小吃拼盘
李不管把把烧,https://www.dianping.com/shop/G2MIeUou1vohgtzp,9条评价,人均-,烤牛油 烤五花肉 香辣土豆王
大清涮羊肉(淮河路店),https://www.dianping.com/shop/l9aTczuCksCRQrjN,64条评价,人均￥65,大清铜锅涮肉 羊肉卷 大清铜锅涮羊肉
淞屿屋日本料理(清河西路店),https://www.dianping.com/shop/H6bFGITa17Uphz4f,119条评价,人均￥87,章鱼小丸子 日式炸鸡块 泡菜
2%咖啡(美学制造者),https://www.dianping.com/shop/G7w2nzqZAqOfN0tl,15条评价,人均-,匠心美式咖啡 青提柠檬气泡水 蓝甘气泡
