蓝庭湾海鲜火锅烤肉自助餐厅,https://www.dianping.com/shop/k4Srq8okl7zfyDcX,13条评价,人均-,海鲜火锅烤肉一体自助餐 牛排 辣椒炒肉
小肥羊(甘谷紫薇花园店),https://www.dianping.com/shop/l6fFMHZqckx0qf75,14条评价,人均-,特色辣牛肉 驰名羔羊肉 小麻辣锅
火盆烤肉,https://www.dianping.com/shop/G1TrhIgVSjJMLaQ4,42条评价,人均-,秘制鲜牛肉 绝味五花肉 培根金针菇卷
金成大酒店海鲜自助,https://www.dianping.com/shop/k5EQ3e4J2WPZhXjh,6o5条评价,人均￥69,烤串 蟹脚 麻辣锅
蜀大侠火锅(甘谷店),https://www.dianping.com/shop/G4CevAPmd0qRHUOi,64条评价,人均￥49,高钙羊肉 贵妃牛肉 大侠扯面
花之林餐厅,https://www.dianping.com/shop/k7V0DHu0ZaqHpem3,14条评价,人均-,挂炉果木烤鸭 酱肉包子 玉米排骨汤
宴府柴火鸡,https://www.dianping.com/shop/H4iQ4uxDAnLwPgcd,1条评价,人均-,蒸扇贝 蒸生蚝 藤椒鱼
喜八宝螺蛳粉火锅(甘谷店),https://www.dianping.com/shop/l9IGDff6NaJxWQG2,1o条评价,人均-,喜八宝六件套餐 自制小油条 广西自制腊味
川大侠市井串串,https://www.dianping.com/shop/G2Fl8My9CXJgaCsI,6o条评价,人均￥56,自助小料 麻辣牛肉 水晶粉
老廖家包子馆,https://www.dianping.com/shop/l8u9iBVCliCTXzWI,6条评价,人均-,韭菜包 韭菜大肉包子 沸腾鱼
月满大江(甘谷店),https://www.dianping.com/shop/H9BHrSk3LHsv8rV7,81条评价,人均￥68,麻辣牛肉 鲜切牛肉 牛油菌汤鸳鸯锅
三和园(甘谷店),https://www.dianping.com/shop/k5EJ9MEdoepy9aCh,5条评价,人均-,香辣鱿鱼虾 地软包 酸菜盒
康乐蛋糕(老广场店),https://www.dianping.com/shop/G8ZJsHnuVOO5t3d5,166条评价,人均￥41,水果蛋糕 法式蛋糕 卡通蛋糕
九月椒海鲜自选火锅超市(甘谷店),https://www.dianping.com/shop/H6pLfuteBtRn3zKo,976条评价,人均￥63,烤羊肉串 烤全羊 鲜虾
码头故事火锅店,https://www.dianping.com/shop/l8YDCRxlkx652Zdt,23条评价,人均-,一米肥牛 手切鲜牛肉 手切鲜羊肉
兰公羊烤肉,https://www.dianping.com/shop/G91R1kaxIcduGK29,4条评价,人均-,花生米 萝卜 羊肉串
香来素面饺子馆,https://www.dianping.com/shop/k4L1j6kdSeBLBWXa,1条评价,人均-,小菜 素面
梧桐下,https://www.dianping.com/shop/k4rZosfUDvUqRFpG,3条评价,人均-,迷你炒年糕 黑胡椒炒意面 川辣爆田螺
姚庄羊肉泡馍,https://www.dianping.com/shop/l4anCDNIuNxs3wdt,3条评价,人均-,锅盔馍 羊肉泡馍 油泼辣子
老狼大盘鸡(甘谷店),https://www.dianping.com/shop/l36EruB3e3L7dy87,13条评价,人均￥48,大盘鸡 白面皮 蕨根粉
德克士(甘谷店),https://www.dianping.com/shop/l6b2pfgzNow5NoTy,567条评价,人均￥47,薯条 脆皮炸鸡 可乐
顺星源灶台鱼(甘谷店),https://www.dianping.com/shop/l8rFnqXeYX5H1tNC,2条评价,人均-,
宽窄巷子火锅串串香,https://www.dianping.com/shop/H9cIvNDILcwoUvN4,2条评价,人均-,麻辣牛肉 蘸料 锅盔
玉林串串香(甘谷店),https://www.dianping.com/shop/H9ctBZxlGw0IW0Xg,34条评价,人均￥62,密制牛肉 平菇 千页豆腐
兄弟小炒王(甘谷店),https://www.dianping.com/shop/l233hC7HW92MusvG,1o条评价,人均￥53,红烧茄子 红椒土豆丝 水煮肉片
胖子鱼川派鲜鱼火锅,https://www.dianping.com/shop/l8oAA2LTuTeLomjf,2o条评价,人均-,特色麻辣鱼 秘制酸菜鱼 鲜美番茄鱼
叁食而立市井火锅(甘谷店),https://www.dianping.com/shop/H2cO3T9J7mFloJSJ,11条评价,人均-,牛油菌汤鸳鸯锅 片鸭血 羔羊肉卷
红利来西饼季念日生日蛋糕(新城街店),https://www.dianping.com/shop/G5lK9wGOqFlc42EQ,446条评价,人均￥48,水果蛋糕 彩虹蛋糕 巧克力蛋糕
贤合庄卤味火锅(甘谷店),https://www.dianping.com/shop/Ey69aSgHir9h5Z2Z,18条评价,人均-,手切牛肉 红糖冰粉 一碗牛杂
成都印象(尚都百汇店),https://www.dianping.com/shop/H38NV3ncl3ZhExD7,8条评价,人均-,酸菜包 馓饭一窝 特色炒面片
文录羊肉馆,https://www.dianping.com/shop/H7Wb3K7ujMrCCezo,3条评价,人均-,羊肉面
甘谷老食堂,https://www.dianping.com/shop/k3UQKtcUvrPK5ZCz,1条评价,人均-,烩菜 鱼香肉丝盖浇饭 江团
牧羊人羊肉泡馍馆,https://www.dianping.com/shop/k6oCI3U86NGp7gW2,5条评价,人均-,羊肉泡馍 鲜橙 熟羊肉
金水桥酒店饺子自助,https://www.dianping.com/shop/GaFF2UMlpYuy3uqb,7条评价,人均-,水煮肉片 毛血旺 玉米饼
巧湘厨,https://www.dianping.com/shop/k3vp4qXF2oA3NcPR,1条评价,人均-,巧厨坛椒鱼头 毛氏红烧肉 梅菜扣肉
老成都纸包鱼(甘谷店),https://www.dianping.com/shop/k2jy9yuPiIDma4bR,4条评价,人均-,纸包江团鱼 草鱼 麻辣小龙虾
佳盛纸包鱼店,https://www.dianping.com/shop/k2ODBHHxPaCu4etw,,人均-,纸包虾 纸包鱼 红薯片
清真伊福德靖远羊羔肉,https://www.dianping.com/shop/l9GQkx0mJlulobNg,6条评价,人均-,美味炒肉片 黄焖羊肉 口味羊脖子
辣师爷串串火锅,https://www.dianping.com/shop/k1H7tLD4kDf3sWGY,82条评价,人均-,鸳鸯锅 荤素签签 贡菜
炖炖香牛肉面馆(康庄中路店),https://www.dianping.com/shop/l5GEgnh55bkQzjuf,5条评价,人均-,炒面 凉面 清汤臊子面
平武包子馆,https://www.dianping.com/shop/l4gudMdjodeRLT2h,2条评价,人均-,韭菜包子
李想大虾(尚都百汇店),https://www.dianping.com/shop/H2RwQHZGFbZt11Mv,22o条评价,人均-,李想大虾 特色手工面 定西宽粉
泥巴小院市井火锅(甘谷店),https://www.dianping.com/shop/k1GwD6jucf2wN5ad,5条评价,人均-,农家滑肉 羔羊肉卷 美生菜
古兰木炭烤肉(甘谷店),https://www.dianping.com/shop/k9tkqW1QX4XNRxMh,1o条评价,人均-,烤羊肉 烤茄子 烤饼
爱的礼物(尚都百汇购物中心店),https://www.dianping.com/shop/G9xKnlehD0qRnmcm,9条评价,人均-,俄罗斯面包20
宁夏老字号牛羊肉,https://www.dianping.com/shop/H1E1brVJAb01o1mk,9条评价,人均-,手抓羊肉 手撕包菜 辣爆羊杂
大漠烤肉,https://www.dianping.com/shop/k8lwHHMEwRwqFqu8,3条评价,人均-,烤油饼 烤饼子 烤肉筋
园园馄饨,https://www.dianping.com/shop/l41VLMgfYJaXLjTl,5条评价,人均-,鸡汤馄饨 地软包子 馄饨两蜿
一口香包子店,https://www.dianping.com/shop/k9WzFZbeTN9OumGl,1条评价,人均-,麻腐包 九阳豆浆 美人包
金成大酒店-中餐厅,https://www.dianping.com/shop/l94lY317WOEdtQc2,4条评价,人均-,甘蓝 油条
德源·小厨(富强路店),https://www.dianping.com/shop/jFCUOvwf0LKoTXga,1o条评价,人均-,梅菜扣肉 酸菜鱼 鱼香肉丝
黄薯郎(尚都百汇店),https://www.dianping.com/shop/H7EL8wb5XpsX7YFG,2条评价,人均-,凉皮 擀面皮 康师傅冰绿茶
锅来锅往自助火锅(甘谷店),https://www.dianping.com/shop/H6IDnucVFhVUtuo1,1o8条评价,人均￥73,青虾 活螃蟹
姜维山庄,https://www.dianping.com/shop/k5VlgRTXJPgJwky7,1条评价,人均-,牛肉酱 千张 土豆
签王之王牛肉串串(甘谷店),https://www.dianping.com/shop/l3BiXyFRWRP5Hxmy,6条评价,人均-,蘸料碟 蘸料碗 签王香油
百姓厨房(像山西路店),https://www.dianping.com/shop/H37QGFgSMoDLPDzj,3条评价,人均-,鱼香肉丝 红烧茄子 糖醋里脊
西部努尔(西部努尔尚都百汇店),https://www.dianping.com/shop/k8n8bsEDDyE8Iyt5,1条评价,人均-,鱼香肉丝 黄鱼烧豆腐 西红柿炒鸡蛋
陇上椒,https://www.dianping.com/shop/i7Qa5n8LzRi0M8Tx,1条评价,人均-,花生 藕带 鱼香肉丝
旭昇源(康庄路店),https://www.dianping.com/shop/l5wFw0f7benwudGA,2o条评价,人均-,芹菜肉馅饺子 羊肉饺 韭菜臊子水饺
萨米尔烤肉餐厅(甘谷店),https://www.dianping.com/shop/H3Ayci2MQ6dtVXfH,2条评价,人均-,炒片 牛奶鸡蛋醪糟 大枣茶
