邻里家鲜虾汤包私家菜,https://www.dianping.com/shop/F41MyOI0JN7oB9ah,11条评价,人均-,鲜虾汤包 红烧肉 砂锅碟鱼头
凤城故事高密炉包地方菜,https://www.dianping.com/shop/l3Nl7XX1kfAtd0jw,254条评价,人均￥66,鸡爪 高密炉包 凤城川香烤鱼
众鹏最东北铁锅炖(利群路店),https://www.dianping.com/shop/H9AvIi9gN9IYHkTW,99条评价,人均-,特色小笨鸡 花卷 麻汁拉皮
凤城故事(人民大街店),https://www.dianping.com/shop/G3Puv9toasfpO0LO,2o条评价,人均-,高密炉包 拌八带 花胶鸡汤
普瑞玺酒店,https://www.dianping.com/shop/H95NknEhSj2cUerz,2条评价,人均-,
富贵春饼•烤鸭(高密店),https://www.dianping.com/shop/l2HEpQUV5pcIlFUA,5o8条评价,人均￥56,吉祥烤鸭 招牌京酱肉丝 孜然鸭架
海棠饭,https://www.dianping.com/shop/k5jSyKh5oFKWzntN,52条评价,人均￥183,黑松露炒饭 玻璃脆皮乳鸽 荔枝肉
红叶精致寿司(高密店),https://www.dianping.com/shop/k62d4k3mn6pvEEfL,147条评价,人均￥157,寿司套餐 鳗鱼蒲烧 鳗鱼握
这·老街儿-生蚝-椰子鸡-烧烤,https://www.dianping.com/shop/k7l1jJktEeHCOwqw,1o条评价,人均-,招牌油焖小龙虾 冰镇小龙虾 咸蛋黄小龙虾
槿都自助烤肉料理(高密店),https://www.dianping.com/shop/H2n1lsutPJzJWvef,1278条评价,人均￥89,槿都自助烤肉 牛肉 水果拼盘
而立小馆,https://www.dianping.com/shop/G2frVLZYwtjGWbVR,34条评价,人均￥126,山药排骨汤 现磨咖啡 炸虾仁
半天妖烤鱼(高密中百店),https://www.dianping.com/shop/k55MwOGDfUvXdArk,172o条评价,人均￥71,青花椒烤鱼 五常大米饭 爆米花
春秋庭院文化主题餐厅,https://www.dianping.com/shop/k2uCQmE1gVcq6Nkn,11条评价,人均-,柠檬酸菜鱼 辣烧月牙骨 肥牛卷
东镇老火锅(健康路店),https://www.dianping.com/shop/l9a3fgUlgOXjAlcr,23条评价,人均￥1oo,东镇羊肉 招牌生吃蟹肉 鸭黄年糕
名家京畿道烤肉,https://www.dianping.com/shop/G1xkMNtfRfPkNHnK,172条评价,人均￥87,五花肉 蜜汁猪梅肉 大酱汤
韩式米肠汤饭,https://www.dianping.com/shop/H9B9p34lgfRR4qrE,25条评价,人均￥6o,米肠汤饭 辣焖鸡爪 焖鳕鱼
巴适牛肉串串火锅·甜品自助,https://www.dianping.com/shop/G6vy1V7bZdnGT4Zk,259条评价,人均￥68,红糖糍粑 鸳鸯锅底 油碟
凤城故事(新贵领地店),https://www.dianping.com/shop/l2R5XdTLFVwUKXky,4o条评价,人均￥1oo,鲜鲈鱼 羊肉大串 烤鸡翅
老范家全羊,https://www.dianping.com/shop/jHBlxhkh4dviNsuK,38条评价,人均￥29,羊肉汤 老范家全羊汤 羊杂汤
蓝海国际大饭店(高密店),https://www.dianping.com/shop/k319705IcdOjwEnk,11798条评价,人均￥76,蓝海烤鸭 蒸海鲜 酱大骨
椒来运转,https://www.dianping.com/shop/k2bxZVgYNPCj9ajx,16条评价,人均￥1o8,手打虾滑 牛奶鸭血 贡菜
蛙大侠,https://www.dianping.com/shop/G8yiQW0AMIzvmD0e,184条评价,人均￥78,蒜香微辣味平锅 鲜香麻辣味平锅 香辣馋嘴蛙泡锅
几禾咖啡甜品美学,https://www.dianping.com/shop/G11mTeieCQivr8Hz,1条评价,人均-,橘皮拿铁 桂花拿铁
地主大院铁锅炖,https://www.dianping.com/shop/H1n8Jp4edRW4tBSQ,384条评价,人均￥76,笨鸡锅套餐 大马哈鱼 老醋花生
知也·coffee bar,https://www.dianping.com/shop/G92XCiLj6FxR88wh,24条评价,人均￥4o,香草可露丽 肉桂苹果红茶 黑巧抹茶凝酪
徐家扣碗,https://www.dianping.com/shop/DfsBmmyLRMMJdBu5,3条评价,人均-,酒酿小丸子 扣牛肚 扣春卷
小城围炉火锅,https://www.dianping.com/shop/G8g3kcDQTEDawxvy,6条评价,人均-,脆毛肚 鸭肠 嫩笋尖
BoBo比萨,https://www.dianping.com/shop/G2fswQH0ZzuCaRd6,16o条评价,人均￥39,双拼披萨 奶油海鲜意面 薯条
如意芝兰庄烩火烧,https://www.dianping.com/shop/G9xFmN1LDh6RTyLh,9o条评价,人均￥46,芝兰庄烩火烧 炸虾仁 大虾汇火烧
蓝塞夫全球海鲜(高密店),https://www.dianping.com/shop/k4e2K0G0pthQHRRv,3条评价,人均-,三文鱼甜虾刺身拼 精选带鱼段 蒜蓉粉丝扇贝
三十中式极简主题餐厅,https://www.dianping.com/shop/H3VUijFRKn3Tts15,35条评价,人均￥8o,杂菇小炒肉 可酸可辣土豆丝 奇妙虾丸子
捞福记·自助火锅(高密全福元店),https://www.dianping.com/shop/l9L8Vv4FUZWaHHkB,23条评价,人均-,椒麻小酥肉 特色嫩牛肉(深加工) 3秒海带芽
喜盅盅火锅,https://www.dianping.com/shop/Hah62seAxpbijMWX,64条评价,人均-,喜盅辣卤锅 西红柿锅 小酥肉
浮生咖啡烘焙,https://www.dianping.com/shop/H875yBsumiyri1yt,12条评价,人均￥33,海盐奥利奥切角 抹茶巧克力凝酪 热红酒
哦嚯无国籍自助,https://www.dianping.com/shop/k5UCxr5AyUK00zVK,32条评价,人均-,铁板牛舌 刺身拼盘 牛仔骨
米兰西餐厅(利群路店),https://www.dianping.com/shop/G2a9CQvpht9QGqOl,11o2条评价,人均￥76,果木菲力牛排 田园蔬菜沙拉 鲜虾蔓越莓沙拉
王婆大虾(家纺路店),https://www.dianping.com/shop/G4Z8Y0iNrP2tY549,565条评价,人均￥51,大虾锅 手擀面 金针菇
韩盛·盛江山自助料理(高密中百佳乐家店),https://www.dianping.com/shop/G8VHVkhNJamLa1er,2o5条评价,人均￥77,巴西烤肉 海鲜 自助烤肉
蓝海国际大饭店·悦鼎天火锅,https://www.dianping.com/shop/H9jo1BslwqT4hLAC,772条评价,人均-,内蒙古羔羊肉 龙利鱼 樱桃鸭肉卷
老东北铁锅炖,https://www.dianping.com/shop/l4YAfjx0kuIVpp4x,13条评价,人均-,花卷 玉米饼 豆腐
稻川西•点单式自助海鲜火锅,https://www.dianping.com/shop/k5WAVc7wlGqbeVmO,281条评价,人均￥83,番茄锅底 精品肥牛 茴香小油条
茅庐印象(高密店),https://www.dianping.com/shop/j8m1MXKpFZytbXwi,1375条评价,人均￥64,干锅土豆片 面包诱惑 鸡丝凉面
全聚福(立新街店),https://www.dianping.com/shop/H2JahpW6ytGXVGTj,728条评价,人均￥45,烤鸭 秘制五花肉 北京烤鸭
胡同礼火锅烧烤,https://www.dianping.com/shop/H1nUnGGjGBljmZRx,164条评价,人均-,招牌妈妈黄米烙 胡同礼肥牛 黑虎掌野生菌王汤
森普·可芮创意西餐无国界料理,https://www.dianping.com/shop/l1uUP6LuCXwLfTjA,381条评价,人均￥13o,森普SC灵魂烤鸡 泰式柠檬凤爪 烤布蕾
大连灶台鱼(高密店),https://www.dianping.com/shop/l4iYZMXwtmagoeiQ,419条评价,人均￥56,饼子 特色炖鱼 排骨
东镇老火锅(立新街店),https://www.dianping.com/shop/l5Q2qmmFdzo2ZRfZ,9条评价,人均-,爆浆蛋黄牛虾丸子 东镇羊肉 牛百叶
必胜客(振兴店),https://www.dianping.com/shop/k8oLkAuOZ2mowV66,131条评价,人均￥85,榴莲多多比萨 牛排 小吃拼盘
林三炉包,https://www.dianping.com/shop/H85Ai2ILA9gYIdii,211条评价,人均￥33,炉包 油条黄瓜 韭菜鸡蛋
冰城外婆铁锅焖面,https://www.dianping.com/shop/k1Up4LLXhqiXMQbJ,157条评价,人均￥28,排骨鲜豆角焖面 鹌鹑蛋 金针菇
渔港小厨,https://www.dianping.com/shop/G9np2S55RNnWrG7Y,238条评价,人均￥49,铁锅蛤蜊排骨 山楂排骨 粉丝扇贝
流年音乐餐厅(高密店),https://www.dianping.com/shop/l6dtLL3tupviJGdv,169条评价,人均-,柠檬酸菜鱼 川香毛血旺 馋嘴黑鸡爪
Now Bakery,https://www.dianping.com/shop/H52gscX5DhbZCqH8,6条评价,人均-,马卡龙 抹茶星冰乐 茉莉蜜瓜切块
8090炭火烤肉料理,https://www.dianping.com/shop/G4DHVHhqAz8sULXI,478条评价,人均￥63,芝士玉米粒 秘制五花肉 黑椒牛肉
青山派石板烤肉,https://www.dianping.com/shop/H8MUWM6qx7TgK3Ee,1o条评价,人均-,芝士玉米 薄片五花肉 南瓜粥
润园鲁菜川菜杭帮菜,https://www.dianping.com/shop/HakZcGvqhPN8BwBq,,人均-,
玉波炉包,https://www.dianping.com/shop/l4ASpz3ig5iEMpia,32条评价,人均￥12,
食百荟虾锅海鲜自助,https://www.dianping.com/shop/jlmOGRaHrets30Lp,12条评价,人均-,
云南蒸汽石锅鱼(高密店),https://www.dianping.com/shop/G59fdN6nd4KiNIbU,83条评价,人均￥41,
东小庄美食广场,https://www.dianping.com/shop/l6cInEgk5voSTRq8,4条评价,人均-,
