廖记砂锅居,https://www.dianping.com/shop/k1jgrhSc3uax5GmV,3条评价,人均-,土火锅 熏肉 蒸牛肉
绸都潮牛道,https://www.dianping.com/shop/k1Isbp8FLu8OsJPE,4条评价,人均-,美颜番茄汤 牛排 泡菜
古茗(符江店),https://www.dianping.com/shop/j5t63FC5k6psQtFI,38条评价,人均￥15,杨枝甘露 布雷脆脆奶芙 杨枝甘露轻盈版
刘家大院(桥坎社区店),https://www.dianping.com/shop/G9MPVyRe0yKY0nCX,6条评价,人均-,
味之绝热血美蛙鱼火锅(高县店),https://www.dianping.com/shop/l55hvV0hpnIcCJ1v,,人均-,卤肥肠 麻辣牛蛙 午餐肉
竹荪鱿鱼鸡(符江店),https://www.dianping.com/shop/G4aMLi3YGlb7W2qr,5条评价,人均￥32,
蜀焰城特色烤牛肉,https://www.dianping.com/shop/G2VmEnqX2ApqKHnr,3o条评价,人均-,
小良品鲜货火锅(符江店),https://www.dianping.com/shop/l1Xl4AGPuBdezxHi,13条评价,人均-,
熊二娃烧烤,https://www.dianping.com/shop/kas14Xf5u8LyTqtH,6条评价,人均-,
陈二娃农家风味,https://www.dianping.com/shop/H9Jhj52DOMHPlE2q,11条评价,人均-,
美蛙鱼自助火锅,https://www.dianping.com/shop/jG0MCr6LCoR0JuuY,1条评价,人均-,
精诚铁板烧(高县店),https://www.dianping.com/shop/kaIOaMnypLMWdvPQ,14条评价,人均-,
张记麻辣豆腐,https://www.dianping.com/shop/l4y0lcJCq7qo2lJE,93条评价,人均￥59,
巡场范二妹独特烧烤(高县店),https://www.dianping.com/shop/k7NlDX8daMQSshHZ,28条评价,人均￥75,
三元号(高县店),https://www.dianping.com/shop/k1I9BVVd1Sez7dWk,9条评价,人均-,
韦一火锅自助餐(符江店),https://www.dianping.com/shop/EZk3WMSU0rMpHucu,5条评价,人均-,生菜 鸳鸯锅 豆苗
涂氏罐罐园(符江店),https://www.dianping.com/shop/l22XjOZ4Ak3ZQmY1,5条评价,人均-,双合千张 麻婆豆腐 包谷面面饭
巴蜀家宴民间菜馆(悦湾路店),https://www.dianping.com/shop/l8wLQAKrg0POvJqQ,1条评价,人均-,
富鑫咖啡西餐厅(恒远兴城店),https://www.dianping.com/shop/iiUi88ef1WDRSMWE,51条评价,人均-,川味香辣牛肉披萨 雪花牛肉套饭 澳洲特色T骨
酒都•夜宴,https://www.dianping.com/shop/k60SypXdCrf0biB6,5条评价,人均-,
蜀今朝美蛙鱼火锅(高县店),https://www.dianping.com/shop/j6vvFM6KxE6sUcsI,6o条评价,人均￥3o,
惠泽烤鱼(高县店),https://www.dianping.com/shop/GaSeESctnhGSO0xs,47条评价,人均-,
钟氏豆腐,https://www.dianping.com/shop/k7d3mgG1urOvZs7Y,43条评价,人均￥63,
8号养生乌鱼火锅,https://www.dianping.com/shop/k3mdOqFrbt7q4JR8,2条评价,人均-,
天外天烤鸭(符江店),https://www.dianping.com/shop/GaWmFEabop9xcgpS,4条评价,人均-,
一家仁(高县店),https://www.dianping.com/shop/k5BtSsz8GMxBjvCn,1条评价,人均-,
田一町(符江店),https://www.dianping.com/shop/l70FRpIc8dQg491c,1条评价,人均-,
派乐汉堡(高县一店),https://www.dianping.com/shop/k1hSqgUXHwabNInU,3o5条评价,人均￥16,
冒大仙成都鲜冒菜(阳光新城店),https://www.dianping.com/shop/G4G6vthtqvLK1Kzv,1条评价,人均-,
李庄白肉,https://www.dianping.com/shop/G6sQFurBDM9Si4Az,3条评价,人均-,
椒麻鸡饭店,https://www.dianping.com/shop/l5TCPZ6rudD4Qint,1条评价,人均-,椒麻鸡 糯米蛋 羊排
严记鱼府,https://www.dianping.com/shop/EqpYsZUnfdxCCQia,1条评价,人均-,
高县刘七面馆,https://www.dianping.com/shop/H91SYkW5xt85Oaym,7条评价,人均-,牛肉水粉 生椒牛肉抄手 千张面
重庆老火锅,https://www.dianping.com/shop/G4MnRrKMdPCxLf7G,,人均-,
严豆花,https://www.dianping.com/shop/k1lXIx9VmQ9XRg95,6条评价,人均-,荤豆花 炒猪肝 爆炒牛肉丝
玉厨娘(高县店),https://www.dianping.com/shop/G26B73tOE60gVAQ8,3条评价,人均-,炒鳝片 鱼摆摆 炒花蛤
米兰西饼生日蛋糕(高县店),https://www.dianping.com/shop/HaCXMd6ia5G6lIzu,26条评价,人均-,派对蛋糕 生日蛋糕 手绘派对蛋糕
胡记·牛炖食府,https://www.dianping.com/shop/H7AvkJ4CafMXh4RS,7条评价,人均-,土豆 带皮牛筋 鸳鸯锅底
JADESWEET贩甜记,https://www.dianping.com/shop/H4aJm1PxvIA2Kp4T,2条评价,人均-,流心奶黄啵啵冰 港式奶茶 牛油果时蔬厚蛋三明治
自贡好吃兔(高县店),https://www.dianping.com/shop/l4AX1lgK0f3Bi1j7,,人均￥78,麻辣兔 冷吃兔
麦加乐蛋糕(符江2店),https://www.dianping.com/shop/l7pFAKmmyOiaLo7d,452条评价,人均￥19,蓝莓乳酪 圣诞蛋糕二号 椰奶葡萄
曾火锅老鸭汤,https://www.dianping.com/shop/k7eSsFrBw1tQ9pws,1条评价,人均-,鲜鱿鱼 桑葚酒 鱿鱼筒
天泰大酒店餐饮部(硕勋路店),https://www.dianping.com/shop/l1wa5uJnWJ0TsrcK,18条评价,人均￥3o,炒时蔬 炒肉丝 红烧干筋
大快乐四季餐厅(高县店),https://www.dianping.com/shop/G3iHtIe4BqTF86FE,13条评价,人均-,澳洲风情菲力牛排 玉米忌廉汤 青豆茄子煲
书亦烧仙草(庆符硕勋大道店),https://www.dianping.com/shop/H182v6BDIk6sTcEj,67条评价,人均￥1o,书亦烧仙草 葡萄芋圆冻冻 芋泥全家福
聚盛宴涮羊肉,https://www.dianping.com/shop/l2HbPVdI17ABqTva,,人均-,
金鼎宴串串香火锅(符江分店),https://www.dianping.com/shop/iJySfmb3sjCsyPGG,6条评价,人均-,极品千层肚 牛肉 黄喉
毛哥豆腐,https://www.dianping.com/shop/G9HAbp0KyQkGdFCK,1o条评价,人均-,芙蓉豆腐 干锅香豆腐 红苕颠儿
张记鲜味小烧烤,https://www.dianping.com/shop/H8TCLq5cgkvNHXg3,3条评价,人均-,生牛肉
阳光里,https://www.dianping.com/shop/l7RQcX1qw9GCgSSu,4条评价,人均-,雪媚娘 黑糖珍珠奥利奥雪媚娘 百香果小蛋糕
川香居饭店,https://www.dianping.com/shop/H3kJ8z9YVmcd6uU4,3条评价,人均￥38,烂肉豇豆 小菜滑肉汤 番茄肉片汤
王记李庄白肉(高县店),https://www.dianping.com/shop/l9szP5QnGipIiBib,1条评价,人均-,
周仙仙羊肉馆,https://www.dianping.com/shop/G3om6SS1WKRO0Gd0,,人均-,羊肉米线 煎鸡蛋 羊肉面
边城布衣土菜馆(高县店),https://www.dianping.com/shop/G9rGRcn2M0nC8JMq,1条评价,人均-,麻辣鲜兔
醉地道市井火锅,https://www.dianping.com/shop/G920dUDN7syeaI7g,1条评价,人均-,地道卤煮 神仙虾滑 扎皮蹄花
圣努尔手感烘焙(阳光新城店),https://www.dianping.com/shop/l8BzmsNAIuvtfBSA,5条评价,人均-,奥利奥慕斯 原味可颂 菠萝包
白小白炒酸奶·麻辣拌,https://www.dianping.com/shop/l4JvlKlR2JN0b894,1条评价,人均-,竹笋 水果 鸡米花
朱师傅烘焙房,https://www.dianping.com/shop/l6OFqlx6Z3wSaafW,,人均-,桃酥 泡芙 拔丝蛋糕
喻厨七里香鱼庄,https://www.dianping.com/shop/H9O9gbvpawBTXvSO,2条评价,人均-,红汤花鲢
云南小锅米线(滨江西路店),https://www.dianping.com/shop/k2z6ZFKPv9Z6W9GS,,人均-,焖肉 香酥米线 番茄鸡蛋盖浇饭
