布拉格海鲜牛排火锅烤肉自助,https://www.dianping.com/shop/laqvHSTYGtVCBm5v,33条评价,人均-,晚市单人自助 午市单人自助
鼎鼎香脆皮红豆酸菜猪脚,https://www.dianping.com/shop/k4Q5QhNNv7v4sWXu,95条评价,人均￥33,清汤排骨 梅菜扣肉 豆腐
阿拉古寨农家乐,https://www.dianping.com/shop/k7XijwbR1bZFiPnB,2条评价,人均-,海草 火腿鸡肉汤 菱角
石头鸡(富源分店),https://www.dianping.com/shop/H7zs9RZ4LaUEHfnu,425条评价,人均￥44,药膳石头鸡 土豆 荞麦片
群惠飯店(鸣凤路老店),https://www.dianping.com/shop/l5Gf9aMnwoWICGrB,14条评价,人均￥44,酸菜猪脚
刘记罗平砂锅饭,https://www.dianping.com/shop/H7bWt7domkQMJnHf,2条评价,人均-,
辣得爽跳跳鱼(富源店),https://www.dianping.com/shop/G3qxQRvz8NgvRyDn,76条评价,人均￥79,
潮辣重庆老火锅(富源店),https://www.dianping.com/shop/l6eL0PeXnmbIBTay,278条评价,人均￥71,
胜境牛味(富源店),https://www.dianping.com/shop/la8DfaEqNmxwlFwZ,5条评价,人均-,
印象cafe's,https://www.dianping.com/shop/l9T9NgM2VVDkf4Pp,5条评价,人均￥31,
龍源干锅牛肉馆,https://www.dianping.com/shop/G5X6SWNHYPEo161H,6条评价,人均￥37,
明洞韩式烤肉(富源店),https://www.dianping.com/shop/G8GdTANOdFrYhNLN,22条评价,人均-,
小贵州小烧烤(龙潭小区店),https://www.dianping.com/shop/l3EdoUGGj9VkreGE,2o条评价,人均-,
丫恋锅鸭爪爪(富源店),https://www.dianping.com/shop/jaeZ7EJHVYvgRE7V,33条评价,人均-,
兴达红豆酸菜猪脚,https://www.dianping.com/shop/gO2Zy2Dkitp9JJd7,65条评价,人均￥27,
蒙自带皮小黄牛米线(东门店),https://www.dianping.com/shop/G48RKsmFAjZxl2sg,18条评价,人均-,清汤牛肉米线 牛肉米线 牛杂面
两把二两重庆老火锅,https://www.dianping.com/shop/l5lJtBTi3Z85Oqc2,3条评价,人均-,火锅底料 娃娃菜 草原毛肚
畅隆重庆老火锅,https://www.dianping.com/shop/G5wXmqeLfzmQ6w6v,35条评价,人均-,香辣嫩牛肉 麻辣牛肉 极品鸭肠
两只锅餐厅,https://www.dianping.com/shop/G2rRxfFwnHKkB8ah,3条评价,人均-,香辣虾 杂酱米线 红豆米线
羊博馆汤锅,https://www.dianping.com/shop/EWF1l89R6AqO0GMQ,1条评价,人均-,
连旺狗肉馆,https://www.dianping.com/shop/ka1UxP3zRNJYTR58,,人均-,
锦伦长寿鱼庄,https://www.dianping.com/shop/k8ipbNLMeRVY8WTw,,人均-,
正在播出欢乐餐厅,https://www.dianping.com/shop/G4TScFVDOE1hs82u,2条评价,人均-,
后所黑山绵羊肉馆,https://www.dianping.com/shop/G3g42tR5tVWnVm4f,2条评价,人均-,
马路边边火锅,https://www.dianping.com/shop/G3Bs3ePFymdQKVgM,11条评价,人均-,
龙兴面包坊(中安街店),https://www.dianping.com/shop/l7dcgevravpeHCWb,1条评价,人均-,
玉龙饭店,https://www.dianping.com/shop/FCmobaxXOVzH6Bcf,4条评价,人均-,
小春砂锅米线,https://www.dianping.com/shop/kaTMLVhN0SfjXby6,2条评价,人均-,
八寶源味(老恒邦店),https://www.dianping.com/shop/k8mw13xnJa5JYCDu,3条评价,人均-,
糯泰,https://www.dianping.com/shop/k1v0iWhdC1nsRA4c,1条评价,人均-,
周哥饭店,https://www.dianping.com/shop/H1S4H6YCIRuiPdSP,3条评价,人均-,饺子 鲜肉青椒炒饭 麻婆豆腐
牛顿来了·牛腩煲饭·大口吃牛腩(富源县城店),https://www.dianping.com/shop/l2ekyQQVQ9zhhBRy,,人均-,骨肉相连 大福 鸡米花
百庭酒店-餐厅,https://www.dianping.com/shop/G3o05WDGobBEfgMm,1条评价,人均-,小街子小炒肉 老母鸡汤 xo酱虾仁
胜境大酒店餐饮部,https://www.dianping.com/shop/G2eGqtGsLqedUa96,23条评价,人均￥4o,干锅花菜 板栗红烧肉 爆炒牛肚
以饭为引(富源分店),https://www.dianping.com/shop/k2zQnlmwn6ZXMCel,9条评价,人均-,海鲜锅 麻将火锅涮烤 泰式酸辣火锅
兴源牛肉馆,https://www.dianping.com/shop/i40Gg0pcmGq0cOFr,3条评价,人均-,炒牛肉
润和苑私房菜,https://www.dianping.com/shop/k4XL2dZzYTXW4Uvk,1条评价,人均-,两荤两素 清焖牛肉 炸酱面
阿依酸菜红豆脆皮猪脚,https://www.dianping.com/shop/k1dq5Cr4yy5BT3ce,18条评价,人均-,猪脚 白菜 红豆
伊斯兰马记牛菜馆,https://www.dianping.com/shop/l5vQ1QxtpXLCxmcJ,1条评价,人均-,炒空心菜
天津灌汤小笼包,https://www.dianping.com/shop/l46QjC3BC1EAAhRy,2条评价,人均￥13,鲜肉灌汤包 现磨豆浆 香菇肉丁包
华丽源牛菜馆,https://www.dianping.com/shop/k8CV7yzeOdmSbZYz,1条评价,人均-,牛干巴
富源太和牛肉,https://www.dianping.com/shop/l8tfK0bHdHNCERf1,1条评价,人均-,
火焰山烧烤(胜境大道店),https://www.dianping.com/shop/G9nPLopEkec84KWN,,人均-,
拽米线.清真(富源店),https://www.dianping.com/shop/l4fyMynCFd6LoUGx,6条评价,人均￥25,拽米线 炸洋芋 泡椒牛肉炒饭
清溪大肥羊,https://www.dianping.com/shop/HaPDwvTC2uzRzQ0e,1条评价,人均-,清汤羊肉 薄荷 红豆酸菜
同福私房菜,https://www.dianping.com/shop/G4LUeXrXS69ELSpN,1条评价,人均-,小炒肉 炒芦笋 炸粉肠排骨
重庆万州烤鱼烧烤(中安镇店),https://www.dianping.com/shop/l5cbv3VYQoAq2H77,,人均-,罗非鱼 烤青虾 烤鸡腿
盒子海記·私房小馆,https://www.dianping.com/shop/k6fj20UvRZZ4jVy3,,人均-,傣味花甲 秘制烤虾 海鲜
川味香辣鱼庄,https://www.dianping.com/shop/Ffox9NvyDIZOOkKw,,人均-,魔芋 洋芋 西红柿
宁记羊肉米线,https://www.dianping.com/shop/l5nc5HqlKWlHfYA6,2条评价,人均-,羊肉米线 羊肉面条 羊肉饵块
重庆烤鱼(云南省曲靖市富源县第二小学店),https://www.dianping.com/shop/G17adOiO2SrVBpTn,,人均-,锡纸猪肚 烤鹌鹑 烤新疆红柳支羊肉串
厦格纯正大羯羊,https://www.dianping.com/shop/l6scRc3tiXMG0b6N,1条评价,人均-,
鸵鸟鱼庄(十八连山店),https://www.dianping.com/shop/G1sWyhcvYaYE8Pf6,,人均-,
北海渔村,https://www.dianping.com/shop/H9A91oukCs37VnPg,,人均-,
玉鑫辣子鸡,https://www.dianping.com/shop/FoBHfLH7YWCR7Uzv,1条评价,人均-,特色辣子鸡 特色洋芋鸡 富源地方特色菜
富东园伊斯兰牛菜馆,https://www.dianping.com/shop/l33Fpy2hag2YH0Fa,4条评价,人均-,
名利凉粉店,https://www.dianping.com/shop/H7IwN8280Vuxlo1O,,人均-,
正新鸡排·炸鸡烧烤(富源安诚店),https://www.dianping.com/shop/l8ItBgx18PP19aMU,1条评价,人均-,
抚仙湖石锅鱼铜锅鱼(胜境大道店),https://www.dianping.com/shop/H3k7AhRqcYDDdfga,,人均-,
一品烧,https://www.dianping.com/shop/k2XQzwOhe7ulq2Dy,,人均-,
