楠火锅(阿里店),https://www.dianping.com/shop/G5OIPVR5AKKbZ8yw,2条评价,人均-,嫩牛肉 鲜鸭肠 耙鸡脚
草原风情餐厅,https://www.dianping.com/shop/G9Ab1M3lOkoLB4ra,114条评价,人均￥86,红柳烤肉 烤包子 孜然羊肉
开元米粉,https://www.dianping.com/shop/Ha9SGI7uaXmjEDQZ,9条评价,人均-,鸡肉米线 肥肠米粉 麻辣米线
西安饭馆,https://www.dianping.com/shop/l5L1Sok9Bvu9qk19,1o条评价,人均-,哨子面 烩刀削面 白菜猪肉饺子
大胡子原味老火锅,https://www.dianping.com/shop/k82zE2JRLkFQ1iR8,1o条评价,人均￥1o2,牛肉 毛肚 千层肚
红心东北饺子馆,https://www.dianping.com/shop/G3dZFjAnJykuPYsS,16条评价,人均￥35,饺子 锅包肉 大骨头
重庆川菜,https://www.dianping.com/shop/l5zZdmcxnQR4ZizP,8条评价,人均-,笋片炒肉 沾水豆腐花 脆皮鸡
马记羊杂山珍汤锅,https://www.dianping.com/shop/H7xz5Hhn9GzBvkIj,1条评价,人均-,
尕拉众创咖啡,https://www.dianping.com/shop/E4XkZBQ8JKcBx6yI,11条评价,人均￥35,dirty 拿铁
德克士(拉萨阿里店),https://www.dianping.com/shop/G7MOKf5cZSanlgdF,77条评价,人均￥39,香辣鸡翅（一对） 脆皮炸鸡 超级鸡腿堡
石锅藏香鸡(阿里店),https://www.dianping.com/shop/H8hxjYxr8ZrRGnai,22条评价,人均￥146,
洪七公,https://www.dianping.com/shop/k4sURIWFXjr5GA8n,2条评价,人均-,
鼎鼎牛肉拉面馆,https://www.dianping.com/shop/G46XNLX5Ex0a25g8,7条评价,人均-,
三米粥铺(阿里店),https://www.dianping.com/shop/k2gz5d7bZkvGmCs2,,人均-,
袁记云饺,https://www.dianping.com/shop/l11TLTBOHRpZK2YZ,1条评价,人均-,
西北风味美食城,https://www.dianping.com/shop/G4gIEeVPbVx7E0ED,9条评价,人均￥37,八宝茶 烤白饼 羊肉泡馍
一号大盘鸡主题餐厅,https://www.dianping.com/shop/k38QwTT5qF35Cp50,36条评价,人均￥73,红柳枝烤串 清炒油麦菜 特色大盘鸡
一揽芳华主题餐厅,https://www.dianping.com/shop/l8rNqXtzDXrKRT4X,2条评价,人均-,黑胡椒牛排 水果披萨 黑胡椒牛肉意面
三米粥铺,https://www.dianping.com/shop/Eh6QSjiucczeXEzf,,人均-,青菜粥 红糖红枣粥 绿豆粥
湖南烧烤(北京北路店),https://www.dianping.com/shop/G5nP7er58id094c1,7条评价,人均-,拉丝烤肠 烤肥肠 剁椒蛋炒饭
东北饺子,https://www.dianping.com/shop/k8uTOo4f7j4IH5Ds,,人均-,
川霸烤全羊,https://www.dianping.com/shop/H5Bj5VMvJHHNoCmZ,,人均-,
串掌门砂锅串串香,https://www.dianping.com/shop/H4SgmNn8hLf6Q918,1条评价,人均-,
起美鼓者自助火锅店,https://www.dianping.com/shop/F59FF4vOrkVxvFM2,,人均-,
皖北包子店,https://www.dianping.com/shop/k8xp0V71HH96nKHo,1条评价,人均-,
阿里神玉藏餐馆,https://www.dianping.com/shop/G6jLHCzFLL9xyYPi,1条评价,人均-,
新东星烤肉,https://www.dianping.com/shop/G2WWMWLEbpCeKb6w,13条评价,人均-,
好家乡椒麻鸡,https://www.dianping.com/shop/H1pqHKN5CqOvoaGk,5条评价,人均-,
西域味道,https://www.dianping.com/shop/i8w1Uj0Rmre40AHS,9条评价,人均-,
眼镜老砂锅,https://www.dianping.com/shop/H32nRroGmTGOQWzO,,人均-,
实惠馄饨馆,https://www.dianping.com/shop/k1vhOyWDfVi5WXzh,16条评价,人均￥19,清汤紫菜虾皮馄饨 清汤馄饨 红汤馄饨
绝味鸭脖(菜市场店),https://www.dianping.com/shop/l5nsHtGHvjpUgFKP,1条评价,人均-,
迷你蛋糕,https://www.dianping.com/shop/l7tW7fPUh2MQiakQ,1条评价,人均-,蛋挞 老婆饼
三味老火锅,https://www.dianping.com/shop/k3qg1VLrYzgn5SgW,3条评价,人均-,
拉萨朗杰林茶馆,https://www.dianping.com/shop/l88JJNWp0MXbUqVp,1条评价,人均-,
天下第一饺,https://www.dianping.com/shop/H6fGLfIfOlYFsUWG,,人均-,蒸饺 砂锅饺 汤饺
谨千道韩式炭烤吧,https://www.dianping.com/shop/GaiLBykCDMdnu6Xy,1条评价,人均-,沙拉 螃蟹 八宝饭
日喀则风味茶馆,https://www.dianping.com/shop/H5LYwj1sK8HMSEfK,,人均-,
瀛洲驴肉火烧,https://www.dianping.com/shop/jya8qwWY2JhjKqHu,,人均-,
本零烧仙草美食屋,https://www.dianping.com/shop/k3PkatxiUOKxVrlm,,人均-,芝士芒芒 西米奶茶 酸奶麻花
丽景轩饭店,https://www.dianping.com/shop/H27yXuMCO3pLKZLn,,人均-,酸辣夹沙 特色烤肉 烤全鸡
熙熙小吃,https://www.dianping.com/shop/laylPRmGWkwbdoZt,,人均-,生菜 雪花纯生 西兰花
八方包子,https://www.dianping.com/shop/k2CZA8WefQ0uoxsl,5条评价,人均-,特色酱肉包 原汁现磨豆浆 馄饨
老麻抄手(文化路店),https://www.dianping.com/shop/k7cul0W26Iuqxu8A,,人均-,净云吞 炒河粉 酸辣粉
怪味抄手,https://www.dianping.com/shop/l75E1Op7Ei0gcpEG,1条评价,人均-,辣子鸡盖浇饭 红烧肥肠盖饭 鸡蛋炒面
将南烧烤,https://www.dianping.com/shop/H1qAVl24Tjwtf2hJ,,人均-,麻辣卤鸭头 羊腰 骨肉相连
营养一号牧餐,https://www.dianping.com/shop/l9B45dBhAEyqmK2X,,人均-,草莓果汁 人参果盖饭 素藏面
齐香聚藏餐吧,https://www.dianping.com/shop/k5On0WqRP0UNcNh7,,人均-,藏包子
三江渔村,https://www.dianping.com/shop/ka8dRTe6BdjS1vTt,,人均-,南瓜饼 排骨锅仔 牛肉锅仔
富发蔬菜水果批发部,https://www.dianping.com/shop/k9Gn5pzwwkHdIN6E,1条评价,人均-,
广福记冒菜,https://www.dianping.com/shop/k6guHidaAA46ygt4,,人均-,红汤锅 土豆粉 金针菇
鸡米不留黄焖鸡米饭,https://www.dianping.com/shop/H3V4xMXODjk5OT40,,人均-,蒜蓉花甲粉 牛肉丸 香菇
圣地吉祥藏餐吧,https://www.dianping.com/shop/k2woKx0CsxUElP1G,,人均-,素炒菠菜 藏面 八十八面
百年·夏队长老火锅,https://www.dianping.com/shop/k6B2D3Rtl7Z30VTm,1条评价,人均-,
五哥米粉,https://www.dianping.com/shop/k5iFqgS9EXglv1sB,,人均-,牛肉米线 排骨米粉 咸鸭蛋
西遇,https://www.dianping.com/shop/k7mwz0OYJ3DmWMBQ,,人均-,
兴盛拌面王,https://www.dianping.com/shop/H3GyWUErlig1snKl,,人均-,炒拉面 丁丁炒面 大卤面
回头旺烧烤城,https://www.dianping.com/shop/G4ZHffGwFHIsS9QW,,人均-,烤鸡脚筋 烤猪蹄 烤火腿肠
南木林藏餐,https://www.dianping.com/shop/k7uDZYp6Ts5kLEWQ,,人均-,
果沃情,https://www.dianping.com/shop/G48x7rTMo9c9Cg1B,,人均-,抓饭 砂锅面 冒菜
