香萱斋,https://www.dianping.com/shop/H5bxiLIBovYjBcSi,33条评价,人均￥5o,牛肉大葱包子 锅包肉 香萱斋小炒
马亮炖鱼馆,https://www.dianping.com/shop/H8i7WEhIfAwqS6Vr,21条评价,人均-,炖大鱼 烤羊排 炖鲤鱼
云南烧烤(边门街店),https://www.dianping.com/shop/H5yd76mxHsM5gNOg,1条评价,人均-,
刘炭长牛烧大块烤肉(法库县店),https://www.dianping.com/shop/iWU78WCh1RvBcU3F,31条评价,人均￥68,黑椒牛肉 玉米饼 牛肋条
欢都自助火锅烤肉海鲜城,https://www.dianping.com/shop/HaRYU0O3T2GnK0sj,21条评价,人均￥59,小龙虾 饺子 扇贝
佟家大院,https://www.dianping.com/shop/k23Pnie411Ra7ei7,11条评价,人均-,干煸蝉蛹 酥鱼 五彩拉皮
邵汇大虾(法库店),https://www.dianping.com/shop/G7f14evjIyjxqgqz,3o条评价,人均￥87,大锅微辣 邵汇大虾中锅清汤 面条
风味龟锅,https://www.dianping.com/shop/H7s5dAismAgPdKA8,58条评价,人均￥82,龟锅 洋葱 香菜
状元阁烧烤,https://www.dianping.com/shop/H27DL8XLU6ZuAIOl,4条评价,人均-,特色烤猪手 珍珠汤 状元烤猪手
红五月大食堂,https://www.dianping.com/shop/G42dvUUKallrSAbU,16条评价,人均-,锅包肉 酸菜血肠 乱炖
财湖鱼村,https://www.dianping.com/shop/k6DrUn6yH5jo3AyX,23条评价,人均￥89,鲶鱼炖土豆茄子 土豆炖南瓜 玉米饼
川麻婆泥锅涮肚(法库店),https://www.dianping.com/shop/H3IceEoBWiwVLmhm,26条评价,人均-,草原毛肚 鸳鸯锅 串串
盛江汇烤肉料理,https://www.dianping.com/shop/l78jNcZE2K7E4f9b,12条评价,人均￥61,西瓜 豆泡 秋木耳。
孙记杀猪菜(法库店),https://www.dianping.com/shop/G11OtJRP0w8pbIBj,8条评价,人均-,香辣猪手 老式锅包肉 水煮鱼
美乐火锅花园(法库店),https://www.dianping.com/shop/H13w927wthqBaxsH,89条评价,人均￥115,鸡蛋面 肥牛二号 海带片
MY COFFEE咖啡馆,https://www.dianping.com/shop/l8fBVXezZzunQt2T,6条评价,人均-,美式咖啡 摩卡咖啡 热巧克力
咱家老院子,https://www.dianping.com/shop/H3HeUVzYQYGBpzCc,28条评价,人均￥16o,锅包肉 干锅鸭头 毛血旺
酷牛•家,https://www.dianping.com/shop/k4WyBIYwacz5bEVZ,13条评价,人均-,烤肥牛 烤鸡脆骨 烤蘑菇
风味炖鱼馆,https://www.dianping.com/shop/G8OHku5vLyagngOI,12条评价,人均￥47,炖水库活鱼 胖头鱼头 炸河虾
猴哥烤肉,https://www.dianping.com/shop/G5ZLglMZVcxZtmir,1条评价,人均-,鲜牛肋条 烤卤肥肠 红糖糍粑
八十六头牛,https://www.dianping.com/shop/k4GNCipduIzhl6Y5,5条评价,人均-,大肉串 烧麦 鱼香茄条
阿兰朵咖啡(法库店),https://www.dianping.com/shop/l21YPjRwzP8tR1Y0,339条评价,人均￥53,超级至尊经典披萨 水果比萨 肉酱意大利面
川流不息川菜馆(法库店),https://www.dianping.com/shop/G94Ipmf0j5LgPhEh,7条评价,人均￥86,老式锅包肉 川北凉粉 葱油秋葵
好再来蛋糕世界(湖畔新城店),https://www.dianping.com/shop/k5PixXNfa0FA9Rk8,813条评价,人均￥43,奥利奥慕斯蛋糕 葡式蛋挞 一周岁蛋糕
留恋鱼馆,https://www.dianping.com/shop/H3NKzLMTccX7D8kC,8条评价,人均-,河鱼 炒青柿子 炖鱼
柴火大院大锅炖,https://www.dianping.com/shop/k1FbkbG4p03kuTMH,3条评价,人均-,家常疙瘩汤 地三鲜 葱油花生米
年味居,https://www.dianping.com/shop/l98VtvFzonIRygon,5条评价,人均-,北京烤鸭 溜肥肠 干锅花菜
爆烤鸡头王(法库店),https://www.dianping.com/shop/G8Zazve6a7TjFcT3,13条评价,人均￥7o,QQ 鸡架 麻辣烫 生串
老厨坊传统菜馆,https://www.dianping.com/shop/l61sGxAQ0EjaUL8v,7条评价,人均-,烧芸豆 茄盒 锅包肉
高老庄大锅炖,https://www.dianping.com/shop/G35ECyWUy1xpAHLl,3条评价,人均-,鸡鱼锅 拌板筋 榛蘑
清兰香铜火锅·疯狂烤翅,https://www.dianping.com/shop/l37pNF2lJ3N8atci,8条评价,人均￥5o,雪花干啤 宽粉 土豆片
川江人市井火锅,https://www.dianping.com/shop/H20KYq9QFJ9rfrVJ,9条评价,人均￥4o,川江红油锅 招牌美蛙 奶茶冰粉
大集和春饼烤鸭坊,https://www.dianping.com/shop/k4Vr5JMRdHGpti3N,8条评价,人均￥69,特色烤鸭 京酱肉丝 葱花春饼
大吉大利潮汕牛肉火锅(大蕴城百货店),https://www.dianping.com/shop/G3tVskGlB1CgcK7b,2o条评价,人均￥74,潮汕手锤鲜牛肉丸 匙仁 招牌湿炒牛河
香萱斋饭店,https://www.dianping.com/shop/k7hQhyGPQRTsFByU,26条评价,人均￥5o,包子 烤羊排 羊汤
渝五爷(法库店),https://www.dianping.com/shop/G5AUDjXVadhiAMWD,6条评价,人均-,冒菜什锦 虾滑 苏打泡泡水
周红许家鸡味抻面骨头馆(五台子分店),https://www.dianping.com/shop/G6JVNIk6XQCm9XBm,3条评价,人均-,野生蓝莓。 香肠 野生蒲公英。
鲜羔羊火锅,https://www.dianping.com/shop/H9QukFutUpu6flOG,9条评价,人均￥57,虾滑 火锅 羊排肉
窄巷子老灶火锅,https://www.dianping.com/shop/l1onbYYxJQWq3R2t,9条评价,人均-,水晶牛肉条 极品鲜毛肚 菠菜
老太太肉筋,https://www.dianping.com/shop/G7R8Sso2FzltSUiq,3条评价,人均-,肉筋 肥瘦 清水莲藕。
老街泥炉烤肉,https://www.dianping.com/shop/l3aMmrwKSUzoYmEJ,5条评价,人均-,老式拌饭 油炸花生米 烤肥瘦
十里香农家炖笨鸡锅(十间房店),https://www.dianping.com/shop/k5NQ8tnJixkjsA9b,9条评价,人均-,炸鱼 笨鸡炖土豆 老式面包。
同福串店,https://www.dianping.com/shop/H2yTbQkyPQUylT8c,6条评价,人均-,辣炒花蚬子 烤鸡翅 麻辣涮肚
江城不二鱼,https://www.dianping.com/shop/iWmAm254a0uw0uVO,3条评价,人均-,巴蜀烤鱼 盆盆大虾 椒盐水煮鱼
牛四囍老成都串串小酒馆(法库店),https://www.dianping.com/shop/l8gsHQE7diW5ZoTE,4条评价,人均-,拍黄瓜 老味炸酥肉 冰糖草莓
名都晓荷塘主题火锅(法库店),https://www.dianping.com/shop/EyMJyPc8DnA6ybvr,3条评价,人均-,手切牛肉 肥牛 午餐肉
嘿妹儿·纯手工烘焙,https://www.dianping.com/shop/GaFpTPTVNebL3hWt,,人均-,榴莲千层大切块 麻薯包 原味蛋糕卷
玖福记熏拌鸡架(法库店),https://www.dianping.com/shop/l35OnQGwDNDanKNo,1条评价,人均-,醒目水蜜桃味 熏鸡脖 腐竹
玺源居老北京涮肉(金牛街店),https://www.dianping.com/shop/H6uqncKN1tF2v40B,,人均-,
众善合多米海鲜自助烤涮,https://www.dianping.com/shop/l8NB06vtapkb95mF,1条评价,人均-,
清真杨包子铺,https://www.dianping.com/shop/H2pTTX8fvz1v5mgP,8条评价,人均-,
渝江川重庆老火锅(法库店),https://www.dianping.com/shop/lauroONjVSBJtECw,31条评价,人均￥55,
绿源肥牛火锅(团结街店),https://www.dianping.com/shop/G97gUrJoHxBrNF5S,6条评价,人均-,
东北往事农家菜,https://www.dianping.com/shop/l1qSviLyR7fQlEWM,1条评价,人均-,
韩国廉花冷面店,https://www.dianping.com/shop/l4Aj2srhUKwAhmxl,17条评价,人均￥42,
福源楼酒店,https://www.dianping.com/shop/jzXXYXkUOnmzz1yY,11条评价,人均￥79,
满宝馄饨(幸福花园店),https://www.dianping.com/shop/Ga7CFTzJE4J7AQF4,5条评价,人均￥2o,
通航鱼馆,https://www.dianping.com/shop/l2nbY2s0CBE1jGUd,2条评价,人均-,
鱼梁铁锅炖,https://www.dianping.com/shop/H4I7QqqGcHJA9Ele,,人均-,
饿骨人29元自助大骨头火锅,https://www.dianping.com/shop/G5d0fWFPV7rbn2XI,,人均-,
