牧客火锅,https://www.dianping.com/shop/j1OU0atE68b5UH1p,639条评价,人均￥1o2,锡盟羔羊 冠军毛肚 鲜切羊肉
川厅豆花鱼火锅(丰宁店),https://www.dianping.com/shop/l8Ky5B9CsmKLJW4l,266条评价,人均￥51,毛肚 红糖糍粑 串串牛肉
答摩的烧鸟深夜食堂日式居酒屋(西苑小区店),https://www.dianping.com/shop/H5nVtyElgxfMFH85,3条评价,人均-,三文鱼刺身
满乡小镇  生态酒楼,https://www.dianping.com/shop/l2wRow4S7nFoEjjd,336条评价,人均￥74,鲜花椒炒鸡 鱼头泡饼 烤羊排
悦海假日酒店悦满楼中餐厅,https://www.dianping.com/shop/G8VgX7eTiBY9uwJb,3条评价,人均-,香酥嫩烤鸭 水库野生炖鲢鱼 双椒鱼头
苏尼特食府,https://www.dianping.com/shop/k3vZjU48mSNy1iWR,346条评价,人均￥64,蒙古果子 锅茶 羊肉肠手把肉拼盘
弘悦莜面村(胜利街店),https://www.dianping.com/shop/k2hnJbppbSobPZKI,83条评价,人均￥153,丰阜康宁特色烤全羊 烤大羊腿 莜面蒸饺
槐店王婆大虾(丰宁胜利街店),https://www.dianping.com/shop/G4L30GlQtIYWJfo9,71条评价,人均-,王婆大虾清香锅底 蘑菇拼盘 王婆大虾
小猪查理川式烤肉(丰宁云龙大世界店),https://www.dianping.com/shop/H2c7QWQBEUEFN3M8,74条评价,人均-,快手五花 叉烧五花肉 鸡翅
四季庄园,https://www.dianping.com/shop/l2ThtSiFasSYdT2y,28条评价,人均￥127,烤全羊 高烧红薯 爽口西葫芦
蓝一烧肉放题自助餐厅,https://www.dianping.com/shop/G7rGp4fSOfd5ohLh,13条评价,人均-,牛肉粒 芒果绵绵冰
旺源美食城烤羊腿·家常菜(坝上草原店),https://www.dianping.com/shop/G1szEQjTraehEUN3,689条评价,人均￥1o3,烤羊腿 柴鸡蛋炒莜面 烤羊排
华博涮肉,https://www.dianping.com/shop/k7uQ5AQB3frTZgqQ,311条评价,人均￥75,鲜切精品肥牛 紫铜泉水锅 麻将烧饼
主烤官齐齐哈尔烤肉,https://www.dianping.com/shop/H1puuDvFS8u7OE68,2条评价,人均-,酸菜五花肉 韩式大片肉 牛肋
有家烤肉,https://www.dianping.com/shop/k6JTnMj4zlg39IMr,25条评价,人均￥67,韩式烤肠 秘汁五花肉 五花肉拌酸菜
咱家铁锅炖,https://www.dianping.com/shop/ig0hNB1lFPw06dpq,6条评价,人均-,铁锅炖大鹅 大鹅锅 油豆皮
旺角烤肉,https://www.dianping.com/shop/l9MxbzsQbNe7fcHx,5条评价,人均-,老式盆拌饭 烤护心肉 老式肥牛
万家铁锅炖,https://www.dianping.com/shop/H2gKij3uUyLTXSei,6条评价,人均-,铁锅炖柴鹅 一锅出 酸菜大骨头
翠华楼,https://www.dianping.com/shop/l9myQlZ219UvY45A,2o条评价,人均-,靓汤老鸡煲猪肚 老式烧鸡 小磨豆腐
辣小二脆毛肚火锅(丰宁总店),https://www.dianping.com/shop/G6dF6Kgo10LoIuKw,351条评价,人均￥88,招牌脆毛肚 招牌麻辣牛肉 招牌卤味鸭血
泥炉匠港式地摊打边炉(丰宁店),https://www.dianping.com/shop/G4zBzz915bWspUWY,88条评价,人均-,
北丐街边烤肉(丰宁店),https://www.dianping.com/shop/k1TAL7q1kZeeU9dd,6条评价,人均-,
砂锅居(新丰路店),https://www.dianping.com/shop/H8i6Dr95mihWVpYs,3条评价,人均-,
家宴时尚主题餐厅,https://www.dianping.com/shop/H4RcmjsGN8SXSW6y,18条评价,人均-,
天源铁锅柴鸡,https://www.dianping.com/shop/G8cGM573LGdrhiEG,156条评价,人均￥41,
湘水云间,https://www.dianping.com/shop/l7qp0TgQk6Kbr8A6,8条评价,人均-,
御尚花仟骨创意菜(丰宁店),https://www.dianping.com/shop/la8Y0kwVZ61OPZXt,49条评价,人均￥52,
庆格尔泰蒙餐,https://www.dianping.com/shop/G1zkOlmstAAkVT91,17条评价,人均-,
虾总管,https://www.dianping.com/shop/G12ICjeWJDTS5KNR,39条评价,人均-,
肯德基(丰宁店),https://www.dianping.com/shop/G3tQppOJz4ooiAn3,42条评价,人均￥26,
老孟羊杂汤,https://www.dianping.com/shop/l8OY1eCI6WLFkGnn,7o条评价,人均￥29,羊杂汤 烧饼 羊肚丝羊汤
0314烧烤,https://www.dianping.com/shop/jmHPMBlvoD7eepyq,3条评价,人均-,烤土豆片 蓝莓山药 锡纸牛蛙
沪上阿姨鲜果茶(北雁商城店),https://www.dianping.com/shop/H24tFT7ZEfctln0Y,1条评价,人均-,芒果多肉酸奶 好大一桶鲜果茶 蛋糕波波奶茶
味蜀吾老火锅,https://www.dianping.com/shop/k37bSSkSBj0Pgqbm,13条评价,人均-,鲜切羊肉 滑牛肉 香菜羊肉丸子
旋转自助城(丰宁店),https://www.dianping.com/shop/H1FADkUHb7PtKUJ1,616条评价,人均￥51,烤培根 蛋卷冰淇淋 烤鱿鱼
意巷西餐(丰宁店),https://www.dianping.com/shop/k1eVdKQa4ch7L5g1,2条评价,人均-,
传统铁锅焖面(宏江店),https://www.dianping.com/shop/k7DQdsLpMOs4ssPq,68o条评价,人均￥29,
香满楼精品家常菜,https://www.dianping.com/shop/k9TZFM5D3NdDrnpx,3条评价,人均-,
坝上转角羊汤馆,https://www.dianping.com/shop/Fdb2LtsEH03l4TCt,3o7条评价,人均￥36,
立北自助烤肉,https://www.dianping.com/shop/H7IDV6ERW6sSA0T8,4条评价,人均-,
王婆大虾(天保店),https://www.dianping.com/shop/k1X4qiWKZT2AhBwI,1条评价,人均-,
佳兴草原传奇,https://www.dianping.com/shop/l8VSENkoKt9nbhnK,8条评价,人均-,
老赵羊汤馆(华泽街店),https://www.dianping.com/shop/Ga7zPW2nEZofEUpc,1o条评价,人均-,
志刚火锅鸡(丰宁店),https://www.dianping.com/shop/lazHrP8x4eXiTBfk,28条评价,人均-,
洋来洋往蒙餐手把肉,https://www.dianping.com/shop/H4Pplhhw5OSEKlJr,11条评价,人均-,
东坡火锅(丰宁店),https://www.dianping.com/shop/H2IfhZJM76MwA3hL,248条评价,人均￥86,手切羊肉 特色锅底 小料
蜜蜜西里生日蛋糕(丰宁店),https://www.dianping.com/shop/jxabMg4ffw8zLT5E,2条评价,人均-,网红白天鹅生日蛋糕 love七夕快乐蛋糕 平安喜乐生日蛋糕
栾氏靓靓虾馆,https://www.dianping.com/shop/Ham6AQLdxSpaofLt,1条评价,人均-,莲藕片 蛤蜊 小龙虾
牧羊客火锅,https://www.dianping.com/shop/k82DPUbKeGK8gwNF,183条评价,人均￥68,锡盟羔羊 高钙羊肉 刀工肥牛
多伦肉饼餐厅,https://www.dianping.com/shop/G3MrLT0ytVJ3R8XL,2o条评价,人均￥68,肉饼 麻籽豆腐 坛子肉
徐氏大嫂铁锅炖(丰宁店),https://www.dianping.com/shop/l2wW5W3F4ydOsHw8,3条评价,人均-,铁锅炖鱼(松花江鱼)
阿里吧吧烧烤,https://www.dianping.com/shop/k15Lp0QN1fhmDq58,2o条评价,人均￥93,辣炒鸡爪
清真楼(新丰路店),https://www.dianping.com/shop/G9fpGGvvRXfQl8M3,28条评价,人均￥51,炖羊肉 辣豆腐 干锅菜花
三江鱼(爱民街店),https://www.dianping.com/shop/k7pIECPf6xGFmZmw,88条评价,人均￥82,宽粉 现场贴饼 松花鱼
宝宝烧烤音乐烧烤吧(丰宁店),https://www.dianping.com/shop/kaHq8G3xqtKxQHay,5条评价,人均-,爆炒鸭肠 原油羊腰子 烤酱油筋
羊上树火锅,https://www.dianping.com/shop/H8SPbwCA4dl3WW8x,2条评价,人均-,羊大骨棒 羊蝎子中锅 五香羊头
袁记串串香,https://www.dianping.com/shop/H6nlBfyNcqsDODYk,14条评价,人均-,小酥肉 香菜牛肉 麻辣牛肉
万家炭火烤肉,https://www.dianping.com/shop/G2o6svXYioIukgzy,19条评价,人均￥59,手切五花肉 精选牛五花 家庭拌肉
童话故事(新丰路店),https://www.dianping.com/shop/k55gPXqMcrFgfoEF,522条评价,人均￥32,榴莲千层 水果蛋糕 巧克力慕斯切块
芮可丽糖水铺,https://www.dianping.com/shop/k2rWfJP56mL1Sh8U,,人均-,一口西多士 章鱼小丸子 丸子桂花冻
