扶风一口香,https://www.dianping.com/shop/G5PmTox32ovL0ozt,34o条评价,人均￥32,一口香臊子面 擀面皮 辣子锅盔
法门味道,https://www.dianping.com/shop/k9alhrBSWGBinOES,461条评价,人均￥53,扶风一口香 辣子夹馍 木桶豆花
齐祺渔锅(扶风店),https://www.dianping.com/shop/l51WRSf3Zt0CIGlN,4条评价,人均-,番茄辣椒鱼双拼
建华羊肉泡,https://www.dianping.com/shop/k9XX4TdIsBEpLa4F,18条评价,人均￥2o,优质羊肉泡馍 普通牛肉
秦忆浓岐山臊子面(扶风店),https://www.dianping.com/shop/H1btvA2db875aGjW,24条评价,人均￥46,一口香 锅盔辣子 擀面皮
阿记烧烤(扶风店),https://www.dianping.com/shop/G6S3lc3OG2INPMKg,45条评价,人均￥86,烤饼 辣炒花蛤 装小龙虾
魏家羊肉馆,https://www.dianping.com/shop/k2N6OS12DlTtAJhl,11o条评价,人均￥47,凉拌羊肉 羊血 风味羊杂
码头故事(扶风店),https://www.dianping.com/shop/H7NGWXu7bfAw8Sis,6o条评价,人均￥76,手工虾滑 麻辣牛肉 清油鸳鸯锅底
储缘蛋糕(扶风店),https://www.dianping.com/shop/G8eHil3mkr00flrN,37条评价,人均-,吃鸡双层 福寿绵绵 粉红花仙子
夜市美食街,https://www.dianping.com/shop/l6wGCvTD6vyufyu5,8条评价,人均-,麻花 擀面皮 青豆炒饭
老乌家羊肉泡,https://www.dianping.com/shop/k2Gs35XTzndSPTJA,14条评价,人均￥23,羊肉泡 糖蒜
塞纳风情西餐厅(扶风店),https://www.dianping.com/shop/HajrNZ3PFnBP0Grk,242条评价,人均￥71,黑椒牛柳炒意面 塞纳风情牛排 培根香肠披萨
安旗(南一路店),https://www.dianping.com/shop/G6oeB0MGwqrddBTt,983条评价,人均￥62,水果蛋糕 奶油蛋糕 纯蛋糕
四川饭店,https://www.dianping.com/shop/kamYTZth67iou1Dp,11条评价,人均￥75,青椒肉丝 麻婆豆腐 酸辣土豆丝
君临七星生态酒店,https://www.dianping.com/shop/G89qPdMpa5B9RxkC,52条评价,人均￥65,臊子排骨 油饼辣子 椒盐蘑菇
凤鸣春泡馍馆,https://www.dianping.com/shop/H7KgnozdZTf7aN7U,1o条评价,人均￥27,羊肉 糖蒜 木耳肉片
小熊西饼屋,https://www.dianping.com/shop/FDfevdfXayK9L2WZ,671条评价,人均￥128,水果奶油生日蛋糕 小熊蛋糕 儿童蛋糕
湘约爨厨(扶风店),https://www.dianping.com/shop/H9I9nIZE4Sqs2GKO,16条评价,人均-,湘约爨厨 肉汤泡饭 荤菜
东北木火铁锅炖鱼村(扶风店),https://www.dianping.com/shop/G1QgFZACg5dtgoar,269条评价,人均￥55,野生鮰鱼 贴饼 老豆腐
华莱士炸鸡汉堡(城隍庙店),https://www.dianping.com/shop/k5VMixXrYBdso0kI,39条评价,人均-,黑椒鸡块 香辣鸡腿堡 辣味鸡肉卷
阿丽麻辣条(扶风店),https://www.dianping.com/shop/iIHz6mmnRKPH9IWz,61条评价,人均-,辣条
关中风情园君悦楼,https://www.dianping.com/shop/l255xIjRulz8a9Kz,87条评价,人均￥91,五谷丰登 黄焖鸡 梢子面
青春巷子里韩式烤肉扶风店,https://www.dianping.com/shop/EprQrZMPMUMNyuJs,69条评价,人均-,芝士玉米 拍黄瓜 奶香鸡蛋糕
小宴遇花园餐厅,https://www.dianping.com/shop/k3XtJ0U93sBSCVjK,2条评价,人均-,秘制小龙虾 长武烩酥肉 鲜椒牛蛙
张记王婆大虾(扶风店),https://www.dianping.com/shop/FnLKD65VDzW1m0so,324条评价,人均￥94,王婆大虾 蹄花大虾 特色干锅香辣虾
鸭掌门特色火锅(扶风店),https://www.dianping.com/shop/l98Xer2dvAYBTAuc,659条评价,人均￥75,飘香鸭掌翅锅 香辣鱿鱼虾 羊肉卷
地建南山温泉酒店餐饮,https://www.dianping.com/shop/G5g0bRXLNN15Xc9i,,人均-,砂窝焗鲈鱼 南山糯米鸭 坚果豆腐花牛肉羹
串门子49元自助串串火锅,https://www.dianping.com/shop/k7Th4gOWsoOSXteE,12条评价,人均-,泡椒牛肉 火箭鱿鱼 糖蒜牛肉
城门口老火锅(扶风店),https://www.dianping.com/shop/H58G7O1IRfmJKQKH,1条评价,人均-,
周里民俗楼,https://www.dianping.com/shop/k2g36EP7TrDEy9Zl,35条评价,人均￥32,扶风一口香 一口香辣子面 面筋呱呱
孙大胜擀面皮(祥云店),https://www.dianping.com/shop/H9xDebd8VPJGL9Z3,12条评价,人均-,豆花泡馍 麻辣面筋 面皮夹馍
小黄楼香辣海鲜园,https://www.dianping.com/shop/G3NCiavTFh6buDbD,12条评价,人均-,手撕面筋 椒盐蘑菇 鱼香肉丝
柒號餐廳(扶风店),https://www.dianping.com/shop/k34wOz2GCFCGgbdh,19条评价,人均-,招牌鲜柠酸汤鱼 功夫水煮牛肉 柒號满堂飘香鸡
天籁私房菜,https://www.dianping.com/shop/jIzfOFWzAkHiP65h,46条评价,人均￥25,紫菜蛋花汤 米饭 大盘鸡
西窑里砂锅串串(扶风店),https://www.dianping.com/shop/l2hlwrhMAwMox8gb,56条评价,人均-,麻辣三鲜鸳鸯香锅 麻辣酸菜鸳鸯香锅 鸳鸯锅（三鲜麻辣）
关中风情园惠宾楼,https://www.dianping.com/shop/H9kyRqlwcXy3DqXs,96条评价,人均￥63,一口香 扶风臊子面 豆面糊糊
聚鑫小炒,https://www.dianping.com/shop/G8gqXfJ9HIEyomVk,2条评价,人均-,麻婆豆腐 米饭 西芹腐竹
鼎德香26元自助小火锅店,https://www.dianping.com/shop/kagAL0fLYKbdocAD,1条评价,人均-,
虾噗虾噗干锅,https://www.dianping.com/shop/GaEx4vYF0Yza7dK0,2条评价,人均-,
重庆巫山纸包鱼(南二路店),https://www.dianping.com/shop/l9Shu02aEjc8r4pJ,7条评价,人均-,莲藕片 香菜 脆皮肠
恭顺和饭庄,https://www.dianping.com/shop/H1xPjdc6c9PWQ7tc,8条评价,人均-,
扶风第一碗,https://www.dianping.com/shop/la0E1NsCXgw1Yssg,3条评价,人均-,
法门素食,https://www.dianping.com/shop/H8OQBCCEeuT73vH6,11条评价,人均-,
湘蓉酒店,https://www.dianping.com/shop/H6Yqtq4EP964u7zq,18o条评价,人均￥46,
王妈凉皮(扶风店),https://www.dianping.com/shop/iLsLeANn7shTvQdl,2条评价,人均-,
莲花烧烤广场(莲花商城店),https://www.dianping.com/shop/G23qm6ukIAUJ72Ll,6条评价,人均￥2o,烤羊羔肉 花生毛豆 烤羊肚
赵卫涛高汤羊杂,https://www.dianping.com/shop/H7h8gWSx4gJ7f2RJ,,人均-,麻辣牛肉 卤羊蹄 糖蒜
老上海烘焙,https://www.dianping.com/shop/H8IlezK5FFrqBtdN,1条评价,人均-,
川宗大龙焱老火锅·巴蜀味道,https://www.dianping.com/shop/Fjxo3qoN7eM0loxl,125条评价,人均￥67,大刀肥牛 特色鸳鸯锅 雪花肥牛
千里香馄饨,https://www.dianping.com/shop/ka2ATKtbjh8nQPx4,1条评价,人均-,
扶乾建让臊子面,https://www.dianping.com/shop/G6TF7dj5yz6tYhXM,13条评价,人均-,
李想大虾(关中风情园店),https://www.dianping.com/shop/l6USISOFCn6YvO4f,16o条评价,人均-,
李家羊肉馆,https://www.dianping.com/shop/HaqWWe1wDuf80oku,1条评价,人均-,
孙大胜手工擀面皮(新区汽车站店),https://www.dianping.com/shop/l3rTe1ffdJX83jDA,28条评价,人均￥9,
靓汤坊(扶风店),https://www.dianping.com/shop/k3amgP85nkeoCsOs,4条评价,人均-,
胖胖重庆麻辣烫(扶风店),https://www.dianping.com/shop/laSfkrvMJHylJ2Do,4条评价,人均-,
海珀蘭轩(莲花广场店),https://www.dianping.com/shop/k3vCfab9a3a7afW0,2o条评价,人均-,
妈妈爱人文烘培坊,https://www.dianping.com/shop/H4yU3t84QAcs8Sg9,2条评价,人均-,
九味缘26元自助涮烤,https://www.dianping.com/shop/FsaPJBroUu116jS5,18条评价,人均-,
冰菓倾城(益元综合市场店),https://www.dianping.com/shop/k1yegmVgqC0FT4SH,,人均-,
