仟那酒店·凡且茶馆茶餐厅(扶沟万和城店),https://www.dianping.com/shop/lad9zrKUlWxXpTlx,6条评价,人均-,小青柑 话梅小排 白灼广东菜心
上禾小馆子,https://www.dianping.com/shop/H6oU179NvHhGfhRL,22条评价,人均￥36,捣椒鸡蛋配馓子 猪蹄 松子玉米
廣順興(扶沟店),https://www.dianping.com/shop/G5OeUtbtZ2eoO5jb,39条评价,人均-,竹蔗马蹄水 经典猪肚鸡（中份） 潮汕牛肉丸
小烧饼土菜馆,https://www.dianping.com/shop/k2E1FbllDkrDrpoQ,26条评价,人均￥36,小烧饼 芝麻叶豆腐汤 双菌
小馆子(花园路店),https://www.dianping.com/shop/GaKbcdLqCj4ZxuAq,18条评价,人均￥45,酱猪爪 螃蟹炒饭 鸡爪
袁老四火锅店(桐丘南路店),https://www.dianping.com/shop/k9XpTFryN34TuuHz,282条评价,人均￥71,太阳肥牛 厚切午餐肉 麻辣牛肉
开封全羊汤馆,https://www.dianping.com/shop/lawxFGddtPmw1SfR,9条评价,人均-,羊肉汤 烧饼 凉菜
小肥牛自助餐(扶沟店),https://www.dianping.com/shop/iz8pdxjxRA027HsA,139条评价,人均￥53,烤排 花甲 绝味鸭头
鼎兴坊火锅(扶沟店),https://www.dianping.com/shop/H7kwNZsE47WCIl4h,118条评价,人均￥126,火锅 手切厚牛肉 绿色脆毛肚
蓉和万家川西坝子火锅(扶沟店),https://www.dianping.com/shop/H7od9LFfOTflcbQp,69条评价,人均-,大刀脆毛肚 鸳鸯锅底 落雪肥牛
小猪查理(扶沟一峰城市广场店),https://www.dianping.com/shop/G6gM7pclLnEACQU4,,人均-,
信阳人家,https://www.dianping.com/shop/G2KQtoeaTXP2Iq0m,6条评价,人均-,凉拌牛肉 凉拌牛肚 醋泡双生
阳光家宴楼,https://www.dianping.com/shop/k2TjMjl7adCzqS1o,11条评价,人均￥3o,小炒叫鸡 烤全羊 精美凉菜
胡子塔鲍汁羊排虾火锅(扶沟一店),https://www.dianping.com/shop/k37f6WgD2WFuRreg,18条评价,人均-,精品肥牛卷 烩面 深海巴沙鱼
小烧饼民间菜(扶沟北关店),https://www.dianping.com/shop/k5azNW26fj6o4ddz,1条评价,人均-,孜然羊肉 凉拌西兰花 麻辣螺丝
金基蛋糕(国芳店),https://www.dianping.com/shop/G4Sm5rhsbq4s1TlY,12oo条评价,人均￥37,迷你小蛋糕 白巧克力 幸福满满水果蛋糕
花园大酒店,https://www.dianping.com/shop/k3068Ik1U27au40d,6条评价,人均-,糖醋鱼 面筋汤
牛犟烤肉(文化东路店),https://www.dianping.com/shop/l2RDwNY1cVk9cblA,2o3条评价,人均-,烤面包 加拿大极品雪花小排 极品五花肉
东方烩面,https://www.dianping.com/shop/H8i07WkKYR02087b,6条评价,人均-,羊肉烩面 干炸香菇 热羊脸
华莱士(扶沟建业城店),https://www.dianping.com/shop/H6y2y0kDmLJOYPpk,13条评价,人均-,鸡米花 辣味鸡肉卷 川味脆脆鸡小食餐
喜掌门•烧烤(扶沟店),https://www.dianping.com/shop/l9ABRetAgEAhWA7W,7条评价,人均-,羊肉串 招牌秘制虾尾 干炸小酥肉
长城饭店(凤凰台东街店),https://www.dianping.com/shop/FfALm5D7ZpGvKlyM,9条评价,人均￥15,奶香玉米饼 蒜爆活鱼 农家面炕椒
巴庄重庆火锅(扶沟店),https://www.dianping.com/shop/G3M3NdIhC8eaX9R7,34条评价,人均￥67,富硒紫薯川粉 巴庄鲜鸭血 无骨鲜鸭掌
鸿福家宴,https://www.dianping.com/shop/H10YZn0cpvmHDJlH,16条评价,人均-,毛血旺 鱼香肉丝 干锅有机花菜
重庆德庄火锅(扶沟店),https://www.dianping.com/shop/G7giuAAeE5hFDUQO,48条评价,人均￥41,德庄香肠 本地羊肉 红薯饼
扶沟齐齐鱼锅,https://www.dianping.com/shop/k5lhQDHaBDUClJcq,619条评价,人均￥7o,麻辣锅 红枣茶 番茄锅
大东北铁锅炖大鹅烧烤,https://www.dianping.com/shop/l4CtsLa4WpQIequM,,人均-,鱼锅 排骨鸡爪锅 鸡软骨
上禾小馆子微餐厅,https://www.dianping.com/shop/l4eEEjWzydl7dm6n,4条评价,人均-,老坛酸菜鱼 虾尾 外婆菜炒鸡蛋
幸期五海鲜自助火锅,https://www.dianping.com/shop/G9YVmEVgb8E6ifGc,2条评价,人均-,蒸生蚝真的肥
扶沟人和胡羊排香辣虾(清真店),https://www.dianping.com/shop/G6GAefGRJugr5ocv,163条评价,人均-,羊排虾 香辣虾 烩面
湘渝卤味火锅,https://www.dianping.com/shop/k1BMh5Xf95zqU9zH,31条评价,人均-,鸳鸯锅底 大刀腰片 卤鸡爪
王婆大虾(北关新一峰城市广场店),https://www.dianping.com/shop/H5ZuVhymG0bJvtMe,2条评价,人均-,
肯德基(一峰城市广场店),https://www.dianping.com/shop/H9fmw5YkDTaYqiTr,28条评价,人均-,劲爆鸡米花 经典肉酱汁汁厚作牛肉汉堡 可盐可甜单人餐兑换券
予象兄弟烧烤·烤肉,https://www.dianping.com/shop/H5OcOjx2UXHoxJHF,62条评价,人均-,麻辣排骨串 辣炒牛蛙 麻辣小龙虾
方俊礼胡辣汤(总店),https://www.dianping.com/shop/G1fK9OD3Ndvsl1lU,3o条评价,人均￥11,胡辣汤。 金丝饼。 水煎包
小湘厨,https://www.dianping.com/shop/H5s7AVtStSrg7ka5,1条评价,人均-,
一亩三分甜·何老板DIY烘焙,https://www.dianping.com/shop/l1koiQvDkSWxiJnQ,168条评价,人均￥4o,
希古韩式烤肉·干锅牛蛙·霍家菜,https://www.dianping.com/shop/GaOmluqWeEOcmFsP,1o7条评价,人均-,
金基蛋糕(花园路店),https://www.dianping.com/shop/ExwtQarVyT53w1vy,8o9条评价,人均￥64,
九回川,https://www.dianping.com/shop/k6rla5t3JeZY5ap0,,人均-,
小猛牛,https://www.dianping.com/shop/G6TZgHVkWBt91z5O,4条评价,人均￥98,
澳门豆捞(鸿昌大道店),https://www.dianping.com/shop/GawpNixUF8KiQLR5,4条评价,人均-,
幸运咖(扶沟店),https://www.dianping.com/shop/l5KOEg2DAbN3fhpI,1条评价,人均-,
香蜜儿蛋糕房(三店),https://www.dianping.com/shop/G3pqzkNL4HrCExyj,651条评价,人均￥31,
正宗丈地羊肉鲜汤(扶沟总店),https://www.dianping.com/shop/G6EZmuoIkddwScWR,,人均-,
维秀西餐厅,https://www.dianping.com/shop/k14JPFrhGbCAvX2t,,人均-,海鲜番茄意面 泰皇炒饭 带骨纽约客牛排
希古时尚餐厅(花园路店),https://www.dianping.com/shop/l3DXuVPc7uzfDm3H,5条评价,人均-,话梅小排 飘香扇子骨 葱拌牛肉
何家串串香,https://www.dianping.com/shop/G1VgI8E1cP5dH4DB,,人均-,
德克士(扶沟商业街店),https://www.dianping.com/shop/G7gVuX11AdD1zBzH,77条评价,人均￥23,超级鸡腿堡 咔滋脆皮手枪腿 脆皮炸鸡
柴火乡地锅柴鸡(扶沟店),https://www.dianping.com/shop/Fz1HvyGcKZPCPR4P,2条评价,人均-,鸡肠
陈山牛肉老店,https://www.dianping.com/shop/G5LHQqUw63YmjSEb,2条评价,人均-,芝麻叶杂面条 牛肉
德克士(一峰店),https://www.dianping.com/shop/G5nBhwvvo6K3hRWi,18条评价,人均￥25,超级鸡腿堡 脆皮炸鸡 土耳其风味烤翅
德润肥牛牛肉火锅,https://www.dianping.com/shop/l5mYzPFUSAmsfU8H,2条评价,人均-,红枣养生茶 啤酒可乐不限量 啤酒饮料不限量
湘味居辣椒炒肉,https://www.dianping.com/shop/laTPug9lPVZaIDbB,,人均-,剁椒鱼头 辣椒炒肉 虾皮煎茼蒿
程客牛肉胡辣汤(扶沟旗舰店),https://www.dianping.com/shop/EYqNCIeLNQyjESgP,,人均-,黑椒烤肠 纯手工现卷心菜角 香葱油饼
秋波里爆蛋豆腐虾(扶沟店),https://www.dianping.com/shop/H3Mjv3esMaY9cxhV,,人均-,秋波里爆蛋豆腐虾
君乐饭店(桐丘北路店),https://www.dianping.com/shop/G8kiX5stVCcrjSXL,7条评价,人均-,
芝士年糕火锅(扶沟店),https://www.dianping.com/shop/G7Kk5XhrfZOrUkWJ,39条评价,人均-,部队年糕火锅 炸鸡拼盘 火鸡面
羊蝎子老店(扶沟1店),https://www.dianping.com/shop/l247YM0Ajr3aSQyp,4条评价,人均-,大锅 焦丸子 羊蝎子火锅
正新鸡排·炸鸡烧烤(老一峰店),https://www.dianping.com/shop/G9xtWCJeBuEcK0kZ,81条评价,人均-,甘梅鸡排 香辣鸡腿堡 酸梅汁
