羊王府稍麦杂碎,https://www.dianping.com/shop/laPTYBEQUQl53jhW,3条评价,人均-,粉杂 蒸羊肉烧卖 纯羊杂
海鲜时间海鲜牛排自助餐厅,https://www.dianping.com/shop/FUrccdiFuO27W1bD,17条评价,人均-,阿根廷红虾 鲜活大鲍鱼 奇异果
大牌档(久福小区店),https://www.dianping.com/shop/k4TVl3AZChCtOm4o,8条评价,人均-,铁板臭豆腐 蟹黄豆腐 东北拉皮
德克士(丰镇店),https://www.dianping.com/shop/GaDhnzn0oNbxEMxK,443条评价,人均￥18,双鸡堡 椰香咖喱鸡腿饭 薯条
小猪查理川式烤肉(丰镇普罗旺斯花园店),https://www.dianping.com/shop/k8Qrmsd3S93Dd7Lo,9条评价,人均-,快手五花肉 走地小猪肉 梅花肉
新东方面食(新城区店),https://www.dianping.com/shop/H5TbfMeKgdy668Fa,4条评价,人均-,
白大馅饼(丰镇店),https://www.dianping.com/shop/H8Ms3Lyu0GCqmd9m,6条评价,人均-,
嗨鲜湾,https://www.dianping.com/shop/laOecGwgCTJb1vaQ,,人均-,
彭大湘菜,https://www.dianping.com/shop/H8HxbgdTfA7GTnDP,3条评价,人均-,
六仔农家院,https://www.dianping.com/shop/H7mPbkn0SJRVNN0r,2条评价,人均-,
胡同里烤肉(丰镇店),https://www.dianping.com/shop/k4v5s2qMyH6VMtQz,,人均-,
二明烧麦馆,https://www.dianping.com/shop/k4aLLCoScxp6t28N,1条评价,人均-,
恒源酒店,https://www.dianping.com/shop/iGcqYVS4OOSm9Vw4,2条评价,人均￥5o,
湘君俯干锅鸭头,https://www.dianping.com/shop/FO0nDOHM8s77GUxR,,人均-,
德克士(丰镇店),https://www.dianping.com/shop/l7HjLpjMUgfHt264,2o条评价,人均-,
金味帅螺蛳粉(丰镇店),https://www.dianping.com/shop/iszdBbr3i3UWymtc,4条评价,人均-,小油条 糖心煎蛋 油面筋
老奶奶串串香(丰镇店),https://www.dianping.com/shop/G3lUzMhb6Z9u2CCe,11条评价,人均￥1o,面筋块 豆腐泡 海带
老玉米粗粮馆,https://www.dianping.com/shop/GacOtl2tNNM1zRBd,1条评价,人均-,鱼香肉丝 莜面块垒 油糕
冰块水煮羊,https://www.dianping.com/shop/G906IuiVSu7t91Xf,74条评价,人均￥4o,手切羔羊块 家常大拌 小料
四子王旗蒙餐(柏宝庄街店),https://www.dianping.com/shop/EjVO4duOja1gIllD,5条评价,人均-,驼肉馅饼 牛排 焖羊肉
康美月饼(中央工厂店),https://www.dianping.com/shop/H5szEwos6HVc8Grc,1条评价,人均-,
胖子烧烤(友谊路店),https://www.dianping.com/shop/l2fIxuvKX9E93R8E,7条评价,人均￥55,菜卷 豆腐竹 豆干
王记包子铺,https://www.dianping.com/shop/G28XncRX9KA5JFbd,,人均-,猪肉茴香 素馅 茶叶蛋
巫山烤鱼烧烤,https://www.dianping.com/shop/l5m6xqqtOQrFnD5x,,人均-,烤草鱼 麻辣花甲 蚕甬
尚鲜坊烤肉店,https://www.dianping.com/shop/H3hT1RMUntcLHMsw,,人均-,东北大冷面 鲜香五花肉拌饭 韩式拌饭
塞外狼酱骨头(丰镇店),https://www.dianping.com/shop/kaa67ASUTq4wUx8g,4条评价,人均-,
顺鑫刀削面家常菜,https://www.dianping.com/shop/l8PRoKWBkaTc9GNh,,人均-,
魔饭小姐麻辣烫麻辣拌,https://www.dianping.com/shop/H2KSlcuAg4eUancO,,人均-,
天骄功勋冰煮羊,https://www.dianping.com/shop/l6xMdY2MJYbgDxzL,,人均-,
渝味川厨,https://www.dianping.com/shop/l2kp5rEOsl6nAqTV,1条评价,人均-,
伊斯兰餐厅(马桥街店),https://www.dianping.com/shop/H2NKLWcRy3zkYDIb,1条评价,人均-,凉拌莜面
潘记私房菜,https://www.dianping.com/shop/k82JDteC7JP0FsBg,1条评价,人均-,特色糖饼 烩菜爬糕 油焖大虾
呼市香酥焙子(迎宾大街店),https://www.dianping.com/shop/l6WRhE0ee4oVVUqI,2条评价,人均-,老式面包 方红糖焙子 香酥咸焙子
金唛香麻辣烫,https://www.dianping.com/shop/l3Gcp7gSznSl4w2P,2条评价,人均-,双汇烤肠 钢丝面 兰花串
宝利来(丰川路店),https://www.dianping.com/shop/k3lyfLGn2XNc8T6O,625条评价,人均￥6o,KT猫水果蛋糕 榴莲布丁戚风蛋糕 小黄人蛋糕
胖之味果木烤鸭(新华路店),https://www.dianping.com/shop/G5nKaNIQAeMEImvq,29o条评价,人均￥36,烤鸭 荷叶饼 秘制甜面酱
同丰酒家(迎宾大街店),https://www.dianping.com/shop/G3DpKzq3TvWR2r80,1条评价,人均-,
姜计兵新派烧烤(新区店),https://www.dianping.com/shop/E9FkZ3bUtIrBHL7d,1条评价,人均-,
巴乡石锅鱼(电厂路店),https://www.dianping.com/shop/G33tsxCo4esvR1vj,,人均￥54,酱油炒饭 奶油小馒头 红薯粉
高记老砂锅,https://www.dianping.com/shop/l1a7gyVwPzrHsHwh,2条评价,人均-,葱花饼 砂锅土豆肥肠 生炒大公鸡
国宾豪美大酒店餐饮部,https://www.dianping.com/shop/l25NDLStEuGBY5gF,1o8条评价,人均-,金针拌虫草 美极凤爪 酱油炒饭
老北京炸酱面(新区店),https://www.dianping.com/shop/H6OKTmTs1JsZBUWb,4条评价,人均-,鱼香肉丝 酸菜龙利鱼 小油饼一份
川锅涮牛肚,https://www.dianping.com/shop/H6MBbWuITcJEu1ub,,人均-,
海鹏丰镇月饼(迎宾大街店),https://www.dianping.com/shop/H3Ih9nvMDalITmrr,1条评价,人均-,
小猪查理火盆自助烤肉,https://www.dianping.com/shop/k171y0qOGxljyZVy,,人均-,
无油无盐无水猪蹄,https://www.dianping.com/shop/l1wmTAhmMwHHRhXh,3条评价,人均-,无水鸡蛋 无水红烧肉 猪蹄
蹦哒蛙碳火蛙锅,https://www.dianping.com/shop/laJwkPMdLmZuFNpZ,,人均-,炭火蛙锅双层锅 韭菜 鱼豆腐
胖师傅小龙虾(学府店),https://www.dianping.com/shop/l46I2yESefhn20Je,,人均-,小龙虾 烤包 猪皮
旗聚合蒙餐,https://www.dianping.com/shop/Ga8CkBArmMpVPrcT,,人均-,白菜包子 牛肉包子 素包子
二佳天天鲜水果,https://www.dianping.com/shop/H18c4d6LpHWN3J3q,,人均-,
品鲜鸭货,https://www.dianping.com/shop/H2h2DzWPzrNlWFxz,,人均-,香辣面筋块 卤鸡蛋 红豆奶茶
越来顺饭店(云丰改线店),https://www.dianping.com/shop/H6lpNiueEUlJymVC,,人均-,
王记麦香源烧麦,https://www.dianping.com/shop/G7EktDjzcKMn9m3t,,人均-,腊八蒜 相思豆 羊肉煎烧麦
功夫煮麻辣烫,https://www.dianping.com/shop/k3uWUNBW3FGWB1I6,,人均-,千叶墨肚 老坛骨香酸菜口味 猴头菇菌汤
早点见面,https://www.dianping.com/shop/H8xk029SKuEs5fxx,,人均-,馄饨 猪肉韭菜陷饺子 纯羊杂
绿惠粮油,https://www.dianping.com/shop/G2NrZMUPPconzmhT,,人均-,
四川水果蔬菜,https://www.dianping.com/shop/H9KMRS0zszgW1n2f,,人均-,
鸿福楼火锅,https://www.dianping.com/shop/l12AQhLYPaiPgjFK,247条评价,人均￥3o,生菜 自助小料 手擀粉
卤肉面食馆,https://www.dianping.com/shop/G4ppHZfjQSdhyNCb,,人均-,
幸福手作烘焙,https://www.dianping.com/shop/G9PQBLKovwWs1Y1L,,人均-,超有料肉松海苔小贝 海盐虎皮卷 中秋儿童月饼
