左记正宗渠黎金牌烤猪,https://www.dianping.com/shop/k3822Rh1TFxtay9H,2o1条评价,人均￥6o,烤乳猪 凉拌粉 酸笋干椒炒薯叶
北木南烤肉和酒(中都店),https://www.dianping.com/shop/l7ErSxSbxo0N9jAE,491条评价,人均￥65,麻辣五花肉 掌中宝 香辣牛肉
小放肆烤肉(扶绥中都店),https://www.dianping.com/shop/G54AbfwEuf3ojIEl,92条评价,人均-,手作酸梅汁 经典酱汁 新鲜紫苏
品爷鱼蛙自助餐(中都店),https://www.dianping.com/shop/k9rD8VAuBpyxccv0,2o7条评价,人均-,蒜香烤鱼 鲜青椒紫苏蛙 经典香辣牛蛙
大龙燚(中都新世界店),https://www.dianping.com/shop/l5szfDcJNvh76E64,267条评价,人均￥76,精品肥牛 冰粉 鲜鸭肠
老娘大排档,https://www.dianping.com/shop/kaPVGtV8pJVQH2uP,41条评价,人均￥71,广西桂菜名宴老娘酸粥宴 酸粥鱼汤 壮乡煎鸭
御鼎荟猪肚鸡扶绥店,https://www.dianping.com/shop/l2htD2pl7b2P2xGN,187条评价,人均￥77,胡椒猪肚鸡 前任冰粉 蒜香排骨
老城鲜贝贝煲(扶绥中都店),https://www.dianping.com/shop/l5Lt5sfQCKDSxE6m,26条评价,人均-,萝卜 手工鱼腐 无骨鲜鱼片
萨贝尔意式西餐厅(空港大道店),https://www.dianping.com/shop/G1cXn9X62QTLWdku,34o条评价,人均￥67,黑椒牛肉面 金枕榴莲披萨 原切铁盘沙朗牛排
重庆秦妈火锅(扶绥空港店),https://www.dianping.com/shop/jzcGGS3WoDhzRQ9t,525条评价,人均￥7o,秦妈肥牛 特色鸳鸯锅 花生飞饼
湘遇乡院餐厅·湖南平价家常菜,https://www.dianping.com/shop/l5Ox8fj9N9oQUuGG,41条评价,人均￥41,小刀鸭 印度飞饼 湘遇黑叉烧
囍欢糖水铺,https://www.dianping.com/shop/l3UB9XOlMBShXdhC,1条评价,人均-,冰糖板栗 板栗芋圆 手打柠檬红茶
粤皇港式茶餐廳,https://www.dianping.com/shop/G4JbRquKAk8kDf02,23条评价,人均￥75,粤皇虾饺皇 粤皇艇仔粥 白灼菜心
楠木咖啡(中都店),https://www.dianping.com/shop/k38PgCvPImIqxPqm,98条评价,人均-,楠木炒饭 田螺 楠木咖啡
如在蜀毛肚老火锅(世纪花园店),https://www.dianping.com/shop/laAaGdu4ZIWa2HtJ,297条评价,人均￥88,铺盖毛肚 茴香现炸酥肉 嫩牛肉
肆品味麻辣香锅,https://www.dianping.com/shop/l84t9bBl1XWrD1Mr,43条评价,人均-,扇贝肉 金针菇 生菜
今夜烧烤(世纪花园店),https://www.dianping.com/shop/G9WYvGPI1wOYpuus,13条评价,人均￥62,招牌黄金牛肉 掌中宝 柠檬秋刀鱼
山川烤肉,https://www.dianping.com/shop/EOkdq7ag4vS0m3Wo,71条评价,人均-,调味五花 黑椒牛排 调味鸡柳
蚝粉之家(中都店),https://www.dianping.com/shop/G1jT4C5E4GzLKljA,11条评价,人均￥13,砂锅蚝粉 干捞生蚝粉 干捞叉烧粉
蛙咕蛙小侠,https://www.dianping.com/shop/k5dwZ1ThMI5d9Ame,42条评价,人均-,香辣牛蛙 招牌百味紫苏牛蛙 剁椒烤鱼
ARTEASG(中都新世界店),https://www.dianping.com/shop/G8T6FxTEjkOJtTkH,8条评价,人均-,
十二蛙星座,https://www.dianping.com/shop/G3vztBqdtviCAnrN,89条评价,人均￥72,
老曼谷,https://www.dianping.com/shop/G4rZwfjqebWq2vzB,1条评价,人均-,
黑酸牛羊鲜生地摊烤肉·火锅(松江街店),https://www.dianping.com/shop/k4ONUQUpj7G84aw9,2o条评价,人均￥41,
越南粉店,https://www.dianping.com/shop/H31dV3T0YXNLN1P2,4条评价,人均-,
肯德基(扶绥店),https://www.dianping.com/shop/l8zUO9nVITBWnwM9,14条评价,人均-,
老街,https://www.dianping.com/shop/H2xHWGE7zxSEQqiT,9条评价,人均-,
国潮烤肉(松江街店),https://www.dianping.com/shop/H47bui0Nvv37Rvxi,85条评价,人均-,
五条人糖水铺(崇左扶绥南密路店),https://www.dianping.com/shop/k9oLQtekdGqVoRcV,5条评价,人均-,
打包愿望·生日蛋糕·厦门特香包,https://www.dianping.com/shop/k6Gqfjh6m1rI9Og7,199条评价,人均￥62,
聚湘园,https://www.dianping.com/shop/G9tjJpwnY90fr137,1条评价,人均-,红烧肉 干锅肥肠 青椒土豆丝
Uncle Snail螺蛳叔叔,https://www.dianping.com/shop/l3WqFneixOZ8xDlY,9条评价,人均-,原味骨汤螺蛳粉 高蛋白炸蛋yyds 白桃乌龙
清椰,https://www.dianping.com/shop/k8DB3Cj3NTQotOFe,1条评价,人均-,小吃拼盘 纯肉烤肠 洛神玫瑰饮
焱發精酿(扶绥店),https://www.dianping.com/shop/l7bCAb9Dh0xEYwUM,1o条评价,人均-,白桃小麦 龙虾尾 无骨鸭掌
舌尖上的海螺,https://www.dianping.com/shop/H9xODG90quSGCGY1,2条评价,人均-,姜葱指甲螺 姜葱蛏子 白灼香螺
西里屋(扶绥分店),https://www.dianping.com/shop/H1VKJDcp8OVCcT9u,4条评价,人均-,榴莲披萨 韩式部队火锅 五花肉
秋田寿司,https://www.dianping.com/shop/l6s4FZDB7UdO5CnN,73条评价,人均-,鳗鱼寿司 肉松大卷 黑椒鸭胸寿司
仙庙烧鸡(崇左扶绥店),https://www.dianping.com/shop/G9c2oNqkJRkGjZyN,5o条评价,人均￥59,蜜汁烧排骨 仙庙烧鸡 腊味排骨煲仔饭
禾味料理,https://www.dianping.com/shop/k14bITpkM5CyIUDj,433条评价,人均￥33,中华海草小卷 炒年糕 煎饺
签年大计小郡肝铜罐串串(扶绥店),https://www.dianping.com/shop/kajPXPCJttawjF8F,23条评价,人均-,木耳 萝卜 生菜
天盛壮乡宴,https://www.dianping.com/shop/G72XsPvWXM2AWLqi,13条评价,人均￥78,
满楼香,https://www.dianping.com/shop/H78mkBJjm4wOMltt,5条评价,人均-,
大东门生料王,https://www.dianping.com/shop/Ga0ZNMscnP0X6Ya8,1条评价,人均-,
华莱士·全鸡汉堡(新华店),https://www.dianping.com/shop/G8q2incQ1jQiazuq,166条评价,人均-,
蜀八婆鲍鱼鸡煲虾,https://www.dianping.com/shop/H12pE0pqTYcyL9Eu,29条评价,人均-,
Lamo花房,https://www.dianping.com/shop/H3Ed6ccTrV5EfXb6,1o条评价,人均-,椒盐隔山肉 无骨鸭掌 酷魅苏打酒
扶绥人家,https://www.dianping.com/shop/G8EN9L6hQgEiXIFc,3条评价,人均-,玉米飞饼 酸粥
姐妹土菜馆,https://www.dianping.com/shop/l6gUpDzMXNWmcl9t,4条评价,人均￥3o,干锅驴腩 小蛊饭 炒上海青
蛋糕地带·中南饼屋生日蛋糕(扶绥县店),https://www.dianping.com/shop/k7q62FNGt3TKzijP,44条评价,人均￥66,水果蛋糕 中南奶油蛋糕 巧克力蛋糕
CHEAP HOUSE,https://www.dianping.com/shop/H6TuN8ZSLQXNMcWz,1条评价,人均-,
沐东糖水铺,https://www.dianping.com/shop/k98NEmkxB1br4ioK,21条评价,人均￥9,玉米糖水 黑米八宝粥 马蹄绿豆
欧文咖啡(花街店),https://www.dianping.com/shop/l6IXYytRBV7kdAc5,276条评价,人均￥42,田螺鸭脚煲 榴莲披萨 牛肉炒饭
塔斯汀中国汉堡(松江街店),https://www.dianping.com/shop/H2xsDPC1yf3kDfv4,,人均-,香辣鸡腿中国汉堡 多汁牛肉中国汉堡 上校鸡块
左江鱼生,https://www.dianping.com/shop/H3fNtODArcRJvAhx,3条评价,人均-,鱼生 韭菜炒河虾 公鸡蛋粥
三文鱼(思贤路店),https://www.dianping.com/shop/G3HQJrIL6dIAIkmb,,人均-,鱼生寿司调味汁 三文鱼 希鲮鱼籽
灌县老妈串串香火锅,https://www.dianping.com/shop/l7kUpI3BiroU0E0v,16条评价,人均-,
杨国福麻辣烫,https://www.dianping.com/shop/H1QsDwZG13RzufEl,1条评价,人均-,
小城甜心,https://www.dianping.com/shop/l17Ir2DskrZpxPc7,1条评价,人均-,
广羊(涡田分店),https://www.dianping.com/shop/G7KtGDTA77wrcDK2,2条评价,人均-,
毕德寮港式茶餐厅,https://www.dianping.com/shop/Cq4rx2mzVZvZj098,5条评价,人均-,
