老城三道拐搭搭面,https://www.dianping.com/shop/kaftWwyqsbnhIMyT,158条评价,人均￥14,油饼 传统蛋花搭搭面 红烧肥肠搭撘面
壹盬子鸡(奉节店),https://www.dianping.com/shop/G1enPQPNE9thIR4f,2o3条评价,人均￥94,䀇子鸡 神仙豆腐 农家小炒肉
重庆老厨房,https://www.dianping.com/shop/k7AAFL9IvVppEKWm,65条评价,人均￥49,鸭三宝 土豆饼 豪华毛血旺
朱光玉火锅馆(奉节店),https://www.dianping.com/shop/G6naEFVAAzza9OKa,117条评价,人均￥96,虎皮凤爪 藤椒牛舌 啵啵鱼豆花
传统小火锅(奉节总店),https://www.dianping.com/shop/l4yyEAWdZWYFlTtV,69条评价,人均￥46,红油组合小火锅 酸水土豆片 花饭
正宗黎烧腊,https://www.dianping.com/shop/H261Gj6eu6OeOCJZ,19条评价,人均￥6o,
胖子妈名小吃,https://www.dianping.com/shop/l3DbD6khvNgWfkaX,35条评价,人均￥28,
老船坊现做鲜鱼馆(奉节店),https://www.dianping.com/shop/G6AtVs6v5a7pcjpC,13条评价,人均￥74,
咖咖火锅(奉节店),https://www.dianping.com/shop/l2xYA68zQmwDVdGo,59条评价,人均￥93,
吊锅合渣,https://www.dianping.com/shop/G8Lbg20gTgv3ekGD,51条评价,人均￥37,
luckin coffee瑞幸咖啡(奉节商都店),https://www.dianping.com/shop/l8dMowntjtUcQ89K,2条评价,人均-,
大虎老火锅,https://www.dianping.com/shop/k1JoigJ4GSDqPwkJ,1条评价,人均-,
森林烧烤(天佑总店),https://www.dianping.com/shop/ka8spsOAVSrZBGvd,28条评价,人均￥83,
老右营王烧烤·烤鱼大排档,https://www.dianping.com/shop/H8koIXHQUsmS2JKm,35条评价,人均￥75,
大张凉面(洋洋百货店),https://www.dianping.com/shop/k4OOCOypt6hVNlk2,53条评价,人均￥13,
裕农饭馆,https://www.dianping.com/shop/k8X6DZu1rpQrsgBN,83条评价,人均￥52,正宗鸭三套 锅巴牛肉 养生鸡汤
客舟記主题餐厅,https://www.dianping.com/shop/H1nNhLRc7NBRo5Q0,6o条评价,人均￥86,凉拌鲫鱼 酸菜鱼 牛肉汤锅
传统小火锅(滨江国际店),https://www.dianping.com/shop/G4qT8M27jkVkavDs,28条评价,人均￥45,肥肠牛筋牛肉火锅 红油混合小火锅 肥肠排骨小火锅
甩一杯(奉节分店),https://www.dianping.com/shop/G9vbyv74tqWmr1Qa,15条评价,人均-,鱼丸 藕片 鸡中翅
竹园䀇子鸡旗舰店,https://www.dianping.com/shop/k2YzDhv174njs8uG,21条评价,人均￥1o7,盬子鸡小锅 盬子鸡 传统锅炸
胖子妈中餐厅(夔州路店),https://www.dianping.com/shop/l8v0pxBN7UONSwUu,3o条评价,人均￥58,腊猪脚紫阳鸡 火爆鳝鱼 麻辣牛肠
农村印象柴火鸡(滨江店),https://www.dianping.com/shop/H4nJhD2LwIW7E7ej,47条评价,人均￥4o,柴火花椒鸡 香菇 玉米馍馍
阿喜烧烤(夔州路店),https://www.dianping.com/shop/H9iyxmjSEkrV795i,25条评价,人均-,金针菇 鸡翅 生蚝
路日白の自助烤肉(奉节滨江国际店),https://www.dianping.com/shop/G1Zn4xwyYdsz81vI,1条评价,人均-,
野菜生态鱼,https://www.dianping.com/shop/H6aJZRX7vCMHD9pN,77条评价,人均￥57,酸菜豆腐鱼 野菜生态鱼 豆花鱼
三峡特色鲜鱼酒家,https://www.dianping.com/shop/k847pERsUeQfgWUJ,145条评价,人均￥78,微辣泡菜火锅鱼 锅巴牛肉 仔鲢鱼
九街淑芬掌中宝串串公司(奉节店),https://www.dianping.com/shop/l7aoVbwXBC7Mob41,119条评价,人均￥75,泡椒味掌中宝串串 虾滑 双椒牛排
柳包子名小吃(附小总店),https://www.dianping.com/shop/k37gHPZKUAybc9i5,42条评价,人均￥6,酱肉包 鲜肉包 五谷杂粮甜豆浆
诗城餐厅,https://www.dianping.com/shop/H9ZlYp6Wl6F242aI,19条评价,人均￥69,蒜烧鲶鱼 盐菜肉 藕丸子
俏巴渝(奉节店),https://www.dianping.com/shop/G6ZTNeeA7VfbMo7B,63条评价,人均-,石锅黄辣丁 排骨鸡蛋红烧肉 鸡丝凉面
龙聚德北京烤鸭(奉节店),https://www.dianping.com/shop/la2wFVxGFcJNsL0F,34条评价,人均-,烤鸭 招牌麻辣鸡片 肥牛卷
资味豆坊,https://www.dianping.com/shop/jS05P4IArlcLdXrL,36条评价,人均￥58,麻麻鱼 口水鸡 闷烧羊肉
双姐老火锅(金橙街店),https://www.dianping.com/shop/G5mJ4p1KjhLQ7M5O,,人均-,卤肥肠 七秒土豆丝 干贡菜
胖妹牛肉干,https://www.dianping.com/shop/H2oufQYxcsqRCfQx,1条评价,人均-,麻辣牛肉干
小平火锅,https://www.dianping.com/shop/H8fBS4s8TZErRsMN,4条评价,人均-,排骨洋芋中锅 青椒皮蛋 紫阳鸡
瞿塘宴私房菜馆,https://www.dianping.com/shop/k3Ck3VMYj5Y3rFSa,1条评价,人均-,
火得板火锅(奉节店),https://www.dianping.com/shop/Ha9GixVQrReWalZk,8条评价,人均-,千丝土豆 火得板秘制雪花肉 麻辣牛肉
1号传统搭搭面,https://www.dianping.com/shop/H9RY8gUOW9gHCE4N,6条评价,人均-,杂酱搭搭面 泡椒猪肝搭搭面 肝腰合炒盖饭
十二景老火锅,https://www.dianping.com/shop/H99sFeKJAbOhNdmM,23条评价,人均￥52,鲜毛肚 麻辣牛肉 腰片
茶百道(奉节金街店),https://www.dianping.com/shop/G6klYbbiqipxYUAo,34条评价,人均￥15,多芒杨枝甘露 茉莉奶绿 海盐焦糖云红
小黎烧腊,https://www.dianping.com/shop/k54gN7vPSzQwgr0Z,4条评价,人均-,
米兰西饼生日蛋糕(奉节店),https://www.dianping.com/shop/H4HHZmBCRjxb1zdx,239条评价,人均-,
猫咪屋烤肉(奉节店),https://www.dianping.com/shop/k5AbCzFUqOxKbgdo,129条评价,人均￥62,
柳包子(滨江国际店),https://www.dianping.com/shop/laqYPJ8HX7DOPkjV,3条评价,人均-,
廖包面(滨江国际店),https://www.dianping.com/shop/k3aekfl21pUExoCV,14条评价,人均-,
诗城餐厅,https://www.dianping.com/shop/l2y3BoSNHaNzryf7,5条评价,人均-,酸水土豆片 蒜烧鲶鱼 小蒜肚条汤
石灰石烧鸡公(滨江国际店),https://www.dianping.com/shop/l6v1y1c7Z6RxFJR2,25条评价,人均-,鸡汤饭 鲜芋烧鸡公 娇颜板栗鸡
楠火锅(奉节店),https://www.dianping.com/shop/G7Htdi1PresIP3XT,24条评价,人均￥87,秘制耙鸡脚 麻辣牛肉 现炸酥肉
柒柒家港式茶餐厅,https://www.dianping.com/shop/iDQszefJcswBEUwy,1条评价,人均-,
鸭棚子老鸭汤(滨江国际店),https://www.dianping.com/shop/H3VdwHYlxivEvZiL,7条评价,人均-,鸭血 鸭掌靓鸭汤 手工面块
夔门廖包面(人和街店),https://www.dianping.com/shop/l8ad2uapc7MY53Cy,39条评价,人均￥16,牛肉包面 廖包面 泡椒牛肉米线
三木烤肉(新世纪店),https://www.dianping.com/shop/l65hiC1tBlIwBwze,1o条评价,人均-,包浆豆腐 奥尔良翅中 苕皮
三峡原乡,https://www.dianping.com/shop/jog1v0Ha66dMMtm6,3条评价,人均-,梅菜扣肉 蒜泥黄瓜 番茄鸡蛋汤
正宗老成都铁板烧,https://www.dianping.com/shop/l76mPVPnh29KzVdh,6条评价,人均-,鸡翅尖 金针菇 藕片
夔粥记,https://www.dianping.com/shop/l3yQDtu9WGg7N1Ab,4条评价,人均-,清蒸鲈鱼 凉面 酸水土豆片
野生菌养生汤,https://www.dianping.com/shop/k6vV9ZNyvalK4Wsg,11条评价,人均-,鸡加腊排骨汤 炒面 野山菌腊猪蹄
玛丽莲(新世纪店),https://www.dianping.com/shop/k1sEbbWu0p3VIAs7,2o条评价,人均￥24,草莓千层 芒果千层 黑椒牛肉意大利面
夔州鲜鱼府,https://www.dianping.com/shop/Ha7mhev4C2WVLgpu,5条评价,人均-,丝瓜虾仁 锅巴牛肉 干烧黄骨鱼
十村扎皮蹄花,https://www.dianping.com/shop/H5vzPaBcIpJd4adh,4条评价,人均-,虎皮鸡爪 扎皮蹄花 招牌蹄花
草原之夜(奉节店),https://www.dianping.com/shop/i7BlqsqCy5Gf3TPJ,29条评价,人均-,烤羊排 烤羊腿 凉拌鲫鱼
