奉化葛姐米馒头(艾盛·春天里店),https://www.dianping.com/shop/H3B2Ztxgc8Tm9vXA,176条评价,人均￥23,喷香椒盐年糕 苔条年糕 兰花干
成事家常饭(溪口店),https://www.dianping.com/shop/H7lflvtMRbiuGcar,554条评价,人均￥63,香芋扣肉 口水牛蛙 三鲜汤15元
斗门·宁波传统技艺品牌(奉化店),https://www.dianping.com/shop/HaHMM2b1l2QDW9Oy,611条评价,人均￥5o,牛肉牛杂干面 牛舌 牛肚
绿茶餐厅(奉化银泰店),https://www.dianping.com/shop/H3rWnlfizrc6CPF8,764条评价,人均￥69,面包诱惑 酱爆石锅蛙 鸡汤虾仁豆腐
肉三两·泥炉烤肉(奉化万达店),https://www.dianping.com/shop/H80mrBoqr3DgBFoy,264条评价,人均￥97,招牌牛五花 蒜蓉鱼籽虾滑 肉三两大块肉
阿磊冷饮,https://www.dianping.com/shop/H7nZ06JY9UmSyN7x,234条评价,人均￥113,缤纷水果杯 椒盐鸭头 炒面
stone bake,https://www.dianping.com/shop/ifBJC98kx858vJfH,19条评价,人均￥27,原味可颂 燕麦奶全麦餐包 肉桂卷
山下地•中式居酒屋,https://www.dianping.com/shop/H9RGZJP8F6nhlREY,78条评价,人均￥115,小炒黄牛肉 虾米泡饭 花雕熟醉沼虾
阿均拉面(惠政老街店),https://www.dianping.com/shop/G5NeftUxpQoJPHW7,128条评价,人均￥19,牛肉拉面 拉面加牛肉加蛋 油条
元英咖啡(文化广场店),https://www.dianping.com/shop/l80lxRMVNKIUaNa5,17条评价,人均￥85,石锅香辣虾 焦糖布丁 烧烤伊比利亚猪肋排
小哥冷饮,https://www.dianping.com/shop/l4YM475n21gY3q36,233条评价,人均￥115,椒盐鸦片鱼头 水果杯 炒面
东方牛肉干面(奉化名店),https://www.dianping.com/shop/i8N8AjRzgkELarzA,6o3条评价,人均￥4o,牛肉干面 牛肚牛舌干面 牛肉牛肚
阿军羊肉馆,https://www.dianping.com/shop/l3DiptZYMmqxq8yo,345条评价,人均￥34,羊肉粥 白切羊肉 羊骨粥
古镇蒋家菜(中兴西路店),https://www.dianping.com/shop/G3qHUVjFbUuAQoW3,2859条评价,人均￥66,排骨芋艿 椒盐小溪鱼 油焖竹笋
阿峰牛肉面,https://www.dianping.com/shop/EsUiZGcH43l3r0tu,24条评价,人均￥39,鲜牛肉干面 牛腩炒年糕 鸭头
八番,https://www.dianping.com/shop/k5j6yjcjfnnTy1lY,119条评价,人均￥169,熟渍蟹 鹅肝寿司 烤凤梨串
桃家寨,https://www.dianping.com/shop/G2fRcJvWhK0MeIPg,34条评价,人均￥138,五色饭 至尊海鲜粽 螺蛳粉
一帆海鲜,https://www.dianping.com/shop/H4DRvnHG0D7Btcod,192条评价,人均￥127,海鲜 白蟹 赖尿虾
小妹牛肉面(溪口店),https://www.dianping.com/shop/k4fq7hPAD69z0k9D,465条评价,人均￥32,奉化牛肉干面 腌白萝卜 牛肉粉丝
老宁波弄堂菜馆,https://www.dianping.com/shop/E44yzW6DAaNKMkTn,184条评价,人均￥69,咸泥螺 红烧杂鱼 鱼头豆腐
RINC COFFEE,https://www.dianping.com/shop/k6rdI67T13GA50JP,15条评价,人均-,DIRTY 冰美式 提拉米苏呀
兄弟牛肉干面,https://www.dianping.com/shop/G1WvPTuCkdRQXjAp,244条评价,人均￥35,牛肉干面 牛肉年糕汤 牛骨头
食九杯,https://www.dianping.com/shop/H6kcbDxDUoiE2DiE,1o条评价,人均￥1o1,梅子肉 红酒酿圆子 苔菜小麻薯
珍好未,https://www.dianping.com/shop/FOVLBirmy26ctCyg,117条评价,人均￥33,台湾风味卤肉饭 铁板年糕 炸花菜
老鸭牛肉面·阿拉溪口(中山路总店),https://www.dianping.com/shop/H82ZXk0RTMbhUZyh,263条评价,人均￥69,雪菜牛肉年糕 卤鸭爪 雪菜牛肉粉丝汤
钱小奴创意自助餐厅(奉化银泰店),https://www.dianping.com/shop/G5sBojwc9zdRVV4w,2451条评价,人均￥85,烧烤 小火锅 刺身
要德鲜派老火锅(奉化店),https://www.dianping.com/shop/l48qnSR5q0cfWl6W,2623条评价,人均￥122,鲜脆毛肚 鲜虾滑 草原羔羊肉
双门洞烤肉1988,https://www.dianping.com/shop/l9pdtnOXfc8J6CUE,264条评价,人均￥1oo,特味牛五花 南瓜粥 韩国老式拌饭
状元坊馄饨,https://www.dianping.com/shop/ka5Pch1xb4NbyGAl,2o2条评价,人均￥13,馄饨 蒸饺 猪油
奉化市仁泽葱油饼店,https://www.dianping.com/shop/k45t04roq6xJEcL0,99条评价,人均￥9,葱油饼 大饼 豆腐花
咖啡日报,https://www.dianping.com/shop/k4dcOCmvKIooxr1K,1o条评价,人均-,芋泥提拉米苏 柿子蛋糕 炙烤焦糖
锦舍江湖菜(惠政老街店),https://www.dianping.com/shop/l1W485DhJ2QdevUA,32条评价,人均￥87,酸菜鱼 避风塘鸡翅 冷面鸡
1986咖啡店,https://www.dianping.com/shop/GadmntZJVg47BNKy,22条评价,人均￥26,焦糖拿铁 草莓冰淇淋 焦糖玛奇朵
没几个川菜,https://www.dianping.com/shop/G98gTzsLzQzmZuvC,6条评价,人均-,沸腾鱼 泡椒牛蛙 凉拌黄瓜
捞王锅物料理(宁波奉化万达店),https://www.dianping.com/shop/H1BaIVXQVdgwOow7,226条评价,人均￥156,胡椒猪肚鸡 腊味煲仔饭 爆浆手打虾丸
喜蕃农乡野田园餐厅,https://www.dianping.com/shop/k1jeBwE1JFEL9Mix,14条评价,人均-,神仙鸡 椒盐溪鱼 爆炒牛肉
COCKLE COFFEE(桥东店),https://www.dianping.com/shop/k1NNMUbW0BD2psY0,13条评价,人均￥26,Dirty 香草拿铁 美式
滕头生态酒店(奉化店),https://www.dianping.com/shop/l4kPHpOOxKJaCH62,4o2条评价,人均￥159,招牌酱蛋焖肉 果木烤鸭 奉化芋儿油渣羹
亭下湖饭店(康岭店),https://www.dianping.com/shop/l6AmuARcKlsZrNmr,178条评价,人均￥149,红烧鱼头 砂锅鸡 腌菜芋头
阿辉牛肉面,https://www.dianping.com/shop/l2FcrPxR6pxhyhW0,36条评价,人均￥33,牛肉年糕 牛肉干面 爆炒鲜牛肉
赵磊冷饮,https://www.dianping.com/shop/k1yZfyxacalZkHI5,531条评价,人均￥95,水果杯 红烧鸡爪 椒盐土豆饼
酒鲟居酒屋(奉化万达店),https://www.dianping.com/shop/G9COCz7NzWMU5DiV,233条评价,人均￥121,鹅肝寿司 牛肉寿喜锅 厚切牛舌
胖虎烤牛肉(奉化万达店),https://www.dianping.com/shop/l6dLMQr20YQcsjIO,99条评价,人均￥86,招牌烤牛肉 秘制烤五花肉 焦香鸡皮
蒋永峰小吃店(经堂北路店),https://www.dianping.com/shop/l9FxiyhKjs3PyT6X,125条评价,人均￥3o,牛肉干面 牛肉面 牛肉粉
美岭咖啡,https://www.dianping.com/shop/FMh6JUbEKsmY403j,278条评价,人均￥33,咖啡 水果茶 焦糖拿铁
阿国生煎(大润发店),https://www.dianping.com/shop/k5io1gzMbr9ia5XX,329条评价,人均￥13,生煎包子 馄饨 紫菜汤
卜肥烤肉(溪口店),https://www.dianping.com/shop/G8CBSE0TVGz7e5Z8,33条评价,人均-,香菜鲜牛肉 烤虾滑 川味鲜牛肉
山东杂粮煎饼(城基路店),https://www.dianping.com/shop/l8a55Hw3KGkkz4Nv,36条评价,人均￥8,杂粮煎饼 原味煎饼 骨肉相连
镜晓(奉化万达金街店),https://www.dianping.com/shop/k6hcjwZMsC53KjWX,112条评价,人均￥126,黑森林嘟嘟晓锅 三文鱼 土豆沙拉
三横一竖咖啡馆,https://www.dianping.com/shop/Haz5Aw1kMHbsXtWe,39条评价,人均￥32,山茶花拿铁 巴斯克芝士蛋糕 牛奶
甬小馆焗海鲜,https://www.dianping.com/shop/l5d1SljyekaDEE8j,51条评价,人均-,干焗小黄鱼 猪脚鸡爪 秘制牛蛙
山海禅(奉化店),https://www.dianping.com/shop/l1GkMhrraCD2oSHs,45条评价,人均￥276,澳洲牛肉寿喜烧 薄切特上和牛 法式香煎鹅肝
MISS  MAO蛋糕甜品(中山锦庭店),https://www.dianping.com/shop/l6HPjHx8CPwYTjeK,322条评价,人均￥57,小熊玛德琳咖啡 杨枝甘露 焦糖舒芙蕾
溪口人家(武岭门店),https://www.dianping.com/shop/G2sE2Ma6GceKVlXp,3o7条评价,人均￥74,排骨芋儿 雪菜大黄鱼 白斩土鸡
武岭园饭店(惠政店),https://www.dianping.com/shop/GapYggXV4fxkuQsT,64条评价,人均￥152,鲍鱼红烧肉 铁板牛仔骨 年糕
肖四女乐山跷脚牛肉(奉化万达店),https://www.dianping.com/shop/G4dhqzeLwL4lLQlp,23o条评价,人均￥67,跷脚牛肉 牛肉烤饼 甜皮鸭
潮州海鲜粥,https://www.dianping.com/shop/k19gWEKo3F8CZA3b,98条评价,人均￥57,海鲜粥 骨头粥 羊尾笋
锡盟羊庄(奉化店),https://www.dianping.com/shop/l2aenoa9xGC1IZzs,,人均-,精品虾滑 纯净水锅 内蒙古羊肉
阿波包子店(新丰路店),https://www.dianping.com/shop/H5E2FJXn1JvlNAds,75条评价,人均￥22,牛肉包子 小笼包子 定做大包子
兴霸王牛肉(奉化店),https://www.dianping.com/shop/k8IdYKpnZQpPl4n7,7条评价,人均-,霸王牛肉 小酥肉 月亮虾饼
