姚记大排档,https://www.dianping.com/shop/l9U6DpXsDfWoXPwq,45条评价,人均￥46,杏花鸡 藕片炒猪腩肉 白切鸡
九叔河鲜,https://www.dianping.com/shop/l4tHStYQEkFU3EGB,9条评价,人均-,河虾 鲮鱼汤 清炒地瓜叶
贺江半岛酒店中歺厅,https://www.dianping.com/shop/k5F9nLCH0bcM305S,17条评价,人均-,脆皮烧鹅 支竹焖莲都羊 椰汁千层糕
如意馆私房菜(山水雅苑店),https://www.dianping.com/shop/l1tH0mge0v0KMr7f,5条评价,人均-,如意冰草 手抓羊排 如意霸王豆腐
如意馆私房菜,https://www.dianping.com/shop/G5ILbqdZEhImMCy2,13条评价,人均￥64,窝窝头 佛跳墙 白玉虾仁
广远杏花鸡山庄,https://www.dianping.com/shop/H5cd2PVCKPphUl7M,19条评价,人均￥51,
椰皇泰越餐厅,https://www.dianping.com/shop/H1UKfo2MPotxaN7l,2条评价,人均-,
如苑酒楼,https://www.dianping.com/shop/FGaqNpFRyMycEIJg,11条评价,人均￥26,
封开沙胆煲,https://www.dianping.com/shop/l3NkQCjsbk3IejaL,3条评价,人均-,
锦生渔村,https://www.dianping.com/shop/l9SrJpADatL5NC34,1条评价,人均-,
富华小食轩(封开店),https://www.dianping.com/shop/H3w5ol1V1Z1sa4QR,12条评价,人均￥49,
木林河鲜馆,https://www.dianping.com/shop/l7FTUd5T3lI5PCDS,3条评价,人均-,
龙山餐厅,https://www.dianping.com/shop/l3HlvJeYEQ9F4CNG,38条评价,人均￥48,
麦当劳(汇景湾店),https://www.dianping.com/shop/laHrFw4uTruqYDM6,12o条评价,人均￥17,
唐八叔清补羊肉火锅总店,https://www.dianping.com/shop/k7lVVA4Ut8tEZPxo,2条评价,人均-,
封州宾馆·餐饮部,https://www.dianping.com/shop/k3hWGO16aYROlB1r,12条评价,人均￥39,清蒸排骨 虾饺 凤爪
榕木根河鲜,https://www.dianping.com/shop/l36gTS4G07aVyLr3,1o条评价,人均￥59,青竹鱼 河虾 白斩鸡
河口人家饭店,https://www.dianping.com/shop/k6SUozFGoDLGbuFk,12条评价,人均-,鱼香茄子煲 沙姜杏花鸡 五花肉蒸咸鱼
杏花农庄,https://www.dianping.com/shop/H8gvc8mA8h8AZonH,16条评价,人均￥49,清香杏花鸡 腊肉炒兰豆 上汤菜心
luckin coffee瑞幸咖啡(封开商业步行街店),https://www.dianping.com/shop/H8c0NwWG8buZDMD0,2条评价,人均-,抓马西瓜拿铁 椰云拿铁 栗子蒙布朗蛋糕
德庆竹篙粉(封州一路店),https://www.dianping.com/shop/F5bYxxOsXTs92MAO,1条评价,人均-,排骨
荣记河鲜,https://www.dianping.com/shop/G5UrUTg5vTp18RZj,6条评价,人均-,鲜鱼汤 水煮虾 黄骨鱼
容记河鲜馆(封开店),https://www.dianping.com/shop/EjUc2syHUhUB045M,2条评价,人均-,放养杏花鸡 贺江鱼生料头 豉汁盘龙鱔
古茗(封州广场店),https://www.dianping.com/shop/l7dmUTBdcUWGL1b4,25条评价,人均￥16,超A芝士葡萄 龙井香青团 超A芝士桃桃
竹林轩私房菜馆,https://www.dianping.com/shop/k5mcn22V5m3TPKiK,1条评价,人均-,鸽肉丸子 招牌烧鸡 虾仁煎饺
丰味餐饮(南丰店),https://www.dianping.com/shop/l9mRaSH0a7MpPWnQ,1o条评价,人均-,鸡翅 肥牛 五花肉
华生小食,https://www.dianping.com/shop/Ew2PAYANadLZIEPP,2条评价,人均-,萝卜牛肉粥 铁板生肠 炒河粉
渔家庄河鲜,https://www.dianping.com/shop/l5eyMuX4uaE1kISL,1条评价,人均-,清蒸青竹鱼 蒜香排骨 杂鱼汤
忠兴餐厅(封开店),https://www.dianping.com/shop/k9LF6p8XWQeWiL7H,2条评价,人均-,甜酸排骨 贵妃鸡 糖醋丸子
益体甜品四季屋,https://www.dianping.com/shop/k569FbBiXYBcoZJT,13条评价,人均-,香煎芋头糕 罗汉斋 煎面包
桂香苑(大塘店),https://www.dianping.com/shop/G262sobP6vAofTuo,323条评价,人均￥19,纯奶无水手撕面包 奶牛蛋糕 金砖手撕包
益禾堂(好又多店),https://www.dianping.com/shop/l2hwAFmqnejKJP08,67条评价,人均-,益禾烤奶 泷珠奶茶 金桔柠檬
花果山农庄,https://www.dianping.com/shop/G2dhduNmgxTUOLQK,2条评价,人均-,
肇庆封开悦封苑酒店,https://www.dianping.com/shop/GaRmuxwFQLDqmw5m,5条评价,人均-,豆角干炒土猪肉 焖莲都山羊 金沙白切杏花鸡
裕和餐厅(封开店),https://www.dianping.com/shop/l2m85TP3P9eAQL3G,8条评价,人均-,白切大扇鸡 泥鳅汤 芋头饼
德庆三文牛杂,https://www.dianping.com/shop/EbQHV6193peDRtai,13条评价,人均￥41,酸笋牛杂锅 萝卜牛杂煲 切粉
辉记大排档(封开县渔涝国土资源管理所东店),https://www.dianping.com/shop/l5whQWsRaCcrUpIZ,1条评价,人均-,
梦烘焙,https://www.dianping.com/shop/l9JDBYWtdAXO7Fq2,2条评价,人均-,柠檬酸奶芝士蛋糕 咸奶油杏仁蛋糕卷 半熟芝士
东风饭店,https://www.dianping.com/shop/k9W6v7e97YdYT3PZ,1条评价,人均-,
华莱士·炸鸡汉堡(封开店),https://www.dianping.com/shop/l1pHH1LRCcMu1BXj,187条评价,人均￥19,薯条 蜜汁手扒鸡 香辣鸡腿堡
龙景农庄,https://www.dianping.com/shop/i3AqcPZ6mbtfZ8IZ,2条评价,人均-,香芋扣肉 荷香糯米骨 神仙螺炆鸡
孖囍(封开店),https://www.dianping.com/shop/iv01cijJXr6YYn4c,4条评价,人均-,孖喜奶茶 大可樂 多肉桃桃
红树林(红卫路店),https://www.dianping.com/shop/H5Qlf9MhvoS7nZSp,2条评价,人均-,椒盐鸭下巴 炒肉粉 炸馒头
青藤,https://www.dianping.com/shop/G4QOtMNjWORrtsje,5条评价,人均-,鳗鱼焗卷 盐烧青花鱼
2NICE,https://www.dianping.com/shop/G6Qsaj7RY1Yhj29M,1条评价,人均-,燕麦拿铁 可可星乐 椰青冰美式
廊道农家菜,https://www.dianping.com/shop/G7UKuEEFRTEc8MyH,3条评价,人均-,赤松茸菌菇煲 野生鲜赤松茸 家养走地鸡煲
雅仕度西餐美食,https://www.dianping.com/shop/H6XJoiACWEHbuWT8,4o条评价,人均-,凤爪 澳洲原切菲力牛排 凉拌鱼皮
小张食店,https://www.dianping.com/shop/G3qnCvn1xXioTFXz,3条评价,人均-,牛展 毛肚 牛肉丸
口口香烤鱼(广信河鲜街店),https://www.dianping.com/shop/H6IlMQIzyWYOL3pY,,人均-,第四代烤鱼鲈鱼 第四代烤鱼福寿鱼 冬瓜
冬瓜鸡,https://www.dianping.com/shop/G9xqalXsnRPHsBJA,2条评价,人均-,冬瓜鸡 金针菇 豆皮
醉香美食,https://www.dianping.com/shop/G1X2YNlN6mJzkUc8,1条评价,人均-,炒粉
佐敦道(封开分店),https://www.dianping.com/shop/G2P6B4XBcDXitsGM,11条评价,人均-,蜜桃冰冰茶 芝士多肉莓莓 芝士桃桃
晋煌酒楼,https://www.dianping.com/shop/l7TkS4xDUH6Q08fV,3条评价,人均-,晋煌剁椒水库大鱼头 霸王鱼 炝炒空心菜
粤川饭店(碧桂园店),https://www.dianping.com/shop/G7WO5cbRkpFu0J3i,,人均-,白切大扇鸡 煎焗白鳝 豉汁炒花甲
潮州饭店(三元一路店),https://www.dianping.com/shop/G7ogS6ofwO54fjEh,,人均-,
潮味猪杂汤粉世家,https://www.dianping.com/shop/G5enIbUdWeOGTkd3,1条评价,人均-,
大巷口肠粉,https://www.dianping.com/shop/H7pY9i7YJ7e1wGDp,4条评价,人均-,
粥城,https://www.dianping.com/shop/FAvMarCk4BTA7oxb,4条评价,人均-,
八里飘香饭店,https://www.dianping.com/shop/G9QkdElPLMm61zfT,1条评价,人均-,
肯德基(四会吾悦店),https://www.dianping.com/shop/l4j6XiK1tSVhTsDZ,1条评价,人均-,
