一钟糖水,https://www.dianping.com/shop/H5mNscAr19cD8bYN,169条评价,人均￥1o,招牌芋圆 杏仁龟苓膏 绿豆薏米
珍记海鲜粥·海鲜粉,https://www.dianping.com/shop/H8JlQeQ6DQd4KyRr,261条评价,人均￥2o,海鲜粉 海鲜粥 油条
那良小食店,https://www.dianping.com/shop/l5HYx9oJrOXS74dg,56条评价,人均￥12,卷粉 猪脚 猪杂汤
谷熊家·新派粥馆·早茶·粤菜(金海湾店),https://www.dianping.com/shop/H5SajncDXOLkWZku,16条评价,人均-,手工大油条 啫啫猪杂煲 新鲜骨髓瘦肉粥
富哥大排档(防城港企沙镇店),https://www.dianping.com/shop/iIZH0OXshBQQlZPI,345条评价,人均￥76,椒盐濑尿虾 姜葱炒蟹 鲍鱼蒜蓉粉丝蒸
16%cafe(中心店),https://www.dianping.com/shop/H7pF0tGW4hsGPJGU,89条评价,人均￥37,
漁舍一九七三,https://www.dianping.com/shop/H5w0UwrmuQlFHUIu,35条评价,人均￥144,
回家吃饭(中心区店),https://www.dianping.com/shop/l4XbyfQxuLCona48,33条评价,人均￥64,
麻屋手抓海鲜(防城港总店),https://www.dianping.com/shop/H5QyhKjjNzYvww3a,363条评价,人均￥82,
爐爐發餐饮店,https://www.dianping.com/shop/G1r17cNqdIlzIGr2,2条评价,人均-,
英雪(天鹅湖店),https://www.dianping.com/shop/l97RVKAqTyqLL1BL,543条评价,人均￥62,
御鑫记猪肚鸡(中心区分店),https://www.dianping.com/shop/GaNTNvTypqOR9uv0,869条评价,人均￥67,
顺记沙湾甜品,https://www.dianping.com/shop/H9LBFWHIj2p7fXuR,35条评价,人均-,
蒸食膳蒸汽海鲜(紫荆街店),https://www.dianping.com/shop/H3Ihsqyiipi0MtTh,364条评价,人均￥81,
名月轩·茶居,https://www.dianping.com/shop/l6tuOlyYW0a4eqPq,11条评价,人均-,
巴蜀王婆大虾(港口店),https://www.dianping.com/shop/G3aQ6TF6YxS5gTCK,561条评价,人均￥56,王婆大虾大锅 巴蜀王婆大虾 香芋地瓜丸
华姐鸡粉(中心店),https://www.dianping.com/shop/G9OinZ1N5FmsX0YQ,1o56条评价,人均￥23,招牌越南鸡肉粉 叉烧粉 鸡蛋肉末肠粉
风味轩火锅烤肉,https://www.dianping.com/shop/G9aWf1PgDUPamUNn,289条评价,人均￥66,精品五花肉 羊排肉 原味牛肉
大众牛杂(中心区店),https://www.dianping.com/shop/k8lbVCbkFWdVqxti,35条评价,人均-,牛杂 酸辣火锅汤底 牛肉串
越遇越南料理,https://www.dianping.com/shop/G99XirF94qBql7Yk,337条评价,人均￥97,芒果糯米饭 特色拼盘 香茅炸鸡
陆兴卷粉主题餐厅(群星店),https://www.dianping.com/shop/k3OtJSEmb92VVQLn,141条评价,人均￥45,卷粉 卤猪脚 猪杂猪红
乌瓦拉意大利美食工坊(嘉乐城店),https://www.dianping.com/shop/G9ChjwYWAjBl96rj,35o条评价,人均￥57,紫薯芝士披萨 经典榴莲披萨。 意式黑椒牛肉意面
鞑子烤羊腿(阳光海岸店),https://www.dianping.com/shop/k4YmEutJWUQhWPOm,11o条评价,人均-,双椒青瓜 碳烤羊腿 碳烤羊排
伊香园新疆味道清真餐厅,https://www.dianping.com/shop/kacSYQM40rGv2gfO,26条评价,人均￥68,羊肉串 羊拐抓饭 椒麻鸡
刘依妖螺蛳鸭脚煲(中心区店),https://www.dianping.com/shop/GaBa6k15eCMljcCr,4条评价,人均-,鸳鸯鸭掌煲 紫苏牛肉 外婆酱萝卜
厚德缘北京枣木烤鸭(阳光海岸店),https://www.dianping.com/shop/iocKWk3Tzrxzwvyb,2o8条评价,人均￥5o,北京枣木烤鸭 鸭肉 面饼
寻季空中美植餐厅,https://www.dianping.com/shop/G4UO31EdaBJP5XKI,5条评价,人均-,麻酱 五仁酱 土豆
清迈花园餐厅(防城店),https://www.dianping.com/shop/H9iNYUNRnmXSEtuM,97条评价,人均￥83,海鲜菠萝炒饭 冬阴功汤 金桔香茅百香果
印象芽庄越式餐厅,https://www.dianping.com/shop/G3P3w0xKZ1uBbaDO,252条评价,人均￥65,越式合家欢 百香果排骨 蔬菜沙拉
华姐鸡粉(教育路店),https://www.dianping.com/shop/Hav5TnqVEODl5O2v,59o条评价,人均￥18,越南土鸡汤素粉 越南面包 春卷
明翠炒螺店(教育路店),https://www.dianping.com/shop/G9TB5C5QgRXQ334E,129条评价,人均￥58,越南面包 烤生蚝一打 膏蟹粉
娘惹叻叻东南亚融合美食,https://www.dianping.com/shop/G2ITSHW4EgyalFSS,141条评价,人均￥61,冬阴功汤 泰式海鲜菠萝炒饭 椰奶抖臀小兔
御鑫记猪肚鸡(桃花湾总店),https://www.dianping.com/shop/G7HdupWDQJM3G0D2,174o条评价,人均￥74,招牌腊味饭 瑶柱猪肚鸡 猪肚鸡汤
Butter daily奶油日常,https://www.dianping.com/shop/GaHxZaSsHlimMMt0,2条评价,人均-,生椰拿铁 炼乳拿铁 泰式手标绿茶
华侨卷粉(富森店),https://www.dianping.com/shop/Ga3HupA4Wp7cfsGl,4o条评价,人均￥22,华侨卷粉 葱油饼 猪杂老友汤粉
十八子(紫荆街店),https://www.dianping.com/shop/k3uO0oXpkgmuRfEx,972条评价,人均￥9,综合豆花 烧仙草 芋圆豆花
韩尚馆烤肉火锅自助餐厅(嘉乐城店),https://www.dianping.com/shop/FArkCIVt8VFYsLOY,53条评价,人均￥65,自助餐 烤肉 下午茶自助餐
海底捞火锅(嘉乐城店),https://www.dianping.com/shop/H41leTI8dEruGBTl,51条评价,人均￥78,番茄锅底 招牌虾滑 捞派肥牛
舌战烧烤酒馆(防城港店),https://www.dianping.com/shop/k8RK6ydrpF7MLBL7,36条评价,人均￥1o2,红柳羊肉串 招牌战神嫩牛 主厨的小酥肉
巡耕记·烤牛蛙·鸭脚煲·炒菜,https://www.dianping.com/shop/G83F0uHWELnHFIYw,32条评价,人均-,经典螺蛳鸭脚煲 金针菇 三丝炒河粉
灶台府铁锅炖,https://www.dianping.com/shop/l8VTakRYtvD6ilaC,146条评价,人均￥82,家鸡锅 排骨锅 豆腐
音乐油茶馆,https://www.dianping.com/shop/G2GxJGMTTj6aCXjI,4条评价,人均-,全州文桥醋血鸭 擂椒荷包蛋 麻香油泼鱼
回味靓粥,https://www.dianping.com/shop/G5zH0rr4WskrbNXd,63o条评价,人均￥18,海鲜粥 三鲜粥 泥丁粥
赵记传承(防城港港口乐天店),https://www.dianping.com/shop/l8RkCmRaMv6B1sjV,16条评价,人均-,手冲功夫姜撞奶 芒芒斑斓冻 芒芒斑斓捞河
新粤轩中餐厅,https://www.dianping.com/shop/l1cm7HidOBtXHXIV,21条评价,人均-,干炒牛河 燕麦焗山药 海鲜粥
壮乡酸汤王(中心区店),https://www.dianping.com/shop/l4Su43E2a3yME78E,65条评价,人均-,酸汤鱼 酸汁脆皮猪脚 炭烤鱼头
风情岛海鲜餐厅,https://www.dianping.com/shop/G2r5KwwFWekWVwAS,56条评价,人均￥13o,泥丁汤 鲍鱼每只 火爆鱿鱼筒
郑千白切(防城港中心区店),https://www.dianping.com/shop/G5F0GRersXkW4Ned,35条评价,人均-,白切鸡 猪手 隔山肉
先生厨房.西式综合餐厅,https://www.dianping.com/shop/FfyPmeRziiSxei5j,54条评价,人均￥251,原切肉眼牛排 惠灵顿 低温慢煮15小时红酒牛舌
渔洲坪冯大海鲜大排档,https://www.dianping.com/shop/G5saVRdXbWKeo84D,7条评价,人均-,海鲜粉
东北菜手擀面,https://www.dianping.com/shop/H73UksIz3GvkQYzd,3条评价,人均-,
龍天港式餐厅,https://www.dianping.com/shop/l62OKIRr4d4fPSt8,13条评价,人均-,
头牌市井烧烤,https://www.dianping.com/shop/G6o4tNa1elzK9Uey,91条评价,人均-,
石记海鲜大排档,https://www.dianping.com/shop/l48FYBWNnjEFu1od,1o7条评价,人均-,
粤好味食府,https://www.dianping.com/shop/l9m2gUWxUEkiJEzP,,人均-,
荣兴格朗大酒店-格朗西餐厅,https://www.dianping.com/shop/l8fpUbUlHs5s8s6O,85o条评价,人均￥1o2,
春华越南鸡粉店,https://www.dianping.com/shop/k7q7azeFIiDYWrJp,25条评价,人均￥15,
三角冰室,https://www.dianping.com/shop/G5w4ABgB46x9A2jk,,人均-,
越德美·鸡,https://www.dianping.com/shop/k9Jtvn8zShENGbeJ,15条评价,人均￥16,
丰泽园饭庄(江滨路店),https://www.dianping.com/shop/G6JVG1kn53zrD8ZX,3条评价,人均-,
