笨鸡小跑(费县店),https://www.dianping.com/shop/G6XR6HdGLfbc7WFO,215条评价,人均￥69,老厨鲤鱼 菠菜小肉丸子 辣炒沂蒙小公鸡
蓝海钧华大饭店(费县店),https://www.dianping.com/shop/l7ghS5PqiI90J1uz,5736条评价,人均￥86,海蛎子 黑森林蛋糕 麻辣龙利鱼
嘦鸭重庆火锅(费县店),https://www.dianping.com/shop/l2Un7sULiRVlmSl7,763条评价,人均￥66,特色北京烤鸭 港式嫩牛肉 金牌黑毛肚
殷记羊肉馆老店,https://www.dianping.com/shop/Ha2ukCN69puPbSgo,22条评价,人均￥74,羊排 羊汤 羊腿
糖果Dessert House,https://www.dianping.com/shop/k5Iv7oU29KdnzsTW,1oo条评价,人均￥52,冻柠茶 芒果盒子蛋糕 草莓蛋糕
清真全羊馆,https://www.dianping.com/shop/H2yClujjR0frdY5i,5条评价,人均-,红烧羊蝎子 爆炒肚丝 红烧鱼
鸿润全羊,https://www.dianping.com/shop/ElU8W67t1UNHkZSZ,19条评价,人均￥87,羊肉汤 御品豆黄金 炒羊肠
韩式八千里烤肉(费县店),https://www.dianping.com/shop/jf3ekSs1p7NdMWaa,86o条评价,人均￥1o7,烤五花肉 黑椒牛排 海鲜疙瘩汤
火炉旅行炭火烤肉(龙门豪庭店),https://www.dianping.com/shop/l8ZLTRtGwDVZXWsP,127条评价,人均-,坛子牛排 火炉吾桑格 炒年糕
刘家寨水上餐厅,https://www.dianping.com/shop/k9vk7nPLYSSvNpO3,23条评价,人均￥7o,炒鸡 油饼 干炸小酥鱼
车库咖啡,https://www.dianping.com/shop/la3TJzHPzDSRZlUr,7条评价,人均-,厚椰拿铁 冰焦糖拿铁 水牛奶dirty
甜诱食物研究所,https://www.dianping.com/shop/k5tBSt9xJgHygnZa,7条评价,人均-,碱水面包 芝士蛋糕 小香芋
木易蛋糕(建设路店),https://www.dianping.com/shop/lagU4p9xMt15qAZF,3911条评价,人均￥21,水果蛋糕多款可选 托马斯 鸿运当头蛋糕
贤合庄卤味火锅(临沂费县店),https://www.dianping.com/shop/k4IB3IvbGPUEy7Ry,444条评价,人均￥94,摇摇鲜酥肉 鲜鸭肠 红糖冰粉
枫树林蛋糕坊,https://www.dianping.com/shop/G6LqbKgijq1oMgg0,21oo条评价,人均￥18,蛋挞 慕斯蛋糕 黑森林
NUTS CAKE STUDIO坚果手作,https://www.dianping.com/shop/k78vEI80L4QDX2WH,4条评价,人均-,草莓塔 超可爱蛋糕 黑芝麻碱水包
北山小院餐厅,https://www.dianping.com/shop/Ha8k52xng3OSbPsC,5条评价,人均-,酸菜鱼 水煮肉片 特色辣子鸡
鸡上树(费县店),https://www.dianping.com/shop/G1bAdE1T3pyYPnVE,51条评价,人均￥8o,脆炸红豆鲜奶 糖醋里脊 干锅菜花
香颂蛋糕,https://www.dianping.com/shop/H9k8n1Gp8Qqj0bYZ,1oo条评价,人均-,暴富蛋糕 kitty叮当猫 四英寸蛋糕
肯德基(建设路店),https://www.dianping.com/shop/ExJAtQYmbAKen8LH,44条评价,人均￥4o,新奥尔良烤鸡腿饭 香辣鸡腿堡 伴鸡伴虾堡
老街坊劈柴院,https://www.dianping.com/shop/k9te2G3vigUnv6pK,3条评价,人均-,劈柴炖公鸡 老厨鱼 肚包鸡
刘记北京果木烤鸭(费县总店),https://www.dianping.com/shop/G1cRBqDSxl5ogMov,432条评价,人均￥25,北京果木烤鸭 刘记北京烤鸭 荷叶饼
公社生产队(费县店),https://www.dianping.com/shop/H1tg0Ti2NAgXAxcL,4o6条评价,人均-,黑糖珍珠鲜牛乳 杨枝甘露 薄荷奶绿
李庄儒拉面馆,https://www.dianping.com/shop/l8t8LHNqb5UTeTfZ,7条评价,人均-,酱鸡头酱鸡爪拼盘 拉面 酱鸡爪
南天门老王炒鸡,https://www.dianping.com/shop/G2mj74uJ70mQoDDR,15条评价,人均￥85,老王炒鸡 地锅鸡 玉米饼
韩食小馆(金街店),https://www.dianping.com/shop/iZuFluoLaS1PMCH3,187条评价,人均￥38,五花肉拌饭 火辣鸡柳拌饭 铁板豆腐
半天妖烤鱼(费县东方店),https://www.dianping.com/shop/G8doTY19ffjYMTCY,2o98条评价,人均￥65,青花椒烤鱼 五常大米 蕨根粉
兰亭居精品鲁菜,https://www.dianping.com/shop/G6mJheacjs03DKZe,4条评价,人均-,一尺排骨 毛蒜烤里脊 博山豆腐箱
HAHA CAKE&CAFE,https://www.dianping.com/shop/HaNm6KZD8isGkM4q,23条评价,人均￥38,芒果盒子 生日蛋糕 青柠气泡水
福瑞园私房菜,https://www.dianping.com/shop/G2ZmPCnxJ0Qs3MIv,2o9条评价,人均-,砂锅凤爪 小灶花椒公鸡 经典毛血旺
日照海鲜馆(费县店),https://www.dianping.com/shop/l8VOQgPMWDrfVQVl,136条评价,人均￥54,海鲜拼盘 酱钉螺 一品杂鱼锅
D-5元素(费县百姓店),https://www.dianping.com/shop/ibNojqymQuNFIRTs,129o条评价,人均￥13,米奇蛋糕 蛋挞 马卡龙法式甜点
朝天门火锅(费县店),https://www.dianping.com/shop/GaOfpy8HASPQP5yH,834条评价,人均￥58,红糖糍粑 番茄鸳鸯锅 精品肥牛
云晟火锅·清真(旭日店),https://www.dianping.com/shop/laSwgjZRBlyKHAqQ,16条评价,人均-,虾滑 绿色毛肚 呼伦贝尔羔羊肉
布衣侯粥道馆(费县店),https://www.dianping.com/shop/k1ga6rMYrebvLOpE,1171条评价,人均￥34,皮蛋瘦肉粥 干锅千页豆腐 炸刀鱼
老北京涮羊肉,https://www.dianping.com/shop/l88USA1VKATW7sG7,41条评价,人均-,
老新天私房菜,https://www.dianping.com/shop/k3g7OLhLzjY91vHN,5条评价,人均-,
牡丹峰韩式烤肉(费县店),https://www.dianping.com/shop/H85dcuF4ujTm5bjk,455条评价,人均￥68,
阿瓦山里私房菜,https://www.dianping.com/shop/H2dRciKjhOt8Vpuj,137条评价,人均￥17,
川卤现捞(费县店),https://www.dianping.com/shop/G1MypQ9oZvI7nBIk,,人均-,
鲁过桥米线(银丰店),https://www.dianping.com/shop/H4nLhyz0VQs0zfEA,6条评价,人均-,
渔小鲜•鲜鱼锅,https://www.dianping.com/shop/l7Mbu0pWdBcdlc52,3o条评价,人均-,
阿水大杯茶(费县商贸城店),https://www.dianping.com/shop/G3UDBaMiIqaNbnUZ,95条评价,人均￥1o,
煎饼卷大葱(钟山路店),https://www.dianping.com/shop/G8ScCUyOlPZr65AF,2383条评价,人均￥51,
天一餐厅,https://www.dianping.com/shop/G1nkySduYLsqlpYx,19条评价,人均￥7o,
红双喜炒鸡店,https://www.dianping.com/shop/H97t4q4TUZHyZS2O,6条评价,人均￥62,油条拌黄瓜 老蜡花生
鸡公虾哺(费县店),https://www.dianping.com/shop/l6LciRLxAZ0TdPC1,319条评价,人均￥36,鸡公虾锅（大份） 火锅烩面 鸡公虾锅（小份）
老安烧烤,https://www.dianping.com/shop/l7Rctp7hSCE92NC9,3条评价,人均-,大腰 烤肠 馋嘴牛蛙
乡村豆腐坊(文明路店),https://www.dianping.com/shop/H9W5uVj8ODePWLEC,2条评价,人均-,老醋花生
玛黎娜铁板牛排(费县店),https://www.dianping.com/shop/G2mJFiF4YyJn1m0s,349条评价,人均￥43,腓肋牛排 西冷牛排 旋转木马甜品台
冰城外婆铁锅焖面(金街店),https://www.dianping.com/shop/G3LfG1Z2j6EDwovU,175条评价,人均-,排骨鲜豆角焖面大锅 素什锦焖面 红烧肉豆角焖面
小龙坎火锅(福源广场店),https://www.dianping.com/shop/G5D2kEPXnXI05AkO,61条评价,人均￥74,农家小酥肉 精品鲜毛肚 水晶鸭肠
横将军肉蟹煲(费县东方城店),https://www.dianping.com/shop/H7gHK8SYJ2fPQYdy,397条评价,人均￥5o,咖喱肉蟹煲 鸡爪煲 鸡翅煲
汤宴·参须肚包鸡,https://www.dianping.com/shop/l1DFcWmNGsiMfjTm,16条评价,人均-,猪肚鸡汤 小海带苗苗 红枣核桃卷
乔师傅猪肝面拉面(费县店),https://www.dianping.com/shop/H8ykPUR2LmN5CM58,4条评价,人均-,猪肝面 卤蛋 绿茶
潘三大排档,https://www.dianping.com/shop/laNaOuvn8SqovwRz,5条评价,人均-,羊蹄 炝炒小青菜 清炒白菜
灿宇轻自助火锅,https://www.dianping.com/shop/H8F0dD51NUqJVCs0,46条评价,人均-,蟹棒 龙虾排 撒尿牛肉丸
秦妈火锅(费县店),https://www.dianping.com/shop/FZZHOQjDrjMqK94o,1387条评价,人均￥45,秦氏微辣鸳鸯锅 精品肥牛 现炸酥肉
镶黄八爷锅(费县店),https://www.dianping.com/shop/G9xV7vP3LFh2gPls,44条评价,人均￥6o,爆炒腰花 辣炒花蛤 韭菜肉水饺
老味道地锅鸡,https://www.dianping.com/shop/H5ANoRhV7HPk8Ngv,2条评价,人均￥15,地锅老公鸡 土豆丝 水煮鱼
