嗨烧·千家自助餐(凤翔店),https://www.dianping.com/shop/G11lsRYNNUrQyvAk,1286条评价,人均￥51,烧烤 黑椒肉排 烤红薯
码头故事(凤翔店),https://www.dianping.com/shop/k2OblOR5C9DYdcV4,55条评价,人均￥74,金牌脆毛肚 手工虾滑 手工面
赵九记呱呱老火锅,https://www.dianping.com/shop/H554GgMs8Y4Livvi,12条评价,人均-,九记手工苕皮 手工老肉片 笨笨虾滑
槐店王婆大虾(凤翔店),https://www.dianping.com/shop/l3Z9i62ZVVor8jKJ,837条评价,人均￥49,手工特色扯面 虾锅底 精品牛肉卷
赵卫涛高汤羊杂,https://www.dianping.com/shop/l2OfU2Ca1qpdmfJa,1条评价,人均-,糖蒜 优质粉汤羊血 秘制辣椒
柒號餐廰(凤翔店),https://www.dianping.com/shop/js3lFHGxi8gOe5W0,117条评价,人均￥5o,鲜柠酸汤鱼 菠萝虾球 油饼与小菜
万牧驴肉村(凤翔店),https://www.dianping.com/shop/k26mY8fYlGEZnDgI,11条评价,人均-,驴肉火烧 驴肉清汤 驴头宴
西府老字号北街鲸霖豆花,https://www.dianping.com/shop/G2gO0ptVQo4DsaiR,17条评价,人均-,麻花
米罗阳光西餐厅,https://www.dianping.com/shop/lay1jxrKKF9SRUsf,179条评价,人均-,米罗经典黑椒牛排 黑椒牛柳炒意大利面 水果比萨
李二鲜鱼火锅(凤翔店),https://www.dianping.com/shop/l5EaJRnxKwGiDc8O,35条评价,人均-,李二火烧馍 鱼锅 江团鱼
鱼你在一起(东湖路店),https://www.dianping.com/shop/H8pV4qupDTmBrkyI,3条评价,人均-,公举番茄鱼 热炝酸菜鱼 经典水煮肉片
聚贤生态园李家铁锅炖(凤翔店),https://www.dianping.com/shop/l2zUMUgiiuMXCnnG,11条评价,人均-,干豇豆 宽粉 豆腐
大正国际酒店-餐厅,https://www.dianping.com/shop/G1x82KNsHVrnwGFS,3条评价,人均-,西湖牛肉羹 川香冷吃兔 蒜香西兰花
阿記烧烤(凤翔店),https://www.dianping.com/shop/k3zvJWYQPzd7Tz9M,53条评价,人均￥62,烤玉米 鸡翅 锡纸金针菇
西匯品味,https://www.dianping.com/shop/G9yoPDMUHxYBHGRH,9条评价,人均-,臊子排骨 东湖麻麻鱼 酸辣莜面鱼鱼
西府酒楼,https://www.dianping.com/shop/G9wOF1c4vJHb0Cm7,119条评价,人均￥43,酱猪蹄 一口香哨子面 臊子干拌面
长虹亚利手擀蒸面皮(长虹总店),https://www.dianping.com/shop/l84lKTmF64enA5AF,2o条评价,人均-,擀面皮 臊子肉夹馍 醋粉
红强豆花泡馍,https://www.dianping.com/shop/k7oeVWNClU6UpRJM,42条评价,人均￥6,豆花泡馍 麻花 豆浆
鲁家豆花泡馍,https://www.dianping.com/shop/Hag4i6jCZdQEewAR,8条评价,人均-,豆腐花泡馍 鲁家鬼豆花 豆浆
孙大胜擀面皮,https://www.dianping.com/shop/G7AavqKntFxhRsLS,1条评价,人均-,手工擀面皮 紫菜蛋花汤 红糖糯米粥
尚品鲜驴肉(二分店),https://www.dianping.com/shop/H9dNWC1bANjoln8R,2条评价,人均-,
山水泉蒸饺(凤翔店),https://www.dianping.com/shop/H5aewV2KZLqRfywv,14条评价,人均￥42,
西府鸭掌门特色火锅(凤翔店),https://www.dianping.com/shop/k7hQLr95nKgISvSp,542条评价,人均￥55,
四娃羊肉馆(柳林分店),https://www.dianping.com/shop/k5RGFDHx34g1wnL0,9条评价,人均-,
高兴一锅,https://www.dianping.com/shop/k73qh2UWGTjfz8gx,65条评价,人均-,
王子手工面皮总店,https://www.dianping.com/shop/k1HqlcmAwLXH3cVc,9条评价,人均-,
徐府一品大虾(凤翔店),https://www.dianping.com/shop/H2IUUu1V5nwF1Awi,221条评价,人均￥51,
薛先生羊肉泡馍(凤翔店),https://www.dianping.com/shop/EPSSsXlRyNaKNHOi,27条评价,人均￥26,
唐汉隆肥牛火锅,https://www.dianping.com/shop/H2BUQwRPxO5tfBBs,15条评价,人均-,
肖鱼道鲜汤豆花鱼,https://www.dianping.com/shop/H9KBUy7YY2zFfaTy,2条评价,人均-,
老饕火锅(凤翔店),https://www.dianping.com/shop/G7eoHT8osyL9aDvq,26条评价,人均￥96,芝士虾滑 老饕肥牛 雪花牛肉
纪师饭莊,https://www.dianping.com/shop/F9Ln0TeWiEPekYRi,2o条评价,人均￥47,一口香 老汤卤猪蹄 西湖牛肉羹
罗记餐饮(凤翔店),https://www.dianping.com/shop/l9ELGr04lGfOpYjj,8条评价,人均-,海鲜大咖 黄辣丁烧豆腐 话梅花生
肯德基(凤翔大十字店),https://www.dianping.com/shop/l3okFRKQxSlEFqPl,35条评价,人均-,香辣鸡翅 薯条奶茶两件套兑换券 醇香土豆泥
鸿扬私厨,https://www.dianping.com/shop/G3RyodWUiNC4oliX,8条评价,人均-,油饼三套车 石锅凉粉 员妃奶白茶
牛家火锅,https://www.dianping.com/shop/laFhup13HdXwuKgS,1o条评价,人均-,金钻牛肉
让让羊肉泡,https://www.dianping.com/shop/G8jNhnp5cu2gmNvT,3条评价,人均-,羊肉泡
大海子名味烧烤庄(第一家),https://www.dianping.com/shop/H2E5YRix6fnfRtf0,3条评价,人均-,烤腰子 烤肉 羊头
搪瓷盘盘麻辣烫(凤翔店),https://www.dianping.com/shop/Fer5kR0hI1K3once,,人均-,冒豆花 冒火锅粉 冒火箭鱿鱼
笙箫园酸菜涮羊肉(西城国际店),https://www.dianping.com/shop/l78bBJWpU6Th8wLu,8条评价,人均-,精品羊肉 千层肚 黑鱼
草原牧人烧烤铁锅炖(秦凤路店),https://www.dianping.com/shop/H8V9NuIRiM11eNqX,,人均-,
东北丫蛋铁锅炖鱼村,https://www.dianping.com/shop/l7wqjnkDlzVqk5Wc,,人均-,
老屈家羊肉泡,https://www.dianping.com/shop/G8cD3YVqWkMIgpWD,152条评价,人均￥2o,精品羊肉泡馍 羊杂泡馍 优质泡馍
天香楼大酒店,https://www.dianping.com/shop/kafv6qw28parIu9k,25条评价,人均￥53,青椒豆干 五香牛肉 花生木耳
重庆巫山纸上烤活鱼(凤翔店),https://www.dianping.com/shop/G3P6a28soAHW7xQG,,人均-,江团鱼
巴倒烫(凤翔店),https://www.dianping.com/shop/H1VQrwkMUnARpTTi,7条评价,人均-,土豆粉 油泼辣子 鸳鸯锅
毛家湘菜馆(北大街店),https://www.dianping.com/shop/FBZAferTFfc4Mais,8条评价,人均-,毛家红烧肉 干锅肥肠 干锅莴笋腊味
重庆鸡公煲(凤翔店),https://www.dianping.com/shop/H4WCScFRXMYYPgUG,1条评价,人均-,冬瓜 麻花 菠菜
凤鸣春羊肉泡馍馆,https://www.dianping.com/shop/l4LLtdF5bibYtnCc,228条评价,人均￥25,优质羊肉泡馍 糖蒜 普通泡馍
半岛咖啡(凤翔店),https://www.dianping.com/shop/k9Ef6Rao1znMGEsy,89条评价,人均-,炸薯条 半岛咖啡鲜果披萨 超级培根披萨
魏家烧烤,https://www.dianping.com/shop/G54CVF3QXjEkXMhN,3条评价,人均-,烤鸡翅 大肉葱饺子 果啤
渝和麻麻鱼府(宝鸡凤翔店),https://www.dianping.com/shop/H7bUnNv0d3yzX6OU,3条评价,人均-,
鼎鼎香家乡饼(凤翔店),https://www.dianping.com/shop/k9bTndtwq1ZazJN6,3条评价,人均-,水煮牛肉 特色卷饼 铁板鱼香茄饼
景记手擀辣子面(凤翔店),https://www.dianping.com/shop/l61J5rM894pQ5XGh,9条评价,人均-,辣子面 手工馍 臊子面
王明祥豆花(凤翔形象店),https://www.dianping.com/shop/G2YwJD2GvP8OlqcV,2o条评价,人均￥1o,豆花泡馍 凤翔小吃 凤翔网红豆花泡馍
兄弟纸包鱼(凤翔总店),https://www.dianping.com/shop/G3wmd00tuLsIF58j,3条评价,人均-,蒜蓉纸包鱼 黑鱼 完达山
柒零餐廰,https://www.dianping.com/shop/G9kkLYAGTQ3OtSlj,9条评价,人均-,水煮肉片 京酱肉丝 山城毛血旺
老王头饺子,https://www.dianping.com/shop/ici3jFKNjxGVZgQZ,222条评价,人均￥12,萝卜核桃 大肉莲菜 韭菜鸡蛋
渔人杰(凤凰城店),https://www.dianping.com/shop/GaBzVhhbys9NSEia,19条评价,人均￥31,花花番茄鱼 金针菇 宽粉
正宗东北烤肉(凤翔店),https://www.dianping.com/shop/G4rF1gYr8RBxmHa4,,人均-,捞汁海带头 东北烤冷面 醉香鸡翅
