小苗哥湘菜馆,https://www.dianping.com/shop/k9QcSTIjSEzmqlOr,49条评价,人均￥68,小炒黄牛肉 湘西辣椒炒肉 香辣鱿鱼丝
钦瓦台海鲜自助时尚餐厅,https://www.dianping.com/shop/l6XEF3giPzWQ7cSo,265条评价,人均-,水果汁 卤鸭头 果冻
老兵鸡煲(凤阳店),https://www.dianping.com/shop/H7oczTIMEBmzOmbP,449条评价,人均￥59,老兵秘制鸡煲火锅 手擀面 鸡血
牛匠潮汕鲜牛肉火锅(东环路店),https://www.dianping.com/shop/l31aU1x361WMMtxe,7条评价,人均-,原味清汤锅
阿财老铺龙虾土菜馆(凤阳分店),https://www.dianping.com/shop/H9ynoKUWU3iHT8DR,81条评价,人均￥92,蚌埠红烧大虾 小炒黄牛肉 黄湾小豆饼
小猪查理川式自助烤肉(凤阳商贸城店),https://www.dianping.com/shop/Fwijq3zGo0NSrBkr,94条评价,人均-,叉烧肉 芝士 秘制牛排
多纶多海鲜烤肉自助火锅(凤阳商贸城广场店),https://www.dianping.com/shop/k9wAJJnCtwHSvDW2,71条评价,人均-,烤串
京都居酒屋(商贸城店),https://www.dianping.com/shop/HaOlPP0GtvH5RRmB,3条评价,人均-,
牛匠潮汕鲜牛肉火锅(中都城店),https://www.dianping.com/shop/H3ovvcnYc2niIhfC,69条评价,人均￥6o,吊龙 潮汕炸豆皮 肥胼
九味牛(凤阳店),https://www.dianping.com/shop/l6sAAFJgoGMuGqJF,1695条评价,人均-,照烧鸡腿饭 黑牛雪花 辛拉面
新派铭香韩食炭火烤肉(小中都店),https://www.dianping.com/shop/G4KHrhlKTPPbaJ94,242条评价,人均-,五花肉 火辣辣鸡爪 牛肉拌饭
上飲居酒屋,https://www.dianping.com/shop/H4RBztAOQahhtrNM,15条评价,人均-,咖喱饭 土豆泥 豚骨拉面
徽州土菜,https://www.dianping.com/shop/Gawt8meVEo3gEXGs,6条评价,人均-,香辣羊蹄 剁椒鱼头 咸猪头肉
德庄火锅(府西街店),https://www.dianping.com/shop/H4WzeaxZ78zKljgx,43条评价,人均￥85,德庄经典鸳鸯锅 嫩茼蒿 精品肥牛
三秋·歡喜,https://www.dianping.com/shop/jEvIKypCBvHV7OaD,37条评价,人均-,甜甜圈 生日蛋糕 焦糖海盐盒子
李想大虾(凤阳店),https://www.dianping.com/shop/G8BBevGh0y9wLFzA,21条评价,人均-,香辣虾 大虾锅 奶香小馒头
老乡鸡(凤阳联华超市店),https://www.dianping.com/shop/l3ciZYIWNIGDInt0,137条评价,人均￥26,梅菜扣肉 香辣鸡杂 农家蒸蛋
谭鸭血老火锅(凤阳店),https://www.dianping.com/shop/imKlDqWYLx3X46rF,41条评价,人均￥82,谭鸭血经典红锅 九尺鲜鸭肠 手工虾滑
炉边小局炙子烤肉,https://www.dianping.com/shop/k7M7E3jCp0QbdOPR,78条评价,人均-,秘制五花肉 秘制鸡腿肉 招牌肥牛
大侠骨自助酱大骨(明中都文化旅游商业街店),https://www.dianping.com/shop/H3ay1eg5BSc2Sp4Y,66条评价,人均-,酱大骨
老现城时尚餐厅,https://www.dianping.com/shop/ka6x687Doodj6lUF,248条评价,人均￥54,酸辣土豆丝 酸菜鱼 干锅山药
张立军鱼煮饭,https://www.dianping.com/shop/k6oRepwighVsH3XI,4条评价,人均-,鱼煮饭 红烧老公鸡
新派铭香韩食碳火烤肉(商贸城店),https://www.dianping.com/shop/l7z5bbVGBtFawOOt,18o条评价,人均￥88,五花肉 火辣辣鸡爪 调味牛五花
小吙记火锅24小时营业(凤阳店),https://www.dianping.com/shop/G9dpYBSHd1G0SMES,2o6条评价,人均￥75,自助小料 黑胡椒牛排 包心鱼丸
重庆红井源老火锅,https://www.dianping.com/shop/G4yhBaX0Ot2i8eWz,28条评价,人均-,鸳鸯锅 黄金千张 无骨鸭掌
重庆纸包鱼(凤阳店),https://www.dianping.com/shop/l6p1fcLmVQkeSdS9,495条评价,人均￥43,重庆麻辣纸包鱼（武昌鱼2斤左右） 土豆片 金针菇
汉江烤肉,https://www.dianping.com/shop/G9zqv8EVzr0qFJXi,128条评价,人均-,肥牛石锅拌饭 精品五花肉 牛肉大冷面
慕巴夫鲜花主题蛋糕(绿洲兰园店),https://www.dianping.com/shop/kavy4SmsmtsVa9Gy,11条评价,人均-,水果蛋糕 订婚蛋糕结婚蛋糕大气玫瑰款 双层黑森林
胖骨东自助酱大骨火锅,https://www.dianping.com/shop/l28O8RBLPck20oGq,77条评价,人均-,大骨头 蛋饺 菠菜
赖胖子肉蟹煲(东城街店),https://www.dianping.com/shop/H3OSlwpk37FRPYTe,239条评价,人均￥75,肉蟹煲小份 明虾煲大份 牛蛙煲大份
小小河边鱼黄辣丁鲜鱼锅,https://www.dianping.com/shop/kanFb1T7TGIH7GHz,,人均-,
武阳人家新概念餐厅,https://www.dianping.com/shop/H87fw7lYGGCqK9Xi,5条评价,人均-,凤阳豆腐 豆芽炒馓子 竹篮牛柳
皇城根酒店,https://www.dianping.com/shop/l5GF63RN39QSrvKI,26条评价,人均-,凤阳豆腐 干锅有机花菜 豆腐泡
意奈风情海鲜自助烤肉餐厅(凤阳店),https://www.dianping.com/shop/FOnrKwJ6Fa6pV4sZ,325条评价,人均￥57,牛排 麻辣小龙虾 鸡胸肉
老乡鸡(凤阳商贸城店),https://www.dianping.com/shop/l3mYEvuEBUflNofV,148条评价,人均￥37,香辣鸡杂 肥西老母鸡汤 梅菜扣肉
蟹逅虾蛙(凤阳店),https://www.dianping.com/shop/GajBnUbfGx99nt3P,1条评价,人均-,
明厨私房菜,https://www.dianping.com/shop/l2eNez2FGoeF0yds,1条评价,人均-,
凤阳国际大酒店-餐厅,https://www.dianping.com/shop/l4ZN1XZjEqzxT0af,22条评价,人均￥4o,刺身三文鱼 茶树菇烧藕饼 农家炖豆皮
祖义特色饭店,https://www.dianping.com/shop/l1suxRGjGZPjEEwX,2条评价,人均-,地锅牛肉 酸辣土豆丝 地锅鸡草公鸡
辣掌柜自助火锅(商贸城店),https://www.dianping.com/shop/DITmAbDjkwacB05X,1条评价,人均-,毛肚自由 羊肉卷 肥牛卷
幺妹小郡肝火锅川菜,https://www.dianping.com/shop/GacAkEBEKJ7nLhge,22条评价,人均-,
深爱自助旋转小火锅(感应坊文华路店),https://www.dianping.com/shop/G2DWviClw7xd3URT,26条评价,人均-,
刘师傅刘府大肠面正宗手擀面,https://www.dianping.com/shop/H9hNd1EBNOwnxw5z,6条评价,人均-,
luckin coffee瑞幸咖啡(凤阳商贸城广场店),https://www.dianping.com/shop/G7w7VRSZj5cNRIJO,2条评价,人均-,
新鱼坊(名都帝景店),https://www.dianping.com/shop/k63EfVWlmShDg31c,17条评价,人均￥74,
多味楼农家菜(凤阳店),https://www.dianping.com/shop/k1cf1cYwMUCRhIlu,1条评价,人均-,干锅包菜 农家猪嘴 铁锅草公鸡
中都佬九门,https://www.dianping.com/shop/k6sINKi9J84UmOQJ,1o条评价,人均-,麻辣牛肉 鸭血 土豆片
十七门重庆老火锅(凤阳店),https://www.dianping.com/shop/l2RgBBDNcGK7dOIY,2条评价,人均-,
香约马路串串香,https://www.dianping.com/shop/k83MA5LNlHPepKGw,28条评价,人均-,嫩牛肉 秘制小酥肉 冰粉
粒上皇(凤阳天润发店),https://www.dianping.com/shop/k5k2mH6LE6iOhAuu,11条评价,人均-,芒果干 贡品二号炒瓜子 现炒栗子
铁锅岁月,https://www.dianping.com/shop/k4OkSTYFmI1Bk2QU,41条评价,人均-,土鸡 干豆角 五花肉
陆味鼎串串香,https://www.dianping.com/shop/G2IHXV41RbKiXi3h,149条评价,人均￥39,串串 泡椒牛肉 掌中宝
陆味鼎大锅台,https://www.dianping.com/shop/l9sy6xhrujVUXEpJ,2条评价,人均-,红烧鸡五花肉按斤算
黑龙江烧烤,https://www.dianping.com/shop/G73JBFliIcGIM36g,6条评价,人均-,蛋炒饭 纯羊肉串 脆骨
塔斯汀中国汉堡(商贸城店),https://www.dianping.com/shop/H5QtK1RdF5JhA32D,,人均-,多汁牛肉中国汉堡 香辣鸡腿中国汉堡 北京烤鸭中国汉堡
口口椰(滁州市凤阳花铺廊店),https://www.dianping.com/shop/latbMug2Xl1xqtqM,19条评价,人均-,
小南风港式甜品(凤阳店),https://www.dianping.com/shop/l8CgYNs7piUVOU8r,9条评价,人均-,
临榆·炸鸡腿,https://www.dianping.com/shop/l1nJ73RAQzP2ACbK,1条评价,人均-,
黑龙江烧烤鸽子王,https://www.dianping.com/shop/k1LnSnS1ozGqPpOA,2条评价,人均-,
姥家地锅鸡烧烤城,https://www.dianping.com/shop/G8RHJVnvopmxRL1Q,,人均-,
