张记佰年食府,https://www.dianping.com/shop/FWu55b5G1BwOCGEA,17条评价,人均-,炒时蔬 土鸡汤 泡椒腰花
傣族人家,https://www.dianping.com/shop/H7odOxeL06TmQEHM,2条评价,人均-,手抓饭
悟空火焰山烧烤(凤庆店),https://www.dianping.com/shop/GazHL99LnO1K62Ni,7条评价,人均-,生蚝 烤肉 猪皮
醉美火塘人家,https://www.dianping.com/shop/ijXHcxTA3ej4Nzqs,1条评价,人均-,肚子鸡 肚子 叟肉盖饭
小厨邦主题餐厅(顺宁文化广场店),https://www.dianping.com/shop/kaOI85rH3TRyMOUo,7条评价,人均-,酸菜鱼 干锅花菜 油炸排骨
四方香,https://www.dianping.com/shop/GadAtDJC1L3m3MgL,2条评价,人均-,
晨味鸡肉米线,https://www.dianping.com/shop/k9ci4PB00UpxkxHg,1条评价,人均-,鸡肉米线 卤肉米线 油条
嘉龙食府,https://www.dianping.com/shop/H9BTQvKlEJAJTTyJ,4条评价,人均-,核桃炖土鸡 核桃木耳 傣味手抓饭
七十二饭店,https://www.dianping.com/shop/l7hVEtZkQBytfC79,11条评价,人均￥56,火腿 扒肉饵丝 炒野山菌
火一瓢牛肉,https://www.dianping.com/shop/l8p2N94YhdptdFxj,2条评价,人均-,牛肉丸 牛肠 牛肉火锅
多多餐饮一家人自助火锅(凤庆店),https://www.dianping.com/shop/laz59Ex1hcynKOjV,65条评价,人均-,牛扒 大瓶松子酒 清酒
沧源特色小吃,https://www.dianping.com/shop/G9bzn86RBlFuzkeg,2条评价,人均-,
悦祥烧鸡,https://www.dianping.com/shop/k3nxI9zH5EF4zb8E,1条评价,人均-,鸡脚筋 小锅米线 娃娃菜
凤庆Family美式西餐,https://www.dianping.com/shop/H1Lp7qOZ2NM90dUG,53条评价,人均￥3o,自酿红酒 热带水果沙拉 澜沧江啤酒
凤庆森华信温德姆度假酒店布玛西餐厅,https://www.dianping.com/shop/H9F0Kgpb97dZ183w,19条评价,人均-,古法百抖牛奶茶 油鸡枞蒸水蛋 草莓酪酪
虎爸厨房,https://www.dianping.com/shop/j8UWZUDkZXHiJgmf,1条评价,人均-,
德克士(凤庆店),https://www.dianping.com/shop/l1fJxNSzf7W6518v,41条评价,人均-,咔滋脆皮手枪腿 德克士鸡块 百事可乐中
农夫之家羊头岩火腿木瓜鸡,https://www.dianping.com/shop/k9Driw5EQ9WWFc76,,人均-,
穆斯林清真黄牛馆,https://www.dianping.com/shop/H68NBAgw6jHxBYCH,1条评价,人均-,酱爆茄子 儿菜汤 芹菜炒牛肉
腾冲傣味小吃,https://www.dianping.com/shop/k2iQ42iXtVvFZWWR,,人均-,撒撇米线 柠檬干巴 糯米饭
爽又来小吃,https://www.dianping.com/shop/k9gSH1ca7ZYxTvRi,1条评价,人均-,
柒桌火锅(凤庆店),https://www.dianping.com/shop/Ek0Ts3EQd8HLEft1,33条评价,人均-,菌汤鸳鸯锅 牛肉 番茄鸳鸯锅
农家小炒川菜馆(腾达·恒顺广场店),https://www.dianping.com/shop/k4wCQSM24caAFPdo,4条评价,人均-,木瓜脆皮猪脚汤 青椒紫苏蛙 川味回锅肉
马帮菜,https://www.dianping.com/shop/j2eaxpLf55v63JUt,5条评价,人均-,鸡蛋炒豆腐 小苦菜土豆泥 肝腰合炒
尹氏云县鸡肉米线(凤庆店),https://www.dianping.com/shop/H2sl1wqJevvdYJLM,4条评价,人均-,鸡肉米线 鸡翅膀 鸡胸脯肉
勐佑昇平山庄,https://www.dianping.com/shop/G6xDVxfXOEMTgpic,4条评价,人均-,烤鱼 烤鸡 焖烧旱鸭
三顺饭庄,https://www.dianping.com/shop/H3xsAh6ZjXEfuxQC,,人均-,
青沐厨房,https://www.dianping.com/shop/l2RHlTsCtBkRnyvF,,人均-,柠檬洋芋 撒尿牛肉丸 鸭爪
花漾云轩生日蛋糕,https://www.dianping.com/shop/H2coFtb9EhJK3fim,14条评价,人均-,女王皇冠蛋糕 豆沙大饼 云腿红饼
缘来小栈,https://www.dianping.com/shop/H8dCkyDzZCnwjOXk,2条评价,人均-,酸笋牛肉泡饭 红三剁盖浇饭 小米辣炒牛肉
重庆解放碑自助老火锅(嘉恒广场店),https://www.dianping.com/shop/l7weCh8AqWHH3vNR,49条评价,人均￥5o,荤素菜 鸳鸯锅 黄辣丁
顺宁味道,https://www.dianping.com/shop/H3dE4hX1jK0Iazwa,1条评价,人均-,
永凤傣味楼,https://www.dianping.com/shop/k5LdK9nSPtv1CwVA,1条评价,人均-,苦肚撒 牛蹄筋 凉拌皮蛋
凤城中心农贸市场,https://www.dianping.com/shop/k6OmuCvtBzS6xA90,1条评价,人均-,
田飞园农庄,https://www.dianping.com/shop/H1t25eFAz9Wr4XY3,,人均-,
凤庆老锅老灶火锅,https://www.dianping.com/shop/k8btu7r0tp6iOAPS,27条评价,人均-,三鲜鸳鸯锅 豆腐 鸭血
伊兰园(凤梧路店),https://www.dianping.com/shop/k95xAKQxm6NY1bqA,1条评价,人均-,牛肉米线 牛肉干巴
庆丰园糕点,https://www.dianping.com/shop/k22nsv4WUS4trwgI,,人均-,
杨龙涮菜,https://www.dianping.com/shop/FhmWy1aRbrOtRqzP,1条评价,人均-,荤菜和素菜
九签九砂锅串串,https://www.dianping.com/shop/G7jH7QXOCvQqzZUQ,1条评价,人均￥52,砂锅串串
益馨园cake,https://www.dianping.com/shop/H6HCyJK1fe8h4P83,3条评价,人均-,水果蛋糕 奥特曼蜘蛛侠 不管几岁快乐万岁蛋糕
永德风味,https://www.dianping.com/shop/l5dJDpFzqE9Ngn2e,,人均-,
大理海稍鱼·大城小厨自助餐厅(凤庆店),https://www.dianping.com/shop/G8EPTTE5qbrt6M4N,,人均-,秘制咸肉 水果 生蚝
重庆十七门老火锅(凤庆店),https://www.dianping.com/shop/H3mRGQNIGT1Sh4ai,4条评价,人均-,鹅肠 水发毛肚 精品脆毛肚
炭火瓢香牛肉(顺宁文化广场店),https://www.dianping.com/shop/k3SvX56CS3KbdCvv,,人均-,
金灵洁食府·柴火鸡,https://www.dianping.com/shop/H212Aft8bzNKFhm1,2条评价,人均￥5o,柴火鸡 玫瑰稀饭 豆芽
百炒园,https://www.dianping.com/shop/G8D5JLiTGogkVd2N,,人均-,
牛羊肉食馆,https://www.dianping.com/shop/k4eSIpnc15OPiGET,2条评价,人均-,
鲁史古道人家饭店,https://www.dianping.com/shop/l1WvUWGZddnfmokw,,人均-,鲁史臭豆腐
手岛寿司,https://www.dianping.com/shop/l8ITJcHopYM5vO4t,2条评价,人均-,章鱼小丸子 地狱拉面 冬阴功拉面
凤庆038望江阁鲜鱼馆二,https://www.dianping.com/shop/k3SfSSNE53iw1Zdc,,人均-,
老字号正宗宾川海稍鱼庄,https://www.dianping.com/shop/l5VPKZE2HbyxRV2a,2条评价,人均-,酸辣海稍鱼 凉拌皮蛋 小馒头
CHAGEE霸王茶姬(凤庆店),https://www.dianping.com/shop/l3bEL73x23PACllm,4条评价,人均-,伯牙绝弦热饮 乌梅闲闲 葡萄碎玉
快活林饭店,https://www.dianping.com/shop/iAxMjUnzuBpcislp,1条评价,人均-,正宗火腿木瓜鸡 川味酸菜鱼片 水煮鱼片
满锅香石锅鱼(凤庆店),https://www.dianping.com/shop/l3fcGnktMfIPLzhA,1条评价,人均-,水煮鱼 麻辣小龙虾 油炸排骨
柳州螺蛳粉,https://www.dianping.com/shop/l1svd1JsJz0xPhz6,,人均-,螺肉粉 芒果汁饮料 李子园奶咖
蜜香思美食坊,https://www.dianping.com/shop/H4GNNB6H1syitVml,,人均-,
漫湾回族食馆,https://www.dianping.com/shop/k8X50owVE0QIMeXL,1条评价,人均-,清汤牛肉米线
滇红大酒店-餐厅,https://www.dianping.com/shop/G8g8mN5mziyx3ffI,1条评价,人均￥5o,清炖大鹅 香辣虾 扣肉
四八临沧水涨扒,https://www.dianping.com/shop/k8VMH4dD8OjdvnTI,,人均-,云南春卷 竹筒鸡 牛干巴
