粤港盛火锅大排档(繁峙店),https://www.dianping.com/shop/k5bjHYlaBGoXy5NT,4条评价,人均-,花胶鸡锅 贝贝南瓜 广东炸豆皮
金麟轩中餐厅,https://www.dianping.com/shop/G5SFDAvgoGuuzISH,7条评价,人均-,龙腾四海 澳龙 广式乳鸽
裕民饭店,https://www.dianping.com/shop/l1vs8cS7y7qoduAz,97条评价,人均￥47,大同过油肉 刀削面 凉粉
塞北莜面村,https://www.dianping.com/shop/iEeiCygTYmE15EcB,17条评价,人均￥38,干锅土豆片 糖醋里脊 孜然牛肉
潮牛道(繁峙店),https://www.dianping.com/shop/jzuN2duY2X5AwB4f,2条评价,人均-,红糖糍粑 普青岛 菌锅
塞北老菜馆,https://www.dianping.com/shop/k2bkEpKl2tfLKDxG,4条评价,人均-,鸡丝凉面 招牌京酱肉丝 农家一锅出
东北木炭烤肉(繁峙店),https://www.dianping.com/shop/G18GE4vF2fpptmkp,7条评价,人均-,黑椒牛排 蜜汁梅肉 韩式烤肠
滨河印象(城市综合体店),https://www.dianping.com/shop/G4jY8V4lMiDP5TQH,13条评价,人均-,黄豆芽炒猪皮 山药茄子拌莜面 拌焖子
木火大铁锅炖鱼村(大同总店),https://www.dianping.com/shop/H2Wk3OVDffTR3Lkt,37条评价,人均￥8o,大铁锅炖鱼 贴饼子 游来游去的活鱼
古宫新式炭火烤肉,https://www.dianping.com/shop/H35LsikGeoGXmJIT,699条评价,人均￥52,石锅拌饭 鱿鱼拌饭 南瓜粥
彼岸之家自助餐厅,https://www.dianping.com/shop/FEnhTuAdD55VSzeW,57条评价,人均-,炸皮皮虾 炒面 烤虾
老北京羊蝎子火锅,https://www.dianping.com/shop/FXfxD8CLJymWcTMo,3条评价,人均-,鲜豆皮 方便面 宽粉
上品餐饮(一部),https://www.dianping.com/shop/G7wz0YnuE4MykaGM,9条评价,人均￥45,鱼香肉丝 水煮肉片 川府毛血旺
鸭途过桥米线,https://www.dianping.com/shop/k4IzWTgNFxIDXF9A,1条评价,人均-,手工鸡排 电烤肉串
八方一品自助火锅烤肉,https://www.dianping.com/shop/G6ILuHP3GSDwlBeX,2条评价,人均-,
赵记羊汤,https://www.dianping.com/shop/H6OBOKUMFupjo78C,1条评价,人均￥37,铜火锅涮羊肉 羊肉汤 炒羊杂
老船长烧烤城,https://www.dianping.com/shop/G7VCUab9NGK8GFhP,7条评价,人均￥36,金针菇 猪肉串 鱿鱼炒饭
湘满楼,https://www.dianping.com/shop/G77sIf9OqQvTYlkY,,人均-,金银小馒头 酱板鸭 小炒香干
福记捞派火锅(砂河店),https://www.dianping.com/shop/jzlYpbbtIxSLgdap,1o条评价,人均-,内蒙锡盟羔羊肉 奶油小馒头 手工面片
羊骨头馆,https://www.dianping.com/shop/l1qZKc9mH3YrOGQx,12条评价,人均￥4o,羊骨头 白菜 豆腐
杨羊馆,https://www.dianping.com/shop/l1ohK4OeWkqrsDIH,3条评价,人均-,水煮毛豆 拌羊肚 蜜汁鸡翅中
筋头巴脑羊肉锅,https://www.dianping.com/shop/G9aPNZENkZe7mjoH,7条评价,人均-,
陈氏大虾(繁峙店),https://www.dianping.com/shop/G9tKn0NkIKjubnnQ,282条评价,人均￥47,美味虾锅 麻酱拉皮 陈氏大虾
东方红涮烤一体自助,https://www.dianping.com/shop/H5IfRaT1CtTxp5Et,6条评价,人均-,冻豆腐 金针菇 豆腐皮
湘閣粒辣,https://www.dianping.com/shop/k7CoxzwbXuCi4YXX,6条评价,人均-,肉沫酸豆角 孜然牙签肉 干锅鸭头
汉釜宫,https://www.dianping.com/shop/k6q8cquv2cFrT1ek,35条评价,人均-,麻辣小龙虾 生蚝
呆胖子肉蟹煲,https://www.dianping.com/shop/l8m24uk6jBQuO9VS,9条评价,人均-,茼蒿 菠菜 生菜
五毛小串,https://www.dianping.com/shop/H2pvHXmoBOCFqfJl,1条评价,人均-,豆角 爆炒牛蛙 田螺
英雄峰荟火锅(繁峙店),https://www.dianping.com/shop/H34KWeMcY98ApuGs,16条评价,人均-,虾滑 春卷 鸳鸯锅
田园饭庄,https://www.dianping.com/shop/H4DNUexQ370xQhFm,35条评价,人均￥45,扒肉条 过油肉 拿糕
老朱烤鱼馆,https://www.dianping.com/shop/l1vcY18OlsgxZtq5,4条评价,人均-,新派烤鱼 莜麦菜 宽粉
半天江,https://www.dianping.com/shop/l6sDxs8C74IZxUw2,,人均-,青花椒烤鱼 剁椒鱼 麻辣烤鱼
小米土豆粉,https://www.dianping.com/shop/H18QUi6MD79lKZkF,1条评价,人均￥2o,砂锅全菜 海鲜手擀面 酸辣粉
逸香圆饭馆,https://www.dianping.com/shop/G5USibK43bMsfN2e,1条评价,人均-,小米土豆粥 蛋炒饭 炒饼丝
粉浆饭店,https://www.dianping.com/shop/l9OtL3MWwlJNGQ2f,7条评价,人均￥47,鱼香肉丝盖饭 粉浆饭 富贵毛血旺
东泰傻大碗(繁峙第三分店),https://www.dianping.com/shop/k5zuUcikuYU0IlfL,2条评价,人均-,闷面 红烧鸡块 鱼香肉丝盖饭
金椒鱼馆,https://www.dianping.com/shop/k4sULez7ZVPW6EFX,1o条评价,人均￥25,大盘鸡 锅巴肉片 金椒鱼
巴蜀纸包鱼,https://www.dianping.com/shop/H1C7LEzczbcQ1V9u,43条评价,人均-,巴沙鱼 有点飘的烧包蛋 美女馋嘴辣鸭头
农家院铁锅炖(滨河北大道店),https://www.dianping.com/shop/k6GQcm3Btp9L72x2,,人均-,
新春羊肉羊汤馆,https://www.dianping.com/shop/H8bJcrpgB9nMHNM7,3条评价,人均-,黄瓜腐干 羊肉面 骨头锅
西部来客鲜炒大盘鸡(迎宾街店),https://www.dianping.com/shop/EjZDPk4F5cHlm7Lu,1条评价,人均-,
旺饺1号饺子自助(向阳南路店),https://www.dianping.com/shop/latPM7r6Jce6qfvp,1条评价,人均-,
田娃火锅,https://www.dianping.com/shop/G1hCTVQ8aVrXHuzt,24条评价,人均-,经典牛油全红大锅 牛杂 川味牛皮豆干
德克士(繁峙煜隆店),https://www.dianping.com/shop/l9hSS5OGwRofueZ9,121条评价,人均￥29,椰香咖喱鸡腿饭 超级鸡腿堡 脆皮炸鸡
老胡家私房菜,https://www.dianping.com/shop/H3tOGru7fFxj5Dgc,1条评价,人均-,肉片腐竹 豆花肥肠 炒莜面鱼鱼
福记捞派火锅(繁峙店),https://www.dianping.com/shop/G5ozHTQ2hqiOQVvy,1条评价,人均-,滋补三鲜锅 暴风雪冰淇淋 内蒙锡盟羔羊肉
地锅炖主题餐厅,https://www.dianping.com/shop/G1RSUQcOeYp7XiRI,1条评价,人均-,泡椒泡萝卜 凉拌豆皮丝 排骨鸡抓地锅炖
平遥名吃,https://www.dianping.com/shop/l8CvPS6ecM2EjeJQ,1条评价,人均-,麻花炒碗托 鱼香肉丝 过油肉
至尚西饼(永丰西街店),https://www.dianping.com/shop/k97Gn3LC16BAeuXk,591条评价,人均￥58,水果缤纷裸蛋糕 百多丽果小蛋糕 冰淇淋蛋糕8寸
萃香园熬鱼,https://www.dianping.com/shop/l7Ot1Pjm64htdICT,13条评价,人均￥53,萃香园熬鱼 重庆毛血旺 土豆排骨
山水溶洞火锅店,https://www.dianping.com/shop/k65wVH8u8yzCvunf,6条评价,人均-,
蜜雪冰城(向阳北路店),https://www.dianping.com/shop/H8ROd8KHNLroEFxD,67条评价,人均￥11,
一纸馋纸包鱼(石龙西街店),https://www.dianping.com/shop/k2YKtb90uPbshv0X,,人均-,
海鲜熟了,https://www.dianping.com/shop/k9kCDBw07P5pHlrJ,,人均-,
南京龙虾馆,https://www.dianping.com/shop/H1unZrzh5IluoRkD,1条评价,人均-,
祁瀚涮肉焖锅,https://www.dianping.com/shop/l6pKvX7S1xifgchL,,人均-,
马德拉烘焙馆,https://www.dianping.com/shop/H7Fp26hiCzYq3rJx,24条评价,人均-,
木炭韩式烤肉,https://www.dianping.com/shop/FIa1H1GuHxKf3GYM,7条评价,人均￥4o,
齐得隆鲜炒大盘鸡(繁峙店),https://www.dianping.com/shop/l3uhp5nGFlTKv6zD,3条评价,人均-,
外婆桥鲜羊火锅,https://www.dianping.com/shop/H87Lq0h49qwHNq4f,14条评价,人均￥41,
