四季五味时尚餐厅(凤台店),https://www.dianping.com/shop/G6bDpRtmMaIhcrZ5,162条评价,人均￥63,幸福三杯鸡 冬阴功鱼头 秘制牛油虾
新徽扬餐厅(凤台店),https://www.dianping.com/shop/l2PxFAiGwoJ3Ietb,233条评价,人均￥57,片皮鸭 鸭油烧饼 烧汁秋茄
益汁鹅·全鹅料理(全国总店),https://www.dianping.com/shop/H4jMuGooqVimOCNA,421条评价,人均￥55,原生经典鹅煲 原生竹荪鹅煲 百年卤鹅
金铭纯汤牛肉,https://www.dianping.com/shop/l3U9Kh7xguA7Wi6Y,32条评价,人均￥63,牛肉汤 烙馍 牛骨
不给叫美蛙鱼头,https://www.dianping.com/shop/icmB6kkkJBoc9abp,24条评价,人均-,黑椒一口肠 招牌美牛蛙火锅 招牌脆嫩毛肚
胜芝长城大酒店(餐饮部),https://www.dianping.com/shop/GaXzzBwp1g0ZEp1g,395条评价,人均￥77,肉沫蒸水蛋 水煮鱼片 风味口水鸡
鹿院炭火烤肉,https://www.dianping.com/shop/G2G9UGCbuJ3QdfMz,4条评价,人均-,红酒牛肋条 安格斯黄油厚切牛排 芥末章鱼
秋禾日式料理(华厦中央广场店),https://www.dianping.com/shop/k5B3TEplq1DPO6j0,46条评价,人均￥73,刺身五拼 芝士焗烤大虾 炙烤鹅肝
大聖鮨居酒屋(金地·新天地店),https://www.dianping.com/shop/G3ahwqotlq5IZjdG,45条评价,人均￥1oo,寿司 芝士焗鳗鱼 刺身三拼
韩炉村韩式炭火烤肉(凤台店),https://www.dianping.com/shop/l9vD6y5reAJbOkDQ,124条评价,人均-,美式牛五花 蘸料 金针菇
这锅有戏·未来火锅,https://www.dianping.com/shop/l9oOwbKbsL2DYPZ9,28条评价,人均-,六味烤肉拼盘 精品肥牛 招牌金汤锅底
德庄火锅(凤台店),https://www.dianping.com/shop/H9mKGeAY7xWVvi1Q,254条评价,人均￥1o7,嫩牛肉 德庄毛肚 精品五花肉
舌尖派对四川小吃集(凤台店),https://www.dianping.com/shop/k5wTl25vmPQ2fJJw,8条评价,人均-,爆款九宫格 神仙酥肉 秘制鸡爪
金唐宫•徽州宴,https://www.dianping.com/shop/H9Ty8DnobZSikpYM,15条评价,人均-,
益汁鹅•全鹅料理(未来城店),https://www.dianping.com/shop/H2KAvoLpI7LFlEHc,127条评价,人均-,原生竹荪鹅煲 年份卤鹅 玖味脆豆腐
老东北烤肉(西城河店),https://www.dianping.com/shop/Haod8CDpPJFJlJaR,24条评价,人均-,五花肉 芝士玉米粒 秘制鸡柳
粤煲王餐厅,https://www.dianping.com/shop/H9ls4cW7Jil5hybb,29条评价,人均-,养生萝卜煲咸骨 香椿芽肉沫鸡蛋卷饼 肥牛上脑
成龙正宗牛肉汤,https://www.dianping.com/shop/H3m0SgFnfIr1mxCz,4o条评价,人均￥15,盆汤牛肉汤 牛肉面 大骨头
月满大江火锅餐厅(凤台店),https://www.dianping.com/shop/G1oVSaBKVCdh3uKg,293条评价,人均￥84,草原千层肚 现切牛肉 海带芽
寇多金·贡椒鱼火锅(凤台店),https://www.dianping.com/shop/FyuYFkTzYAugX6hI,28条评价,人均-,土豆 贡椒清新鲜辣锅 海带结
卤校长重庆火锅(凤台店),https://www.dianping.com/shop/ka61ICYfGsf2hS3i,98条评价,人均-,辣卤耙鸡爪 辣卤耙肥肠 白雪冰汤团
串越龙门,https://www.dianping.com/shop/G9A2Fi4htAXA839N,72条评价,人均￥62,牛肋条 长沙臭豆腐 内蒙羔羊羊肉串
朋友圈烧烤,https://www.dianping.com/shop/H2lwXygfCVl6zQfg,14条评价,人均-,猪肉串 青岛山水 豆芽烧豆腐
妈妈家炒鸡,https://www.dianping.com/shop/l3dk8zw8Mwpi2GX1,8条评价,人均-,羊肉串 洋葱炒猪肝 芹菜香干炒肉丝
小牛哈尼章鱼水煎肉,https://www.dianping.com/shop/G8QFBqEGd1XDeHpa,162条评价,人均￥63,营养蟹籽饭 伊比利亚黑猪五花肉 水煎味章鱼
紫云轩(凤台店),https://www.dianping.com/shop/l3X4awUbR85OQXCg,693条评价,人均￥34,水果蛋糕 米奇蛋糕 鲜花蛋糕
川蜀印象四川老火锅,https://www.dianping.com/shop/l42igmn81GZ36a9y,8o条评价,人均-,番茄鸳鸯锅 掌中宝 去骨鸭掌
老巷子农家菜,https://www.dianping.com/shop/H8PZBrKYws1Rcwgv,2o条评价,人均-,叠馍 土豆肉丝 麻辣豆腐
市侩巷美蛙鱼头火锅店(财富广场店),https://www.dianping.com/shop/l70XnTK6Ht0gXX0L,11条评价,人均-,美蛙 黑鱼片 酸菜
正田活鱼馆,https://www.dianping.com/shop/HaJ7IP17GC33jye9,6条评价,人均￥75,大闸蟹 红心鸭蛋 红烧鱼
傣妹火锅(凤台金汇广场店),https://www.dianping.com/shop/l9tGn7kzTCM82a5z,38o条评价,人均￥75,海鲜虾滑 傣妹火锅 鲜美肥牛
姥家大锅台(凤台店),https://www.dianping.com/shop/G2VcoR1P2pOnw83F,78条评价,人均￥41,土锅贴馍 鸡肫 特色五花肉
小吙记火锅,https://www.dianping.com/shop/FUCLdaISloVVrxQ0,6o条评价,人均-,生菜 开花脆皮肠 吙派空运毛肚
前岩烤肉料理,https://www.dianping.com/shop/FcazucbmWx913oqs,31条评价,人均-,加州卷寿司 日式米酒 厚切松阪肉
思源地锅鸡,https://www.dianping.com/shop/k9rPUzbnbv1YmdPx,1条评价,人均-,思源豆腐 农家酱豆 酸辣土豆丝
肯德基(滨河大道店),https://www.dianping.com/shop/H64TUgO5xFkRphlX,27条评价,人均￥55,葡式蛋挞经典装 十翅一桶 牛排意面大礼包
西部牛排(永辉超市店),https://www.dianping.com/shop/jc28j2oukD2kPabr,1831条评价,人均￥157,菲力牛排 双拼牛排 南瓜羹
千椒悦·鲜货火锅,https://www.dianping.com/shop/E8HlDDsziuKQMM5b,15条评价,人均-,小酥肉 现采金针菇 迷你糍粑
槐店王婆大虾(凤城大道店),https://www.dianping.com/shop/G1Rg8kE6jJIDeRzO,1o4条评价,人均￥77,大锅 槐店王婆大虾 烩面
小涛烤牛肉,https://www.dianping.com/shop/k82ASgriIGyKeu6G,11条评价,人均-,土豆片 牛仔骨 光明牛奶
一统天下大酒店,https://www.dianping.com/shop/l6OessVgx739vKKD,18条评价,人均￥45,毛氏红烧肉 地锅鸡 糖水山药
金釜川自助烤肉(永辉超市店),https://www.dianping.com/shop/k7GwrwVvnE8mJPcT,2741条评价,人均￥77,烤鸡腿羊肉串 冷面石锅拌饭 奥尔良烤鸡翅
小马烧烤(淮南分店),https://www.dianping.com/shop/k5O5t1jmY4S7Cmjj,3条评价,人均-,鸡中翅 蛋炒饭 大鱿鱼
小城大爱城市餐厅,https://www.dianping.com/shop/HaBPe9xmZaYoxSLr,1175条评价,人均￥57,北京烤鸭 铁板土豆 铁板鱿鱼丝
澳门豆捞(凤台店),https://www.dianping.com/shop/l8A2nqHONjrPT3cF,23条评价,人均-,海芽菜 皮蛋莞茜锅底 腊味饭
宝丰园(凤台店),https://www.dianping.com/shop/k11ImR1nXgfbfFLU,2条评价,人均-,寿州老鹅 寿州盐水鹅 酒香糯米丸子
云南蒸汽草帽石锅鱼(凤城大道店),https://www.dianping.com/shop/l1DgCngCcgiWXHvi,197条评价,人均-,雪鲫 秘制嫩牛肉 千张
CoCo都可(小市场店),https://www.dianping.com/shop/G662ogap2yj5JftJ,23条评价,人均-,鲜芋芋圆牛奶 珍珠奶茶 沙棘百香双响炮
luckin coffee瑞幸咖啡(凤台苏果购物广场店),https://www.dianping.com/shop/H8RgyDsWA2TVRNN0,3条评价,人均-,焦糖标准美式 椰云拿铁 焦糖玛奇朵
车厘子(二所店),https://www.dianping.com/shop/G6jVmlqYZUdGBF0y,183条评价,人均￥21,皇冠蛋糕 车厘子乳脂卡通水果蛋糕 米奇蛋糕
老字号金铭纯汤牛肉,https://www.dianping.com/shop/k7G7Hk1XWlphhFNo,2条评价,人均-,牛肉汤 牛骨头 时蔬
淮河老铺土菜馆,https://www.dianping.com/shop/l5ZpefyV1OoNxVav,6条评价,人均-,酱香龙骨 蒜泥凉粉 杂鱼贴饼
烧等川味烤肉(凤台店),https://www.dianping.com/shop/H9B4jx182ekZVVY0,6条评价,人均-,高钙羊肉 麻辣牛肉 原味厚切五花肉
川莊重庆火锅(凤台店),https://www.dianping.com/shop/jf57k010v1ItgUMn,161条评价,人均￥78,川莊滑牛肉 川荘脆毛肚 鲜虾滑
多多饭店(明珠大道店),https://www.dianping.com/shop/l8qYAy27IhXP9jTm,3条评价,人均-,
老乡鸡(凤台县凤城大道店),https://www.dianping.com/shop/l3ZWnUFHd0PMQ93z,132条评价,人均￥21,
小肥牛,https://www.dianping.com/shop/H5hiWw1doGu7XKY7,27o条评价,人均￥48,
金唐宫大酒店,https://www.dianping.com/shop/H3UvvApHYXBUTrqh,138条评价,人均￥62,
1977烤肉(凤台店),https://www.dianping.com/shop/G2WUNzZC51CENo6k,121条评价,人均-,
任掌柜餐厅,https://www.dianping.com/shop/EpxY41nAZrUQPcKx,9条评价,人均-,
