老土夜市,https://www.dianping.com/shop/l57CxcB04eSNBLdA,1条评价,人均-,五花肉 烤鱼
梁山烤肉(豹子头林冲店),https://www.dianping.com/shop/H8EWmO3pPPfwWJQ1,,人均-,招牌嫩牛肉 四月龄春羔羊肉 五花肉
北木南烤肉和酒(凤山店),https://www.dianping.com/shop/GavOJ8qXAxuYd4ba,1条评价,人均-,阳光猪五花 东北飞天酸菜 爱心午餐肉
印象凤山,https://www.dianping.com/shop/G3Y2TgSGknS3TO77,2条评价,人均-,红水河清水鱼打公鸡蛋汤
蓝格子自助火锅,https://www.dianping.com/shop/l3kQ1KIrZhTiu4gA,4条评价,人均-,自助火锅烤肉 自助火锅 自助韩式烤肉
聚龙牛杂馆(凤山店),https://www.dianping.com/shop/G6ALIXxviAT7OYrw,2条评价,人均-,肉沫茄子 青菜汤
四川特色餐馆,https://www.dianping.com/shop/H8Psk6CBPtmaBCmR,1条评价,人均-,油焖大虾 包菜炒鸡蛋 素炒菜花
御品金记猪肚鸡,https://www.dianping.com/shop/H77cXwZ0AWpcP9Dr,12条评价,人均￥53,猪肚鸡 柠檬鸭 芥菜
三门海寿源土菜馆,https://www.dianping.com/shop/G5CT8RDzUDxpwFiT,,人均-,
客来香特色餐馆,https://www.dianping.com/shop/k1UpYqMHoGJ6C15g,5条评价,人均-,野菜汤 土鸭 油鱼
正宗久加蒸粉,https://www.dianping.com/shop/G1fGbFVSWml7SOQb,4条评价,人均-,卷粉 叉烧 煎蛋
台湾卤肉饭(凤山店),https://www.dianping.com/shop/G9lYVURWQiNf8yH4,,人均-,煮粉 台北猪脚 老友猪肉粉
万家香快餐店,https://www.dianping.com/shop/H1odFlieBZyX7Q6y,1条评价,人均-,花生炖猪脚
壮家狗肉,https://www.dianping.com/shop/k7XZN2swpAYoBudn,,人均-,
绝味鸭脖(大化文昌路店),https://www.dianping.com/shop/l6TPRdPdrYVvqDfG,,人均-,鸭头 酱香鸭脖
网红牛排,https://www.dianping.com/shop/Gal9GsWGaaeY79qk,,人均-,
无花果餐厅,https://www.dianping.com/shop/l4raIvFc6FFeLy8N,,人均-,
梁小糖(凤山店),https://www.dianping.com/shop/G2rE7TzaaWGu2nzS,,人均-,
华肯基(凤山店),https://www.dianping.com/shop/l6FasB5qszfImYVz,3条评价,人均-,劲爆鸡米花 大薯 表情薯条
食尚全羊汤,https://www.dianping.com/shop/l82r9HkF84FOcS6Y,,人均-,红烧排骨 黄豆焖田鸡 红烧豆腐
朗茶(凤山店),https://www.dianping.com/shop/l1m0tMlV5VY5Rs4V,,人均-,
我烤(凤山店),https://www.dianping.com/shop/l8fPYX9jrrKJ5lfo,,人均-,
邓家阿开螺蛳粉,https://www.dianping.com/shop/G9BmanId2wqZtZvJ,,人均-,
重庆自助火锅城(凤山分店),https://www.dianping.com/shop/l6GybqlTOdqNWv1m,,人均-,
茶满满手作黑糖珍珠奶茶(凤山店),https://www.dianping.com/shop/H699X0laRUcFSf8E,,人均-,
好旺角瑶王食府蒸汽海鲜城(锦绣新都店),https://www.dianping.com/shop/G3CTtVVlXR5d87EW,,人均-,
九九大排档,https://www.dianping.com/shop/k6lc9rES4Q6sJCKK,2条评价,人均-,
壮家食府,https://www.dianping.com/shop/k2cBDTPAaqHpgWNa,1条评价,人均-,
臣洲牧业生态餐厅,https://www.dianping.com/shop/la64xcjD8yFNY4VH,1条评价,人均-,
草原小肥羊火锅(凤山店),https://www.dianping.com/shop/k4rvNFKoJDaK6wl5,,人均-,
煎饼王,https://www.dianping.com/shop/G295ZoE9E01mJHHn,,人均-,光明纯牛奶 蛋黄芝士饼 麻辣牛肉饼
吴姐私厨,https://www.dianping.com/shop/l8iAaqiiTVqcf1iy,1条评价,人均-,麻辣小龙虾 香辣炒螺 油焖大虾
廖民花生榨油坊,https://www.dianping.com/shop/jYzXGv8j35MCcFV8,,人均-,
锅当家,https://www.dianping.com/shop/l6sTGtiSHZsUN6wP,,人均-,
小泉豆浆(凤山店),https://www.dianping.com/shop/H7xvtPrKJ1cppPyj,2条评价,人均-,皮蛋瘦肉粥 红枣糕 招牌小油条
罗艳艳水果掀,https://www.dianping.com/shop/l1sj9j5buiPCA0oe,1条评价,人均-,珍珠李
吉品格(凤山店),https://www.dianping.com/shop/G4sFwkMuLbYOkI26,,人均-,香芋水果捞 虾米饺 包心鱼豆腐
黑咖啡西餐厅,https://www.dianping.com/shop/F3dZxLDwZg1xXC84,2条评价,人均-,金枕榴莲披萨 西冷牛排 炒大田螺
东北饺子馆,https://www.dianping.com/shop/k5OquRZNN6sX2bBw,,人均-,煎饺 肉丝拌面 煎蛋
逸品轩茶餐厅,https://www.dianping.com/shop/l8FSZqJNIIBKcCWQ,,人均-,脆皮烧鸭 蜜汁叉烧 蜜汁排骨
柳螺源(凤山店),https://www.dianping.com/shop/G4RjSsDa8M2e2sxd,1条评价,人均-,
瓦缸营养美食,https://www.dianping.com/shop/G5KtzUiOsUlrC3L1,1条评价,人均￥15,
暖吾里·泰式奶茶·老挝冰咖啡,https://www.dianping.com/shop/k8dCgH660DoJeMok,1条评价,人均-,
遇见音乐吧,https://www.dianping.com/shop/H6AWrAcrNJ9bLy87,,人均-,
星期八西餐酒吧,https://www.dianping.com/shop/G4r9sV6bdGvUB675,1条评价,人均-,
四小姐鸭脖,https://www.dianping.com/shop/G2rc4ExddbSTg3TW,,人均-,鸭锁骨 莲藕 龙虾尾
上品原汤米粉店,https://www.dianping.com/shop/k1qIGpFsPtCAWiqb,,人均-,
广雅云吞(文笔路店),https://www.dianping.com/shop/H7pl4Bp8KbtvGq0O,,人均￥11,招牌云吞 招牌云吞面 煎蛋
火立方(聚龙商业街店),https://www.dianping.com/shop/l2Y9LbjuMre1T8Oi,,人均-,
茶道夫(凤山店),https://www.dianping.com/shop/H81RpzibwH0TT0R7,,人均-,小芋圆奶绿 超水果茶 海洋柠檬水
内蒙精品瓜子店,https://www.dianping.com/shop/G16pu38qQjYuFKKs,,人均-,
酸奶大麻花(朝阳大道店),https://www.dianping.com/shop/H5ZZpzsokST307hm,,人均-,凤梨 西瓜 酱香萝卜皮
美味多煲仔饭,https://www.dianping.com/shop/H7cy5GEG3IhywpUg,,人均-,
味道家(烧烤店),https://www.dianping.com/shop/l5w4s4SGVxZOZT2U,,人均-,
山东炒货(凤阳路店),https://www.dianping.com/shop/l3fqR9Ue8u42smIU,,人均-,
柳螺香(凤山店),https://www.dianping.com/shop/k4JM7ZU2YzLeJYGN,,人均-,
夜之光音乐酒吧,https://www.dianping.com/shop/H7SL7NlUlogYesal,,人均-,
邂逅美食餐厅,https://www.dianping.com/shop/H5bq4eFb5sdshV3Y,,人均-,飘香牛蛙 姜葱焗花蟹 鲶鱼豆腐汤
源味小炒,https://www.dianping.com/shop/l476fD4qX8e33Qcd,,人均-,
乐立怀奶茶,https://www.dianping.com/shop/G6gagxuok9KXDiq1,,人均-,
