百合人家,https://www.dianping.com/shop/k7Ue5ysZxRtBbniZ,66条评价,人均￥48,老豆腐 洋芋果果 红薯凉粉
月亮湾小院,https://www.dianping.com/shop/k6ahimnRS4fJ2I2d,55条评价,人均￥52,凉拌红薯凉粉 番杏 水煮江团
凤羌三锅,https://www.dianping.com/shop/kaBSr7Y4HtJzkwLi,58条评价,人均￥88,凤羌麻辣锅 菌菇拼盘 麻辣牛肉
宏油庄冒菜馆(凤县店),https://www.dianping.com/shop/HavsF1xTUHbX7DDD,13条评价,人均-,秘制麻辣粉 茼蒿 罗汉竹笋
小欧安康家常菜,https://www.dianping.com/shop/H8ZiguvXu3GlkpNU,6条评价,人均-,皮豇豆肉丝 干豆腐丝 黄豆萝卜干
老简清汤羊肉泡馍,https://www.dianping.com/shop/H1LzYreiDC3ATrII,3条评价,人均-,羊肉泡馍
天麻鸡养生汤锅,https://www.dianping.com/shop/l8v3pEfTxIJHYhoy,15条评价,人均￥45,天麻鸡中锅 通心菜
老伙计烧烤小炒,https://www.dianping.com/shop/G2ce02z056pcQi0z,51条评价,人均￥4o,烤鱼豆腐 特色辣白菜 烤猪黄喉
符缸酸菜鸡,https://www.dianping.com/shop/k60yan4KWT5vfwpg,3条评价,人均-,精品小锅 酸菜鸡
三江源生态火锅,https://www.dianping.com/shop/HalW5Fvmr5B9TIEe,8条评价,人均-,干锅牛蛙 江团鱼 猪蹄虾
羌宴羌韵尚品主题食坊(凤县店),https://www.dianping.com/shop/G7dvZXJNhbkNZxaI,2条评价,人均-,石渣肉 粉丝 三味碟
老伙计小吃店,https://www.dianping.com/shop/k2VHywfYgU2SqtvA,27条评价,人均-,面筋 酸辣米线 秦镇米皮
喜尚自助餐厅,https://www.dianping.com/shop/H5d89nk0eibu9QCc,7条评价,人均-,每位自助
福顺羊肉室内烧烤,https://www.dianping.com/shop/k8NBpghTDKgtrj1S,8条评价,人均-,泡馍
雷久小吃店,https://www.dianping.com/shop/k9KgVleAsdupXaxJ,1条评价,人均-,洋芋搅团 烩麻食 炒河粉
聚香源(天水路店),https://www.dianping.com/shop/k9lBocuuiUXhtnE1,2条评价,人均-,羊肉 拌汤 烤猪腰
娜娜川菜馆,https://www.dianping.com/shop/k8UdVaS4yvZgY46c,1条评价,人均-,番茄炒蛋 莴笋肉片 酸辣白菜
顺水渔府,https://www.dianping.com/shop/H77xiXK3X6xbEWx4,4条评价,人均￥4o,高度四星 高度三星 香辣酱油碟
川味排档,https://www.dianping.com/shop/H8879nskZkHN08VT,9条评价,人均-,铜锅羊肉 椒麻鱼片 干锅猪蹄
五味缘钢管厂小郡肝串串香(两当县店),https://www.dianping.com/shop/k5gFNL33zuh8t4XI,1o条评价,人均-,串串 蛋花汤 麻婆豆腐
李想大虾,https://www.dianping.com/shop/H3a8cDpoGBFslEXQ,1条评价,人均-,鸭血 香仔肠 娃娃菜
优点面包蛋糕,https://www.dianping.com/shop/l1x4v6YHwJXB3yDE,3条评价,人均-,
江南名点专卖一店,https://www.dianping.com/shop/l9mrT79WbciMEv9u,,人均-,鲜果多拼 草莓炸弹 山果几乎
胖子鱼火锅店(凤县店),https://www.dianping.com/shop/H3wH2BZvCtFSptLc,14条评价,人均-,麻辣鱼 包含鱼送素菜 酸辣宽粉白菜
岭南小院农家乐,https://www.dianping.com/shop/G5fq2zqnmPigOEXa,4条评价,人均-,豆腐 鸡爪 空心菜
大肚饺子馆,https://www.dianping.com/shop/H9FAhOVA5h3qXF95,,人均-,水煮鱼 四川回锅肉 香辣片片鱼
蜜雪冰城(天水路店),https://www.dianping.com/shop/l8JxV2Nh5P5nb1yR,29条评价,人均-,满杯百香果大圣代 蜜桃四季春 黑糖珍珠大圣代
小渔府,https://www.dianping.com/shop/H2cl7ODKYlAJQoCJ,,人均-,
馋馋香卤肉店(天水路店),https://www.dianping.com/shop/k32q3KZGukcVlQXl,,人均-,
顺民农家乐,https://www.dianping.com/shop/k60ASjaJNIbE7Q3u,1条评价,人均-,麻辣小鱼 手撕包菜 鱼香肉丝
壹品鲜,https://www.dianping.com/shop/kaOUmp7SgVu2etd1,,人均-,
咱姥家大锅台(凤县店),https://www.dianping.com/shop/H3g2sGlLvmMa6bVU,,人均-,手工豆腐 香菇 干豆角
舌尖上的牛肉面(天水路店),https://www.dianping.com/shop/k1nWi92wYIAJ54Wc,,人均-,素炒青菜 饮料大窑 牛肉炒拉条
唐记煌砂锅串串香,https://www.dianping.com/shop/l8WbkP017hs61k2n,3条评价,人均-,鸳鸯锅 鱿鱼虾 炒虾尾
五味居(凤凰路店),https://www.dianping.com/shop/l2ocu5LvuRA2bYsk,5条评价,人均-,香菇青菜 宫保鸡丁 干煸肥肠
俞马轩农家乐店,https://www.dianping.com/shop/HaciQfw1la4Q3B07,,人均-,肚包鸡 烤全羊 竹笋炒腊肉
锦园川菜(花园路店),https://www.dianping.com/shop/k3tIMt9VmzgmnAWN,2条评价,人均-,红烧肥肠 重庆毛血旺 小炒肉
江湖渔坊火锅,https://www.dianping.com/shop/l81wJwsugQQyM0mx,1条评价,人均-,三秒海带芽 菌类拼盘 蔬菜大丰收
尔利兰州牛肉拉面(清真),https://www.dianping.com/shop/l1kTkTa5fBKpzX4j,2条评价,人均-,
成都鱼蛙火锅(凤县店),https://www.dianping.com/shop/G23P8SGn2YkHrr4X,,人均-,
媛媛小吃店,https://www.dianping.com/shop/H14zusCa7Ray4I5p,,人均-,
金马鸡汤刀削面(凤县分店),https://www.dianping.com/shop/H2DeFjkW2jV8yWPV,1条评价,人均-,
故乡大灶台,https://www.dianping.com/shop/G74xs1GU3WjZDAAW,77条评价,人均-,干豆角 贴饼 手工面
香再来正宗过桥担担面,https://www.dianping.com/shop/H85uYZ5SzbkvEA6g,,人均-,酸菜担担面 肉沫担担面 肉沫米线
美之味蛋糕(滨江西路店),https://www.dianping.com/shop/ib1NeummUnyyBtLz,,人均-,红豆餐包 双层星空火烈鸟 奶昔包
迈德思客(凤县廊桥店),https://www.dianping.com/shop/G2Mle33QPF5n8wzQ,635条评价,人均￥17,香辣鸡腿堡 墨西哥风味鸡肉卷 黑椒鸡块
川滋麻冒菜馆(益民市场店),https://www.dianping.com/shop/l1BIq2EpKjwS5GmE,,人均-,鲜豆汤冒菜 杂粮米饭 分冒菜
陵江私房菜,https://www.dianping.com/shop/l3w0cowIRSRzK5Ov,,人均￥3o,小青菜 鱼香肉丝 青瓜皮蛋汤
顶好蛋糕(滨江路店),https://www.dianping.com/shop/G9L6r0Fnqkrc61Lj,,人均-,双层贺寿蛋糕 单层贺寿蛋糕 动物蛋奶水果巧克力蛋糕
签佰度串串火锅啤酒烧烤广场,https://www.dianping.com/shop/k51eO0T353QLaFYD,6条评价,人均-,鱿鱼 凤香原浆 粗签
麻麻鱼府主题涮锅(凤县店),https://www.dianping.com/shop/j9QTzVLfyohUqazC,7条评价,人均-,活鱼现杀 红糖糍粑 鸳鸯锅
懿鼎香涮烤火锅,https://www.dianping.com/shop/G5tanF8unefAT7Nk,2条评价,人均-,麻辣牛肉 鸳鸯锅底
渝香馆包子馄饨,https://www.dianping.com/shop/k4OjIkUfjfidHV25,,人均-,豆腐花 紫菜汤 花生稀饭
茹茹农家,https://www.dianping.com/shop/G190QjkrdDEDWSgA,25条评价,人均￥35,孜然豆腐 椒盐豆腐 豆腐鱼
码头故事(凤县店),https://www.dianping.com/shop/jdp9INpzf7DxERkZ,42条评价,人均￥72,精品鲜毛肚 手工虾滑 草原千层肚
春花农家乐,https://www.dianping.com/shop/H62ankm8oVzoqM8B,2条评价,人均-,豆腐鱼 豉香豆腐 掌柜豆腐
幸福人家(秦岭云顶水上乐园店),https://www.dianping.com/shop/G47KoDXsognb0OZe,3条评价,人均-,脆皮豆腐 香菇炒豆腐 豆腐鱼
益民美食城,https://www.dianping.com/shop/l80LEEMJFQDUfK95,1条评价,人均-,
江南妙鲜阁,https://www.dianping.com/shop/k7fXGItrIYJ3w7nq,4条评价,人均-,
屋头串串香(凤中路店),https://www.dianping.com/shop/H7bD25UfL5BvPeWh,1条评价,人均-,
