方城烩面故事,https://www.dianping.com/shop/k94GAt3RSvWiKHWh,126条评价,人均￥32,方城烩面 火烧 羊腿骨
小猪查理川式自助烤肉(方城店),https://www.dianping.com/shop/Ef8WM1n9cPwKpLzT,59条评价,人均-,秘制牛小排 肥肠 西冷牛柳
韩风源烧烤涮自助餐厅(方城店),https://www.dianping.com/shop/k3BvWTSwtlSg28Cp,27o5条评价,人均￥58,南瓜粥 精品五花肉 烧烤干料
火鳳祥鲜货火锅(方城店),https://www.dianping.com/shop/l4dzWgdBlOes5tFQ,51条评价,人均￥84,椰奶蛋黄牛肉 鲜切羊肉 四喜牛肉
好餐多海鲜自助烧烤火锅(水至善二楼店),https://www.dianping.com/shop/H9SIXIncEUih6uts,1条评价,人均-,
湘西小馆(方城店),https://www.dianping.com/shop/l3DuGaaR1Rdamdy2,12条评价,人均-,一顿乱炒 湘味辣子鸡 湘西鸡钵
克利丝汀(方城店),https://www.dianping.com/shop/k6Om5kN31b1qOGER,46条评价,人均-,奥特曼蛋糕 咸奶油红丝绒 榴莲千层
锦绣轩食府,https://www.dianping.com/shop/l3mGPSkva9yptm0x,73条评价,人均￥84,绝味酱鸭 特色锅贴包 风味生煎包
喜牛俯牛肉主题餐厅,https://www.dianping.com/shop/H2hL7u5FEdpyfRhA,1o1条评价,人均-,西式牛排（煎） 葱香饼 喜牛养生牛排
廣順興(方城店),https://www.dianping.com/shop/G1Ih7pL5ds4udNtP,181条评价,人均-,经典猪肚鸡 妙龄乳鸽 腊味煲仔饭
朝天门火锅(方城县百信广场店),https://www.dianping.com/shop/E57yBMYPJpKBMEbV,356条评价,人均￥63,
森虎虾尾(亚龙国际商贸城店),https://www.dianping.com/shop/l9XUXMDWjiWxLnTX,2o条评价,人均-,
忆·城南往事(方城店),https://www.dianping.com/shop/Ha13lZkFT4dbSLcu,8o9条评价,人均￥83,
槐夏猫咖,https://www.dianping.com/shop/G6qPZXctXd9aNa3e,33条评价,人均-,
月球咖啡,https://www.dianping.com/shop/laAs1aSVwiLNo4FR,7条评价,人均-,
三色鸽(实验幼儿园店),https://www.dianping.com/shop/G6j66q88KWEHuUOb,46o条评价,人均￥3o,芭比小娃娃欧式水果蛋糕 巧克力丝语 黑森林
老窝烤鸭,https://www.dianping.com/shop/G2YSPxUZ7iTEbdcu,96条评价,人均-,北京烤鸭 脆皮茄子 干锅鸭头
麦当劳(百信广场店),https://www.dianping.com/shop/G4Kb7cWf7xSYov2u,24条评价,人均￥28,鱼排堡开心乐园餐 香芋派 金凤来福鸡排堡套餐
尚为食鲜自助火锅店,https://www.dianping.com/shop/l7jXMU5OaAKewGNQ,448条评价,人均￥27,精品麻辣锅 精品番茄锅 精品肉卷
必胜客(大裕城精选店),https://www.dianping.com/shop/H3u2hTepcZZ8cWSm,23条评价,人均￥43,麻辣小龙虾意面 精研抹茶雪域 人气满满超值小吃拼盘
焱东家·首尔韩国烤肉,https://www.dianping.com/shop/G4LsIo9uJKGyqR1c,199条评价,人均-,芝士玉米粒 秘制五花肉 黑椒牛肉
巴庄重庆火锅(方城店),https://www.dianping.com/shop/FVoUFXMcLQovYTPB,34条评价,人均￥68,巴庄脆毛肚 德清虾滑 巴庄鲜鸭血
三色鸽(方城旗舰店),https://www.dianping.com/shop/l6MayAkrUiujjtSm,121条评价,人均-,祝寿蛋糕 造型款蛋糕 生日小蛋糕
繁花源音乐餐厅(四馆店),https://www.dianping.com/shop/G6kQpXFDwEjT3Kjx,347条评价,人均￥76,江南松子鱼 芝士焗红薯 农家红烧肉
奈石寿喜烧(方城店),https://www.dianping.com/shop/k4vvuz8SgKcVJmny,198条评价,人均-,寿喜烧 照烧鸡肉串 可尔必思
齐祺渔锅(方城店),https://www.dianping.com/shop/k6I55e1GuleZc0pj,352条评价,人均￥46,
兆家鲜羊,https://www.dianping.com/shop/EdOuDbupLlDZcKJ0,4条评价,人均-,
老欧巴私房烤肉(方城旗舰店),https://www.dianping.com/shop/G2XCDEMXp4ZBOYQX,59条评价,人均-,
豪客嘉族火焰牛排(百信广场店),https://www.dianping.com/shop/k8JUfQLW37g9GW4F,172条评价,人均￥72,
遇见·慢时光·西式复合餐厅(百信广场店),https://www.dianping.com/shop/k5TMNNZI4MihRlD8,16条评价,人均-,
牛十三(方城店),https://www.dianping.com/shop/l5BuujrBGxTF8lbS,68条评价,人均-,牛排大虾锅 酸甜鸡肉把把串 鱼豆腐
川巴·吃鸡吃虾清真(方城店),https://www.dianping.com/shop/l5tPIRz1yrZWwbea,88条评价,人均-,吃鸡吃虾 特色涮牛肚 鲍鱼海鲜鸡恋虾
杨掌柜辣椒炒肉(方城县大裕城店),https://www.dianping.com/shop/FXTsh7xd0zxaseAU,72条评价,人均-,招牌辣椒炒肉 湘西外婆菜 蒜蓉粉丝蝴蝶虾
妈妈菜回家吃饭(方城店),https://www.dianping.com/shop/G6ken60NHgEGeiXs,7条评价,人均-,妈妈功夫鱼 老家锅炕馍 酸辣肚丝汤
自然绿,https://www.dianping.com/shop/k5wVwJPvvfuOqBgQ,28条评价,人均￥58,榴莲披萨 檬檬肥牛乌冬面 番茄肉酱意面
鑫优鼎自助小火锅(时代广场店),https://www.dianping.com/shop/G8yRhT8WvhkLj9mg,57条评价,人均-,
川庄火锅,https://www.dianping.com/shop/G9wiJ7bc2nlxkkVE,1条评价,人均-,
瑞幸咖啡luckin coffee(方城大裕城店),https://www.dianping.com/shop/l9r7ngxc4ukC7aMd,1条评价,人均-,
东北烧烤,https://www.dianping.com/shop/k7UopxxAoBQa7rrP,2条评价,人均-,
方城旮旯儿市井火锅,https://www.dianping.com/shop/l98VjJDdVjAg4Z54,1o3条评价,人均-,
袁记串串香(方城店),https://www.dianping.com/shop/G5ntn7Ea1hsLt8Am,24条评价,人均-,
川西坝子火锅(方城凤瑞路东延店),https://www.dianping.com/shop/k3mybUKln0Wczi0g,215条评价,人均-,
连霞卤肉烩面,https://www.dianping.com/shop/H9TuQAXHD5sHgYE6,1条评价,人均-,
麻小度青花椒鱼蛙火锅(方城店),https://www.dianping.com/shop/kaD3thG7HigHtogL,32条评价,人均-,
陈记大盘鸡,https://www.dianping.com/shop/G7bA1aJRQmIfyBDb,88条评价,人均-,
盛和家园酒店盛和烤鸭(方城店),https://www.dianping.com/shop/H2LA1gmbLo2hQUjt,14条评价,人均￥4o,焦溜茄子 生炝烩面 鸡丝莜面
锦里川菜,https://www.dianping.com/shop/l1v3EZrY88pBkeDU,6条评价,人均-,糖醋小排 田园大拌菜 麻辣水煮鱼
鲜友汇三汁焖锅(大裕城店),https://www.dianping.com/shop/l6MX4X5MRuKlJBrL,191条评价,人均-,茶树菇 鸡翅 焖培根卷金针菇
云都大酒店,https://www.dianping.com/shop/HaFOVcvjDZMYQtlc,14条评价,人均-,老式炝锅大鲤鱼 酸辣肚丝汤 烩面
富鑫猪肚鸡,https://www.dianping.com/shop/k5nSPH3ir7XUro6f,162条评价,人均￥42,猪肚鸡 瓦煲腊味饭 腊味煲仔饭
丽江味道斑鱼庄,https://www.dianping.com/shop/iBnxk47bgOG2mSIE,112条评价,人均￥55,斑鱼 蘸料 农家土锅盔
全中合串串香(方城店),https://www.dianping.com/shop/l5Zggjj7YYar0kRx,86条评价,人均-,乌苏啤酒 特色串串 荤素串串
一人一锅29自助火锅,https://www.dianping.com/shop/E3ZAZAMY4JbPacJ6,15条评价,人均-,一锅自助
豫湘阁小鲍烧烤(方城店),https://www.dianping.com/shop/H4viuYvp7aFjH84S,1条评价,人均-,麻辣小龙虾 西兰花 麻辣钉螺
民族大院(方城店),https://www.dianping.com/shop/ijfZFFmLnW5VSsWr,4条评价,人均-,炝锅鱼 酱牛肉 西北羊肉片
李家渔坊(方城店),https://www.dianping.com/shop/G1OnvPF4EVoRji85,4条评价,人均-,
三骨汤削面(方城总店),https://www.dianping.com/shop/G8iyEVq8pPaXWURN,8条评价,人均￥1o,
重庆巴香鸡煲香辣馆(方城店),https://www.dianping.com/shop/laNHRW6DP5uhGg3s,24o条评价,人均￥37,
重庆巴爷香辣鸡煲(方城分店),https://www.dianping.com/shop/HalyRzVaH7Yf0u5w,2条评价,人均-,
糖小团,https://www.dianping.com/shop/G90UUOSftmREFfX3,1o条评价,人均-,
