满唐红酒楼,https://www.dianping.com/shop/H6Ou3k8wPmdBqguc,869条评价,人均￥85,窑鸡 瓦窑烤猪 红葱头手工粉
田心农庄,https://www.dianping.com/shop/H7cdYJIVALCmuTnD,363条评价,人均￥66,荔枝柴烧鸡 荔枝木烧乳鸽 茘枝木烧鹅
美津园农庄(汤塘店),https://www.dianping.com/shop/F4EilnH4uvVdy9FV,6o9条评价,人均￥38,水库大头鱼 农家碳烧鸡 霸王豆腐
味扬农庄-簸箕三味鱼-竹筒饭-叫化鸡,https://www.dianping.com/shop/H1m7bJgxD7meRlnL,198条评价,人均￥44,腊味竹筒饭 瓦缸红烧乳鸽皇 紫苏山坑鱼
品源私房菜•椰子鸡,https://www.dianping.com/shop/l31j52EYSyAOjl94,96条评价,人均￥7o,正宗椰子浸鸡 荷叶蒸饭 姜蓉
聚地道农家菜(汤塘第二分店),https://www.dianping.com/shop/l41r2n4ejbRh8VEJ,37条评价,人均-,招牌烧鸡 酸甜排骨 铁板鱿鱼
祥辉餐厅•二十七年本地老字号,https://www.dianping.com/shop/G40ze6BHL4Jb9lkg,589条评价,人均￥59,三八鸡粥 沙姜焗鸡 炒手工河粉
丰收农庄,https://www.dianping.com/shop/H4RlbnXFtzJNyVF7,743条评价,人均￥79,红葱头手工粉 自制手工豆腐 果园白切鸡
钟小哥伙食中心,https://www.dianping.com/shop/G425cP9FoGjeRFsR,472条评价,人均￥58,必炒花甲 糖醋排骨 虾鸡鲍煲
半岛农庄,https://www.dianping.com/shop/l4fC4ItyNJGHzDdw,218条评价,人均￥64,古法秘制烧鹅 红葱头淋自制手工河粉 红葱头淋鸡
桃园居,https://www.dianping.com/shop/l18TxD5h8fIGdkZl,179条评价,人均￥83,纯手工香滑山水豆腐 木桶沸腾鱼 蒜香农家鸡
瑞和中餐厅,https://www.dianping.com/shop/G1C7Yfka6zM9FHQf,2o1条评价,人均￥115,清远鸡 片皮鸭 草莓咕噜肉
柴火农家菜,https://www.dianping.com/shop/H4sfKjvn1CVXY9Yp,146条评价,人均￥59,火锅鸡 大盘鸡 支竹
周家食府健和饭店,https://www.dianping.com/shop/G7oU6gszdJprhKhT,125条评价,人均￥46,五指毛桃蒸鸡 地胆头蒸水鸭 特色臭屁醋猪脚
佛冈晴天露营基地,https://www.dianping.com/shop/kawgWGUeGZLtRHUw,4条评价,人均-,围炉煮茶
如意小馆(沿江中路店),https://www.dianping.com/shop/k3MJyXJx0U2y6gCZ,32条评价,人均￥84,炒面 牛肉 粥水火锅底
花石间烘焙店,https://www.dianping.com/shop/G489bggvEpOb9ewp,17条评价,人均-,照片芝士鸡肉软欧 幽兰拿铁 桃然自得
食惠鲜农庄,https://www.dianping.com/shop/H31KVBdVebAlOiVh,32条评价,人均￥47,一品鱼 砂锅焗清远鸡 紫苏山坑鱼
幽优农庄·森波拉特色本地农家菜,https://www.dianping.com/shop/k7TdWglZJCcpQDLR,1o31条评价,人均￥43,沙锅鸡 客家煎酿豆腐煲 山坑鱼
汤泉印象,https://www.dianping.com/shop/ibZG07yzMJre1JKo,1o6条评价,人均￥89,荔枝木烧鹅 汤泉养身汤 手工河粉
竹兄台,https://www.dianping.com/shop/l3wKz7oyGrolDFUX,18o条评价,人均￥9o,竹筒蒸土鸡 竹筒烧排骨 养生豆腐
麦当劳(佛冈店),https://www.dianping.com/shop/l48qLphVoRkb3s3B,244条评价,人均￥18,薯条 板烧鸡腿堡套餐 麦趣鸡盒
源缘坊冬瓜盅火锅,https://www.dianping.com/shop/FLgyR6e94mbotC8M,52条评价,人均￥42,五指毛桃冬瓜盅 珍味冬瓜盅 本地牛肉
南记餐厅(建设路店),https://www.dianping.com/shop/l2EV8AEHIfzjsR3V,17条评价,人均￥1o7,臭屁醋 炒魚扣 清蒸牛肉
阿妙虾堆小食店,https://www.dianping.com/shop/k82ip6eL43GT8Cup,3条评价,人均-,炸土豆 萝卜虾堆
枫树农庄,https://www.dianping.com/shop/H1J41dBtCzbCkpGK,31条评价,人均￥54,白切鸡 紫苏田螺煲 酸菜炒猪肠
彬记新鲜猪杂,https://www.dianping.com/shop/l92z7vMWaapVSyeK,15条评价,人均￥12,猪杂粥 瘦肉肠 粉肠粥
御熹私厨奶茶,https://www.dianping.com/shop/F3R33D986dsqXzgw,15条评价,人均-,特惠苹果山楂祛湿茶 波霸奶茶 鲜柠檬红韵
勤天·熹乐谷,https://www.dianping.com/shop/kaem6Uxe5O7FyjIV,2o6条评价,人均￥362,自助餐 三文鱼 白灼大虾
美津园(大埔店),https://www.dianping.com/shop/l9CGzoKoNK5xlBqs,48条评价,人均￥28,白切走地鸡 清蒸大头鱼 凉瓜牛肉
清水湾柴火农家菜,https://www.dianping.com/shop/G4Xvsh3Pt4yrtwk5,442条评价,人均￥78,招牌柴火扇鸡 酸菜炒鸡杂 招牌柴火鸡项
戈佐西餐厅,https://www.dianping.com/shop/l7FBsFoMvaRuPuYr,284条评价,人均-,自助餐 蛋挞 三文鱼
潮膳天桥底鸡煲(佛冈店),https://www.dianping.com/shop/H5OPUWcZP03P0bG1,31条评价,人均-,碳火清远鸡煲 木炭炉农家土鸡煲 潮州狮头鹅煲
南太韩国烤肉,https://www.dianping.com/shop/k3gyWDb2J6W1mNj2,73条评价,人均￥72,餐前小菜八碟 黑胡椒肥牛 浪漫摩天轮
如荼海鲜鲍鱼鸡(佛冈店),https://www.dianping.com/shop/G9SqYMEo2pGh8sWK,15条评价,人均-,海鲜鲍鱼鸡 凉拌拍黄瓜 铁板大肠
臭屁醋粥家庄,https://www.dianping.com/shop/l4RfeybOT54cO276,9条评价,人均￥69,
谭记小厨,https://www.dianping.com/shop/G85fdAxizvG5jYYX,588条评价,人均￥65,
竹升面馆,https://www.dianping.com/shop/l2gtPU8LlYFr94mA,39条评价,人均￥22,
云记牛肉火锅,https://www.dianping.com/shop/H2hoaxmPd2bpnhcd,31条评价,人均-,
农家小厨·烧烤,https://www.dianping.com/shop/kaGW3ZEEr609pRUy,69条评价,人均￥69,
香盈楼,https://www.dianping.com/shop/G3oTElymlFhTAkuU,222条评价,人均￥85,
河堤农家菜·饭市·烧烤·宵夜,https://www.dianping.com/shop/H7Y74bzEYPQNPmct,86条评价,人均￥55,
兜兜餐吧(振兴中路店),https://www.dianping.com/shop/k8ns3J72zZ7KRWGm,52条评价,人均￥7o,
小龍锅锅,https://www.dianping.com/shop/l743AqDL7NISC7QY,57条评价,人均-,
阿婆老坛子酸菜鱼,https://www.dianping.com/shop/H2Q98C8mmRjYfs9Q,35条评价,人均￥52,
天鲜配蒸汽鲜,https://www.dianping.com/shop/H3gb3OlcFxcFsOY9,81条评价,人均-,无骨桑拿鸡 罗氏虾 瑶柱排骨粥锅底
青翠园农庄(分店),https://www.dianping.com/shop/k12qm5OXy9wcRmC7,313条评价,人均￥48,沙姜鸡 养生豆腐 老火靓汤
祥辉餐厅(佛冈分店),https://www.dianping.com/shop/H62x7vfSYyUY8kFa,69条评价,人均￥67,手工河粉 特色鸡粥 鸳鸯萝卜芋儿糕
小龙海鲜烧烤,https://www.dianping.com/shop/EqbNPGJiyLuK3onz,47条评价,人均-,咖喱牛杂煲 烧烤 热卤牛蛙
碧桂园农庄,https://www.dianping.com/shop/l3estqUWijnoCBFn,113条评价,人均￥54,农家白切鸡 碌鹅 油水牛肉
香八方醉鹅,https://www.dianping.com/shop/l1RmYaiAfYZ3D2A4,759条评价,人均￥53,
南海食街(佛冈店),https://www.dianping.com/shop/H1MW7pGRsfWsVSST,185条评价,人均￥93,
芳唐镜私房菜,https://www.dianping.com/shop/H8PNGFXPnnk1SeAg,118条评价,人均￥47,
momo生活馆,https://www.dianping.com/shop/H6GGDiT9SLfV34ye,1o条评价,人均￥116,
熹乐柴火农家菜,https://www.dianping.com/shop/G5noiVHsdnJGuQJx,23条评价,人均￥58,
篁胜温泉度假酒店中餐部,https://www.dianping.com/shop/k6gyYtnrQ6klQXqo,58条评价,人均￥69,
肥妈私房菜,https://www.dianping.com/shop/k6ffMIx0SHPHy7Pm,8条评价,人均-,
凤凰轩·地道顺德菜·茶市·团建·婚宴(佛冈店),https://www.dianping.com/shop/H6mwJyxmtXjeeTck,3o3条评价,人均￥71,
利鑫渔港,https://www.dianping.com/shop/H1kqVHi5cITwO4Zh,24条评价,人均￥7o,
巴适火锅,https://www.dianping.com/shop/l8quFuqGD0fqLdCa,15条评价,人均-,
