徐家味,https://www.dianping.com/shop/k8J5YgQlvtYzslCg,299条评价,人均￥69,小笼米糕 臭鳜鱼 干锅香辣虾
金佬馆川菜(繁昌店),https://www.dianping.com/shop/H1dAAMJtvJj0aaz3,2341条评价,人均￥62,老坛酸菜鱼 卡夫牛排 蒜蓉粉丝凤尾虾
川中渝夫火锅(芜湖繁昌店),https://www.dianping.com/shop/kaKJJ0VsDlUtd8CQ,427条评价,人均￥143,一米肥牛 鱼籽虾滑 鲜脆毛肚
铁锅年代(繁昌店),https://www.dianping.com/shop/H4pIRvHSAwFOq7Gz,6条评价,人均-,农家土灶地锅 农家土鸡
伍子砂锅,https://www.dianping.com/shop/G8wyd4iJrG9XQXHl,49条评价,人均￥17,牛肉砂锅 三鲜砂锅 老鸭钞锅
楠溪农庄,https://www.dianping.com/shop/G4EghX40oG5xDe4O,34条评价,人均￥1o9,干锅老鹅 老鸡汤 小杂鱼
牛总店·贵州黄牛肉馆(繁昌店),https://www.dianping.com/shop/G9v6q7s1YYMHaj8T,18条评价,人均-,雪花牛肉 虾滑 蔬菜拼盘
余家老号火锅(繁昌总店),https://www.dianping.com/shop/k4N8KVk7SoG5BzPX,119条评价,人均￥79,鲜鸭肠 香炸酥肉 精选毛肚
味满楼品味餐厅(众毅名城店),https://www.dianping.com/shop/H6hVEVC0E5Yn3J76,2条评价,人均-,蛋黄蟹 红烧鸭 蒜蓉鲍鱼
百味鲜(渡江大道店),https://www.dianping.com/shop/iQrYD8yp3k97aOWe,8条评价,人均-,香辣蟹 生煎 干锅手撕卷心菜
老字号江家面馆,https://www.dianping.com/shop/G7gk3ZP4u6sdhU3G,14条评价,人均￥2o,
英雄留步烤肉(华亿旗舰店),https://www.dianping.com/shop/j6HHzcLz8J86UAS5,24条评价,人均-,
黑牛有道炭火烤肉·料理,https://www.dianping.com/shop/ECFNkGsknEvmIQvv,15条评价,人均-,
戰地烧烤(繁昌店),https://www.dianping.com/shop/G50QXkmDbWNiZ9AV,22条评价,人均￥72,
小菜园新徽菜(繁昌店),https://www.dianping.com/shop/l3LdURp7QyYlTnqO,8o条评价,人均￥55,
小菜园新徽菜(芜湖繁昌华亿店),https://www.dianping.com/shop/k1Q8ryAiCbWkmkmA,8条评价,人均-,红烧肉 地锅本仔鸡 情咖鸡翅
小龙坎老火锅(繁昌明珠广场店),https://www.dianping.com/shop/G3lQhl2hwlXhpIOw,156条评价,人均￥1o9,红糖糍粑 虾滑 胶原肥牛
谭鸭血老火锅(繁昌店),https://www.dianping.com/shop/l2bO0dpLlXUFUHQi,359条评价,人均￥1o8,谭公鸭血 精品鲜毛肚 谭公四宝
柴火灶饭庄(马仁奇峰店),https://www.dianping.com/shop/k3VYp2Jw99NvPnVw,34条评价,人均￥51,竹笋烧肉 柴灶红烧鸡 榨菜肉丝汤
玉兰面馆,https://www.dianping.com/shop/l8g5fXDWWnyzrf5g,2条评价,人均-,素炒面 蛋炒面 香肠炒饭
优美滋(繁昌店),https://www.dianping.com/shop/l7Q0tNEHNVthAwxl,885条评价,人均￥7o,亚太手撕包 欢乐颂蛋糕 英皇菠萝包
徽昌阁私宴,https://www.dianping.com/shop/ESHNe5J8epA0qaT7,3条评价,人均-,红烧鳗鱼 精品凉菜 精品地方特色凉菜
老潘面馆,https://www.dianping.com/shop/H4BYcUH0ZHtoT9Ju,4条评价,人均-,青椒肉丝面 蛋炒面 混沌
钱老大农家菜,https://www.dianping.com/shop/l2tQ6uO3jEWvnurj,158条评价,人均-,花甲 鸭胗 鸭膀
水浒烤肉(华亿广场店),https://www.dianping.com/shop/la659EPh8m7gvoHD,55条评价,人均-,李逵五花肉 孙二娘羊肉 蒜香鸡翅
马仁蒙古大营,https://www.dianping.com/shop/iCzg1QbgClhLfJB4,12条评价,人均￥45,铁锅鱼头 千岛湖土灶大鱼 农家土锅巴
第一锅羊蝎子火锅(繁昌店),https://www.dianping.com/shop/k4ydOeujubH5RV46,449条评价,人均￥58,酸梅汁 虾丸 蛋炒饭
蒙原炭烤羊腿,https://www.dianping.com/shop/k7WRZDBi9KmO8JwP,72条评价,人均￥5o,烤羊腿 皮蛋豆腐 烤羊排
林记荣合餐厅(繁昌店),https://www.dianping.com/shop/G5k3xMdAZjD291AJ,4条评价,人均-,山药木耳 椒盐香辣虾 烤牛筋
国武梅花糕鸡柳,https://www.dianping.com/shop/H6dzXIrzIJld5iMj,35条评价,人均￥16,鸡柳 奶油梅花糕 鲜肉梅花糕
老乡鸡(繁昌华亿广场店),https://www.dianping.com/shop/GabgMDWY7zZykwrC,281条评价,人均￥29,肥西老母鸡汤 葱油鸡 农家蒸蛋
肯德基(繁昌大润发店),https://www.dianping.com/shop/k6iqHj7SUwWLCO3o,52条评价,人均￥35,金沙咸蛋黄云朵蛋挞兑换券 新奥尔良烤翅 老北京鸡肉卷
重庆烤鱼,https://www.dianping.com/shop/H8oktZyZ5AG4ZqJl,9条评价,人均-,重庆烤鱼 特色凉面
古茗(繁昌大润发店),https://www.dianping.com/shop/H6wDIiwdMfYEiJoy,35条评价,人均￥14,超A芝士葡萄 布雷脆脆奶芙 芝士多肉桃桃
冯记大排档,https://www.dianping.com/shop/laB629iU6FRZak88,2条评价,人均-,辣子鸡 烤鱼 红烧鸡
嘎门口市井火锅(繁昌店),https://www.dianping.com/shop/H4oOCfJIhxYRFJtB,24条评价,人均-,
luckin coffee瑞幸咖啡(繁昌大润发店),https://www.dianping.com/shop/G4lqwuCkf51KwYmd,2条评价,人均-,
东北木火铁锅炖鱼村,https://www.dianping.com/shop/H8dX8uet3B7Cm3XB,14条评价,人均-,
串福人家,https://www.dianping.com/shop/k9Dt418I5qTMsZoO,12条评价,人均-,
老刁牛肉面馆,https://www.dianping.com/shop/ig5Ykq6VQUvEedSo,1条评价,人均-,
儒林食府(春谷路店),https://www.dianping.com/shop/ka7BpyidZKRnnxes,8条评价,人均-,
小高蒸饭,https://www.dianping.com/shop/kay7lT7uHOLkot2Q,1条评价,人均-,
优美滋(繁昌二店),https://www.dianping.com/shop/H860JELwPIx6bBd1,5o条评价,人均-,
马路边边串串香(繁昌店),https://www.dianping.com/shop/l4FDmeLen1czDcVL,192条评价,人均￥63,
00深井烧鹅,https://www.dianping.com/shop/l4GRcYgPZWKZusBD,62条评价,人均-,
周记麻辣香锅(芜湖繁昌店),https://www.dianping.com/shop/G3lDYPDqLGwIKAl3,3条评价,人均-,
横山黄牛肉,https://www.dianping.com/shop/ixLChjBA4619cjBJ,1条评价,人均-,羊肉锅仔 牛肉锅仔 乌鸡
左四吹麻辣香锅·冒菜(城市花园店),https://www.dianping.com/shop/G6jclCHKmcOi8gFg,,人均-,茼蒿 木耳菜 黄乳麻吉烧
幸运咖(繁昌店中心花园店),https://www.dianping.com/shop/H4AMrJNIIAaDyeEF,1条评价,人均-,手捣柠檬咖 鸳鸯拿铁 椰椰拿铁
繁昌大酒店·餐饮宴会厅,https://www.dianping.com/shop/k9rX3rFgOOIKa51v,25条评价,人均￥74,海鲜蒸蛋 芦蒿咸肉干丝 水果
老虎烧烤,https://www.dianping.com/shop/H5KR8GeWeNU5Zc3V,2条评价,人均-,美味碟鱼头 香辣蟹 锡纸豆腐
云南蒸汽石锅鱼(渡江大道店),https://www.dianping.com/shop/k6zcZoBkPWLENHXd,41条评价,人均￥45,小青菜 云南米线 手工面
苏皖庄园(繁昌店),https://www.dianping.com/shop/H44Ng9aBSdJT0L43,11条评价,人均-,二姐鸡爪 京城羊蝎子 二姐秘制虾
斗城老妈串串砂锅(繁昌店),https://www.dianping.com/shop/G7chEM3giy5D5fJy,28条评价,人均￥8o,鸳鸯锅 香辣牛肉 香菜牛肉
老乡鸡(繁昌迎春路店),https://www.dianping.com/shop/G17PpstdeRgEG7XL,139条评价,人均￥25,梅菜扣肉 农家蒸蛋 肥西老母鸡汤
陆小哥串串香火锅(繁昌店),https://www.dianping.com/shop/HazB5C2hzVx4e0zJ,8条评价,人均-,猪脑花 牛肉串 芸丝
古茗(繁昌中心花园二店),https://www.dianping.com/shop/F5fTvKjnXrutqdT4,5o条评价,人均￥15,大叔奶茶 杨枝甘露 布雷脆脆奶芙
茶百道(春谷路店),https://www.dianping.com/shop/G3d2OTDyfjQrAssU,15条评价,人均-,元气桃桃奶茶 芝士乌漆嘛黑 超级杯水果茶装
有意思复合式休闲餐厅(安徽荻港店),https://www.dianping.com/shop/G7bqDwl8ECMf7ftP,1条评价,人均￥31,刨冰 烤鸭膀
蜀三爷牛肉火锅(繁昌店),https://www.dianping.com/shop/l49RPITrkOTCTIA7,2条评价,人均-,玉浆黄牛肉 蟹棒 秘制酸梅汁
