小城大厨(佛坪店),https://www.dianping.com/shop/Fks34M313rXsP3Ps,8条评价,人均-,粉皮腊肉 泡菜小鱼 黄丝菌
巴老冒豆花冒菜(佛坪店),https://www.dianping.com/shop/k5Y0pea5uVLpRSNB,29条评价,人均￥22,豆花冒菜 小酥肉 香菜牛肉
金億餐馆,https://www.dianping.com/shop/G7ZDq0JgUxGtl7Y5,6条评价,人均￥38,粉皮腊肉锅巴饭 腊肉竹笋 粉皮腊肉
远稻亭,https://www.dianping.com/shop/k44IyvXyXA0wsakq,1o4条评价,人均￥49,泡菜魔芋 竹笋炒腊肉 竹笋炒肉
蜀和秦,https://www.dianping.com/shop/l6KLJ4QTLVp9Qo0S,2条评价,人均-,砂锅土豆粉 鸡汁砂锅
巴蜀石锅鱼,https://www.dianping.com/shop/GacHcyesSAZ8i0fF,6条评价,人均-,巴蜀椒麻鱼 石锅鱼（香辣味） 麻辣水煮鱼
原朴市井火锅,https://www.dianping.com/shop/l7mNGdP4A0wIOB8f,2条评价,人均-,鸳鸯锅 烤鱼 肥牛
佛坪县一锅炖,https://www.dianping.com/shop/H361zHYm2Q811F8N,,人均-,
重庆辣嫂,https://www.dianping.com/shop/laq7vkKQ4CDh8JrL,1条评价,人均-,手工虾滑
西蜀印象(老街店),https://www.dianping.com/shop/iyT1iSX5AAiDZeM6,8条评价,人均-,香菜牛肉1 小郡肝 五花肉
川香楼,https://www.dianping.com/shop/H5WUym49Ac9j0ftF,89条评价,人均￥49,粉皮腊肉 竹笋炒肉 椒盐小黄鱼
华燃居土灶柴火鸡(黄家湾路店),https://www.dianping.com/shop/G7fC4IHnwWih7Vkx,5条评价,人均-,腊排骨 土鸡
蜀王氏现捞鸭脖,https://www.dianping.com/shop/G4wpcAL6hM1YrlNl,1条评价,人均-,酸菜面 卤粉 粉皮炒腊肉盖饭
陶利面馆,https://www.dianping.com/shop/l9GxfObqqhvD2IsI,3条评价,人均-,清汤牛肉面 炒拉条子 炒刀削面
百姓火锅(府前街店),https://www.dianping.com/shop/k9dT2SvyvgfbnqpJ,1条评价,人均-,
百鸟山庄,https://www.dianping.com/shop/k6iljFSnm0MOzMyw,1条评价,人均-,馕 菜包
食全食美(迎宾路店),https://www.dianping.com/shop/l4xLFryn1ERCUHrc,1条评价,人均-,青椒肉丝锅巴饭 辣子鸡丁锅巴饭
真味鲜面馆,https://www.dianping.com/shop/laegY9dyBxBoeuBT,,人均-,
山城饭庄(迎宾路店),https://www.dianping.com/shop/l73bs33xUtPWjVWX,3条评价,人均-,竹笋炒腊肉 土豆片回锅肉
久香农家,https://www.dianping.com/shop/HauQcCZ5p6xg3SGa,,人均-,
火盆烧烤,https://www.dianping.com/shop/HaWQEcS436DNTlZe,,人均-,
老潼关肉夹馍杭州小笼包,https://www.dianping.com/shop/G8nzDMfECMwJOI7n,,人均-,
签食尚,https://www.dianping.com/shop/H6RKfslhU2o54DHJ,,人均-,
秦岭山珍,https://www.dianping.com/shop/G29wP5qzZAaV10oP,,人均-,
乐麦客(NO.068),https://www.dianping.com/shop/H2RARTB4eYhLrJ7Y,,人均-,
渝老头串串香,https://www.dianping.com/shop/iglIaBkKYLDRz6fh,,人均-,
农家菜,https://www.dianping.com/shop/GazeGZRK5DXbaZlt,6条评价,人均-,瓦香鸡 粉蒸肉 粉皮腊肉
深巷子面皮店,https://www.dianping.com/shop/iiBGGccgnxziYzqD,2条评价,人均-,半干米皮
渝香一锅,https://www.dianping.com/shop/H8H1IUPrxOlZ9CYD,,人均-,
翠翠小吃店,https://www.dianping.com/shop/k4sw3iXv8WCFXqRt,,人均-,
旺胜达尚品牛锅牛骨火锅(西蜀印象砂锅火锅),https://www.dianping.com/shop/l9r40brW2eurNyYM,1条评价,人均-,巴骨牛肉锅底 牛杂
大众餐饮(河堤街店),https://www.dianping.com/shop/HanEAwOUgpKIYNKd,1条评价,人均-,
狮串天火锅,https://www.dianping.com/shop/k4FTs6j6W06qXpMa,,人均-,
老上海糕点房,https://www.dianping.com/shop/G3oecM3SmJStimTH,,人均-,
李银芳小吃店,https://www.dianping.com/shop/k5F1ltgIcb4tJHcx,,人均-,
全香餐馆,https://www.dianping.com/shop/k96edh0Wbn9N6nLO,66条评价,人均￥38,土豆干炒腊肉 酸辣魔芋丝 鲜笋炒肉
骨汤麻辣烫(河堤街店),https://www.dianping.com/shop/k7X2S4il6cfvkb3z,2条评价,人均-,麻辣烫
面皮小吃店,https://www.dianping.com/shop/jEqZm0d1X6bnios3,,人均-,
老地方音乐餐吧,https://www.dianping.com/shop/G9KiYZK97hhbEE25,1条评价,人均-,爆炒鸡爪
牛骨牛杂火锅,https://www.dianping.com/shop/l9zatXBgy9VvpaLj,,人均-,巴骨牛肉火锅
君再来餐馆(河堤街店),https://www.dianping.com/shop/l85fsJp4VlhOIbJD,18条评价,人均￥34,小河鱼 豆食回锅肉 粉皮炒腊肉
岐山臊子面(河堤街店),https://www.dianping.com/shop/k5HieeDCuXKR7Wbw,5条评价,人均￥17,臊子面
兴红小吃店,https://www.dianping.com/shop/k8f5aajS3ETINleU,1条评价,人均-,米皮 菜豆腐
欣源琴餐厅,https://www.dianping.com/shop/l1pplufXY3QYxvIR,,人均-,
川娃子家常菜(新街店),https://www.dianping.com/shop/H6qr8T3RHDd8Iq7v,9条评价,人均￥45,泡菜小鱼 鲜笋炒肉丝 炒土豆丝
汪家面皮,https://www.dianping.com/shop/laaOYZ8N8dKvLWox,1条评价,人均-,玉米粥 热米皮 鸡蛋
农贸市场,https://www.dianping.com/shop/H3Vby8jQLBNa0JNc,,人均-,
临溪而渔,https://www.dianping.com/shop/l9MPjWr3oEQTr1XE,6条评价,人均-,花椒鱼 功夫土豆片 肥肠土豆
丹丹烧烤,https://www.dianping.com/shop/G4BFxOv8HbQU7pZD,3条评价,人均-,
巴老冒豆花冒菜(陈家坝店),https://www.dianping.com/shop/k8M0Chroxrb2F7xn,,人均-,豆花冒菜
山城小炒,https://www.dianping.com/shop/H6m4AyTfuLAyO8tZ,2条评价,人均-,
辣时代,https://www.dianping.com/shop/l6NoWHttewCsFpbz,,人均-,
古道明珠,https://www.dianping.com/shop/l16iK6yH68dulyKQ,,人均-,
辣天下,https://www.dianping.com/shop/H3JbDXUDALuSzYFX,,人均-,
熊猫餐厅,https://www.dianping.com/shop/k5GTMKTvbcAOJWpY,11条评价,人均-,竹笋炒肉片 热凉皮 熊猫包
秦一味面馆,https://www.dianping.com/shop/l2XOhfP2FSiEpKNl,,人均-,
御膳坊餐馆,https://www.dianping.com/shop/l1gBLALKk0qVgkDn,3条评价,人均-,
仓房串串,https://www.dianping.com/shop/H3UPgQzgOp0QrksG,,人均-,
栗椿园农家,https://www.dianping.com/shop/H9wxhOu4VWyZLpTW,1条评价,人均-,浆巴饼
川香园熟食城(新街店),https://www.dianping.com/shop/laEIVijUtb2By0QH,,人均-,
