山房舍宴(凤凰郡店),https://www.dianping.com/shop/l7bedN7mddFlTzyI,72条评价,人均￥119,金牌海鲜烩金米 药膳土鸡汤 特色煎黑豆腐
醉美乡村,https://www.dianping.com/shop/k3lL9lOm3NNQsHSv,1o1条评价,人均￥65,房县蒸卷卷 手撕大白鱼 魔芋
京炉鲜牛肉火锅(房县店),https://www.dianping.com/shop/H2wwS1RQVhzd6tPY,1o条评价,人均-,匙柄 吊龙 雪花
秦巴故里(房县店),https://www.dianping.com/shop/k2HrFBPhoo5ibVhg,67条评价,人均￥56,房陵一锅鲜 重庆烤鱼 干锅基围虾
姥姥家(房县店),https://www.dianping.com/shop/H8HzPCzhObgB9OQR,178条评价,人均￥5o,香芋排骨 姥姥下饭菜 酸菜鱼
黄三爷牛杂火锅(房县店),https://www.dianping.com/shop/l6CjQyOylUSMfksM,197条评价,人均￥61,黑椒嫩牛肉 现切肥牛 黑毛肚
襄阳丁老五牛杂馆,https://www.dianping.com/shop/i2iQRvxlbftrFszc,2条评价,人均-,臭豆腐烧肥肠 西红柿蛋汤 温州鸭舌
半山柴院,https://www.dianping.com/shop/k9MAWLhztost4EOd,6条评价,人均-,生炒仔鸭 酸豆角煨猪血 卤件拼盘
卢氏大骨砂锅面(瑞福公馆店),https://www.dianping.com/shop/G5XRZmXYlxA5IxKC,4条评价,人均-,砂锅牛肉米线 砂锅牛杂米线 绿豆汤
自家院子,https://www.dianping.com/shop/G2mLx0ZVQsSJt5OC,8条评价,人均-,红柳羊肉串 擂辣椒筒子骨 砂锅焗肥肠
蔡林记(十堰房县店),https://www.dianping.com/shop/l4NLFxgqfZ7V5pNY,18条评价,人均￥23,
老炭头特色烤牛肉(房县店),https://www.dianping.com/shop/H6PjVlfQYBioF4Ru,123条评价,人均￥8o,
月满大江经典成都火锅(房县店),https://www.dianping.com/shop/k9RY8WFihkftdaUO,75条评价,人均-,
渝味小酒馆(恒通大厦凤凰山路店),https://www.dianping.com/shop/l8bzpAw0npnkdofD,3条评价,人均-,
老街坊,https://www.dianping.com/shop/l1TOgnZjhNeDTwKt,9条评价,人均-,
麻小度青花椒鱼火锅(房县店),https://www.dianping.com/shop/l8KmBIo1VPBLCACQ,3条评价,人均-,青花椒鱼 面筋
豪客嘉族火焰牛排(房县店),https://www.dianping.com/shop/G1h8EnPN1l4BWtyn,151条评价,人均￥53,豪客牛排 小炒黄牛肉 特级西冷牛排
房州御品(新时代广场店),https://www.dianping.com/shop/k7f9kYI1sqKABslS,6o条评价,人均-,快炒黄牛肉 条子肉 手撕包菜
李二鲜鱼村(房县店),https://www.dianping.com/shop/H7qo2U3QWUIL5vj8,585条评价,人均￥47,酸菜鱼火锅 金针菇 花饭
上席家宴,https://www.dianping.com/shop/l1SqUYiIKJ3I1C5g,1条评价,人均-,东坡肉 辣子花螺 桂鱼
鸡公虾婆(房县店),https://www.dianping.com/shop/H4twbJOZlcxlSsrb,166条评价,人均-,脆皮虾干锅 酸梅汁 牛肉丸
合炙烤肉(房县寿康店),https://www.dianping.com/shop/G8yOvVeEetx0BQGZ,27条评价,人均-,薄切猪五花 铁锅牛肉拌饭 元气骰子牛肉
东北伍毛撸烧烤,https://www.dianping.com/shop/l8Th8Es1bHGL9XnN,8条评价,人均-,铁板鲫鱼 东北蘸酱菜 凉拌毛豆
兄弟爬爬虾(房县店),https://www.dianping.com/shop/l2bwyC2TylvSQpMN,249条评价,人均￥84,爬爬虾 绿芥花螺（白灼） 油焖大虾
咱家大锅台,https://www.dianping.com/shop/l4vdfHy8SURCt7iy,7条评价,人均￥46,油炸花生米 凉拌毛豆 香菜拌牛肉
梁记粥铺(房县店),https://www.dianping.com/shop/G5PfgURBiefPUdFm,53条评价,人均￥56,
寻香记,https://www.dianping.com/shop/H3GEWmBbeDqyGiYW,2条评价,人均-,
捉鸭记吮指鸭爪爪干锅(房县未来城店),https://www.dianping.com/shop/k9neGQ0ZnrNSYkY5,19条评价,人均-,
甲天下烧鸡公(房县店),https://www.dianping.com/shop/G8kQc1JXyoB66Lns,66条评价,人均-,
金厨饭香(瑞富未来城店),https://www.dianping.com/shop/k4HxUGmrKYR7YzBo,82条评价,人均-,
牛掌柜家宴馆,https://www.dianping.com/shop/G2NhvqjfrKBa5U4z,1条评价,人均-,生蚝 捞汁蟹钳 手撕干鱿鱼
老舍茶馆(西关印象店),https://www.dianping.com/shop/H1oKX9KWIGWleJEs,31条评价,人均-,招牌北京烤鸭 牛三鲜 养生菌汤
朋泉聚密宗川菜,https://www.dianping.com/shop/l5PH0b6o7zGJvkzC,7条评价,人均-,手抓羊排 重庆毛血旺 茶油炒土豆片
维多利亚西餐厅,https://www.dianping.com/shop/k7oFNcFSyIHNDjJU,3o8条评价,人均￥78,鲍汁霸王豆腐 黑椒汁牛排 杭椒老鸭煲
蓝咪滋烘焙(新时代广场店),https://www.dianping.com/shop/k3njN5DS7qEGRCV2,1o条评价,人均-,芭蕾之圆舞曲 奶油蓬蓬裙 泰国椰香包
肯德基(城关镇南街店),https://www.dianping.com/shop/H9FWcyIRm7WZb5Sz,21条评价,人均-,新奥尔良烤翅 薯条奶茶两件套兑换券 香辣鸡翅
陈氏烧鸡公(房县店),https://www.dianping.com/shop/H2hfy9IC9mH1V59k,39条评价,人均￥5o,陈氏烧鸡公 陈氏烤全鱼 石锅烧甲鱼
优瑞滋蛋糕,https://www.dianping.com/shop/k8F78Y9H5O4sXp8S,94条评价,人均-,芒果千层 金牌南瓜吐司 芝士三明治
大骨面(人和路商业街店),https://www.dianping.com/shop/HafWGPkKp6abWUXN,1条评价,人均-,
快乐神(面食•炒菜•仁和店),https://www.dianping.com/shop/k7kv7RQVlZqATC0Q,1条评价,人均-,缤纷西柚茶 缤纷柠檬茶 缤纷珍珠奶茶
津东方肥牛王时尚自助火锅,https://www.dianping.com/shop/l5lecxIpWXfejynS,454条评价,人均￥31,
XILETEA喜乐鲜茶,https://www.dianping.com/shop/k34yuXqs0bS8E3Hj,1条评价,人均-,
房陵第一佳锅巴饭,https://www.dianping.com/shop/l9rgfZirLefZRJaH,2条评价,人均-,
食味坊美食城,https://www.dianping.com/shop/H2DxxeM88lWvWSFj,1条评价,人均-,
重庆崽儿火锅(房县寿康店),https://www.dianping.com/shop/H1b2Z3uNaIbbq8ES,135条评价,人均￥99,
阿苏婆剁椒猪脚饭(房县店),https://www.dianping.com/shop/Gaeg1hg8oxRMk5Yf,1条评价,人均-,酸豆角肉沫剁椒拌饭 梅菜扣肉剁椒拌饭 肉沫茄子剁椒拌饭
喵小岛,https://www.dianping.com/shop/l2hivTXHTWkD58Y8,,人均-,芝芝芒果 巧克力瑞士卷 芒果雪媚娘
沙县小吃(东城路店),https://www.dianping.com/shop/k3N0mfrJGz8eE1Lu,2条评价,人均-,玉竹老鸭汤 人参土鸡汤 鸡蛋炒河粉
九道神农家宴,https://www.dianping.com/shop/Ga4aPfOW8Os9Sgub,1条评价,人均-,臭豆炒腊味 农家小炒肉 麻辣豆腐
美津烧烤(房县店),https://www.dianping.com/shop/l1uCOpSVx4PeynjC,8条评价,人均-,烤土豆 宜城大虾 炒面
九道农家菜馆,https://www.dianping.com/shop/Ga6wjGOXeId46QYR,3条评价,人均-,
大润发美食城,https://www.dianping.com/shop/H91zbzBm2GCUq9Be,3条评价,人均-,
蜀三牛小郡肝串串香,https://www.dianping.com/shop/H3aMZrxmLSRL1TIl,19条评价,人均-,
正新鸡排(房县步行街店),https://www.dianping.com/shop/l5OhWO2Qy43x9I0G,5条评价,人均￥14,
红辣椒(房县店),https://www.dianping.com/shop/l4lvPD4oepHOYXlV,5条评价,人均-,
茶百道(房县步行街店),https://www.dianping.com/shop/l4AAbcw0dtaUKRa3,89条评价,人均￥15,
陵洲国际大酒店,https://www.dianping.com/shop/G5h29wNHbqH21ekm,5条评价,人均-,
襄阳牛肉牛杂面(恒通大厦店),https://www.dianping.com/shop/kaW78T3oYE89UtI3,1条评价,人均-,
香辣坊蟹虾(房县店),https://www.dianping.com/shop/k7ujEf7m3EXgNLuU,36条评价,人均￥39,
开心小站(房县店),https://www.dianping.com/shop/k8cFVTT7aAEnhIXc,29条评价,人均-,
