四方格火锅,https://www.dianping.com/shop/G4z3MKSXB2yMM4Wq,663条评价,人均￥68,乌鸡卷 精品肥牛 火锅川粉
茉莉餐厅(郸城店),https://www.dianping.com/shop/G365Kt7NlqHI0ljz,35条评价,人均￥78,糯米仔鸡 茉莉焗红薯 金牌鸡爪
谭鸭血老火锅(郸城店),https://www.dianping.com/shop/k1kJzWJ99FJh2n0G,17条评价,人均-,麻辣牛肉 谭公鸭血 鲜牛黄喉
重庆德庄火锅(郸城县新华路店),https://www.dianping.com/shop/k4PpRooyIbNtimBy,4o8条评价,人均￥59,德庄毛肚 德庄嫩牛肉 德庄嫩鸭血
花溪月·黑牛烤肉料理,https://www.dianping.com/shop/H4TordgPApfg0Dn6,37条评价,人均-,招牌黑牛雪花肥牛 秘制调味梅花肉 黑牛板腱牛排
1+1蛋糕房(广场店),https://www.dianping.com/shop/l3UmdElN3tN4Tk02,577条评价,人均￥41,欧式水果蛋糕 小蛋糕 蛋挞
喆韩式烤肉料理·年糕火锅,https://www.dianping.com/shop/H3clCtwUHBJbe5fg,183条评价,人均-,芝士焗拉面 加拿大3A牛上脑 鱼豆腐
厚德一家亲鲜虾坊(郸城总店),https://www.dianping.com/shop/la7LQVtohWKDSknB,29条评价,人均￥55,香辣虾小锅 天豫粉条 精品五花肉
聚德轩自助音乐餐厅(人民路店),https://www.dianping.com/shop/kaNrvuL3pEyEhUgR,637条评价,人均￥57,花蛤 烤肉 火锅
咕咕家,https://www.dianping.com/shop/k1PVN1IvwZzFpRRL,1o2条评价,人均￥49,无骨炸鸡 海鲜面 金枪鱼饭团
喵鲨豆花鱼火锅(郸城店),https://www.dianping.com/shop/H7RfNEe36Rxq2yXw,62条评价,人均-,宫保鸡丁 养生花胶汤豆花鱼 红油香辣豆花鱼
牛博士烤肉,https://www.dianping.com/shop/l4K4YeP329SotNNd,31o条评价,人均-,烤面包 极品五花肉 小料
无限量自助火锅烤肉,https://www.dianping.com/shop/k7YTpEd0XUcvq7Fr,69条评价,人均-,鱿鱼 蘸料 涮锅
诸葛渔家生态烤鱼(郸城店),https://www.dianping.com/shop/kaIaicQ3iefj7JuI,332条评价,人均-,鸡汁杏鲍菇 手工面 翡翠青椒味
姐弟俩土豆粉(实验中学店),https://www.dianping.com/shop/k437mJzvHeAgwhpI,31条评价,人均￥24,麻辣两掺 螺蛳土豆粉 经典原味
小猪查理川式自助烤肉(郸城店),https://www.dianping.com/shop/G3i31XY1tuZRGQW8,63条评价,人均-,霸王五花肉 鸡软骨 原切后臀肉
富士山下和风料理,https://www.dianping.com/shop/k2lILVo2mnFC1cGh,9条评价,人均-,综合天妇罗 火炙鹅肝手握 獭祭720ml
渝夫虾滑火锅(郸城店),https://www.dianping.com/shop/l2rwF6YJnZzSkYaF,4o条评价,人均-,渝夫虾滑 熊猫笋 乌鸡肉卷
羊蝎子老店,https://www.dianping.com/shop/G2GWDRU35SmYW1M2,2条评价,人均-,酱香羊小排
巴庄重庆火锅(郸城店),https://www.dianping.com/shop/G6Gw7uM7QwEhOUFh,18条评价,人均-,巴庄毛肚 藤椒小酥肉 德清虾滑
酒屋烧烤,https://www.dianping.com/shop/G3p62vC32QHcAfSP,1条评价,人均-,骨肉相连 羊肉串 牛板筋
罗家夜市,https://www.dianping.com/shop/G2B3cLX1RaDJZlzP,7条评价,人均-,虾尾 花甲 干煸鱿鱼
CoCo都可(郸城万和城店),https://www.dianping.com/shop/l1DWhstLHfdutLvT,,人均-,嘿芝麻生椰冰 嘿芝麻牛乳茶 鲜芋牛奶西米露
人和西饼(县医院店),https://www.dianping.com/shop/k4kf6NCyvxI94AxE,567条评价,人均￥42,慕斯切块 可可黑巧 欧式水果蛋糕
郸城县眷石坊餐馆,https://www.dianping.com/shop/l9jloI4UUuVqwH8o,1条评价,人均-,
锅大侠市集火锅(万和城店),https://www.dianping.com/shop/H2PpKZZD43TBvw7h,164条评价,人均-,招牌手工虾滑 厚切雪花肥牛 牛油鸳鸯老火锅
偶遇烧烤,https://www.dianping.com/shop/l8fy7RmnwWeq1W7c,14条评价,人均-,生蚝 蜜汁烤翅 羊肉串
和香料理(郸城店),https://www.dianping.com/shop/jFPViOmucHO9VLTZ,5o条评价,人均-,龙利鱼 火焰牛排 法式香煎鹅肝
烤肉学苑(万和城店),https://www.dianping.com/shop/G2Ub43sO6oiP0HL3,78条评价,人均-,招牌湘氏五花肉 鱼豆腐 美式培根
肯德基(新城国际店),https://www.dianping.com/shop/H5zVQRk1xsNdFGZ1,12条评价,人均-,香辣鸡翅 汁汁厚作牛肉汉堡 炸鸡两件套兑换券
秦云老太婆摊摊面(交通路店),https://www.dianping.com/shop/G3aH5PwLfjmzlYfy,395条评价,人均￥1o,重庆小面 碗杂面 精品牛肉面
乡村巧碗(广场南路店),https://www.dianping.com/shop/H6Jq8RCwGsxELnz7,9o条评价,人均￥1o,手工卷子 香椿鸡蛋 蛋炒土豆丝
幸福厨房,https://www.dianping.com/shop/H3JO4Y7XeflG8qcn,15条评价,人均￥45,农家油饼 铁板烧汁鱼 三菌炖肉燕
胡子塔鲍汁羊排虾火锅(郸城店),https://www.dianping.com/shop/G8MM7zZWQ3uJSdPJ,17条评价,人均-,鲍鱼汁羊排虾 香菇羔羊排 精品肥牛片
黄家白吉馍(府东路店),https://www.dianping.com/shop/k9HtjbX9kFgJYCXr,2o条评价,人均￥2o,白吉馍纯瘦 丸子汤 两掺
廣順興(郸城店),https://www.dianping.com/shop/l4LilaAJWFVM7GFG,15条评价,人均-,煲仔饭 经典猪肚鸡（中份） 烧鹅
家全居大酒店,https://www.dianping.com/shop/H5WMqQRNA7Na2fXu,36条评价,人均￥8o,西兰花 鱼香肉丝 香煎包
豫东名吃油茶 煎包,https://www.dianping.com/shop/H5jKrXkZCUUsXmdF,4条评价,人均-,煎包 油茶
半仙妖烤鱼(世纪大道),https://www.dianping.com/shop/l6prTa0udl6IoZoG,7条评价,人均-,九叶青花椒烤鱼 大叉烤肉 特色烤鱼
虎妮炒鸡(万和城店),https://www.dianping.com/shop/G3mUUq9KTba0CUxB,47条评价,人均-,虎妮炒鸡 虎妮乌鸡爪 开心冰粉
陈氏大虾(二店),https://www.dianping.com/shop/Hach54kvXWZetRr4,958条评价,人均￥49,陈氏大虾小锅半锅 金针菇 香辣大虾
1+1蛋糕房(一店),https://www.dianping.com/shop/k5uB3YeFKbEFawl1,8o6条评价,人均￥35,儿童蛋糕 斑斓蛋糕 欧式水果蛋糕
觅螺·螺蛳粉火锅,https://www.dianping.com/shop/l4knXl1Z66NL4t23,4条评价,人均-,鱼籽沙拉虾 鸭胗花 魔芋毛肚
麻辣森林牛肉鲜货火锅(郸城万洋国际商贸博览城店),https://www.dianping.com/shop/l3N0PX0n1GRL5e70,32条评价,人均-,锡盟羔羊肉 森氏虾滑 高钙羊肉
韩国烤肉料理(大广场安奇乐易店),https://www.dianping.com/shop/G2EpgnbVdz9Zs956,7o条评价,人均-,照烧鸡腿肉 秘制梅花肉 芝士焗虾滑
鸡公虾婆(万和城店),https://www.dianping.com/shop/H9rNoAMvaicbhPpH,114条评价,人均-,鸡公虾婆 鸭血 生菜
烧烤不打烊,https://www.dianping.com/shop/l4jqgbWnLaMA8Zhw,1o条评价,人均-,特色虾尾 羊肉串 鸭肠
谷万家八宝粥(郸城店),https://www.dianping.com/shop/iUxMxtrnXKlkGVOJ,1条评价,人均-,红枣山药粥 招牌八宝粥 骨肉相连
京豫食府,https://www.dianping.com/shop/l83nr7FKqz4QfECb,79条评价,人均-,荷香孜然羊肉 宫爆鸡丁 米酒汤圆
徐氏香辣虾,https://www.dianping.com/shop/k7tLAk61lKkg5Ggq,274条评价,人均￥41,香辣虾小锅 千张 生菜
泰曼咔·老挝冰咖啡·泰式奶茶,https://www.dianping.com/shop/k3nKIQIn5f9NMPva,3条评价,人均-,泰式手标玫瑰奶茶 老挝阿华田冰咖啡 柠檬海岛椰
朝天门火锅旗舰店,https://www.dianping.com/shop/H6vEXk6r1l2NomZi,154条评价,人均￥79,手切牛肉 手切小黄牛 麻辣牛肉
韩旭道芝士年糕火锅,https://www.dianping.com/shop/G2E1EEf4uWcPJMXC,53条评价,人均-,芝士火腿年糕锅 招牌三角饭团 虾滑蛋饺年糕锅
贤邻坊,https://www.dianping.com/shop/HaKRt2zGiB899oEA,7条评价,人均￥5o,菌邻天下 糯米香仔鸡 过桥羊排
宋都包子老店,https://www.dianping.com/shop/l8FLQr57sT6zuKVu,6条评价,人均-,豆角包 小米粥 牛肉包
潮味居,https://www.dianping.com/shop/l2HWawSy24NZQlma,1条评价,人均-,
人和西饼(新华路西段店),https://www.dianping.com/shop/k6rsFfgYdLIHTKya,1127条评价,人均-,
麻辣香锅(商贸城店),https://www.dianping.com/shop/Ga9C9i0ncNxbbzJy,862条评价,人均￥33,
提拉米蛋糕,https://www.dianping.com/shop/H9HzYOMtsC9pDhcm,1115条评价,人均￥36,
郸城中州国际温泉饭店,https://www.dianping.com/shop/H8Ob6F391GhJ2g4I,24条评价,人均-,
