南德一掌总店,https://www.dianping.com/shop/H7cI6BnHpvshUFMb,277条评价,人均￥6o,鸭脚板 面块 泡萝卜丝
莱忆八零·来凤鱼璧山兔(垫江店),https://www.dianping.com/shop/k90oI3NVsSpDaniU,8o条评价,人均-,招牌来凤鱼 特色尖椒兔 红糖炒汤团
高大姐垫江石磨豆花,https://www.dianping.com/shop/H6vs7QgeWw8JKJ2k,378条评价,人均￥43,豆花 红烧肥肠 粉蒸肉
小清迈,https://www.dianping.com/shop/HaFYA2VsoVqDw5Pm,3条评价,人均-,生腌虾
龙聚德北京烤鸭(垫江协信店),https://www.dianping.com/shop/H6UwhJpspNmYfqQA,1o13条评价,人均￥59,果木烤鸭 烤鸭半只 虫草花养生汤
金色宽宴火锅(垫江店),https://www.dianping.com/shop/E8jtc2JHbWaainJo,293条评价,人均￥58,屠场鲜毛肚 眉毛酥肉 鲜鸭血
之香唐(锦绣江都店),https://www.dianping.com/shop/k3EwflRHDXLW643h,187条评价,人均￥47,肉沫茄子 圆笼粉蒸肉 铁板牛肉
楠火锅(垫江店),https://www.dianping.com/shop/H7muUjuDxhAaiNaY,132条评价,人均￥77,耙鸡脚 刨冰系列 耙芋儿
陈蹄花(凤山路店),https://www.dianping.com/shop/H5KoTfWrgqv3owP8,79条评价,人均￥62,陈蹄花 烧椒嫩牛肉 农家锅边馍
沈家洪城老火锅(垫江店),https://www.dianping.com/shop/j2uzwW20FWBMpND1,936条评价,人均￥48,红糖糍粑 屠场鲜毛肚 嫩牛肉
绝味黯然销魂掌,https://www.dianping.com/shop/H9me5I8V4DMt8066,247条评价,人均￥43,销魂糯香掌 铁板包浆豆腐 销魂排骨虾
吊锅耗儿鱼(垫江店),https://www.dianping.com/shop/G1AIaMsB5kysecgC,26条评价,人均￥71,吊锅耗儿鱼 红汤耗儿鱼 干烧耗儿鱼
樊式嗨自助烤肉(垫江店),https://www.dianping.com/shop/G9slG0njEQiKLZmO,1o3条评价,人均￥56,自助烤肉 蒜蓉生蚝
米兰西饼生日蛋糕(垫江店),https://www.dianping.com/shop/EIGpMmljYjvhqMtv,33o条评价,人均￥1o7,浆果森林 父爱如山双层 提拉米苏
巴谷宿集,https://www.dianping.com/shop/G50sf3I4aJfHTHes,15条评价,人均-,春天第一鲜
飞蔦集,https://www.dianping.com/shop/G1j3AQjFBUkbXRqa,17条评价,人均￥83,山野下午茶 手打柠檬茶 拿铁
GANSO元祖食品(垫江明月店),https://www.dianping.com/shop/kat2zTPW8pYrcX49,79条评价,人均￥86,小西点卷单条 三角慕思 网红艾草大福肉松蛋黄味
香漫谷泰式小火锅(垫江店),https://www.dianping.com/shop/G8SxwHJNw7RkQ4w2,119条评价,人均￥35,番茄肥牛锅 招牌冬阴功汤 普吉岛布丁
鹅艺空间(垫江店),https://www.dianping.com/shop/G6yFCAYnsbn6JDWV,2o条评价,人均-,红腰豆 栗子鹅锅 剁椒鱼
喜来稀肉(垫江店),https://www.dianping.com/shop/G3nJyIFWPC4J8bUB,171条评价,人均￥77,猪五花 炒年糕 甜土豆泥
原始部落民俗烧烤(垫江店),https://www.dianping.com/shop/G1dTWRMhvj87GpDU,67条评价,人均￥58,精品五花肉 韩式粑粑肠 包浆豆腐
虾吃虾涮(垫江明悦天街店),https://www.dianping.com/shop/k5drY2YVBTSisLlP,43条评价,人均￥65,香辣大虾 麻辣大虾 特色嫩牛肉
菌林天下(牡丹湖店),https://www.dianping.com/shop/G2ucHyWmXAAITbk0,13条评价,人均￥78,豆花钳鱼 鸭肉双拼 蒸菜
九街淑芬掌中宝串串公司(垫江店),https://www.dianping.com/shop/l13xRBgMzaT6kPpn,167条评价,人均￥66,原味冰汤团 掌中宝 鸳鸯锅底
钢五区顾大姐小郡肝串串香,https://www.dianping.com/shop/k1fv67EgndBQNXCt,49条评价,人均-,特色小郡肝 麻辣牛肉丁 芒果牛乳雪花冰
如约烧肉与酒(协信星光天地店),https://www.dianping.com/shop/G5I8UgY1GTRA7YFW,128条评价,人均￥67,牛肉炒饭 厚切猪五花 盐葱薄切牛舌
炉之坊北京烤鸭(垫江店),https://www.dianping.com/shop/k7tkVyLwgWDJHgl8,438条评价,人均￥41,烤鸭 火爆鸭头 面皮
黑豆花美蛙鱼头(牡丹城店),https://www.dianping.com/shop/G4SmocJYAJiw4wl5,1o条评价,人均-,美牛蛙 黄辣丁
卤校长老火锅(垫江店),https://www.dianping.com/shop/jppwOrMP1MrQdXRf,237条评价,人均￥72,卤鸡爪 辣卤耙肥肠 辣卤耙牛筋
土家山珍·山珍爱上烤肉(垫江店),https://www.dianping.com/shop/G50kVRAe2v8XDZxg,9条评价,人均-,面块 小料自助 高原黄牛肉
牛忙烧烤,https://www.dianping.com/shop/FnBhjFOQlm4kTgn1,15条评价,人均￥56,薄豆干 烧烤 苕皮
周老头万州潼南太安鱼,https://www.dianping.com/shop/G9thIzONOjjpaOp2,28条评价,人均-,太安鱼 酱板鱼 麻辣鱼干
徐鼎盛民间菜(牡丹湖店),https://www.dianping.com/shop/l6MJKOmlu1u65K2t,15条评价,人均￥61,鼎盛飞龙鱼 鼎盛大刀烧白 泡椒黄喉
鲁西肥牛(垫江店),https://www.dianping.com/shop/H4YTqv2JTW3rIRPK,124条评价,人均￥7o,鲁西肥牛 富贵肥牛 草原小肥羊
炙轩碳烤肉,https://www.dianping.com/shop/H96DS1kvItaffbOh,54条评价,人均-,香辣五花肉 香辣苕皮 炭烤牛仔骨
江二野生菌养生馆汤锅,https://www.dianping.com/shop/k8ZDHVoGjtKEf0Of,25条评价,人均-,山珍蹄花 肥牛卷 山珍土鸡
明厨小味,https://www.dianping.com/shop/H50aSGN9fmqyZG2O,4o条评价,人均￥53,石锅生焖虾 特色粉蒸肠头 云阳渣肠子
吉布鲁牛排海鲜自助(垫江店),https://www.dianping.com/shop/HawW47brjoyBVWyV,628条评价,人均￥78,牛排 披萨 海鲜
渝欣欣扎皮蹄花,https://www.dianping.com/shop/k4xZJX8xzFkSIotC,4条评价,人均-,招牌蹄花 黄花
德克士(垫江店),https://www.dianping.com/shop/G9qPiHcZLkre5ev3,189条评价,人均￥35,椰香咖喱鸡腿饭 椰香咖喱鸡排饭 脆皮炸鸡
luckin coffee瑞幸咖啡(垫江重百店),https://www.dianping.com/shop/HaDdOBdmlK2zq1Cr,4条评价,人均-,生椰拿铁 樱桃黑巧瑞幸卷 橙之海生酪拿铁
一斗火锅·招财羊毛肚(尚品今典店),https://www.dianping.com/shop/G9Ks8AgBabIWge6l,7o条评价,人均￥56,招财羊毛肚 鸳鸯鲜虾滑 极品鹅肠
黑豆花美蛙鱼头(中央华府店),https://www.dianping.com/shop/k43ufhzOdsgkxZlQ,21条评价,人均-,美蛙黄辣丁 美蛙花莲麻辣锅底
徐鼎盛民间菜(垫江北门店),https://www.dianping.com/shop/k8ypN869nOIUISAf,15条评价,人均-,民间毛血旺 民间藕王汤 鼎盛飞龙鱼
怒火八零牛肉串串,https://www.dianping.com/shop/G6hJZDlXJmi8jJ6s,328条评价,人均￥112,冰汤圆 香菜牛肉 原味牛肉丁
乡村基(垫江明月二路店),https://www.dianping.com/shop/G5xBbZI9TRgDPLGv,395条评价,人均￥19,泡椒牛肉饭双拼 至尊铁板牛排 香菇鸡双拼
伙炉合作社,https://www.dianping.com/shop/kagawPyy6zoL0Twl,16条评价,人均-,粤式牛腩煲 干锅鸭翅 极品排骨虾
杨光会鲜货火锅(垫江店),https://www.dianping.com/shop/HaUFpmgZyKgaNG7p,41条评价,人均￥72,杨光会专业牛肉 现切吊龙 鲜毛肚
七年级三班,https://www.dianping.com/shop/k7WBYCp4mEEeFjHm,41条评价,人均-,卤香鸡爪 鸭肠 香菜牛肉串
锦尚鲜鲜菜自助火锅,https://www.dianping.com/shop/H89OvkybUOAzGCxY,9条评价,人均-,鸭肠 老肉片 肉丸
蔡豆花老磨坊垫江石磨豆花,https://www.dianping.com/shop/H3P07yTSqnKjNRjv,29条评价,人均￥22,烧白 豆花饭 油渣莲白
龙鸡公,https://www.dianping.com/shop/H8TyVEai0i7FRMu6,3条评价,人均-,干锅鸡 山胡椒红烧鸡 麦粑
土货重庆火锅(垫江店),https://www.dianping.com/shop/G6HJ1Z7157OTZQNN,242条评价,人均￥71,土货九大碗 屠场鲜毛肚 生扣鸭肠
垫江石磨豆花示范店(工业园区店),https://www.dianping.com/shop/k5Qc9Bs6wgSC3wwk,59条评价,人均￥51,三色豆腐花 豆花肥肠 罗汉黄焖鸡
巴尔虎蒙古大营(垫江店),https://www.dianping.com/shop/G7copvc4iOhX0WcV,,人均-,烤羊腿 蒙古烤羊排 蔬菜菌菇拼盘
垫江石磨豆花(明悦天街店),https://www.dianping.com/shop/G4TRoB97QoouRnYM,5o条评价,人均￥46,白豆花 芽菜烧白 豆花调料
重庆龙湖鸭肠王火锅(凤山西路店),https://www.dianping.com/shop/l9c0eU3FPKN9GYgL,77条评价,人均￥59,屠场毛肚 经典红汤锅底 鲜鸭肠
丰泽园玉锅宴蒸汽主题餐厅,https://www.dianping.com/shop/H6eqf5qM6cAZTPad,79条评价,人均￥39,菌皇乳鸽汤 口水鸡 豆芽
吉之源火锅(锦绣店),https://www.dianping.com/shop/ka1lUZRi2VYovHsc,88条评价,人均￥68,麻辣牛肉 鲜毛肚 小郡肝
吉之源串满天(丹湖苑店),https://www.dianping.com/shop/jOkEq8YznmZ8OHoB,38条评价,人均-,抹茶冰汤圆 香菜牛肉 冰汤圆
