桥边食味(汇侨店),https://www.dianping.com/shop/l6Nswm6tucfFsrLQ,75条评价,人均￥124,芙蓉鸡淖 脆皮软心豆腐 酸菜鱼
赫氏燕窝,https://www.dianping.com/shop/GabahVoDc3Y3B8M2,22条评价,人均￥32,奶洗桑椹白+燕窝 杏好有你 人间梨想
向日葵朝鲜小吃,https://www.dianping.com/shop/H2t4sgTmh92DzTsA,122条评价,人均￥59,韩式红烧牛排 炸酱面 辣牛肉汤
永盛海鲜家常菜,https://www.dianping.com/shop/jBgYKy68gRFLoD6i,7oo条评价,人均￥118,生腌梭子蟹 生腌虾 黄蚬子
蜜丝朴脊骨汤炸猪排饭,https://www.dianping.com/shop/G8D0A6KdIYHQo2Ro,223条评价,人均￥38,猪排饭 韩国脊骨汤 炸猪排
马场洞肉铺韩国小街炭火烤肉(二经街店),https://www.dianping.com/shop/k8tIHwtd6URgm2Td,852条评价,人均￥1o2,厚切猪五花 秘制牛五花 金枪鱼紫菜手抓饭
Hi JoJo Coffee,https://www.dianping.com/shop/H540QuR7YBmKme7X,28条评价,人均-,蜜桃拿铁 焦糖玛奇朵 杨枝甘露
长白山韩中料理店,https://www.dianping.com/shop/G7wAPBCEo1mzNkBZ,1411条评价,人均￥75,海鲜锅 冷面 芝士香辣鸡
翠翠茶,https://www.dianping.com/shop/l7nLB9LMQCfc8SDE,9条评价,人均-,红宝石柠檬茶 桃气仙芽 桂花拿铁
北纬40°海鲜坊,https://www.dianping.com/shop/l604dfG5JS1geS6s,595条评价,人均￥8o,酱黄蚬子 风味鲽鱼 花蛤闷油豆角
爷爷的烀饼店,https://www.dianping.com/shop/H4DluzHM0SALfaE5,3o1条评价,人均￥81,大丰收烀饼 金牌鱼头烀饼 碳烤脊骨
围炉大饭店,https://www.dianping.com/shop/k5vVDMI0PSsdGizf,8条评价,人均-,黄金玉米饼 辣炒鸡爪 番茄手打猪肉丸
豆地煮乡土菜小酒馆,https://www.dianping.com/shop/k7QHrHb1gagS1129,4条评价,人均-,炒沙虾 炒馇子 肉酱菠菜
金家高丽火盆,https://www.dianping.com/shop/k2187ZThoY0wTozE,192条评价,人均￥7o,米肠 五花肉 牛小肠
旮旯烧烤(兴二路店),https://www.dianping.com/shop/H7DAnWQNlkNxTmHt,156条评价,人均￥79,辣炒瓷螺 拌黄瓜 肋条
馨鸭江春 海鲜家常菜,https://www.dianping.com/shop/H7vt54QfdiarjZxa,226条评价,人均￥68,铁板养生黑豆腐 石板焗蒜香虾球 招牌压锅糯米排骨
秋木面包店,https://www.dianping.com/shop/laLb7RhEg1efm2Mf,1o条评价,人均-,墨鱼芝心 黄米布里欧修 虾米海苔碱水球
酒窝里烤串,https://www.dianping.com/shop/k8rnAm4EaHt4HJH9,5条评价,人均-,生卤大虾 干豆腐菜卷 拌花菜
探鱼·鲜青椒爽麻烤鱼(汇侨国际店),https://www.dianping.com/shop/l5YcQcJ1XCGJ5i4q,61条评价,人均￥95,冰粉自由 鲜青椒爽麻烤鱼 探鱼手工鸳鸯糍粑
Echo一口·现烤三明治,https://www.dianping.com/shop/l6qEgAk5ExxLmSw6,6条评价,人均-,黄瓜雪梨汁 胡萝卜梨汁 脱脂纯牛奶
米村拌饭(六纬路店),https://www.dianping.com/shop/H34LKBKEpqLh82v6,79条评价,人均￥31,烤牛肉拌饭 金枪鱼拌饭 石锅拌饭
晚风有食,https://www.dianping.com/shop/G7yROz4LIjVyzGLF,3o条评价,人均￥1oo,蔬菜水果沙拉 泰式菠萝鸡翅 火山面
吉川家,https://www.dianping.com/shop/k52iGXCJYO2gpare,37条评价,人均￥122,焦糖鹅肝寿司 烧鸟 烤活鳗
八爷馄饨面,https://www.dianping.com/shop/FOrl5JFymffezuEH,2o条评价,人均￥25,海胆馄饨 韭菜肉馅混沌 溏心卤蛋
TOMATO洋柿子,https://www.dianping.com/shop/FubZNCtvaJpkLVTf,17条评价,人均￥41,椰香芒果菠萝 意式提拉米苏 巧克力奶油蛋糕
明洞王妃家烤肉(丹东青年大街店),https://www.dianping.com/shop/l5zqm99upVzlSkYw,46条评价,人均￥1o3,
夫妻海鲜骨头馆,https://www.dianping.com/shop/l3Vr2BgZkZUwlwHI,4o条评价,人均￥72,
全州拌饭馆,https://www.dianping.com/shop/k5bH2tkV0uq98bCd,3845条评价,人均￥63,
小黑牛烤肉(韩国城店),https://www.dianping.com/shop/G8Zn27L78kkFR5zE,837条评价,人均￥1oo,
秋木面包甜品,https://www.dianping.com/shop/G8wJ3vpCO1e6LqzV,14条评价,人均-,
果园核桃烤肉,https://www.dianping.com/shop/j4eXf1betGyinNcC,421条评价,人均￥93,牛肉 鱿鱼 香螺
金珠打糕(火车站店),https://www.dianping.com/shop/F3RarQZmLUF8ETgv,1273条评价,人均￥23,南瓜糕 豆面打糕 红豆卷糕
无为BAR,https://www.dianping.com/shop/G2Cd3bNu4zpZdEZM,5条评价,人均-,天妇罗蟹棒 拌青虾 杂粮包
边江铁锅炖鱼,https://www.dianping.com/shop/l4J4ojZkRbs01Rme,581条评价,人均￥56,饼子 鱼锅 茄子
72号海鲜菜馆,https://www.dianping.com/shop/k4two7Fs8oSogRRu,63条评价,人均￥249,炸虾仁 椒盐虾爬子 羊肚菌炖牛肉
盐•炉端烧,https://www.dianping.com/shop/k5KXxMLP2hoYW0Pi,19条评价,人均￥152,和牛串 照烧鸡肉串 烤鱼
啡野Fiery Glamping,https://www.dianping.com/shop/H5zDQl02PGZEAiKC,4条评价,人均-,提拉米苏蛋糕 桑葚养乐多
家宴1号私房菜,https://www.dianping.com/shop/k3zRtD6vzZfuROYn,74条评价,人均￥329,东京虾仁 法国砖石鹅肝 帝王鱼
锦龙汤饭,https://www.dianping.com/shop/H7TAXugxPxTyWQhp,253条评价,人均￥75,牛尾汤 烤五花肉 雪浓汤
好朋友海鲜烧烤火锅,https://www.dianping.com/shop/E8PEDfbguUa4RYnI,1181条评价,人均￥151,黄蚬子 天鹅蛋 盘肉
喜牛(德龙店),https://www.dianping.com/shop/k4RD6zkAMJpICCVC,1o2条评价,人均￥67,牛软排 牛蹄筋 牛腩肉
味珍饭店,https://www.dianping.com/shop/G5zplMsxAU99al2B,25条评价,人均￥155,腌蟹子 拌青虾 松散蘑炒外脊筋
Pine松木coffee·whisky,https://www.dianping.com/shop/i9yHZZRojdOyHkEA,4o条评价,人均￥117,美式咖啡 拿铁 雪蟹刺身
三合院民间菜馆,https://www.dianping.com/shop/GaobwirizPWJ3HhC,217条评价,人均￥62,海胆黑豆腐 香薰脊骨 秘制荔浦芋头
观宴中餐厅,https://www.dianping.com/shop/FtmKCQyZoJx8AuYG,485条评价,人均￥118,观宴挂炉烤鸭 荔枝芝士大虾球 老椰水晶汤圆
天福汤饭,https://www.dianping.com/shop/G5JWrY5raGqakmoH,139条评价,人均￥73,牛肉汤 小菜 辣焖明太鱼
都由精致料理,https://www.dianping.com/shop/l8vQrjxH9YzfaEDf,1268条评价,人均￥131,牛肉石锅 三文鱼寿司 牛肉乌冬面
民国印象·情仅一味小花卷,https://www.dianping.com/shop/l4ietQiCqh9f1XI8,496条评价,人均￥59,花卷合盘 老派锅包肉 粥
小城人家私房煎肉(兴七路店),https://www.dianping.com/shop/l9PEveKzCKB23sl9,285条评价,人均￥68,酸菜 香拌牛肋条 煎锅
小玉烤肉,https://www.dianping.com/shop/H1qxmMkpMunJaWVu,89条评价,人均￥61,鸡脖 小串 鸡翅
长寿参鸡汤(朝韩风情街店),https://www.dianping.com/shop/k5yXecpuVUwmfyej,2o17条评价,人均￥63,参鸡汤 米肠 鱼籽拌饭
豪尚海鲜自助(丹东店),https://www.dianping.com/shop/H50hVJ4CDkpiSG6D,744条评价,人均￥79,河蟹 黄蚬子 海蛎子
多多小黑牛的串店(福民店),https://www.dianping.com/shop/l3dqwDuglSVKeyQg,7条评价,人均-,烤羊肉串 筋皮 烤榴莲
隐厨,https://www.dianping.com/shop/kagm96SoAbDhFEF3,5条评价,人均-,飘香水煮鱼 糖醋排骨 豆芽炒肉
梨芊羽养生炖品店,https://www.dianping.com/shop/G3pYS5c0ZyqS2hno,9条评价,人均-,枇杷胖大海烤梨 红枣枸杞烤梨 莲子百合烤梨
始原,https://www.dianping.com/shop/k68cAqN2mjbnRnk6,1oo条评价,人均￥5o,hello抹茶面包 榴香拿铁 水果小四寸
韩膳园(东港总店),https://www.dianping.com/shop/l51rUxiwxC2QbupU,294条评价,人均￥57,鱿鱼诱惑 鸡爪子 海鲜饼
一城一味,https://www.dianping.com/shop/H7vXqhP2BYCh0tUa,1567条评价,人均￥44,养生大黄米饼 风味茄子 酸菜鱼
韩山城韩式煎肉(苏华苑店),https://www.dianping.com/shop/G81dEPINtpvx28wq,1966条评价,人均￥6o,鲜牛肉 韩山城秘制肉 韩式风干肠
獨一無二海鲜馆(谊江宾馆店),https://www.dianping.com/shop/k9hbKxWfPF0Oc9so,437条评价,人均￥86,独一无二锅包肉 黄蚬子 海鲜炒叉子
