农家小户(武当山店),https://www.dianping.com/shop/H4OOrZZjOPX6nvA7,274条评价,人均￥48,小炒土猪肉 青菜煎豆腐 野菜炒鸡蛋
丹水桥·地锅鱼(丹江口店),https://www.dianping.com/shop/k4TvA7f3j4sbEvvS,362条评价,人均￥64,招牌地锅鱼 秘制烤鱼 老妈炒馍干
上善坊,https://www.dianping.com/shop/l2I85eDcIqwTfZMJ,2o37条评价,人均￥75,香煎大白鱼 毛草根炒肉丝 烧鸡公。
老味道1992(武当山店),https://www.dianping.com/shop/G3RvMotXKUbUfllH,2221条评价,人均￥7o,毛草根炒肉丝 野菜三鲜汤 金牌烧鸡公
天福鱼庄(丹江口店),https://www.dianping.com/shop/G64hwotOIYzdwob4,364条评价,人均￥59,香煎大白鱼 干锅鱼杂 天福烤鱼
漁耕小厨(武当山店),https://www.dianping.com/shop/H9W02UUrqcntDbjF,4o7条评价,人均￥7o,煎烧大白鱼 茅草根肉丝 柴火米饭
源水鱼庄,https://www.dianping.com/shop/k48qmRys1wnOMjAq,213条评价,人均￥4o,石锅鱼 火烧馍 秘制烤鱼
牵肠挂肚市井火锅,https://www.dianping.com/shop/kaVdGpEEWIJ3ckFW,3o9条评价,人均￥33,现炸小酥肉 牵肠挂肚 鱼籽虾滑
姚记砂锅菜坊,https://www.dianping.com/shop/k8Cw2vX3ZG4zh7uk,9条评价,人均￥29,肥肠砂锅 烧鸡公砂锅 鱼香肉丝
肯德基(均州一路店),https://www.dianping.com/shop/G4rRC9Y0YCM2WRQc,45条评价,人均￥42,超级外送全家桶 新奥尔良烤翅 金沙咸蛋黄香辣鸡翅
欧罗巴时尚中西茶餐厅,https://www.dianping.com/shop/k9CPBg7qupEqNYgd,466条评价,人均￥82,菲力牛扒 黑椒牛柳炒意面 香菇滑鸡煲
半夏咖啡·手制,https://www.dianping.com/shop/G89U6vZ8r00eV75q,44条评价,人均￥36,卡布奇诺 任意特饮 热拿铁咖啡
庙口手作轻食工坊,https://www.dianping.com/shop/H4sST4B3a3jPFC4a,134条评价,人均￥54,招牌卤肉饭 明火招牌炙烤多肉香肠 庙口红烧牛肉半筋半肉汤面
原乡本味•地方特色•鱼鲜(武当山店),https://www.dianping.com/shop/G9cYVA3JOsnnifcg,127条评价,人均￥79,红焖鱼头 清蒸本味鱼 武当野菜
鲜牛公社牛肉火锅(武当山店),https://www.dianping.com/shop/G9SXkHJkdkAQvJ09,16条评价,人均-,牛肉丸 巴奴毛肚 匙柄
冯小馆土家菜(武当山店),https://www.dianping.com/shop/ka5LXhaSewOj4YTh,326条评价,人均￥63,香煎白鱼 干锅鱼头 金牌烧鸡公
八零年代时尚主题餐厅,https://www.dianping.com/shop/k13taEayMhUyMYTm,12o条评价,人均￥5o,煎烧大白鱼 青春版的油麦菜 屌丝一锅烧
刘家襄阳牛杂面,https://www.dianping.com/shop/H1FtD6eDtgeoc9Y1,67条评价,人均￥14,牛肉碱面 牛杂粉 牛杂手工面
小蔡烧烤,https://www.dianping.com/shop/H5ZSPGGPRIiyvEb4,6条评价,人均-,爆炒小龙虾 香辣蟹钳 烤肉串
陆来顺牛肉汤(丹江口店),https://www.dianping.com/shop/l4kk6d35LK1rmKgg,11o条评价,人均￥17,陆来顺淮南牛肉汤中碗 葱油饼 牛肉锅
丹江渔村,https://www.dianping.com/shop/l191ks6MI2RPqvY6,24o条评价,人均￥58,清蒸白鱼 火烧馍 大锅鱼
百年粉店酸辣粉,https://www.dianping.com/shop/k76w6X90STUJqmLU,11条评价,人均￥15,酸辣粉 棒棒鸡 香辣拌面
丹江口市寻道居食屋二店,https://www.dianping.com/shop/iMZVpiGrYIK6QxTm,15条评价,人均-,芝士焗土豆 芝士焗蟹宝 蒜香鸡软骨
汉江国际大酒店-中餐厅,https://www.dianping.com/shop/G3Na9frqArKNhEb8,12条评价,人均-,蘸水脱骨肉 凉拌黄瓜 荷塘三宝
东亮杭州小笼包·蒸饺,https://www.dianping.com/shop/H9IEuAOl21Bpxh66,1条评价,人均-,特色鲜肉小笼包 特色鲜肉蒸饺 玉米粥
江之舟餐饮船,https://www.dianping.com/shop/H2Dtdwql1Ez8RBfO,39条评价,人均￥7o,
聚贤庄火锅(高灯店),https://www.dianping.com/shop/l23rygWJ9ySBcj1x,5o条评价,人均-,
麦当劳(金街店),https://www.dianping.com/shop/H3pPIFPhA2M6Uq3f,2o条评价,人均-,
顶好餐厅(张家营店),https://www.dianping.com/shop/H5Ih2u48pqshYDWl,333条评价,人均￥67,
三棵树港湾,https://www.dianping.com/shop/k7Cx5kPuomufdFaP,41条评价,人均￥8o,
金玉楼,https://www.dianping.com/shop/kalxJAoX2xsHqKCr,42条评价,人均￥47,红烧鱼杂 干煸小鱼 青菜鱼丸汤
自助旋转小火锅,https://www.dianping.com/shop/k3Vv6sOTQvGiyilj,1条评价,人均-,梅肉 风味番茄锅 三鲜锅
贰陆捌美蛙鱼头火锅,https://www.dianping.com/shop/l1ZE79rQgv7NtxIO,21条评价,人均-,性感麻辣美牛蛙 鲜鱼头 冬瓜
糊涂仙香辣蟹,https://www.dianping.com/shop/l1yL7kOAQvsCun5w,26条评价,人均-,香辣虾蟹 蒜蓉大虾 刀拍黄瓜
巴蜀九倒拐串串香(丹江口店),https://www.dianping.com/shop/lawGzdn5FhyXSKXM,86条评价,人均￥23,鸳鸯锅 牛肉串 土豆
厨哥味道(沿江路店),https://www.dianping.com/shop/H34b93rp6hkLwk2M,82条评价,人均￥54,铁板基围虾 吉祥三宝 豇豆饼
武当山建国饭店,https://www.dianping.com/shop/l9YtDL5ZLNKjXDkv,17o条评价,人均￥169,香煎大白刁 海鲜自助 猪肚鸡汤
厨哥味道（车站路店）(车站路店),https://www.dianping.com/shop/l13Sg8T2KOEu6K3Y,44条评价,人均-,土猪肉焖千张 麻辣煎锅鱼 火爆腰肝
古茗(丹江口红旗中学店),https://www.dianping.com/shop/l7FXxkWZiFMxHlxo,28条评价,人均-,布雷脆脆奶芙 超A芝士葡萄 芝士多肉桃桃
新疆麦麦提特色烤肉肉,https://www.dianping.com/shop/l7MxkhA7e4Gzye0H,4条评价,人均-,烤羊肉串 乌苏啤酒 烤虎皮青椒
义柳宏鱼莊,https://www.dianping.com/shop/G64TICaPG3uWQ8l5,127条评价,人均￥5o,酸菜鱼 牛肉 手撕鸡
吾饮良品水果茶(红旗中学店),https://www.dianping.com/shop/G6N9zGhIAwxEvs1h,87条评价,人均-,多肉葡萄 杨枝甘露 桃桃四季春
刘氏畜牲粉条包,https://www.dianping.com/shop/G2AcFieqqGwceE0Q,21条评价,人均￥8,粉条包 粉条汤 粉条肉包
绸都潮牛道餐厅(丹江口店),https://www.dianping.com/shop/k7G6JBteuMUvCOjq,7条评价,人均-,养生菌汤锅 烤五花肉 现烤牛排
临江阁香辣蟹,https://www.dianping.com/shop/H5AG5ed4qa8r1iYQ,6条评价,人均￥4o,虾兵蟹将 潜江油焖大虾 油炸小馒头
太极会馆特色餐厅(特色餐厅),https://www.dianping.com/shop/l2ptUIREDPKHq2pX,391条评价,人均￥74,火烧馍 竹笋炒腊肉 紫泡菜粉条炒肉丝
首尔·韩式炸鸡(丹江口店),https://www.dianping.com/shop/H3KgitDUOkm0Sm6R,4条评价,人均-,首尔香酥无骨鸡 农家小酥肉 茴香小油条
李二鲜鱼村(武当山店),https://www.dianping.com/shop/H2DNI0HdtlkRLkKc,4o2条评价,人均￥45,酸菜鱼 鱼火锅 蔬菜拼盘
锡林牧语冰煮羊火锅,https://www.dianping.com/shop/ZTVK9N24PsKOHzBs,3条评价,人均-,锡盟羊上脑 冰煮羊秘制蘸料 山泉冰煮羊锅
欧诺蛋糕(丹江口店),https://www.dianping.com/shop/jZXObLHkv3L5YCWF,157条评价,人均￥41,海盐芝士奶盖蛋糕 榴莲千层蛋糕 葡式蛋挞
懂小签串串火锅,https://www.dianping.com/shop/H2WugefZ2eyI0QEE,72条评价,人均￥53,
桃花里餐厅,https://www.dianping.com/shop/FlFV3yl4UOKsUZAw,68条评价,人均-,
爱·咖啡(电站路店),https://www.dianping.com/shop/laO0hYs5vlPPsyol,6条评价,人均-,
鲜野酒店,https://www.dianping.com/shop/k23m0vTyqQbj6JHJ,184条评价,人均￥66,
古茗(和平路店),https://www.dianping.com/shop/l2hZ0HJKNlbxE0kl,14条评价,人均￥14,
简朴寨(沿江大道店),https://www.dianping.com/shop/Ga6KHj71YrgFXiOL,79条评价,人均￥58,
老陕扯面,https://www.dianping.com/shop/Gaqu2M3SMDpjBY5j,1条评价,人均-,
汪记百年酸辣粉(二店),https://www.dianping.com/shop/l8fWckwMLghmq7Eo,,人均-,
欧陆风情新概念餐厅,https://www.dianping.com/shop/l2aWVcZzNTFrqaEu,155条评价,人均￥35,
品味餐厅,https://www.dianping.com/shop/k5rSFolOvZZiYtHm,46条评价,人均-,
