故里居酒屋花式寿司(府东店),https://www.dianping.com/shop/k7QvxkYeRr9UpvuB,2o6条评价,人均￥87,恶魔卷 骨汤叉烧拉面 九州地狱拉面
三義春酒店(单县三义春羊汤总店),https://www.dianping.com/shop/G8NHI5jSQn2EnknQ,129条评价,人均￥47,羊肉湯 白饼 孜然羊肉
红水母餐厅,https://www.dianping.com/shop/k4GVL8ink4VHlScV,159条评价,人均￥93,复肉者联盟 私厨牛排 烟熏培根焗土豆泥
物美四季火锅店(辛格玛店),https://www.dianping.com/shop/Gaxk37dU8Dr2FUfC,155条评价,人均-,雪花肥牛 经典大毛肚 手切牛肉
头一锅单县羊肉汤(财富广场店),https://www.dianping.com/shop/l6AILB7yAxHFv6ne,526条评价,人均￥48,头一锅羊肉汤 大炖羊杂 精美凉菜两道
捉鸭记(乾隆御街店),https://www.dianping.com/shop/G8yu6XvfqJXXkTXX,339条评价,人均￥39,虾配翅中锅 吮指鸭爪鸭翅 南瓜粥
半天妖烤鱼(单县环亚店),https://www.dianping.com/shop/l4WnRPSc2Hd6KqyW,868条评价,人均￥77,青花椒烤鱼 五常大米 大叉烤肉
十张烧肉(单县店),https://www.dianping.com/shop/H9viFIvXFQnsB5fb,26条评价,人均-,烧肉套餐 飞鱼籽手抓饭 厚切梅花肉
毛家饭店(单县分店),https://www.dianping.com/shop/G22IhxSjZlTauwed,784条评价,人均￥66,干捞粉丝 剁椒鱼头 菠萝虾球
煌品潮汕牛肉火锅,https://www.dianping.com/shop/k9WWAIFqpnxPHOga,25条评价,人均-,鲜牛肉丸 毛肚 菌菇拼
潮正和潮汕牛肉火锅,https://www.dianping.com/shop/l5VhNUWQp9oIhshk,63条评价,人均-,牛肉丸 吊龙 鸳鸯汤锅
不贰酒馆(单县店),https://www.dianping.com/shop/l4t9oLn0AIygJ5zY,3条评价,人均-,闺蜜星丸子 棋逢酒友 醉三鲜
阿瓦山寨(单县店),https://www.dianping.com/shop/l7PwZBHQx85cokqO,141条评价,人均￥54,鱼头王 铁板土豆片 山寨鱼头王
迷迭香俄式餐厅,https://www.dianping.com/shop/k5vNbVfJQiJIQX6C,117条评价,人均￥74,芝士焗鳕鱼 罐闷牛肉 肉松蔬果沙拉
中岭国际酒店餐饮部,https://www.dianping.com/shop/G2FUzA7F5gHVRlwM,918条评价,人均￥126,羊肉串 牛排 龙虾
武松家(单县店),https://www.dianping.com/shop/l1IvkmAHX2km5MKo,5o条评价,人均-,小碗肥肠 蒜香味牛蛙锅 拍黄瓜
先启半步颠小酒馆,https://www.dianping.com/shop/H3fAkhWQTF1s6OiA,29条评价,人均-,辣子鸡 泰椒土豆丝 小炒汤团
蜀大侠地道成都老火锅(单县石马店),https://www.dianping.com/shop/k49QZTZPesV8e54y,112条评价,人均-,贵妃牛肉 手撕毛肚 雪花肥牛
孟利私房菜馆,https://www.dianping.com/shop/l6cds3fi7w6uOBmE,15条评价,人均-,招牌瓦罐鸡爪 招牌风干鸡 孜然蘑菇
巴蜀尚品海鲜烤肉自助火锅(万德福一楼店),https://www.dianping.com/shop/G2m9H4q8wk0ekiC5,395条评价,人均-,手切肥羊 生蚝 烤肉
小龙坎火锅,https://www.dianping.com/shop/H5NtMh4pPgRQxmI5,94条评价,人均￥138,虾滑 高钙羊肉卷 草原肥牛
庆祥楼·私房菜,https://www.dianping.com/shop/l9SxjWVoFg7h8424,5条评价,人均-,老酒烧肉 佛跳墙 秘制湘西臭鳜鱼
聚福园,https://www.dianping.com/shop/kaS2b3b27E4WfyFh,22条评价,人均￥74,白粥馓子 鱼头泡饼 蛋炒饭
可以轻食(单县店),https://www.dianping.com/shop/H9aqejtKTTzKAp21,24条评价,人均-,牛排三明治 西冷牛排 榴莲披萨
三虾季王婆大虾(银座店),https://www.dianping.com/shop/k3BIOcDcg1n7JncD,19o条评价,人均￥62,功夫面 现磨豆浆 翅中大虾
Panaiiii烧肉(天成帝景店),https://www.dianping.com/shop/iGkhizqbRp9KDrsw,22条评价,人均-,安格斯牛排 蟹柳鱼籽手握 照烧鸡腿肉
三虾季王婆大虾(乾隆御街店),https://www.dianping.com/shop/H3bFzIJKLwgMTYT6,719条评价,人均-,功夫面 现磨豆浆 生菜
尚品宫海鲜烤肉火锅自助(银座负一层店),https://www.dianping.com/shop/l3zy0ya3NzqlOBMy,111o条评价,人均￥54,五花肉 烧烤 蛋挞
尚品宫海鲜烤肉火锅自助(万德福五楼二店),https://www.dianping.com/shop/Epog2z5oHs335zqe,13条评价,人均-,全家福 海鲜 单人自助晚餐
牛一锅筋头巴脑一锅香(银座店),https://www.dianping.com/shop/G367ytzghfDGlfzz,223o条评价,人均￥47,中锅筋头巴脑 筋头巴脑一锅香 牛肉牛筋
鼎盛炭火烤肉,https://www.dianping.com/shop/GawO282nPnZntmFF,77条评价,人均-,特色黑椒牛扒 鼎盛雪花牛肋条 黑胡椒牛扒
城南往事(舜师东路店),https://www.dianping.com/shop/H5chWwzenWziVDJT,75条评价,人均￥48,单州烧牛肉 单州椒麻鱼 羊肉湯
自立羊肉汤(巴黎城店),https://www.dianping.com/shop/G5eiTm0UpcTrW9NW,26条评价,人均￥46,单县羊肉汤 烧饼 单饼
老字号鸡汤馄饨馆,https://www.dianping.com/shop/k85YmKfdTQDy4ce3,1条评价,人均-,馄饨
马三鸡汤,https://www.dianping.com/shop/H9wNeVgAePRGdJWP,14条评价,人均￥49,鸡汤 羊油饼 白饼
孟家吊炉烧饼,https://www.dianping.com/shop/G1PEc0Jd3svV8yQR,7条评价,人均-,烧饼
姥家大锅台(东外环店),https://www.dianping.com/shop/l3oM0lApcI1ojBf7,4o2条评价,人均￥37,排骨 鸡肉 鸡胗
赖胖子肉蟹煲(万德福五楼店),https://www.dianping.com/shop/l9n2zzaB9l7FkuuP,268条评价,人均-,招牌肉蟹煲 鸡翅煲 蓝莓山药
匠心料理居酒屋(凤凰大道店),https://www.dianping.com/shop/G2ZIGhmqWdT0qCGE,76条评价,人均￥51,芝士蟹柳手握 肥牛寿喜锅 刺身拼盘
巴如火锅,https://www.dianping.com/shop/laOdlP5Z8G8TnlfK,6条评价,人均-,巴如毛肚 红糖糍粑 嫩牛肉
尧舜大酒店(胜利路店),https://www.dianping.com/shop/k23jZX9DsNhkCyAd,142条评价,人均-,单县羊肉汤 特色烤肉 自制烧鸡
云南蒸汽石锅鱼,https://www.dianping.com/shop/iTOtze2Jv3JV4bJR,11条评价,人均-,炸牛奶 燕京小鲜 草原羔羊肉
故里居酒屋花式寿司(舜师步行街店),https://www.dianping.com/shop/k5bvTrI63V8FBRJa,46条评价,人均-,挪威皇家三文鱼刺身 肥牛寿喜锅 双薯寿司
烂摊摊火锅,https://www.dianping.com/shop/G8rda99dZZailgSg,4o条评价,人均-,养生菌汤鸳鸯锅 包心鱼丸 高钙羊肉
集合点烤肉(天昆太阳城店),https://www.dianping.com/shop/l2KH7tbbUhQMC3pp,321条评价,人均￥57,芝士玉米粒 黑椒牛肉 秘制五花肉
大德意那嘎达烤肉(凤凰城店),https://www.dianping.com/shop/iCVHbbmFKrrv0nLt,125条评价,人均-,黑胡椒牛肉 韩式烤肠 金针菇
肯德基(舜师路店),https://www.dianping.com/shop/l8h5oIWnpOUZlJL9,6o条评价,人均￥36,超级外送全家桶 劲脆鸡腿堡土豆泥餐 新奥尔良烤鸡腿堡
肯德基(湖西路店),https://www.dianping.com/shop/kaFZWC4GNA1hNNqu,48条评价,人均￥31,香辣鸡腿堡 抹茶冰淇淋 中薯
三盛和羊肉汤老店,https://www.dianping.com/shop/HaHb6QA9XEsviEKH,85条评价,人均￥41,羊肉汤 白饼 青椒羊肚
单州大饭店,https://www.dianping.com/shop/H3EfvBPXIqoabgtH,177条评价,人均-,烧牛肉 单县羊汤 干烧鲤鱼
单县周记羊肉坊三义春(总店),https://www.dianping.com/shop/HaHa4Em1Gb2DkKcT,2条评价,人均-,
唞妞豆花鱼火锅,https://www.dianping.com/shop/G8ZTG4K6p5apTUhw,3条评价,人均-,
脏摊儿串串,https://www.dianping.com/shop/H1b840hFc4oJ2pTa,13条评价,人均-,荤素串串自选 荤素自选 秘制麻汁
捉鸭记干锅(银座店),https://www.dianping.com/shop/l4dBRvcJe2eUIv2e,619条评价,人均￥61,南瓜粥 招牌鸭爪鸭翅锅 虾配翅
滇君鱼味蒸汽石锅鱼(舜和雅苑店),https://www.dianping.com/shop/H9vKjZPrDGTV6lpV,1o条评价,人均-,滋补原汤锅 黑鮰鱼 养生菌菇锅
老四鸡汤,https://www.dianping.com/shop/G3ciOdkxdnzbABLL,9条评价,人均-,鸡汤 羊油饼 炝豆芽
喜八宝螺狮粉火锅(单县店),https://www.dianping.com/shop/H96sRLFLDiX2p485,28条评价,人均-,手打开筋牛肉丸 手切鲜牛肉 手打螺蛳肉虾滑
喜虾客(府前店),https://www.dianping.com/shop/lazpvDXpsfcvgSsg,463条评价,人均￥57,招牌大虾 手擀面 金针菇
泰山王老三串店(菏泽单县店),https://www.dianping.com/shop/l8hXEjsMaEEplCo1,16条评价,人均-,羊肉大串 辣炒羊血 牛骨髓丨牛运回转
老金烧烤(财富广场店),https://www.dianping.com/shop/k3ANkWcL4vjWviXB,51条评价,人均-,羊肉串 水煮牛肉 松花蛋
