唐•玉芙蓉新派淮扬菜(丹阳吾悦店),https://www.dianping.com/shop/k83QBpsJnPcGujZN,41条评价,人均￥76,芙蓉手撕鸡 鱼香生蚝 菠萝油条虾
一汤一煲(丹阳金鹰天地店),https://www.dianping.com/shop/k6DLxRL9ZBZRPupS,524条评价,人均￥64,网红手撕鸡拌面 香烤小黄鱼 农家一品砂锅
薰井洞韩国大排档(丹阳吾悦店),https://www.dianping.com/shop/GaJvEeQYQAdlB0In,25o条评价,人均￥73,彩虹芝士部队火锅 美乃滋炸鸡拌饭 炙烤五花肉串
金鸡饭店,https://www.dianping.com/shop/G9sMCh6tkDFMG9qH,334条评价,人均￥41,蟹黄包 肴肉面 大麦粥
相遇融合餐厅(丹阳吾悦广场店),https://www.dianping.com/shop/H90lW3jYb9XqG4SS,974条评价,人均￥6o,青柠脆皮鸡 花甲遇上烤虾 脆竹笋酸汤鱼
陈记镇江锅盖面(万善路店),https://www.dianping.com/shop/k5ATtwoBJP4nOzwB,223条评价,人均￥28,锅盖面 水晶肴肉 水晶肴肉面
宽城子·美蛙自助火锅(丹阳店),https://www.dianping.com/shop/l2mmWRXqZ0zKzl8a,72条评价,人均-,香炸牛蛙 热辣美牛蛙 时令水果不限量
九鼎轩脆毛肚火锅(丹阳吾悦店),https://www.dianping.com/shop/k9o1p0fFKw2KbFgN,239条评价,人均￥85,脆毛肚 相间肥牛 藤椒牛油辣鸳鸯锅
拾柒,https://www.dianping.com/shop/k9tnPvdzeJihRu4K,5条评价,人均-,
大客堂,https://www.dianping.com/shop/l8QG0NCP1J1bSsO0,9条评价,人均-,老母鸡汤
西湖书堤(吾悦店),https://www.dianping.com/shop/kaBmAjRdLPGm8B0q,134条评价,人均￥65,土豆小牛肉 葱香烤鸡 蒜蓉粉丝虾
奎梨(镇江丹阳金鹰店),https://www.dianping.com/shop/l4FHsb1uuvQLdvJq,31o条评价,人均￥9o,奎梨招牌吾桑格 生牛乳冰淇淋 奎梨家招牌拼盘
村口咖啡,https://www.dianping.com/shop/k5MFyyRdO5LoARK4,17条评价,人均￥51,美式 生椰拿铁 澳白
春野,https://www.dianping.com/shop/l3nMeRBNjEYjeMuE,18条评价,人均-,柿柿如意生椰拿铁 桂花拿铁 美式
相聚乐宴,https://www.dianping.com/shop/G7AUNugrFCClczvw,164条评价,人均￥66,猪肚鸡汤 香肠煲仔饭 排骨煲仔饭
雍哲港式餐厅(丹阳吾悦店),https://www.dianping.com/shop/H5GNDQy1BpUm7wdp,44条评价,人均-,广式虾饺皇 招牌菠萝包 牛肉肠粉
老四牌楼熟菜店(新民中路店),https://www.dianping.com/shop/k8YuH8cQ0DAfCkJg,11o条评价,人均￥35,牛肉雪菜肉丝面 粥 菜肉馄饨
美洲豹海鲜自助·烤肉·火锅(丹阳吾悦店),https://www.dianping.com/shop/G5zyEXpvw6xYnHJF,1414条评价,人均￥93,三文鱼 生蚝 北极甜虾
树下·cake,https://www.dianping.com/shop/l5D7huJF4kfTmPnS,86条评价,人均￥45,拿铁 晴王奶油卷 树下甜点
嘟嘟泰地摊烤肉,https://www.dianping.com/shop/FRwJGBB07XA3BuUJ,22条评价,人均-,厚切五花肉 高压锅生蚝 网红泰式红奶茶
π.派点花艺咖啡,https://www.dianping.com/shop/H1GPbeQkqGkfAVMV,25条评价,人均￥31,拿铁 提拉米苏 玫瑰拿铁
有拈头成都市井火锅(丹阳中山路店),https://www.dianping.com/shop/l2cequNutRbapGiP,656条评价,人均￥8o,成都酥肉 精品毛肚 红糖糍粑
大发1988烤肉(汇金店),https://www.dianping.com/shop/jBlX67NzpUGvbVSn,58条评价,人均-,大发五花肉 牛五花 米汁饮料
the park食景,https://www.dianping.com/shop/G5OOyiB60JIJ0JWg,4o条评价,人均￥93,红薯条 惠灵顿牛排 罗勒鸡肉意面
小句号日本料理(丹阳吾悦店),https://www.dianping.com/shop/EJtzcY7UabzmSE5M,889条评价,人均￥115,超好吃的双拼鳗鱼饭 暖暖的天妇罗卷 肥肝寿司
允野杂咖,https://www.dianping.com/shop/kaTWf4kDbn5qD5Es,329条评价,人均￥96,海盐千层 奶油蘑菇意面 海盐芝士蛋糕
Noir Coffee,https://www.dianping.com/shop/k5N1ZhXFqoCxOOPh,6条评价,人均-,盲盒cocktail
正记镇江锅盖面(眼镜城店),https://www.dianping.com/shop/G1UQINMG71MBuXuh,3o1条评价,人均￥23,锅盖面 水晶肴肉 红烧牛肉面
"食神,锦州烧烤(皇塘店)",https://www.dianping.com/shop/k93arY6UfzQktypw,19条评价,人均￥72,青椒五花肉 烤香菇 牛肉
迷你椰·泰式大排档(丹阳吾悦店),https://www.dianping.com/shop/H3fEht3Qs5qkIwtn,388条评价,人均￥7o,泰式传统黄咖喱鸡 泰式冬阴功汤 KOKI舂鸡脚
小隐成都新派火锅,https://www.dianping.com/shop/k2Hy7xtAdKf7xJpO,69条评价,人均-,西冷牛肉粒 空运耗儿鱼 干贡菜
芳满庭粤菜餐厅(丹阳吾悦店),https://www.dianping.com/shop/HaitIFt0Z23mN3EW,1725条评价,人均￥83,虾饺皇 鲍汁一品豆腐 椒盐鸭下巴
洞氮胡记羊肉馆(丹阳云阳路店),https://www.dianping.com/shop/H13x4vAxnzskXFPD,7条评价,人均-,羊汤 烫皮羊肉 红烧羊骨
米图花小厨(丹阳店),https://www.dianping.com/shop/k37WsxySBe53VzG8,59条评价,人均￥91,耗油牛肉年糕 剁椒鱼头 鲍鱼仔鸡打边炉
AWU BURGER(八佰伴店),https://www.dianping.com/shop/FcAgUYVzzD4RHCbJ,5条评价,人均-,脆薯煎蛋牛肉堡
韩宫宴炭火烤肉(丹阳吾悦店),https://www.dianping.com/shop/l5yTH0e5eTvr57Su,89条评价,人均￥76,雪花牛小排 厚切五花肉 咸鲜带皮五花肉
伊兹铁板烧(丹阳甄选店),https://www.dianping.com/shop/k4kpKCHBRF5IYjR0,467条评价,人均￥99,招牌雪花牛排 蒜蓉开背虾 生菜卷五花肉
周家二小姐的菜(丹阳店),https://www.dianping.com/shop/k4NbX9UoVf0h7yd3,287条评价,人均￥1o6,二小姐最爱的六月黄（香炒蟹） 有故事的椒麻鸡 椒香藕夹
百岁鱼庄(南环路店),https://www.dianping.com/shop/k8c6CxhlfaIo4tZf,1864条评价,人均￥7o,百岁鱼 黄金馒头 黑鱼片
李家大院(丹延路店),https://www.dianping.com/shop/G1VmtJbwH2C4xNWR,2o38条评价,人均￥91,烤全羊 李家一品红烧肉 招牌红烧鹅翅
喜禄潮汕牛肉火锅(金鹰店),https://www.dianping.com/shop/l2FQXu7hWAR87qb5,645条评价,人均￥95,
陵口肴肉面(开发区1店),https://www.dianping.com/shop/l656goG3z8Iltgqn,116条评价,人均￥19,
面包大王,https://www.dianping.com/shop/EaO8Dibjc40tyGII,3条评价,人均-,
楠火锅(丹阳店),https://www.dianping.com/shop/l5r1JyAWbV2f2gys,129条评价,人均￥116,
宽巷子鱼蛙自助,https://www.dianping.com/shop/H5yY6azb5KGyYiAB,49条评价,人均-,
周记面馆(华南路店),https://www.dianping.com/shop/H6sRFAkrYN7qsOHj,319条评价,人均￥16,红烧猪肚面 红烧牛肉面 元白云猪手面
东北小胖墩·自选烤肉(丹阳吾悦广场店),https://www.dianping.com/shop/l6xb0AeWEaZOSiSi,589条评价,人均￥88,黑椒大片肉 牛肉拌饭 调味牛五花
茉酸奶(丹阳金鹰广场店),https://www.dianping.com/shop/G1u7vOhZHbYeKkvW,43条评价,人均￥25,招牌牛油果酸奶奶昔 海红山楂酸奶奶昔 黑加仑酸奶奶昔
逸秋餐厅,https://www.dianping.com/shop/l8CK3RgMfgZ8LS5s,2条评价,人均-,牛肉粒
老字号饭店,https://www.dianping.com/shop/G5zg7igoVG92OcZO,35条评价,人均￥34,招牌猪手汤 大麦粥 红烧肥肠
厚二和牛烧肉料理(丹阳吾悦店),https://www.dianping.com/shop/EaPRi3vzf7cidTQW,97条评价,人均-,雪花特上眼肉 和牛五品盛 风花雪月
上湾水库生态园户外自助烧烤,https://www.dianping.com/shop/H9lB274huZBWAQgx,4条评价,人均-,
LINK COFFEE,https://www.dianping.com/shop/G3JY7FRIpXCilSWY,74条评价,人均￥35,拿铁 猕猴桃苏打（冰） 橙香肉桂
水中仙东雅国际酒店,https://www.dianping.com/shop/k39aaQcol2AmXfTi,7649条评价,人均￥171,三文鱼 蒜泥蒸扇贝王 水中仙一品滋补汤
香逸大酒店,https://www.dianping.com/shop/laE7CMmE7tSvZayn,131条评价,人均￥233,黑椒牛仔骨 芝士小青龙 砂锅百合
芳满庭粤菜餐厅(金鹰店),https://www.dianping.com/shop/HaG2ofl7hjC2crfg,296条评价,人均￥1o1,鲍汁一品豆腐 椒盐鸭下巴 豉油鸡
韩一阁韩国料理(双井巷店),https://www.dianping.com/shop/H7FVFhWn7PgicQxu,2432条评价,人均￥85,烤辣酱五花肉 南瓜粥 番茄年糕
大發烤肉(金鹰店),https://www.dianping.com/shop/l8WDFCpYX9unSTYC,2864条评价,人均￥1o5,鱿鱼五花肉 琥珀炸鸡 招牌烤肉
二当家牛肉串串火锅(金鹰店),https://www.dianping.com/shop/G8sYi0Sdg9sJXGv4,233条评价,人均￥64,串串签 招牌牛肉 香菜牛肉
合兴发茶冰室,https://www.dianping.com/shop/l3hILOoCrazMN7xB,144条评价,人均￥73,熔岩菠萝包 港式法兰漏奶 招牌柠檬茶
