大赞∙炙烧寿司(电白万达广场店),https://www.dianping.com/shop/k5nRJ7sJtlhYA2Jh,6o6条评价,人均￥85,火焰炙烧拼盘5件 炙烧鹅肝 北海道蟹棒
韩悦自助烤肉(电白万达店),https://www.dianping.com/shop/G2fiU8IMqL2Ql5Sq,266条评价,人均￥73,精选肥牛 情侣拼盘 韩悦烤肉
安泰渔村·海鲜主题饭店,https://www.dianping.com/shop/G8GAkzxUMyV8aayo,1o7条评价,人均￥128,豉椒炒花甲 百香墨鱼饼 罗氏虾
水东兴记鸭粥店(汇景北路店),https://www.dianping.com/shop/Ha7bTNn5cJdYbLMS,555条评价,人均￥43,鸭粥 白切鸭肉鸭肫鸭血 正中水东芥菜
探鱼·鲜青椒爽麻烤鱼(茂名电白万达店),https://www.dianping.com/shop/l5au8CJD8WqtyaPI,478条评价,人均￥88,鲜青椒爽麻烤鱼 凌波鱼 毛血旺凌波鱼
椒王火锅(电白万达店),https://www.dianping.com/shop/l4hlkJ8x3HyOyakD,6o9条评价,人均￥134,黑毛肚x千层肚 椒家鲜黑毛肚 椒家冻豆腐
斜阳美食坊·电白老字号茶楼(水东店),https://www.dianping.com/shop/laooA2jcVLifnXII,2631条评价,人均￥44,河粉 虾饺 香油鸡脚
陈村大天然海鲜街,https://www.dianping.com/shop/la5IWJxyfQA3yVzn,341条评价,人均￥128,墨鱼饼 椒盐虾姑 白灼九节虾
鮨食居酒屋·日式烧肉(万达广场店),https://www.dianping.com/shop/l49AmY0zG1Nqek1H,64条评价,人均-,鳗鱼炒饭 火炙焦糖玻璃虾寿司 三文鱼
传统糖水,https://www.dianping.com/shop/k7yprNwCv7crps7g,43条评价,人均￥8,薯仔籺大米籺糖水 陈醋鸡爪 混合粑子糖水
本来不该有·鲜果咖啡(茂名传湾新天地店),https://www.dianping.com/shop/lazFWBBQmwKSIKZ8,6条评价,人均-,香蕉厚乳拿铁 榴莲厚乳拿铁 椰皇美式
1号烧鸡店,https://www.dianping.com/shop/l2UBaIDFWBrT46m2,21条评价,人均￥42,烧鸡 生葱捞酸菜 白粥
蛙小侠(电白万达店),https://www.dianping.com/shop/iWoVO6SjMPZSI0dP,321条评价,人均￥77,青花椒味牛蛙 蒜香蛙 青椒紫苏味（干锅）中辣
捞捞多自助烤肉海鲜(电白万达广场店),https://www.dianping.com/shop/EItl0hleAwCBn5YE,1o5条评价,人均￥99,海鲜 小龙虾 牛肉
甜心航空主题餐厅(电白万达广场店),https://www.dianping.com/shop/l51cDZQAmScwO1gj,689条评价,人均￥99,厨师招牌黑金牛排 果木烤纽西兰七骨羊扒 香甜玉米汤
禧临饭店,https://www.dianping.com/shop/G6un7uE70VGpasSw,49条评价,人均￥63,蟹煲鸡 葱爆炒蟹 斑节虾
陈村海鲜城,https://www.dianping.com/shop/k7ro4FtykANfr9iF,48条评价,人均￥148,手打墨鱼饼 濑尿虾 白灼大角虾
螺六六·螺蛳鸭脚打边炉(电白水东店),https://www.dianping.com/shop/Fte9vzOMgMHMeI0n,9条评价,人均-,田螺鸭掌煲 螺蛳鸭掌猪脚煲 螺蛳鸭掌鲍鱼煲
九田家黑牛烤肉料理(茂名电白万达店),https://www.dianping.com/shop/H7ODMJvjrFqlmszz,456条评价,人均￥75,秘制肥牛 九田家烤肉拼盘 石锅牛肉拌饭
客道•客家菜(电白万达广场店),https://www.dianping.com/shop/H4NXxL2CYhFwUMTX,191条评价,人均￥58,铁板茄子 客家酿豆腐 客家手撕鸡
大美西北·手工面西北菜(电白万达店),https://www.dianping.com/shop/G4k89YP2lbB6EvgG,284条评价,人均￥59,
无限咖啡,https://www.dianping.com/shop/H2rn3RnoFMpzDmoI,7条评价,人均-,
娇姨海鲜粥铺,https://www.dianping.com/shop/laTxTL5rNFbVa6Xq,5条评价,人均-,
浪漫海岸喜来登爱丽丝自助西餐厅,https://www.dianping.com/shop/H4pIJvJjudnXft1K,7条评价,人均-,
东来喜·潮汕牛肉火锅(水东店),https://www.dianping.com/shop/jFZhjn2Tmf1fIPIu,172条评价,人均￥62,
西城饼屋金丝牛肉饼(电白店),https://www.dianping.com/shop/k2HW4vTvzCGDCJ79,25条评价,人均-,
下陂烧鸡王,https://www.dianping.com/shop/H6ZLbC7Gu5xx7hOa,1条评价,人均-,
好运来小吃店,https://www.dianping.com/shop/l3FPutusssqUvmyv,4条评价,人均-,
半亩良甜主题蛋糕店(电白万达总店),https://www.dianping.com/shop/H2BcSyfFBPMbPVxg,525条评价,人均￥69,
一之番拉面专门店,https://www.dianping.com/shop/jPTy01NizwiuqUM9,14条评价,人均-,
大隐,https://www.dianping.com/shop/k1bIeIMy5UVd8kUp,21条评价,人均-,斑斓椰乳米面包 摩卡 荔枝冰激凌诺格酒
摩玲鸭粥(三角圩总店),https://www.dianping.com/shop/H7BupkiCYxZQDr26,47条评价,人均￥53,鸭粥套餐 捞粉 鸭肉
十里繁花LiveHouse(水东店),https://www.dianping.com/shop/l2HfGyn2LRgGswy2,391条评价,人均￥81,酸菜鱼 胡桃里烤鸡 红烧乳鸽
百草堂西餐厅(电白店),https://www.dianping.com/shop/l8TXJxnbnrAncg07,24o条评价,人均￥4o,乡村肥牛排 法兰西多士 港式鸳鸯
塔斯汀中国汉堡(电白万达店),https://www.dianping.com/shop/k2uzoZapU3m2hI3I,7条评价,人均-,香辣鸡腿中国汉堡 火爆辣子鸡汉堡 培根煎蛋汉堡
探火烤肉(电白店),https://www.dianping.com/shop/G7W2awoyJYu18Voc,88条评价,人均￥64,火盆精品五花肉 炒饭 红薯片
九龍茶室(电白万达广场店),https://www.dianping.com/shop/G9kRibavWz4Y1TtB,246条评价,人均￥73,酸菜鱼 一口西多士 冰镇百香果咕噜肉
食牛一族,https://www.dianping.com/shop/HaTWwACRz0oGzYUV,26条评价,人均-,牛骨汤 湿炒牛河 牛腩煲
蛙小7·紫苏牛蛙(电白万达广场店),https://www.dianping.com/shop/G32mFpCGERf3vFnu,421条评价,人均￥67,紫苏牛蛙 酸梅汁 紫苏牛蛙泡锅
金光小镇花园餐厅,https://www.dianping.com/shop/G7pS4k9fguWxwIK4,2条评价,人均-,金光灵芝鸽 牛油果法拉卷 海葡萄醉花甲
猪椰记·养生猪肚鸡(电白万达广场店),https://www.dianping.com/shop/l3dEgfTJ15KStmJS,179条评价,人均￥86,
江渔儿酸菜鱼(电白万达广场店),https://www.dianping.com/shop/k7ZSmYEkWIW5YYhN,496条评价,人均￥65,
苍井外带寿司(水东万达金街店),https://www.dianping.com/shop/H7jlagIc6AXkZ13P,7条评价,人均-,
水东炸鸡屋,https://www.dianping.com/shop/l4AOpr7fV3NMmibi,8条评价,人均-,
儒子禮茶居(海滨店),https://www.dianping.com/shop/G48Ju2Cuil006Wpc,1o9条评价,人均￥54,
大长今韩国料理炭火烤肉(开元居店),https://www.dianping.com/shop/iBPMs2LJtWomOwyw,31条评价,人均-,韩式烤肉 原味猪排 韩式石锅拌饭
鱼炸全,https://www.dianping.com/shop/iCRRTIowGFKTsKfU,36条评价,人均￥12,鱼炸 蚝炸 糯米鸡
天然海鲜平价食街,https://www.dianping.com/shop/H3bIqQgqQrnLe9LY,1oo条评价,人均￥138,椒盐虾姑 濑尿虾 蒜蓉蒸生蚝
五条人糖水铺(传湾新天地店),https://www.dianping.com/shop/FgQyc6twHqXGGAG8,19条评价,人均-,元气九宫格 糖水火锅 炸大云吞
泰热爱泰国餐馆,https://www.dianping.com/shop/G6SYK9Keg4zQ1mpu,3条评价,人均-,飞天通心菜 泰式咖喱虾 泰式烤虾
永捞猪肚鸡汤式火锅(电白万达店),https://www.dianping.com/shop/G59SSfbJWmzuigYV,58条评价,人均-,雨后竹笋尖 8小时大骨熬制汤底 牛肚
二元生蚝店,https://www.dianping.com/shop/laznkNKMAFBgTNjE,16条评价,人均￥35,本地蒜蓉青口 原味湛江生蚝 锡纸金针菇娃娃菜
210 Coffee Lab,https://www.dianping.com/shop/G8WYqyDwAaNtbPrK,42条评价,人均￥23,生椰拿铁 Americano美式咖啡 手冲
蒸横四海(万达广场店),https://www.dianping.com/shop/H9cHQm9r764AEyQo,18条评价,人均￥43,
鱼悦海钓刺身料理,https://www.dianping.com/shop/la6avzRHAPawf0hC,14条评价,人均￥11o,人气刺身拼盘 寿喜锅 炉端烧喜之次
贤合庄卤味火锅(电白万达店),https://www.dianping.com/shop/EbsEDpkzoNxlVDDB,6o5条评价,人均￥1o1,小贤酥肉 鲜毛肚 无骨鸭掌
爱心牛杂店,https://www.dianping.com/shop/H1RfmsB7shxBu3n6,9条评价,人均-,白切牛杂 杂菜 汤斋粉
一茶一点(海滨店),https://www.dianping.com/shop/G7LncnvkEomB8aDF,22条评价,人均-,芬兰叉烧包 蜜汁三薯 香菇滑鸡煲仔饭
儒子禮茶居(传湾新天地店),https://www.dianping.com/shop/EN1KbMxurCgX9rDk,7o条评价,人均￥55,沙爹酱金钱肚 蒜香蒸排骨 孺子礼虾饺皇
兴记鸭粥店,https://www.dianping.com/shop/Ga5W73oj3AdwLhgp,24条评价,人均￥52,鸭肉 鸭粥 捞粉皮
