铁人烧烤工场(文化路店),https://www.dianping.com/shop/k568U0YsriSfWbhy,17条评价,人均-,西北烤饼 招牌炒方便面 麻酱牛肚手把串
胡桃姬音乐餐厅,https://www.dianping.com/shop/H15kzJhWceE1wrqE,1121条评价,人均￥93,干锅有机花菜 歌乐山辣子鸡 养生菌丝汤
王小咛青椒鸡花椒鱼(建业广场店),https://www.dianping.com/shop/l4frFUf9n6AC95ry,499条评价,人均-,招牌青椒鸡花椒鱼 话梅小番茄 锅巴土豆
如在蜀毛肚老火锅(皇马万德隆店),https://www.dianping.com/shop/k5uqY9O1duFUun5r,122o条评价,人均￥65,奔吃三味锅 铺盖毛肚 乌鸡卷
清真小西关蒸肉馆,https://www.dianping.com/shop/l25rDZfNAjlEpdLm,8条评价,人均￥58,酥肉
炉鱼秘制豆花烤全鱼(万德隆时代广场店),https://www.dianping.com/shop/kaqjrXIZFF9jgPk9,325条评价,人均￥59,
竹取日式料理·铁板烧(建业广场店),https://www.dianping.com/shop/l1sxMMSTGZFf95Db,323条评价,人均-,
小情怀庭院私房菜·简餐·甜点,https://www.dianping.com/shop/l5NvR8rcH57c3JxX,38条评价,人均-,
战炉炭火牛蛙(时代广场店),https://www.dianping.com/shop/k13LvPzxVOyOIxGW,557条评价,人均￥98,
酒拾烤肉(万德隆时代广场店),https://www.dianping.com/shop/l63TCx4Nh7Ku1IZP,1oo条评价,人均￥59,
锅大侠市集火锅(邓州店),https://www.dianping.com/shop/l4ilXPTXscsREdeZ,447条评价,人均￥51,
肉庫一筋韩式烧酒肉场,https://www.dianping.com/shop/H912fzPkVfW80cv3,26条评价,人均-,
潇公子市井老火锅(新田360广场店),https://www.dianping.com/shop/EZFbd1ewAbVifGpZ,3条评价,人均-,
珊瑚湾自助餐厅,https://www.dianping.com/shop/l9sdI40dTFgisBfB,87条评价,人均-,
德克士(邓州不夜城店),https://www.dianping.com/shop/FTqy0ni9sXQGCSyo,52条评价,人均-,
廣顺興猪肚鸡(建业店),https://www.dianping.com/shop/G2iEwzw01P97ru82,3o4条评价,人均￥11o,妙龄乳鸽 经典猪肚鸡 广式叉烧包
塔斯汀中国汉堡(新华中路店),https://www.dianping.com/shop/l2O2iIhLleKAwVmB,1条评价,人均-,粒粒谷香南瓜露 能量牛肉条 火爆辣子鸡中国汉堡
TOTI饕餮生活甜品,https://www.dianping.com/shop/H7CIct3ClY7wzBYb,6条评价,人均-,提拉米苏 草莓鲜果拿破仑5寸 海盐咸奶油巴斯克
蓝贝壳自助餐厅,https://www.dianping.com/shop/G8KzVgrpFLdpl93r,632条评价,人均￥52,辣椒炒刘硕 披萨 小蛋糕
悟隐深夜食堂(邓州皇马国际店),https://www.dianping.com/shop/la4fOaHgaQppEd3d,12条评价,人均-,火焰山 寿司 鲷鱼刺身
西部来客大盘鸡(邓州店),https://www.dianping.com/shop/G73j7Eqy2MNNn7PX,161条评价,人均-,手工面 麻辣鲜炒鸡 素凉菜
一锅享自助小火锅(邓州店),https://www.dianping.com/shop/k1FTvKIAcwO8QCqm,38条评价,人均-,一锅享29元自助小火锅
妙享融合餐厅(广亿店),https://www.dianping.com/shop/k7NeTyWdQr96eSBU,237条评价,人均￥55,妙享香米鸭 芝士焗蟹宝 坛椒炒肉
火鳳祥鲜货火锅(邓州店),https://www.dianping.com/shop/H3Q8Ob5caPjTBKWu,39条评价,人均-,凤祥脆三宝 蒜香掌中宝 千张
一起兄弟•辣鸡酒馆,https://www.dianping.com/shop/Em8ye7GiaiON5l2r,23条评价,人均-,小院茄子 戳子肉 头牌辣子鸡
哼理烧肉碳火烤肉,https://www.dianping.com/shop/G7UonjPys4fgAqpC,69条评价,人均-,风干肠 y精品牛五花 战斧牛排
杨掌柜辣椒炒肉(邓州店),https://www.dianping.com/shop/l72o82zZ3geztR6W,4o2条评价,人均￥6o,辣椒炒肉 招牌下饭菜辣椒炒肉 虫草花炖乌鸡
青一色火锅(邓州建业广场店),https://www.dianping.com/shop/l78PU5Dl9qc4jv0f,322条评价,人均￥79,青一色锅 鲜切黄牛吊龙肉 高钙羊肉
仅有点心铺,https://www.dianping.com/shop/jkCz6MQkvNJJhBUv,1o条评价,人均-,梦龙卷 酥皮菠萝包 奥利奥魔法棒
山姆仕蛋糕,https://www.dianping.com/shop/k2idKHkDebof7764,1121条评价,人均￥48,哈密瓜味水果巧克力蛋糕 双层乳脂水果巧克力蛋糕 光头强蛋糕
一品鱼锅,https://www.dianping.com/shop/H7ju1J7mtHJ1T0wQ,84条评价,人均￥35,我家炸豆皮 壹品鱼酸菜鱼 虾滑
亚凤鸡鲍鱼(邓州店),https://www.dianping.com/shop/l3hR6qvo3hOTTE6J,928条评价,人均￥68,鸡鲍鱼 8秒炸响铃 鸡恋虾
豪渝火锅(邓州建业广场店),https://www.dianping.com/shop/k2Ecr2ZnEZYCpB6A,59条评价,人均￥116,盘龙酥肉 手工鱼籽虾滑 重庆椒麻牛肉
阿铭小火锅(邓州店),https://www.dianping.com/shop/k13AQetTTEqzx6fM,98条评价,人均-,秘制牛肉 腐竹 小料
辣美子重庆自助火锅,https://www.dianping.com/shop/G381PjZqmp6iAZ33,1o5条评价,人均-,牛肉卷 荤菜 美味涮菜
任记糊辣汤(邓州总店),https://www.dianping.com/shop/H8wJf0WaQADCOwwV,1o条评价,人均-,油条 牛肉糊辣汤 羊肉糊辣汤
柳盈盈螺蛳粉火锅(邓州店),https://www.dianping.com/shop/GaxyNcyZ57ZVJjcE,5条评价,人均-,芒果绵绵冰 臭豆腐 盈盈鲜炸串
珍菌烩面(雷锋路店),https://www.dianping.com/shop/H6IceTtjxBroBoHv,12条评价,人均￥67,烩面 酸辣肚丝汤 大碗牛肉
江湖有局,https://www.dianping.com/shop/H4yq9nS7eHUzyu25,21条评价,人均-,不二烤鱼 激情椒麻鱼 江湖烧茄子
牛里牛气潮汕鲜牛肉火锅,https://www.dianping.com/shop/ioHs42nGYh6xFJqU,21条评价,人均-,鲜牛肉丸 匙柄肉 雪花肉
米苏烘焙(文化路店),https://www.dianping.com/shop/H1shh96C5B33jgc9,529条评价,人均-,欧式乳汁蛋糕 水果巧克力脆蛋糕 小猪佩奇造型蛋糕
小龙坎老火锅(邓州御豪庭店),https://www.dianping.com/shop/G4WlDv5aVtVwnIW4,196条评价,人均￥92,冰粉 红糖糍粑 茴香小油条
蛙唧唧蛙网红牛蛙(建业新田360广场店),https://www.dianping.com/shop/k3lZU3s070zeyKpU,2o8条评价,人均￥5o,泡椒牛蛙 招牌蒜香蛙 小油条
巴庄重庆火锅(邓州店),https://www.dianping.com/shop/la8NUTiuin3aVCTX,28条评价,人均-,地道红汤 鲜切内蒙牛上脑 巴庄脆毛肚
李想大虾火锅(邓州店),https://www.dianping.com/shop/H7GDmJJdSMyZlkLn,34o条评价,人均-,李想大虾锅 大虾小锅 手工面
一家人大酒店,https://www.dianping.com/shop/k9rGBvFEhpfMMOJs,5条评价,人均-,芝麻叶豆腐汤 虾仁灌饼 红烧肉
廣順興(邓州湍滨店),https://www.dianping.com/shop/G7PLSWb8qE6E5u4o,165条评价,人均-,煲仔饭 经典猪肚鸡（中份） 潮汕牛肉丸
王老头纸包鱼(邓州建业广场店),https://www.dianping.com/shop/H1y2zmrOK1Pqto7I,35o条评价,人均-,酸梅汤 一品菌香 蘸料
仙唐烧烤,https://www.dianping.com/shop/l3DlDrGJr2IxzyzE,27条评价,人均-,翡翠毛豆 牛肉串 爽口凉粉
真•坂町拉面,https://www.dianping.com/shop/k6q570TheRd09EvO,18条评价,人均￥46,叉烧拉面 芝士年糕火锅 豚骨拉面
花雕醉鸡(邓州店),https://www.dianping.com/shop/EOpoUsqBfE6X8uKW,41条评价,人均￥34,五年陈醉鸡 蘸汁小油条 五年陈花雕
卤大仙·铁锅焖面(邓州店),https://www.dianping.com/shop/k3kaHmwgx4gFiUDM,43条评价,人均-,酱骨头 酸萝卜老鸭汤 回锅肉焖面
袁记纸包鱼(迎宾大道店),https://www.dianping.com/shop/k8sXhham83qWPZS6,697条评价,人均-,纸包鱼 一品菌香 激情椒麻
李二鲜鱼村(万德隆时代广场店),https://www.dianping.com/shop/G1QB2J6glUprU1JF,4449条评价,人均￥128,火烧馍 酸菜鱼锅底 锅盔馍
鱼你在一起(邓州正商新天地店),https://www.dianping.com/shop/G5ivy68lA3clY3Dy,4条评价,人均-,热炝酸菜鱼 劲爆藤椒鸡米花 馋嘴小酥肉
德字号,https://www.dianping.com/shop/H6sz5wzKSPZ2O4Lu,2o条评价,人均￥28,烤鸭 石子馍 铁板土豆片
喜虾客(建业广场店),https://www.dianping.com/shop/l4E7ZkfC7GqN7DHN,722条评价,人均-,鸡恋虾 手工面 自助小料
火语烧烤(东一环店),https://www.dianping.com/shop/l1HhfcpCGNOAmXJH,39条评价,人均-,黑椒牛肉串 烤鱼豆腐 烤羔羊肉串
武渔翁鲜焖纸包鱼(正商新天地店),https://www.dianping.com/shop/EjRDNNenGQVIjpFl,27条评价,人均-,纸包鮰鱼 纸包凌波鱼 金牌紫苏牛蛙
临榆炸鸡腿(教育路店),https://www.dianping.com/shop/H747vn06pzGzHoxX,39条评价,人均-,招牌炸鸡腿 黄金炸鸡叉骨 豆皮鸡肉卷
