隆胜达馅饼店(灯塔店),https://www.dianping.com/shop/l5voo599FOahBEC8,32条评价,人均￥6o,锅包肉 牛肉馅饼 茶树菇茼蒿爆鱿鱼
顺鑫烧烤城(灯塔店),https://www.dianping.com/shop/HaI69mjOFKywdmz0,591条评价,人均￥67,澳洲肥牛 拌花菜 顺鑫烤肉
犇犇捞潮汕牛肉火锅(灯塔店),https://www.dianping.com/shop/ELUilXomq9ZtVLKq,249条评价,人均-,吊龙伴 牛骨汤锅底 潮汕炸腐竹
遇见奉天,https://www.dianping.com/shop/k5rSJ3lVLOfLDZir,12条评价,人均￥52,大厨怒炖汤河鱼头 肉饺子 花生米
回忆往事大锅台,https://www.dianping.com/shop/ikURqoCYv21gwMNT,7条评价,人均-,大鹅㸆土豆 鸡肉排骨锅 排骨炖豆角
弘宇肉串麻辣烫,https://www.dianping.com/shop/l79EnQz3daEfr354,18条评价,人均￥22,麻辣烫 炸鸡排 炸牛排
韩江果木碳火烤肉(灯塔店),https://www.dianping.com/shop/H90Go4tryaX612pf,1o2条评价,人均￥61,黑胡椒牛排 韩江牛肉 西冷牛排
隆胜达海鲜饺子馆,https://www.dianping.com/shop/GaMsGf4Ihu6Jih27,7条评价,人均￥25,新派素三鲜 猪肉芹菜 牛肉圆葱
渝五爷鸭血串串锅(灯塔店),https://www.dianping.com/shop/GafYAL4HCdOfLCtl,8条评价,人均-,冒鸭肠 麻香小酥肉 鸭血
皇太极蒙古烤羊腿(光明路店),https://www.dianping.com/shop/G7ohUhGM3OYmXRoG,6条评价,人均-,烤羊腿 烤猪脚 蔬菜拼盘
川蜀香重庆老火锅(八栋楼店),https://www.dianping.com/shop/k5ROisF9KMTPovv7,83条评价,人均-,鸳鸯锅 宝马锅 自制虾滑
新来宝火锅,https://www.dianping.com/shop/G4t1MbVIsHYXy1Yu,6条评价,人均-,酸菜锅 水发鱿鱼 海带
大路筋饼店,https://www.dianping.com/shop/FVZZMVmNFz8gFkGz,3条评价,人均-,素烩汤 熘肉段 鱼香肉丝
茶百道(灯塔一高中店),https://www.dianping.com/shop/G47yOoJuOwwOLkNm,18条评价,人均-,茉莉奶绿 元气桃桃奶茶 豆乳米麻薯
小时代概念主题餐吧(灯塔店),https://www.dianping.com/shop/H3YN8ztE7w7kTKi8,49条评价,人均￥65,水煮鱼 香辣盆盆虾 水煮肉片
小唐炸串,https://www.dianping.com/shop/G99SKBkKARjoxMhw,9条评价,人均￥23,炒方便面 鸡排 小鸡肉棒
何家馅饼驴肉城,https://www.dianping.com/shop/H5DR8ldOhg7YhtBo,15条评价,人均￥48,驴肉馅饺子 驴杂锅 何家大拼盘
阿喜烤肉(灯塔店),https://www.dianping.com/shop/k1cAm1z2GDNCdUTx,28条评价,人均￥53,阿喜黑椒牛肉 阿喜特味坛肉 冷面
杨记铜锅,https://www.dianping.com/shop/k3YFkoBVF1PoDWl2,2条评价,人均￥4o,毛肚 手擀面 炸小馒头
海迎春鲜虾饺(灯塔店),https://www.dianping.com/shop/k5ulkpF4fCEI7RIf,13条评价,人均￥33,三鲜疙瘩汤 酱干菜 黑米八宝粥
邵汇大虾(灯塔店),https://www.dianping.com/shop/labNk64DXZ5l0COM,78条评价,人均￥62,虾锅 扯面 大虾
牛一厨筋头巴脑火锅(灯塔店),https://www.dianping.com/shop/G3kOm1rUjayLx4aN,38条评价,人均-,爽滑鱼片 嫩滑小牛肉 鲜嫩鸭血
三千里烤肉(灯塔店),https://www.dianping.com/shop/G7M2GkkSXLtQ6vHa,428条评价,人均￥87,三千里秘制猪五花 三千里黑胡椒美肥 烤鸡肉
金庆餐厅,https://www.dianping.com/shop/G6SjiJ27mhLIPsHM,,人均-,土豆烧牛肉 四川小酥肉 铁板三鲜
酉辰火锅城,https://www.dianping.com/shop/la9h4ZWNSSUKNmX8,1条评价,人均-,酸菜海鲜锅 宽粉 酉辰高钙羊肉
好再来烘焙欢乐餐厅(大市场店),https://www.dianping.com/shop/H9WymUvbqCG2dbSZ,9o3条评价,人均￥46,照烧鸡肉披萨 特调水果捞 榴莲千层
客来多驴肉,https://www.dianping.com/shop/jvPpMgLhZ9y9KqqN,5条评价,人均-,驴肉 驴肠 爆炒羊肚
名都晓荷塘主题火锅(灯塔店),https://www.dianping.com/shop/l4qMd3LsiVNnyfx9,14条评价,人均-,肥羊卷 生菜 三鲜锅
刘记壹切铁锅炖,https://www.dianping.com/shop/G8BCRN0hII1jjv35,,人均-,
老许烧烤店,https://www.dianping.com/shop/H49GkTfzNBqbeOGM,3条评价,人均-,老许肉串
鸿源饭店(文明街店),https://www.dianping.com/shop/k7JiduigV70aXIwb,3条评价,人均-,生炒笨鸡 锅包肉 咸鱼饼子
浩天渝香苑火锅(富强街店),https://www.dianping.com/shop/k6xk2jORdR4P5Dm1,1o条评价,人均￥64,极品美肥 太阳卷 炸腐竹
吉屋料理(一高中店),https://www.dianping.com/shop/k27d0DaEtapintj6,13条评价,人均￥14,板烧鸡肉饭 鲁肉饭 咖喱饭
肯德基(时代广场店),https://www.dianping.com/shop/k4oOIXlswm2vMaMs,26条评价,人均￥4o,五味小食拼盘 香辣鸡腿堡 原味吮指鸡
乐滋披萨(四方店),https://www.dianping.com/shop/l6T1giQyjPTJcXdX,9条评价,人均-,超级至尊披萨 风情夏威夷披萨 金枕榴莲披萨装
东北一绝毛烧鸽子店,https://www.dianping.com/shop/k7YL7bpgecAjLQ5V,4条评价,人均-,
隆胜达粥店(文明街店),https://www.dianping.com/shop/H83tuFYFfEGsfUAk,13条评价,人均-,
小马泰式奶茶,https://www.dianping.com/shop/Em21JIFrhEv4egYF,8条评价,人均-,
富海私房菜,https://www.dianping.com/shop/k2vsD95f6VtykBA7,3条评价,人均-,
爷俩海鲜烧烤,https://www.dianping.com/shop/l15HWFiEMGvYxCwB,,人均-,
董家全羊馆(灯塔店),https://www.dianping.com/shop/H5dFjYn7hc52yaIT,4条评价,人均-,
可立亚烤肉(灯塔店),https://www.dianping.com/shop/iJuwivKF1khL7dYs,22条评价,人均￥86,
隆胜达水煮鱼(金澜名邸店),https://www.dianping.com/shop/jvSwz3ZzpUB3EnDN,7条评价,人均-,
京畿道烤肉,https://www.dianping.com/shop/G4FqoawKN6Nw5NpJ,26条评价,人均￥5o,
春雁海鲜饺子馆,https://www.dianping.com/shop/H1YBoo5gXZ7xa5DU,6条评价,人均￥5o,
古襄平好兄弟碗碗香(文明街店),https://www.dianping.com/shop/GaxPerqmuERLe7H0,25条评价,人均￥3o,干煎刀鱼 糖醋排骨 兄弟炖肉
牛牛烤肉(灯塔店),https://www.dianping.com/shop/F6Anrcyu5o2MFarf,2条评价,人均-,特色肥牛 鱼豆腐豆皮肉卷双拼 拌腐竹
晓丰饭店,https://www.dianping.com/shop/k1kBtzPt4km3XuBQ,2条评价,人均-,水煮鱼 木耳炒鸡蛋 青椒炒肉
聚福楼(光明路店),https://www.dianping.com/shop/k9rPEHhZRT3BPnUG,4条评价,人均￥25,韭菜盒子 健康大拌菜 哇哈哈矿泉水
蜜雪冰城(大商家店),https://www.dianping.com/shop/G8btl0WrdzpOsCwT,2条评价,人均-,满杯百香果 桑葚雪王大圣代 草莓奶露
青山里炭火烤肉,https://www.dianping.com/shop/k8AAvbUWvSXpuWBu,5条评价,人均-,炒饭 肋条 尖椒
明远火锅烧烤城,https://www.dianping.com/shop/GaTUwc96sl5MuGyw,1o8条评价,人均-,澳洲肥牛 石锅拌饭 鲜羊肉
刘炭长牛烧大块烤肉(灯塔店),https://www.dianping.com/shop/l5Wa1jkxE2vAzLr9,3条评价,人均-,干拌麻辣泡面 冒小面 三沟原浆
正宗山东水煎包,https://www.dianping.com/shop/Ha3LeRjJBg5lKAyn,3条评价,人均-,山东水煎包 老式麻辣烫 八宝粥
锦州小串吧,https://www.dianping.com/shop/G9FP7dVNbUXTgZoE,1条评价,人均-,特色鸡头 特色翅中 凉串毛肚
高兴壹锅,https://www.dianping.com/shop/l5ij2rcDZQVksffH,5条评价,人均-,特色1 特色菜 特色5
蒂奥莎烘焙店(铧西店),https://www.dianping.com/shop/l1zmokFP76OUe7LU,57条评价,人均￥2o,带馅大麻花 双层暴富蛋糕 水果蛋糕
肯德基(井泉店),https://www.dianping.com/shop/G5xeOyET7eVqur36,4o条评价,人均￥3o,原味圣代兑换券 香辣鸡腿堡 全家桶
阿喜烤肉(际盛店),https://www.dianping.com/shop/l3WVrSBP4VgIWLL7,5条评价,人均￥99,冷面 烤菜卷 蛋炒面
川蜀香重庆老火锅(佟二堡店),https://www.dianping.com/shop/l72pkbs0S1jRQYch,13条评价,人均-,秘制鲜牛肉 火焰山麻辣牛肉 虾滑
