德阳小馆Brunch Coffee Lounge,https://www.dianping.com/shop/H4HdOJmAWRO2S02s,41条评价,人均￥79,香煎大虾柚子沙拉 野菌肥牛炒饭 低温慢烤春鸡
牛膳寿喜锅(同森锦樾店),https://www.dianping.com/shop/HaWd4Zdmlw8ydHyC,436条评价,人均￥144,澳洲M6和牛肉 冰淇淋 无菌蛋
五里关火锅(德阳店),https://www.dianping.com/shop/H23EqaWx31kMGvdo,1o9条评价,人均￥88,耙牛肉 耙鸡脚 清油毛肚
德阳老号肖记片粉,https://www.dianping.com/shop/k9fLI3E9GoarYleH,777条评价,人均￥11,肖记片粉 甜水面 香豆腐
向阳唐毛肚,https://www.dianping.com/shop/G69o7aBnMEihRR11,665条评价,人均￥121,毛肚 牛杂 牛肉
包牛肉,https://www.dianping.com/shop/k6B05TPZl72GgZIC,489条评价,人均￥46,
正一涵名小吃,https://www.dianping.com/shop/l1NDulEyhDZF4wOJ,1193条评价,人均￥22,
嘟爷火锅杯小吃店(同森锦越店),https://www.dianping.com/shop/H6rSX9LhSvjy2Kax,19条评价,人均-,
無眠NoSleep焖烤酒肉场,https://www.dianping.com/shop/GaQemrgLiyjXiInw,11o条评价,人均￥72,
老北门饭店,https://www.dianping.com/shop/H6UANjx1O8hQg6Ou,38o条评价,人均￥5o,
勇记干锅居(德阳店),https://www.dianping.com/shop/G3KYvMXaDQMU89W2,1953条评价,人均￥61,
INDY City Camp Bar隐笛城市营地,https://www.dianping.com/shop/G6xDccinckLKzLeO,24条评价,人均￥74,
久侯川式烧烤料理,https://www.dianping.com/shop/H6uMLVTcel4M0Ksf,56条评价,人均￥9o,
雲上海鲜火锅,https://www.dianping.com/shop/G1pYPgeaZKNTOXRq,198条评价,人均￥121,
蕉叶湾 Banana Leaf Bay(同森锦樾店),https://www.dianping.com/shop/G3xmNtJU3e7WrX2w,134条评价,人均￥92,
三丁一体菜(绵远街店),https://www.dianping.com/shop/G79A1ZpkZokwZyCB,696条评价,人均￥53,馋嘴牛肉 碳烤五花肉 蒜香花甲
慢坐餐厅,https://www.dianping.com/shop/k7jJ2g9vuUw1CGR0,95条评价,人均￥95,香草炸鸡 土耳其披萨 传统肉酱面
五里关火锅(广汉店),https://www.dianping.com/shop/H5Pq7M0gSXsQubRC,223条评价,人均￥87,耙牛肉 耙鸡脚 冰汤圆
黑釜·炉端烧和酒(102生活广场店),https://www.dianping.com/shop/H9zA0c1orcx1ZBXi,421条评价,人均￥114,鹅肝寿司 荔枝猪肉卷 芝士焗大虾
广汉正宗名小吃,https://www.dianping.com/shop/l8RXrYhaugDOhR6E,257条评价,人均￥21,金丝面 玻璃抄手 红油水饺
汉街·院里火锅,https://www.dianping.com/shop/G47cUzDhAikr41cd,178条评价,人均￥83,屠宰鲜毛肚 秘制嫩牛肉 手打虾滑
小肥仔寿喜锅,https://www.dianping.com/shop/FpUx1gEUAKECcm4y,4o5条评价,人均￥111,寿喜锅 M4和牛牛排肉 冬阴功锅
胎不嗦麻辣烫(同森锦樾店),https://www.dianping.com/shop/l3jHjKwKx1A6cD9e,141条评价,人均￥77,胎不嗦麻辣烫 嫩牛肉 胎不嗦秘制饮品
昊·来了寿司,https://www.dianping.com/shop/G2RYKysonRVFjBZq,385条评价,人均￥78,酥皮脑花寿司（两枚） 牛丼饭 鹅肝寿司
康健净雅·文化艺术餐厅,https://www.dianping.com/shop/l2nirDmowjvRe7dq,158条评价,人均￥114,双椒鲜仔兔 藤椒巴沙鱼 养生乌鸡汤
后火锅(德阳首店),https://www.dianping.com/shop/k9mreQwWUYegcXcQ,319条评价,人均￥1o6,红烧耙牛肉 手工现摊苕皮 沈飞耙鸭脚
醉西昌烤肉(永兴街店),https://www.dianping.com/shop/G25KazDCOXgkQqdU,754条评价,人均￥62,精品五花肉 生蚝 扇贝
HOO COFFEE,https://www.dianping.com/shop/kaXvlg4dGTwoz31R,21条评价,人均￥26,清迈美式 冰美式 SOE气炫冰美式
青炭初烤·韩餐酒馆,https://www.dianping.com/shop/G6qwkYofGdgIc9FQ,187条评价,人均￥96,精选厚五花肉 南美牛肋条 双拼炸鸡
味道鲜干锅(吉祥店),https://www.dianping.com/shop/H2r2HItYS75QfDTQ,62o条评价,人均￥66,面皮汤 糯香鸭掌 干锅鹅翅
何叔美蛙鱼(文庙店),https://www.dianping.com/shop/Haahv8HZVuGKgcNY,18条评价,人均￥6o,美蛙 木耳 血旺
香味轩(北海路店),https://www.dianping.com/shop/k1o7lgtSd77KxvNi,778条评价,人均￥77,干锅鲜兔 糯香鸭掌 糯香猪蹄
西域胡杨风味餐厅,https://www.dianping.com/shop/l4pFydahzEgK1a2r,127条评价,人均￥91,大盘鸡 酸奶 烤羊肉串
MaMaThai,https://www.dianping.com/shop/l81fw96FXu3Krjq9,116条评价,人均￥85,招牌冬阴功汤海鲜汤 凤梨海鲜炒饭 招牌香茅草烤鸡
好记哑巴兔(黄许镇店),https://www.dianping.com/shop/H1RfPw0CZyU15RbU,599条评价,人均￥98,泡椒兔 干煸兔 哑巴兔
壹家炭火烤羊腿(沙河街店),https://www.dianping.com/shop/l34HZMZt8qlzGv2k,21o条评价,人均￥9o,羊排 羊腿 羊肉串
楠火锅(同森锦樾店),https://www.dianping.com/shop/k7888ZF18SdKgeu1,192条评价,人均￥114,耙鸡脚 冷锅血旺 西瓜挖球冰
广东潮汕潮尚牛鲜牛肉火锅,https://www.dianping.com/shop/H9zoxkz1HqHAhEIo,11条评价,人均-,三花趾 炒牛河 三花腱
达州·陈汤圆,https://www.dianping.com/shop/k7dJRVrLgvSwrtWy,19条评价,人均-,干拌杂酱面 红糖醪糟汤圆 干拌抄手
岳珍珍无限自助烤肉(德阳店),https://www.dianping.com/shop/lanZSSg4g4bjsnER,169条评价,人均￥63,芝士玉米 鱿鱼 锡纸蟹柳
玩泰清迈大排档·泰国私厨,https://www.dianping.com/shop/k84hBNcPhVUE3gcT,91条评价,人均￥61,传统泰式冬荫功汤 夜市香茅酸辣虾 泰式生腌罗氏虾
食惠坊北京烤鸭(德阳分店),https://www.dianping.com/shop/G4fIwJoPRPZaoIwU,56o条评价,人均￥68,酸萝卜老鸭汤 贝勒爷烤鸭 干煸鸭架
温晴小院,https://www.dianping.com/shop/k4GaUScU7tNeAOkY,63条评价,人均￥46,生椰拿铁 咖啡 抹茶拿铁
误会·庭院,https://www.dianping.com/shop/EplNJdCk1xTrVIQU,46条评价,人均￥124,寿喜锅 庭院下午茶 肉桂红茶
一亿哑巴兔(总店),https://www.dianping.com/shop/ka5bytx1k1R3ipov,458条评价,人均￥1o2,特色哑巴兔 一兔两吃 铁观音焗排骨
牛必鲜切自助潮汕牛肉火锅,https://www.dianping.com/shop/G3qbr9uUA7DaOGIZ,3o条评价,人均-,鲜切牛肉 牛必鲜切 牛必鲜切牛肉2
老字号黄牛肉牛排火锅,https://www.dianping.com/shop/l44yRyMuhs9NOX7t,232条评价,人均￥79,黄牛肉 蒸牛肉 蒸饺
歡喜火锅,https://www.dianping.com/shop/k6YF5ZCG7BX7WuYt,27条评价,人均￥74,千丝黄喉 泡泡豆干 千丝土豆
炉里香·北京烤鸭(德阳万达店),https://www.dianping.com/shop/l702MllPDw652whV,111条评价,人均￥52,招牌烤鸭 酸萝卜鸭架汤锅 江湖大麻鱼
ALBERTA哞约STEAKBAR(钻石广场店),https://www.dianping.com/shop/l1O0zpDBcMl9tArd,454条评价,人均￥86,墨西哥牛肉塔可 黑椒牛柳炒意面 澳洲战斧牛排
泰合汇餐饮店,https://www.dianping.com/shop/G7iSqlH8hA56iQxM,15条评价,人均-,菠萝炒饭 泰式炸虾片 越南手工春卷
小财迷柴火鲜货火锅,https://www.dianping.com/shop/H8KdzSS8IwrRoZEl,24条评价,人均￥77,吊龙 手撕鲜毛肚 鲜牛肉
天地人和.雒城汇,https://www.dianping.com/shop/l32gNPTIQdU1kOKZ,178条评价,人均￥121,雒城烤鸭 罐罐红烧肉 坛子肉
筱筱家,https://www.dianping.com/shop/G4fFHNm1AaPQmiv7,197条评价,人均￥78,咖啡 华夫饼 摩卡
江上云里•花园餐厅,https://www.dianping.com/shop/l6jtPZDdfXwQw7Ci,26条评价,人均-,尖椒耙鸡脚 海南椰子鸡 羊肉汤锅
端厨(城北店),https://www.dianping.com/shop/H7oGoYebMKo5uiLN,816条评价,人均￥61,招牌堂煎小黄鱼 北京烤鸭 老面馒头
紊里火锅,https://www.dianping.com/shop/G5KECPpuEaF66JTH,458条评价,人均￥88,手工鲜虾滑 嫩牛肉 功夫土豆片
休记光头香辣蟹干锅(广汉幸福大院店),https://www.dianping.com/shop/k6cZXI31USAhIt2P,814条评价,人均￥58,光头虾 酸菜面皮汤 排骨虾合拼
后火锅(什邡店),https://www.dianping.com/shop/G8rUS87IdGMWJSvu,47条评价,人均￥92,肥肠炒饭 冰冰西瓜茶 红烧耙肥肠
暮肆精致料理,https://www.dianping.com/shop/F1mBaLung2xbXzS9,18条评价,人均-,地狱拉面 豚骨拉面 牛丼
