林氏圆子(胞波路店),https://www.dianping.com/shop/k8zX6NW4QiU0zgjo,266条评价,人均￥17,圆子饵丝 甩粑粑 牛肉圆子
梦幻德宏,https://www.dianping.com/shop/k7E8IlnCBpfSfHTX,846条评价,人均￥56,梦幻泡鲁达 梦幻手抓饭 梦幻锅贴
烂路早点,https://www.dianping.com/shop/H64WNaUdYKYFKlHv,95条评价,人均￥19,新鲜饵丝 大碗加帽清汤牛肉饵丝 牛肉早点
瑞丽活螃蟹(芒市店),https://www.dianping.com/shop/G4UOlofsMaoOaQh7,73条评价,人均￥88,香辣螃蟹 清蒸膏蟹 缅甸啤酒
梅子咖啡烘焙工作室,https://www.dianping.com/shop/l7KEeJZuLq6OcIyQ,218条评价,人均￥35,单品手冲咖啡 冰拿铁 dirty
百思特美食,https://www.dianping.com/shop/l5emBt8vBLfnUxCM,246条评价,人均￥42,泡鲁达 泡鸡脚 甩粑粑
小瓦碴厨房餐厅,https://www.dianping.com/shop/l8xHO8kyD5XVFE8n,218条评价,人均￥75,菠萝饭 泰式虾球 藕卷
乔岩保应烧烤,https://www.dianping.com/shop/l1wik15AaKnj7mYr,94条评价,人均￥74,香脆猪尾巴 烤猪皮 锡纸烤鹌鹑蛋
勐焕傣家,https://www.dianping.com/shop/G7DqQdjNjXHG3ldG,743条评价,人均￥69,香茅草烤鱼 香茅草排骨 菠萝饭
勐焕老奶冷饮,https://www.dianping.com/shop/H84WBnYc3gJ2Meky,279条评价,人均￥17,泡鲁达 番茄酱鸡脚 牛油果汁
甘英泡鸡脚店,https://www.dianping.com/shop/G58OuQ2JGHoj7uUS,239条评价,人均￥21,泡鸡脚 牛油果 泡鲁达
勐巴娜西美食城,https://www.dianping.com/shop/G6daYfeSCuaZoi7E,2o条评价,人均￥62,泡鲁达 牛肉丸 甘英泡鸡脚
阿古吉缅甸茶餐厅,https://www.dianping.com/shop/k4i62FmjkHGxQIeW,87条评价,人均￥31,芝士鸡蛋甩粑粑 缅甸油面 冰激凌泡鲁达
盈黎手抓饭(芒市店),https://www.dianping.com/shop/k24vFxO4THyx28Tw,158条评价,人均￥71,美味手抓饭 景颇烤肉 烤鱼
卤校长重庆火锅(芒市店),https://www.dianping.com/shop/FtLQX911Lsi9KOK2,3条评价,人均-,辣卤耙鸡爪 辣卤肥肠 椰子年糕冰雪
森活野社,https://www.dianping.com/shop/l2oGm16Wnwrp4aWE,13条评价,人均-,冷萃咖啡 牛奶拿铁 南栀手冲咖啡
阿喝咖啡,https://www.dianping.com/shop/l7nkLy8IDzJZWvqR,17条评价,人均￥31,椰子拿铁 西柚气泡美式 阿喝一号冷萃
品德宏·孔雀宴的发源地(金塔园店),https://www.dianping.com/shop/l5AwthGsEev7CavC,744条评价,人均￥69,烤五花肉 香茅草烤罗非鱼 柠檬撒
户撒阿昌过手米线馆,https://www.dianping.com/shop/l6HutlBpH1u1YuVL,43条评价,人均￥31,炒米线 鸽子肉过手米线 水果泡鲁达
瑞丽景缘手抓饭,https://www.dianping.com/shop/k9TsTkcDS4pMyHI0,1174条评价,人均￥56,景颇手抓饭 甜米酒 烤五花肉
老瓦堂户撒过手米线,https://www.dianping.com/shop/l8DqihNkhDA9iRai,99条评价,人均￥4o,烤五花肉 猪肉过手米线 过手米线
泰国餐厅,https://www.dianping.com/shop/H5QE5CWqOjb5klWR,983条评价,人均￥85,冬荫功汤 招牌特色柠檬鱼 泰式小春卷
曼谷街头,https://www.dianping.com/shop/l8wphYCv06gIhMju,9条评价,人均-,冬阴功汤 红咖喱鸡 芒果糯米饭
憨大龙火锅,https://www.dianping.com/shop/G51DbtZFc8lXRR2U,79条评价,人均-,现切吊龙 大颗粒手工虾滑 现切腰片
步步冷饮店,https://www.dianping.com/shop/k9ChekAhJLTyjxW6,463条评价,人均￥33,干巴炒饭 鲜虾春卷 桔子鸡蛋饼
牛少爷,https://www.dianping.com/shop/k6uSU5gAdVdhm0lL,3o条评价,人均￥53,五毛小牛肉串 牛胸标 包烧猪脑
从托半波饭店,https://www.dianping.com/shop/H7lOatNtzjX9oVj0,12条评价,人均-,景颇炒鸡 火烧干巴 鬼鸡
芭提雅泰国餐厅,https://www.dianping.com/shop/l8LoGSAzrAEBzHIw,22条评价,人均￥1o4,甜点拼盘 炭烤拼盘 碳烧猪颈肉
芒市艳菊缅甸勐古撒撇店,https://www.dianping.com/shop/H33NbYLzaMXkk9Jd,32条评价,人均￥25,牛肉柠檬撒撇 猪肉柠檬撒撇 柠檬水
仔貌家餐馆,https://www.dianping.com/shop/HaS5bdJDmDTf39BW,87条评价,人均￥48,四季傣味手抓饭 烤五花肉 傣味烤鱼
松树寨农家小院,https://www.dianping.com/shop/G1aSHAUWlwTgX1y0,6条评价,人均-,黄焖鸡 橄榄鸡 臭豆腐炖鱼
芒里花圃,https://www.dianping.com/shop/l9CWUsVv5PBDACzF,11条评价,人均-,雪媚娘鲜花饼 荞麦鲜花饼 原味鲜花饼
大凉山火盆烧烤(芒市店),https://www.dianping.com/shop/G2t3DuMa4huxjGEE,151条评价,人均￥71,瓦片牛肉 瓦片五花肉 包浆豆腐
芒市秀华建水菊花过桥米线店,https://www.dianping.com/shop/H9BHc3c8E3RvPByv,65条评价,人均￥76,特色涮牛肉 包浆豆腐 鸡脚
DOXA 西餐厅,https://www.dianping.com/shop/kaf05UkAzICxYqsK,17条评价,人均￥85,三文鱼意面 里脊牛排 冰咖啡
CHAGEE霸王茶姬(瑞丽一店),https://www.dianping.com/shop/l2Eh5ttYlloNh1fF,8条评价,人均-,冰滴大红袍 茉莉仙椰 七里香
得闲coffee&shavedice,https://www.dianping.com/shop/G9QsJVn8CYtvy9kj,1条评价,人均-,
山之韵景颇风味餐吧(傣族古镇店),https://www.dianping.com/shop/l9TgCv2hTIhQa6FT,52条评价,人均-,景颇鬼鸡 香茅鸡翅 景颇虾撒
品德宏·孔雀宴(傣族古镇店),https://www.dianping.com/shop/H3Ol0BffJIG13vGN,19条评价,人均-,手抓孔雀宴 品德宏柠檬撒 傣家簸箕小烤串
市井江湖老火锅,https://www.dianping.com/shop/k8IYxydWOHzcA6jd,17条评价,人均￥99,雪花牛肉 虾滑 黄金腐竹卷
润美民族园,https://www.dianping.com/shop/H2rvAPndZCRsvZd3,175条评价,人均￥111,烤罗非鱼 菠萝饭 竹筒饭
柒只虾铺,https://www.dianping.com/shop/G7Q7Vwuw85O9jiYQ,5条评价,人均-,尖椒牛蛙 尖椒肥肠 尖椒鸡
沙巴洛,https://www.dianping.com/shop/FNWqFmyxiyePMHl3,2条评价,人均-,红咖喱菠萝牛肉盖饭 椰子沙冰 泰式拌面
无象傣味烧烤,https://www.dianping.com/shop/l3YNiz80iPlZ2c80,36条评价,人均￥57,烤鸡腿 烤虾 炒面
仰光里东南亚餐厅,https://www.dianping.com/shop/G3vEUCZH3iATj5eK,3条评价,人均-,虾仁炒芦笋 泰式海鲜炒金边粉 冬阴功汤
瑞丽勐卯宴,https://www.dianping.com/shop/l8YV3eeyWOnHIhJ7,1266条评价,人均￥82,紫米菠萝饭 景颇烤鱼 香茅草炒鸡
伍哥食坊(盈江店),https://www.dianping.com/shop/H8nMNojtIoEqQa53,1o条评价,人均-,烤鸡 手剥笋 老爹洋芋
梦幻德宏·老宅院,https://www.dianping.com/shop/G4HM5x9IDyBdjUrh,29条评价,人均￥63,菠萝牛肉 椒麻米线鱼 现点豆花
保平酸牛肉,https://www.dianping.com/shop/k3jMpDw88YgtDGuI,43条评价,人均￥15,酸牛肉 牛肉酸汤饵丝 酸牛肉米线
林氏圆子(东风店),https://www.dianping.com/shop/GaTdWzPzX2OUknw9,68条评价,人均￥14,圆子 饵丝 奶茶
咖啡城镇,https://www.dianping.com/shop/l9MwDf9EdEtBokrZ,5条评价,人均-,拿铁拿铁 短笛拿铁piccolo 卡布奇诺cappuccino
术木老挝冰咖啡(傣族古镇店),https://www.dianping.com/shop/l3w4TuxzybGGvD2b,94条评价,人均￥16,老挝咖啡 泰式红奶 泰式绿茶
重庆镇三关火锅(芒市总店),https://www.dianping.com/shop/idhFcEQwmxDWYmlQ,21o条评价,人均-,特色九宫格 鸳鸯锅底 潮汕牛肉
树下咖啡,https://www.dianping.com/shop/l1r3m93lYGqZeV4y,13条评价,人均-,绿豆牛乳拿铁 红茶巴斯克 抹茶碎冰乐
甘英泡鸡脚店,https://www.dianping.com/shop/k3cODbUeZxpXhE6o,35条评价,人均￥28,香辣鸡爪 泡鲁达 蒜香鸡脚筋
韩炉村,https://www.dianping.com/shop/G6eFQa4HMuQYKaYB,39条评价,人均-,
山小葵,https://www.dianping.com/shop/GaPkALhw9Jy21yAm,8条评价,人均-,
小六生态烤香猪,https://www.dianping.com/shop/G9XuCbykFyU6wQPo,8条评价,人均-,
鼎金野生菌火锅(珠宝小镇店),https://www.dianping.com/shop/kaICcVKJtkmjYueY,171条评价,人均￥89,
爱华美味手抓饭户撒过手米线总店,https://www.dianping.com/shop/k6ZDrmbQnwid0FjV,87条评价,人均￥36,
