家香园,https://www.dianping.com/shop/k6VUCnNVEGzgv47g,37条评价,人均￥44,虎掌菌炒腊肉 土家腊蹄 农家鸡块
德吉然巴,https://www.dianping.com/shop/G358vrBPKHDzrERp,53条评价,人均￥61,牛舌 冰片牛肉 面块
七椒渔府(德格店),https://www.dianping.com/shop/G6knKjuw3shvjgBZ,2条评价,人均-,
莫克夏咖啡店,https://www.dianping.com/shop/GaMTU4ps1kSEdxmy,9条评价,人均-,拿铁咖啡 彩虹蛋糕 水果披萨
鱼来鱼往(茶马下街店),https://www.dianping.com/shop/k3P5sVd73ptonA4z,1o条评价,人均-,现炸酥肉 卤粑鸡爪 美好火腿肠
牛杂汤,https://www.dianping.com/shop/G3KGI30JwQwdoKxR,3条评价,人均-,牛杂汤 毛血旺 酸菜丹巴腊味
德格牛真香火锅店,https://www.dianping.com/shop/G5AlSfv5x6PGA4r0,1条评价,人均-,
XINING COFFEE,https://www.dianping.com/shop/k4oBin2UUvjSEhI9,9条评价,人均-,酥油拿铁 鸡肉三明治 提拉米苏
川越食府,https://www.dianping.com/shop/GaGvJuZXGK0cz9id,1条评价,人均-,毛血旺 水煮牛肉 火锅鱼
阿妈藏餐,https://www.dianping.com/shop/k7GRj92k3VxkpxhE,,人均-,
重庆美食,https://www.dianping.com/shop/H2uQYcNr1GDyC3yQ,2条评价,人均-,
四千高原菌王府,https://www.dianping.com/shop/G4HpIyFyxNgIlLNN,1条评价,人均-,
藕御阁·养生汤锅·洪湖藕王,https://www.dianping.com/shop/G1lrpnbIfRbdkviP,,人均-,藕王猪肚汤 腊排莲藕王汤 莲藕王鲜排汤
渝外壹家•小面•冒菜,https://www.dianping.com/shop/HaQ8iPKTIYbrA52Q,1条评价,人均-,豌杂面 豌豆粉 牛肉米线
乡村烤鱼坊,https://www.dianping.com/shop/H8a2soi9lPJL4YKg,5条评价,人均-,山珍老鸭汤
舌尖上的成都,https://www.dianping.com/shop/H8G1MVyHQbQ6ojM8,1条评价,人均-,抄手 包子 蹄花汤
自贡饭店,https://www.dianping.com/shop/j8KQAG7ZugYwFpij,9条评价,人均￥35,西红柿炒鸡蛋 干锅排骨虾 苦瓜炒蛋
四瑞藏餐,https://www.dianping.com/shop/l1NYzWNXeXVi0wmq,2条评价,人均-,包子 排骨 花生米
酒肉扎西,https://www.dianping.com/shop/H4Be2U3SgeOmhz0R,,人均-,
德格往事,https://www.dianping.com/shop/H6FLTNoLwb6oKxcO,7条评价,人均-,牛肉包 牛肉血肠 冰片牛肉
白玉砂锅,https://www.dianping.com/shop/k402pqW0Qsz4Zdgi,4条评价,人均-,
遇见重庆(茶马中街店),https://www.dianping.com/shop/k2HXCWxuMoLWjItB,1条评价,人均-,
德格县农贸市场,https://www.dianping.com/shop/F4vRmsG6Oyv17dtt,2条评价,人均-,
红鼎坊分店,https://www.dianping.com/shop/G8rJtFAuiKFxXcKc,12条评价,人均-,
安多自助火锅,https://www.dianping.com/shop/G2cMdT6lnUVmdO1x,,人均-,
名山饭店,https://www.dianping.com/shop/H5V2H5HyCkNVDPAm,2条评价,人均-,
必来客(德格店),https://www.dianping.com/shop/G8CVcvepfAYVLmnn,,人均-,
优滋良果水果店,https://www.dianping.com/shop/l3zG2S7O5s1JW41U,1条评价,人均-,
重庆美食城,https://www.dianping.com/shop/G1rMOdExi8lJ7Sdq,3条评价,人均-,
千鼎客自助火锅城,https://www.dianping.com/shop/G6htKYmMjVSk3vki,,人均-,
豆花饭,https://www.dianping.com/shop/l7ffh4blDWbtwX1d,1条评价,人均-,豆腐花 烂肉芹菜 青椒茄子
邛崃川菜馆,https://www.dianping.com/shop/l7UcNS6LvZaYiVpc,,人均-,
冒大仙冒菜(茶马上街店),https://www.dianping.com/shop/G3TBCvbIPBaEgzrG,,人均-,切片培根 排骨米粉 肥肠米粉
爱心蛋糕(德格店),https://www.dianping.com/shop/Ha09K54ku1TbC8P9,,人均-,
邛崃固驿饭店,https://www.dianping.com/shop/EKqKTNXRf2p5jfD2,5条评价,人均-,大盘鸡 蘑菇 鱼鲜肉丝
陕西手工大碗面,https://www.dianping.com/shop/GaYvkpawu2jt9th7,,人均-,青椒肉丝炒饭 回锅肉炒饭 杂酱干拌面
嘉绒小吃,https://www.dianping.com/shop/k9W1hly0LUNI4G2V,2条评价,人均-,土豆包 豆腐包 牛肉包
皇冠西饼屋,https://www.dianping.com/shop/k4CehHdCgHGphGCt,1条评价,人均-,吐司全麦 肉松面包 小蛋糕
丽丰西饼屋,https://www.dianping.com/shop/G8Qp7kXZpnKUQqBe,,人均-,小麻花 奶油面包 大甜甜圈
蜜雪冰城(德格店),https://www.dianping.com/shop/k8oBhns7y6aLsvfk,1条评价,人均-,珍珠奶茶
蜀津冒菜,https://www.dianping.com/shop/l8AuZQrNad0W5mPi,,人均-,酸菜面 抄手 土豆
陕西馒头店,https://www.dianping.com/shop/k8accvWgrRizNnRu,1条评价,人均-,豆浆
刘氏尤卤,https://www.dianping.com/shop/k2NWT5EBbYeZq6Dm,,人均-,烤掌中宝 凉拌白肉 凉拌猪耳朵
岗拉梅朵茶楼,https://www.dianping.com/shop/k6Dew4ZsLfArbvb8,,人均-,
享哆味汉堡全鸡(德格店),https://www.dianping.com/shop/k640mSWf0zzK5Mj9,,人均-,红豆派 香芋派 黑椒鸡块
玖玖餐馆,https://www.dianping.com/shop/G3yReoGkJX1XtZHH,,人均-,香菇肉丝 芹菜肉丝 麻辣豆腐
成都好又来饭店,https://www.dianping.com/shop/l9XLvBy1Oj2lBSF2,,人均-,
嘉绒饭店,https://www.dianping.com/shop/G2XXhE5KrikO4fIK,,人均-,
手搓香面霸,https://www.dianping.com/shop/k4lQLG15jm1HIcIG,1条评价,人均-,
川渝餐馆,https://www.dianping.com/shop/FY2Fc9Yi0vsLtrkQ,,人均-,
浪多瓜果蔬菜批发零售店,https://www.dianping.com/shop/H1fUoToCTe98419W,,人均-,
城关粮油一门市部,https://www.dianping.com/shop/G5Bw8jzJOMIPqTWR,,人均-,
城北美食味饭馆,https://www.dianping.com/shop/k7aQ0tr8KR9o21gm,,人均-,
澳斯堡(德格店),https://www.dianping.com/shop/FKTaFhGSVlKIyaX6,2条评价,人均-,
成都特色饭店,https://www.dianping.com/shop/H9IYHrWYd3dSGAwN,3条评价,人均-,
清真绒麦昂扎饭馆,https://www.dianping.com/shop/k4zhBqEuxUeAnce6,,人均-,
聚贤面馆,https://www.dianping.com/shop/k8bsYK7x1rfdXKjp,1条评价,人均-,
伤心凉粉(德格店),https://www.dianping.com/shop/Ga8JV3SbR7qRQV17,,人均-,
邓记冒菜,https://www.dianping.com/shop/H3n4opRcVoBWc34f,1条评价,人均-,
重庆城北饭店,https://www.dianping.com/shop/k57swAD7E4M1qAvP,,人均-,
