梅里特色火锅店,https://www.dianping.com/shop/G4BZBN3s0rMczn58,1157条评价,人均￥92,牦牛肉火锅 青稞饼 酥油茶
靓味馆,https://www.dianping.com/shop/G4JeQMbIoB4RIa0C,21o条评价,人均￥69,爆炒藏香猪 红糖花生饼 松茸炖土鸡
山野Bistro(下雨崩店),https://www.dianping.com/shop/HaSpMjwUWMUWxLbf,1o9条评价,人均￥78,面包 山野早午餐 芝士蛋糕
既下山,https://www.dianping.com/shop/ESXQzH9ZvoaGkN3k,76条评价,人均￥198,手抓牦牛肉 牦牛滚青稞 牛肝菌炒饭
浓香园,https://www.dianping.com/shop/G9OSMMrN3A8nYL0t,84条评价,人均￥57,干煸土豆丝 藏香猪肉 爆炒牦牛肉
雪山咖啡馆,https://www.dianping.com/shop/k1aCF0FudCldbxj6,18条评价,人均￥4o,抹茶蛋糕卷 青稞咖啡 梅里山下
白玛餐厅(梅里雪山店),https://www.dianping.com/shop/l5TwGsg9hyFgs9L7,169条评价,人均￥89,酥油茶 藏香牦牛锅 青稞饼
山野Bistro·上雨崩店(山野Bistro·上雨崩店),https://www.dianping.com/shop/G3bwPAG3OmK1heuv,22条评价,人均￥74,酥油防弹咖啡 黄油啤酒 虾仁法式嫩蛋开放三明治
生态牦牛王,https://www.dianping.com/shop/G4NwzXJ6CVCPUwzB,544条评价,人均￥9o,牦牛土火锅 青稞饼 酥油茶一甜咸自选
觉色酥油茶,https://www.dianping.com/shop/H3xJWYH6wQkbWmfb,81条评价,人均￥79,水煮肉片 水煮牛肉 重庆小面
大理聚缘饭店,https://www.dianping.com/shop/G313pxNbTQzl8UQZ,82条评价,人均￥61,老奶土豆 红烧牦牛肉 酸辣鱼
聚缘小屋餐厅,https://www.dianping.com/shop/l27me03dyu1pWQfM,71条评价,人均￥63,松茸炖鸡 孜然牛肉 鸡汤米线
宏运饭店,https://www.dianping.com/shop/G5lmwvNfeCiIPCCY,181条评价,人均￥48,杂酱面 鸡蛋火腿肠炒饭 火腿炖鸡
格桑云浪餐厅,https://www.dianping.com/shop/iGa1ZggApPF0Viwr,45条评价,人均￥65,酥油茶 青椒炒牦牛 红烧茄子
游澜餐厅,https://www.dianping.com/shop/G99GuGUelLB86LBz,46条评价,人均￥72,干锅土豆片 小炒肉 蒜蓉粉丝娃娃菜
一品羊火锅,https://www.dianping.com/shop/k32owsMNmaGS2nhA,121条评价,人均￥89,带皮黑山羊羯羊肉 鲜汤锅 青稞饼
永胜农家饭店,https://www.dianping.com/shop/H1wMm34S8FRNi7Yr,128条评价,人均￥54,小炒牦牛肉片 特色红烧肉 蒜蓉丝瓜苗
巴乡川菜馆,https://www.dianping.com/shop/k5lbYndC0yWwca06,27条评价,人均￥38,鱼香肉丝 麻婆豆腐 干煸洋芋
大理清真牛肉饭店(德维线店),https://www.dianping.com/shop/H26OJqOUl4KvUbWX,56条评价,人均￥49,炒牛肉沫 牛肉炒饭 红烧牛肉
雪山之家川菜馆观景餐厅,https://www.dianping.com/shop/kaXzpYoJ6akPCCaC,142条评价,人均￥72,松茸鸡 麻婆豆腐 特色烤鱼
云阁餐厅,https://www.dianping.com/shop/k2QJWxRSkqXAbUS6,188条评价,人均￥214,普洱茶香肉 牦牛火锅 干锅杂菌
守望梅里餐厅,https://www.dianping.com/shop/l8F7rfmQ87Ujv0t9,348条评价,人均￥69,牦牛锅 青稞饼 酥油茶
神瀑客栈餐厅,https://www.dianping.com/shop/l32oQK9SmZWgMmsU,19条评价,人均￥35,咖啡 牛肉火锅 杂酱面（汤）
悠乐YOLO CAFE,https://www.dianping.com/shop/H3DeDJGwGU6tYGti,8o条评价,人均￥5o,酥油dirty 拿铁 咖喱牛腩饭
梅里往事,https://www.dianping.com/shop/G3gINMBiPKJXBt35,16o条评价,人均￥88,云南小粒咖啡 欧陆早餐 牦牛肉片
远方的家餐厅,https://www.dianping.com/shop/k4lE0UH6dq0epmam,18条评价,人均￥5o,小炒牦牛肉 豆浆油条 牛肉面
松果营地,https://www.dianping.com/shop/H8laZBhqNmboFZvj,8条评价,人均-,拿铁 牦牛奶dirty 红丝绒奶酪蛋糕
瑾屋也宿餐厅,https://www.dianping.com/shop/k100ZleeHP0zv9K5,6条评价,人均-,洋芋炒牛肉 炒西兰花 炒生菜
时光餐厅咖啡吧,https://www.dianping.com/shop/GaMuh773LzZbGzQF,66条评价,人均￥47,云南小粒咖啡 华夫饼 西红柿鸡蛋素汤面
慕辰山舍雪山观景餐厅,https://www.dianping.com/shop/HauGZQ9voV1v2rx3,14条评价,人均-,西红柿炒鸡蛋 青菜 木耳炒肉
卡瓦格博藏餐吧,https://www.dianping.com/shop/l7XbAwhKbxkgItPP,43条评价,人均￥75,红烧牦牛肉 酥油奶渣 酥油茶
雨崩梅里观景餐厅酒吧,https://www.dianping.com/shop/H9onMmfn7UZ8n7WV,26条评价,人均￥98,德大叔随心小炒 雨崩第一重庆火锅 德大叔的黑椒面
老马清真牦牛饭店,https://www.dianping.com/shop/H6c7iBtYylsjZsna,12条评价,人均￥83,红烧牛肉 回锅凉片 干焙土豆丝
小蜂土鸡店,https://www.dianping.com/shop/H4nyQdBRDryVaqJV,2o条评价,人均￥69,松茸土鸡锅 酥油茶 干煸洋芋
鸿缘饭店,https://www.dianping.com/shop/l9iHDgvBBskBtd7b,88条评价,人均￥71,牦牛特大锅 青稞饼 酥油茶
卡瓦小镇咖啡馆,https://www.dianping.com/shop/k7XzoLVQ85fEMjOj,16条评价,人均￥44,蓝莓芝士蛋糕 至尊披萨 台湾卤肉烩饭
大理阿达音鱼馆,https://www.dianping.com/shop/kaS6kS7LIl9u3rlZ,28条评价,人均￥72,海稍鱼鱼锅 海鲅鱼 活鱼现杀
阿芳烤鱼馆,https://www.dianping.com/shop/H126Z3RyNYouvyoG,2条评价,人均-,海稍鱼 麻辣鱼 烤鱼
老字号特色火锅店,https://www.dianping.com/shop/GaU8kQqMVF2Ukm62,36条评价,人均￥54,牦牛肉锅中份 川味回锅肉 青稞饼
傈僳柴火鸡(德钦店),https://www.dianping.com/shop/k5X1BR6TDM7UCPnH,5o条评价,人均￥94,特色红烧牦牛肉 炸牦牛干巴 特色毛血旺
生态土鸡馆,https://www.dianping.com/shop/isp63eGN651uIXoF,39条评价,人均￥8o,点杀土鸡 千锅鸡 剁椒土
梅里雪餐厅,https://www.dianping.com/shop/GaMANJ1yjamd5wsb,5条评价,人均-,猪脚锅小份
啊香牛肉馆,https://www.dianping.com/shop/G8UER7QSGXwOVQto,22条评价,人均￥55,牦牛火锅 芹菜炒牛肉 炒豌豆尖
雪域藏巴乐餐厅,https://www.dianping.com/shop/G9J4WPxpHAS77mPd,42条评价,人均￥63,干煸土豆丝 土鸡汤锅 香葱炒蛋
相约梅里,https://www.dianping.com/shop/l6X8SCEx2HIT5NAR,2条评价,人均-,手撕包菜 小炒肉 醋溜白菜
念青饭店,https://www.dianping.com/shop/G9w7TUq9KQ4nRoNO,156条评价,人均￥7o,牦牛火锅 青稞饼 牦牛肉
青稞熟了,https://www.dianping.com/shop/G3yWORasiWbXxYUd,3条评价,人均-,盐酥鸡 美式咖啡 手冲曼特宁咖啡
遇见梅里,https://www.dianping.com/shop/k1Luyjk9rxMDi4mS,22条评价,人均￥73,清炒菠菜 酱汁牦牛肉 干锅花菜
高山别庄德钦精品酒店-莲轩餐厅,https://www.dianping.com/shop/Ga5YucndQyXsLDRq,1o条评价,人均-,干锅鸡翅 羊排 炒豆苗
醇香园农家饭店,https://www.dianping.com/shop/k54lpKqsML4nFDrx,16条评价,人均￥31,香酥排骨 香酥鸡 老奶洋芋
俊平你好,https://www.dianping.com/shop/G9z0YmCS3SokJiki,216条评价,人均￥47,美式咖啡 出前一丁套餐（加煎蛋） 陈皮红豆沙
天堂角落,https://www.dianping.com/shop/G6FWQDWrTHAs3Z2t,15条评价,人均-,牦牛肉汤锅 西红柿鸡蛋面 西红柿鸡蛋米线
汇味食馆,https://www.dianping.com/shop/HauVaytzl16PDjgF,1o条评价,人均-,回锅肉 土鸡锅 罗卜鸭子
圣景逸居餐厅,https://www.dianping.com/shop/G2xAdpzOoWyVENWd,1条评价,人均-,玫瑰蜜葡萄酒 炒菌菇 牦牛炒青椒
阿槐饭店,https://www.dianping.com/shop/G5WueOqf9B6is1NZ,44条评价,人均￥44,牦牛火锅 豆尖 腊排骨
蜀大侠火锅(德钦店),https://www.dianping.com/shop/G4FcHhS4meiCtsFD,2条评价,人均-,
雪域牦牛馆,https://www.dianping.com/shop/G69p5vX8BFCE9yRy,54条评价,人均￥92,
日出小屋,https://www.dianping.com/shop/jACBgy5N7nqjQKz2,,人均-,
金安大酒店,https://www.dianping.com/shop/k9qdaxgGJrm2bmMV,8条评价,人均-,
大理杨氏香菜馆,https://www.dianping.com/shop/l9bci5WXnhXXnHgU,3条评价,人均￥85,
