眼镜烧烤(建设路店),https://www.dianping.com/shop/G9sGC1vBal6h6UTe,99条评价,人均￥67,眼镜牛肉面 眼镜大冷面 肥瘦
状元阁烧烤(德惠分店),https://www.dianping.com/shop/G5YtHCTJBsmiiGgf,78条评价,人均￥65,特色烤猪手 手撕肉 冷面
杨明烧烤,https://www.dianping.com/shop/k5BQuti5SKFZ0ggN,69条评价,人均￥62,肥瘦 肉筋 外脊筋
罗满满·螺蛳粉店(德惠店),https://www.dianping.com/shop/H1JFb7WfoM6IJ323,9条评价,人均-,虎皮鸡爪 虎皮鸭掌 红皮小花生
被树挡住的螺蛳粉店,https://www.dianping.com/shop/FJ1HqTmo1hrdUYsO,1条评价,人均-,
老船长海鲜加工店(德惠店),https://www.dianping.com/shop/ijSpA3LRA6bgq6zI,38条评价,人均-,大盘凉菜 吃货 珍珠汤
白桦林铁锅炖鱼,https://www.dianping.com/shop/G5Sr6XgrN2sh6pbB,22条评价,人均￥47,花卷 铁锅炖鱼 铁锅炖大鹅
老牌坊云南鱼豆花火锅(105分号),https://www.dianping.com/shop/G5qlUC7qw3CHWkh5,1o3条评价,人均-,小酥肉 金沙江龙鱼 古道嫩牛肉
高敏饭包,https://www.dianping.com/shop/iCPuDCmgodoiM4ER,16条评价,人均￥9,饭包 肠2个鸡蛋2个 韭菜盒子
二姐妹毛蛋屋,https://www.dianping.com/shop/G2jiYFFL0ktgT00P,5条评价,人均-,玉米粒 干巴鸡 烤实蛋
望津里重庆市井火锅(德惠店),https://www.dianping.com/shop/l4QbbHgnVGHKADsB,11条评价,人均-,川味酥肉 鲜鸭肠 鲜牛杂
川椒重庆老火锅,https://www.dianping.com/shop/iRq9fuR5geS6Xfot,146条评价,人均-,川椒牛排卷 鲜鸭血 川椒鲜毛肚
齐齐哈尔烤肉(二店),https://www.dianping.com/shop/l4roSQgnRZ8nmY9B,6条评价,人均-,心管 冷面 酱油炒饭
郭厂长啤酒烧菜火锅,https://www.dianping.com/shop/G6xecxwtToZPEFzJ,32条评价,人均-,千丝土豆丝 红烧虎皮鸡爪 红烧鸭胗
李家小馆(德惠店),https://www.dianping.com/shop/l8eqTe25uAnPEn5X,78条评价,人均￥3o,水煮鱼 水煮肉片 传统锅包肉
锦上日式料理店(德惠明珠广场店),https://www.dianping.com/shop/G8qSusdQGToOJt62,39条评价,人均-,蟹籽蟹肉卷 蟹籽军舰 铁板海虾
麦当劳(德惠明珠广场店),https://www.dianping.com/shop/iOzgm37suwxqxS9t,1o7条评价,人均￥4o,麦辣鸡腿堡套餐 薯条 原味板烧鸡腿堡
瑞福祥涮羊肉,https://www.dianping.com/shop/FEmjWfWZ59W9FdVh,4条评价,人均-,羊排卷 海带 青菜拼盘
艾啃羊棒骨小酒馆,https://www.dianping.com/shop/H6gU0uwXtMmtm2Cc,3条评价,人均-,羊棒骨 羊拐筋 油麦菜
杨二烧烤,https://www.dianping.com/shop/G8LSbRlemN1j06YE,6条评价,人均-,外脊 烤茄子 铁板鲫鱼
品悦家宴,https://www.dianping.com/shop/l7MZ5nklqhf5U1EQ,12条评价,人均-,碟鱼头 锅包肉 菜团子
福泰楼炭火锅,https://www.dianping.com/shop/G2XdSJwfGMPkfBck,2条评价,人均-,清水锅底 鲜切牛上脑 青菜小合盘
背篓人家(德惠店),https://www.dianping.com/shop/l4fGazxP7MqFa3zS,1条评价,人均-,剁椒鱼头 尖椒拆骨肉 海带排骨汤
口福居火锅,https://www.dianping.com/shop/H4tnSd8zdLjAOcV7,6条评价,人均-,肉串 牛鞭 鲜羊肉
铁道邦子烤牛肉(德惠店),https://www.dianping.com/shop/k74dgVOuCs1X9ZAp,429条评价,人均￥46,炸土豆 金针菇 筋皮子
泥锅麻辣串(德惠店),https://www.dianping.com/shop/H8hO19yN7fEE4vFc,3o3条评价,人均￥49,泥锅涮串 特色小料 沾料
邵汇大虾(德惠店),https://www.dianping.com/shop/G2FHiBWAlsgXdzEx,29条评价,人均-,邵汇大虾中锅 自制果茶 邵汇大虾小锅
王家大院酸菜汤多味饼(德惠店),https://www.dianping.com/shop/H7FiBrLe9aMupmLv,5条评价,人均-,手撕饼 清糖饼 大碗酸菜汤
煮师爷轰趴馆,https://www.dianping.com/shop/G95JLnXytGV136aj,1条评价,人均-,烤全羊 土豆地瓜拼 牛肉丸
祥瑞干锅鸭头(十道街店),https://www.dianping.com/shop/H9rutjZNXBv7h5BR,19条评价,人均￥81,干锅鸭头 鸭胗鸭翅合盘 酱油炒饭
品香居烤场,https://www.dianping.com/shop/HaibWRCdaNx2Z1iI,16条评价,人均￥63,特色烤猪蹄 五花肉 菜卷
牛一厨筋头巴脑锅(德惠店),https://www.dianping.com/shop/G5lyx7g4WKxFKTkj,21条评价,人均-,筋头巴脑 牛排 牛尾锅
故乡烤肉(德惠分店),https://www.dianping.com/shop/l2tDJml8njmFPCTJ,76条评价,人均￥65,牛肋条 烤牛五花 故乡牛排
275°创意铁板烧,https://www.dianping.com/shop/G3MCmJkfFgD6DsDf,1o条评价,人均-,银鳕鱼 雪花牛肉 法国肥鹅肝
隐厨小酒小菜(旗舰店),https://www.dianping.com/shop/G4ZhoTinpOv1Ie3u,15条评价,人均-,熏酱拼盘 小油饼 锅包肉
三毛烤羊腿,https://www.dianping.com/shop/k8H70vxyUdLlp1Dm,,人均-,鱿鱼片 骨肉相连 鸡爪
炭城牛烧烤肉(德惠店),https://www.dianping.com/shop/k6wR4cIHaaSL9NCr,24条评价,人均￥67,黑椒大块肉 飘香牛排 牛肋条
泰福轩肥牛,https://www.dianping.com/shop/E3yPEk1NeAoG9Mt7,145条评价,人均￥54,虾滑 泰福轩肥牛 金馒头
泰福轩自助美食汇,https://www.dianping.com/shop/k7zQydrPHyVH8GGI,114o条评价,人均￥49,烤鸭 特色牛肉 肥牛
老东北鲜肉木炭火锅(德惠店),https://www.dianping.com/shop/G9MFVj8bxoOqhOaB,1条评价,人均-,酸菜 黑毛肚 虾滑
正宗小童羊韩式烤肉,https://www.dianping.com/shop/l4tyOKfSRpwLWZar,1条评价,人均-,
诺咖啡,https://www.dianping.com/shop/l1m1zBGp8729m5zN,1o条评价,人均-,薄荷拿铁 经典菲力牛排 水果冰淇淋夫客庄园
红房子烧烤涮肚,https://www.dianping.com/shop/l8I536UByN3mxt4M,3条评价,人均￥5o,水果罐头 特色调料 心管
正宗老骨头王(东四道街店),https://www.dianping.com/shop/H9f0lSkrQxRKOPbG,22条评价,人均￥37,溜肉段 酱大骨棒 水煮肉片
刚记海鲜加工坊,https://www.dianping.com/shop/k8xL8XsHwZIcY2PT,2条评价,人均-,螃蟹 鲽鱼头 龙虾尾盖浇饭
小北厨(德惠店),https://www.dianping.com/shop/G3DGHOoaZfn8OOXs,3条评价,人均-,烤鸭 香辣肉丝 包菜
江河屯灶台鱼(光明街店),https://www.dianping.com/shop/H1RvSyF1OnLv1o10,5条评价,人均-,铁锅炖大鱼
煮师爷老火锅,https://www.dianping.com/shop/H5bGMhlbVqUbavK2,173条评价,人均￥69,招牌羊肉 海带烧土豆片 鲜牛肉现切
泥大爷烤饼羊汤,https://www.dianping.com/shop/H60a7JnDGn9adCkb,1条评价,人均-,现炒咸菜 手切羊肝 腐竹
金家小木屋,https://www.dianping.com/shop/k5Wa7svPmRi8y99m,6条评价,人均￥3o,顺姬大冷面 石板鸡蛋 神奇土豆丝
芸香炭火烧,https://www.dianping.com/shop/k2gYxj1wkQTqvqre,2条评价,人均-,炭火烧大公鸡 炭火烧土豆 炭火生烧鸡手
杜春海饭店,https://www.dianping.com/shop/k9ljpFja3oLd5g7P,4条评价,人均-,尖椒干豆腐 炸茄盒 宫保鸡丁
巷の猫主题茶饮(德惠店),https://www.dianping.com/shop/l971vkIjRizuxWE7,1条评价,人均-,罗勒手打柠檬茶 霸王桑葚 绿豆
瑞可爷爷的店(人民街店),https://www.dianping.com/shop/G4ljt2bb0VSDzeaI,22o条评价,人均￥87,起司蛋糕 水果奶油果肉双层夹层蛋糕 椰蓉吐司
知青点庄稼院,https://www.dianping.com/shop/l11mEpgDmi23HCRH,19条评价,人均￥58,乱炖鱼 血肠五花肉 鲫鱼
河坝烧烤串城,https://www.dianping.com/shop/k4c2WulfAgw7REPk,37条评价,人均￥53,麻辣小龙虾 酱油筋 烤菜卷
食客自烤海鲜自助烧烤火锅(德惠店),https://www.dianping.com/shop/l34CLusDw2N7Ud2a,,人均-,
蜀色川香,https://www.dianping.com/shop/kaUEz2rSd9Bk4t7y,1条评价,人均-,毛血旺 辣子鸡 莴笋炒肉
名羊天下土锅羊蝎子火锅,https://www.dianping.com/shop/laby1TKiise4WBG6,,人均-,板筋 肥瘦 筋皮子
老才原味烧烤,https://www.dianping.com/shop/l1t2UNqEv4cGXmk8,2条评价,人均-,
