嵩山高记烧饼卤肉香辣椒油,https://www.dianping.com/shop/kat9pYNMlTOCnY6G,59条评价,人均￥9,辣椒油 烧饼夹千张 卤蛋
老东北三江野生大鱼坊(登封店),https://www.dianping.com/shop/kaWeLj6Fc9b2y1g4,295条评价,人均￥48,玉米面饼子 东北大拉皮 爆米花
登封第一汤,https://www.dianping.com/shop/H4tTC8TnxT8BuRXq,1o5条评价,人均￥9,胡辣汤 小油条 葱油饼
嵩山不一般水席文化餐厅,https://www.dianping.com/shop/G5N2Es9IXBpQdAl4,35o条评价,人均￥78,嵩山不一般【宴菜】 酸辣肚丝汤 烧饼
韩风源烧烤涮自助餐厅(南一环店·二店),https://www.dianping.com/shop/k8WOuCKM5rDJ4X44,3993条评价,人均￥56,精品五花肉 韩风源秘制蘸料不限量 绿色果蔬不限量
下江腩牛腩火锅(登封店),https://www.dianping.com/shop/i3iQIVkXvWBIsEiO,3条评价,人均-,鸳鸯锅 松茸鲜牛腱 现榨青桔柠檬汁
堡爺美式汉堡,https://www.dianping.com/shop/k4uCJG6nFWrjGtVv,5条评价,人均-,堡爷 培根 德式香肠汉堡
颐甜蛋糕烘焙店,https://www.dianping.com/shop/k47vivInOg8r6y03,59条评价,人均-,芒果盒子 水果捞 恐龙蛋
娜娜烘焙(嵩阳路店),https://www.dianping.com/shop/k3NR9ATKFnyYBLyX,395条评价,人均￥66,水果巧克力蛋糕 娜娜烘焙心形水果蛋糕 小汽车蛋糕
名优羊肉馆,https://www.dianping.com/shop/HaywIZEtHOMCj6L5,85条评价,人均￥39,烩羊肉 烧饼 羊肉汤
豫丰汇河南名菜楼(武记餐饮),https://www.dianping.com/shop/k9gUrs1h5wiY1aY2,69条评价,人均￥78,汴京香酥嫩烤鸭 野山菌焖嵩山小公鸡 红烧黄河大鲤鱼
第一刀削面,https://www.dianping.com/shop/H6AkEpDTfKwT8o8J,66条评价,人均￥21,优质椒炒刀削面 凉菜拼盘 凉拌面筋
荟南湘·湖湘臻味儿(登封店),https://www.dianping.com/shop/l4IbAgwHHvgysrmG,6条评价,人均-,长沙臭豆腐 十八秒牛肉 酸汤面叶
北舞渡丁国华胡辣汤登封店,https://www.dianping.com/shop/k35ATX1e8FDpz7gG,,人均-,
麦当劳(中天广场店),https://www.dianping.com/shop/G1850pgnrifdMIrL,43条评价,人均￥27,麦辣鸡腿堡套餐 薯条冰淇淋混搭拼盘 麦辣鸡翅
子晋雷家,https://www.dianping.com/shop/l79pADFS1kbVzB1t,468条评价,人均￥44,山笋炒肉 素三样 野生小河鱼
盛景自助料理(万佳中心城店),https://www.dianping.com/shop/k4sQT7hEwl0ul0pi,367条评价,人均￥6o,生蚝 海星 海鲜
歌家鲜炒鸡,https://www.dianping.com/shop/l9V6lA9WG7b3ONwS,4条评价,人均-,名仁苏打水 精品鲜炒鸡 秘制炒虾尾
陕西面馆(守敬路店),https://www.dianping.com/shop/H9emdKA0BySPw9Ig,1条评价,人均-,炒拉条 砂锅麻辣烫 鸡丁米线
好来の利(西商埠街店),https://www.dianping.com/shop/jiceXi2pxRPEhzkm,119条评价,人均￥17,儿童蛋糕 爱你一生一世 千层蛋糕
呷哺呷哺(登封万佳店),https://www.dianping.com/shop/k2GpzWKM8DdkF3hI,219条评价,人均￥59,呷哺羔羊肉 菌汤锅底 原切牛眼肉
聚宝源铜锅涮,https://www.dianping.com/shop/l5FiyH8RMglfPnm4,56条评价,人均￥69,乌珠穆沁羔羊高钙肉 聚宝源秘制芝麻酱 乌珠穆沁羔羊肋腹肉
七若滋烘焙(大润发店),https://www.dianping.com/shop/l9VJ8XEUPFA790Xy,149条评价,人均￥21,半熟芝士 脆皮热狗卷 冰面包
巴庄重庆火锅(登封一店),https://www.dianping.com/shop/ka0v6IkvpkyWLDzF,44条评价,人均￥9o,藤椒小酥肉 紫薯川粉 无骨鲜鸭掌
付家羊肉馆,https://www.dianping.com/shop/H7vYPxZMeL2d9cPq,157条评价,人均￥2o,精品羊肉烩面 精品羊肉汤 素菜拼盘
高玮削面馆,https://www.dianping.com/shop/H7CPxEOOyOqSmBXR,149条评价,人均￥18,椒炒刀削面 优质刀削面 芝麻酱面筋
栗园私房菜(登封市少林小区店),https://www.dianping.com/shop/k2y4Ioer5suvD0mk,8条评价,人均-,蓝莓山药 烤羊排 虫草花伴丝瓜尖
七若滋(中岳店),https://www.dianping.com/shop/k9DIEgUtI5SIHHuC,1o8条评价,人均￥21,布朗脆脆 乳脂蛋糕 莓果提拉米苏
好来の利(白坪新区店),https://www.dianping.com/shop/G1aP6r0nywNluwL8,77条评价,人均-,迷你蛋糕 乳酪面包 草莓之恋
巴蜀洪七公川味火锅,https://www.dianping.com/shop/HayEKLoo8gEcK19q,2o4条评价,人均￥74,香菜牛肉 麻辣牛肉 毛肚
好厨房香辣大盘鸡,https://www.dianping.com/shop/H2S7hnMuaMURwEa9,312条评价,人均￥42,纯鸡腿大盘鸡 特色大盘鸡 好厨房大盘鸡
京炙坊老北京炙子烤肉,https://www.dianping.com/shop/k7VJJQNOxhmrHvpX,8条评价,人均-,鸡蛋豆腐 饼丝 鱼豆腐
工农兵铁锅炖菜(南一环店),https://www.dianping.com/shop/l5NI0hi61sXeBGM4,216条评价,人均￥44,锅贴馍 香辣黄豆酱 干豆角
柒苑儿,https://www.dianping.com/shop/G8Z2dUI0oXv5cenE,11条评价,人均-,芒果多多 柠檬清提苏打水
拙醒咖啡馆,https://www.dianping.com/shop/G7W3zfqXgnUe3yFp,8条评价,人均-,美式 青瓜拿铁 香蕉榛果拿铁
千渝火锅,https://www.dianping.com/shop/FrvXJ0d2rCr0xDm3,53条评价,人均-,海带苗 杨枝甘露雪山冰 自助酱料
三味居家常菜(书院河路店),https://www.dianping.com/shop/E3YF4gExf3Kf8pBv,113条评价,人均￥58,三鲜菌汤 酱肉包子 椒盐排骨
巴庄重庆火锅(登封二店),https://www.dianping.com/shop/iQxCfALQG6Qlvf1m,2o条评价,人均-,鲜切内蒙羊腿 冰鲜鸭肠 现打牛肉丸
黄记煌三汁焖锅(大禹城店),https://www.dianping.com/shop/k99nEnXk2AHv6RUD,179条评价,人均￥66,秘制酱汁 十种底蔬菜 金针菇
少林寺欢喜地素斋馆,https://www.dianping.com/shop/l24EaOZBf0pgCOXG,23o条评价,人均￥59,素食 少林罗汉汤 寺院时蔬
逛呲涮吧自助火锅,https://www.dianping.com/shop/l5137o12oMsSIdcK,1条评价,人均-,
大个子红薯面馆,https://www.dianping.com/shop/k7bZ2JmuaZh6kIeV,5条评价,人均-,大个子红薯面条
中岳高记登封高记烧饼,https://www.dianping.com/shop/l4QhjRzPNWdKFl4D,21条评价,人均￥4,牛肉丝 焦盖烧饼 秘制豆皮
台湾奶香脆皮麻花(登封店),https://www.dianping.com/shop/H7l4Qx6N8rUCChSn,1447条评价,人均-,台湾奶香脆皮麻花 原味麻花 奶油麻花
蒋记私家汤(文化城一分店),https://www.dianping.com/shop/H7GFMLHtZ2NgaCaq,32条评价,人均-,蒋记手撕鸡 风味肚丝汤 茴香油馍角
禅宗少林.照见山居,https://www.dianping.com/shop/FBuBaS5kvglykL9H,74条评价,人均￥1o2,烩羊肉 照见烧鸡 杏鲍菇
三旬,https://www.dianping.com/shop/H7DxFHNdhCpv4YmW,9条评价,人均-,墨鱼黑金鸡块 东北拌饭 鲜虾馄饨
解馋坊(登封大厦店),https://www.dianping.com/shop/k7i5a3hV9fyIer10,16条评价,人均￥11,烧饼夹肘子 烧饼夹肘子掺鸭肠 一品烧饼夹肥肠
巷子里的纯咖啡,https://www.dianping.com/shop/l6xXCsV2C4ZVwpRz,4条评价,人均-,无糖零卡冰美式 果汁气泡水 卡布奇诺
田园酸菜鱼(大禹路店),https://www.dianping.com/shop/G7ywzYnf2CXF52wZ,5o条评价,人均-,田园酸菜鱼 田园烤鸭 扣肉
梁山水浒烤肉(登封店),https://www.dianping.com/shop/k71Rke69DEuimcA3,466条评价,人均￥67,秘制羊肉 秘制牛肉 五花肉
牛辛巴东北大片烤肉,https://www.dianping.com/shop/l3d0nPyQjafyJs5G,17o条评价,人均-,烤面包片 芝士玉米 金牌黑椒牛肉
千寻印象餐厅,https://www.dianping.com/shop/k7my8DJa9YXbEXe4,32条评价,人均￥69,千寻招牌炒饭 千寻豆腐 天府毛血旺
湘遇小锅米饭,https://www.dianping.com/shop/l8AdPLyPyItZWO1l,28条评价,人均￥47,十八秒黄牛肉 湘遇臭桂鱼 湘遇红烧肉
清真金润斋北京烤鸭(登封总店),https://www.dianping.com/shop/l6ivA2X5GoEQnL4V,284条评价,人均￥44,金润斋烤鸭 麻辣酱包 荷叶饼
小木屋烧饼,https://www.dianping.com/shop/k6JUQP75fAz6ojKD,36条评价,人均￥6,小木屋烧饼 烧饼夹鸭肠 烧饼夹串牛肉丝鸡蛋香肠
快活林(登封店),https://www.dianping.com/shop/F8gazHuec3uJJv5E,417条评价,人均￥58,手抓牛大骨 秘制酱牛肉 千页豆腐
大张家酸汤牛肉火锅,https://www.dianping.com/shop/H5KYpHbO3LhZBGjd,7条评价,人均-,贵州自制无盐酸菜 鲜面筋皮 手打虾滑
杜夫朗格蛋糕(书院河路店),https://www.dianping.com/shop/G1LN3agJJHUIHKQR,1条评价,人均-,梅拉伦湖的圣诞夜
半份菜,https://www.dianping.com/shop/l47qT7DiezLpkttY,8条评价,人均￥16,一品木须肉 酸辣土豆丝 鱼香肉丝
