古城角落,https://www.dianping.com/shop/H1lZhoISxSMnTt23,245条评价,人均￥56,藏式咖啡 藏八宝特色酸奶 藏式甜茶
静静的嘛呢石藏餐,https://www.dianping.com/shop/G8g9TqACxbcoN6FO,4953条评价,人均￥83,牦牛肉火锅 藏式肉饼 自制酸奶
塔洛藏餐吧,https://www.dianping.com/shop/FCgTTGX4DH5CP4cq,23o7条评价,人均￥85,藏式牦牛肉火锅 酥油茶 牛肉披萨
顺顺小吃,https://www.dianping.com/shop/kaE3AgxAH8Lg7cMN,2o93条评价,人均￥68,牦牛肉火锅 青稞饼 酥油茶
一品羊酒楼(总店),https://www.dianping.com/shop/H8PQNYrv5PeYWcGK,2o59条评价,人均￥95,带皮黑山羊羯羊肉 青稞饼 羊肉火锅
老字号特色藏餐,https://www.dianping.com/shop/H7k68xMnfPiEX1eV,2976条评价,人均￥86,藏家自制酸奶 牦牛肉火锅 酥油茶
鑫乔小吃·酥油茶馆,https://www.dianping.com/shop/l3GTCHG5Nnezd4Xu,748条评价,人均￥36,酥油茶 青稞饼 牦牛酸奶
藏味八珍特色小火锅,https://www.dianping.com/shop/G1573J7hqb8DA4DA,1o1o条评价,人均￥1o2,牦牛肉火锅 小火锅 青稞饼
在水一方特色火锅,https://www.dianping.com/shop/G80adGkMojqWGXSd,1979条评价,人均￥1o7,酱香滋补牦牛肉 牦牛火锅 七彩青稞饼
青木厨房,https://www.dianping.com/shop/G48eqg3t2dszgmQT,917条评价,人均￥8o,牦牛肉火锅 牦牛酸奶 孜然牦牛肉
宏宏无烟石板烧烤,https://www.dianping.com/shop/H8cA1QjAMwh7Fm5Y,199o条评价,人均￥93,牦牛肉 藏香猪 包浆豆腐
梅里特色火锅店,https://www.dianping.com/shop/G4BZBN3s0rMczn58,1157条评价,人均￥92,牦牛肉火锅 青稞饼 酥油茶
宗喀藏餐,https://www.dianping.com/shop/jw13XVXq4mdFwdJ7,1141条评价,人均￥76,酥油茶 藏式火锅 牛肉披萨
五彩雪域藏餐馆,https://www.dianping.com/shop/l5ulb1MVie92hfva,28o8条评价,人均￥84,酥油茶 玉米耙耙 爆炒牛肉
牛牛藏餐吧,https://www.dianping.com/shop/FBO3xnvcI2RpWSQe,96o条评价,人均￥75,酥油茶 牦牛肉火锅 青稞饼
立星藏家特色藏餐·烧烤,https://www.dianping.com/shop/H6RcJse1uHP3rwR9,4182条评价,人均￥56,高原牦牛肉火锅 卓玛青稞饼 藏家酥油茶
迪庆月光城英迪格酒店-盛筵全日制餐厅,https://www.dianping.com/shop/H34zAmlRMM9fqHvX,173条评价,人均￥151,香酥牦牛牛肋骨 饵块回锅肉 纳西炒饭
玛利嘎藏餐,https://www.dianping.com/shop/l2imTzPcVFhh30xF,2218条评价,人均￥8o,耗牛肉火锅 酥油茶 藏式披萨
舌尖上的小厨师(总店),https://www.dianping.com/shop/k1iCkO04IOutPbkF,3245条评价,人均￥99,核桃青稞饼 酥油烤松茸 酸奶
不丹藏餐吧,https://www.dianping.com/shop/lao6lzmhnUcEiXOe,1132条评价,人均￥74,酥油茶 牦牛肉包子 酥油烤香菇
靓味馆,https://www.dianping.com/shop/G4JeQMbIoB4RIa0C,21o条评价,人均￥69,爆炒藏香猪 红糖花生饼 松茸炖土鸡
山野Bistro(下雨崩店),https://www.dianping.com/shop/HaSpMjwUWMUWxLbf,1o9条评价,人均￥78,面包 山野早午餐 芝士蛋糕
既下山,https://www.dianping.com/shop/ESXQzH9ZvoaGkN3k,76条评价,人均￥198,手抓牦牛肉 牦牛滚青稞 牛肝菌炒饭
浓香园,https://www.dianping.com/shop/G9OSMMrN3A8nYL0t,84条评价,人均￥57,干煸土豆丝 藏香猪肉 爆炒牦牛肉
曲尼卡甜茶咖啡馆,https://www.dianping.com/shop/lapA3V0ku6uarXAu,38条评价,人均￥1o1,牦牛肉披萨 奶渣菠萝包 松茸冰淇淋
阿妈的酥油茶,https://www.dianping.com/shop/FZmipLCGMQVkQyKq,128条评价,人均￥18,青稞奶茶 酥油茶(咸味) 牦牛牛肉干
热贡艺人阁藏餐,https://www.dianping.com/shop/G3pNjZLQr5Gxsh67,919条评价,人均￥79,牦牛肉火锅 牦牛肉饼 酥油茶
银同牦牛肉火锅,https://www.dianping.com/shop/H7ccq3mKL3ctSNxk,1924条评价,人均￥72,卓玛青稞饼 牦牛肉火锅 藏家酥油茶
拾味居餐厅,https://www.dianping.com/shop/l3hmJkpecjjeb1Ql,137条评价,人均￥45,古法酥油茶 牦牛骨汤 青稞饼
康巴牧人藏餐吧,https://www.dianping.com/shop/k6UYBxfF35oRfeWW,1244条评价,人均￥95,酥油茶 牦牛肉火锅 牦牛酸奶
季节菜馆,https://www.dianping.com/shop/k454CmlUu9RXmEAR,16o1条评价,人均￥67,酥油茶 金牌藏香猪肉 青稞饼
雪山咖啡馆,https://www.dianping.com/shop/k1aCF0FudCldbxj6,18条评价,人均￥4o,抹茶蛋糕卷 青稞咖啡 梅里山下
白玛·喀拉卡尔藏餐,https://www.dianping.com/shop/HabLPuavOpgXdL4x,111条评价,人均￥1o5,酥油煎奶渣 酥油茶 青稞饼
敏珠拉姆香格里拉厨房,https://www.dianping.com/shop/l1Whl5tS1S5KEQuz,478条评价,人均￥114,拉萨豆腐 木碗酸奶 敏珠拉姆烤羊排
松赞香格里拉林卡酒店,https://www.dianping.com/shop/G4LZC5RMGGmyTK0m,422条评价,人均￥517,尼西土锅炖松茸鸡汤 本地火锅 梅子酱藏香猪排
画山藏餐,https://www.dianping.com/shop/l40l4b1coZFfbvTI,888条评价,人均￥89,牦牛肉火锅 三味特制酱料 酥油茶
红心小吃,https://www.dianping.com/shop/l5eooY2J4ZXMsmh3,1oo条评价,人均￥59,酥油炒奶渣 水气粑粑 酥油茶
味绝特色藏餐,https://www.dianping.com/shop/l2YQIbIWBij8gD1W,1466条评价,人均￥71,青稞饼 酥油茶 牦牛酸奶
白玛餐厅(梅里雪山店),https://www.dianping.com/shop/l5TwGsg9hyFgs9L7,169条评价,人均￥89,酥油茶 藏香牦牛锅 青稞饼
山野Bistro·上雨崩店(山野Bistro·上雨崩店),https://www.dianping.com/shop/G3bwPAG3OmK1heuv,22条评价,人均￥74,酥油防弹咖啡 黄油啤酒 虾仁法式嫩蛋开放三明治
钗琴藏家特色火锅,https://www.dianping.com/shop/l3Stx0mpwDBj3X11,9o6条评价,人均￥61,酥油茶 青稞饼 牦牛肉火锅（小锅）
一千零一夜夜宴,https://www.dianping.com/shop/ECGKag6NFHVNDJbD,781条评价,人均￥76,酥油茶 青稞饼 夜宴牦牛肉火锅
生态牦牛王,https://www.dianping.com/shop/G4NwzXJ6CVCPUwzB,544条评价,人均￥9o,牦牛土火锅 青稞饼 酥油茶一甜咸自选
漫香咖啡·云南小粒咖啡,https://www.dianping.com/shop/k1yw9rXVi4vA40ao,441条评价,人均￥41,小圆豆咖啡 云南小粒AA级咖啡 手冲咖啡
橄榄树藏家火锅老馆,https://www.dianping.com/shop/k2jvHWq6SJBLjS2S,85o条评价,人均￥98,牦牛肉汤锅 酥油茶 牦牛酸奶
宝味居藏家火锅店,https://www.dianping.com/shop/H72L889Mxywpg5Ny,2o72条评价,人均￥71,青稞饼 牦牛肉火锅 酥油茶
觉色酥油茶,https://www.dianping.com/shop/H3xJWYH6wQkbWmfb,81条评价,人均￥79,水煮肉片 水煮牛肉 重庆小面
纳玛斯德藏餐,https://www.dianping.com/shop/l6zYyNyMKVNk3d67,97条评价,人均￥58,牦牛肉包子 牛肉炒面 手抓牦牛肉
Halfway,https://www.dianping.com/shop/HaCNrw0WBvswmmd0,56条评价,人均￥72,炒洋芋 炒蘑菇 牛肉粒
阿姨家厨(香格里拉大酒店),https://www.dianping.com/shop/GaOcgg2AsVKI2NXd,483条评价,人均￥148,自助餐 冰淇淋 米线
向阳路农贸综合市场,https://www.dianping.com/shop/k78F7wRtqOalBjE6,62条评价,人均-,酥油奶渣 玉米 奶渣饼
香格里拉牦牛奶酪(香巴拉老街店),https://www.dianping.com/shop/GafTonNudcsv9j9y,2o6条评价,人均￥1o3,奶酪披萨 冰淇淋 香格里拉牦牛奶酪
扎雅土司庄园,https://www.dianping.com/shop/l6Qw2bmUjDTJ6wll,23o条评价,人均￥255,香格里拉扎雅土司庄园小火锅 牦牛肉 酥油茶
大理聚缘饭店,https://www.dianping.com/shop/G313pxNbTQzl8UQZ,82条评价,人均￥61,老奶土豆 红烧牦牛肉 酸辣鱼
聚缘小屋餐厅,https://www.dianping.com/shop/l27me03dyu1pWQfM,71条评价,人均￥63,松茸炖鸡 孜然牛肉 鸡汤米线
森林破酥包子小吃店,https://www.dianping.com/shop/Ga1Qi218BijxbJxm,42条评价,人均￥1o,破酥包 豌豆粉 小锅卷粉
宏运饭店,https://www.dianping.com/shop/G5lmwvNfeCiIPCCY,181条评价,人均￥48,杂酱面 鸡蛋火腿肠炒饭 火腿炖鸡
格桑云浪餐厅,https://www.dianping.com/shop/iGa1ZggApPF0Viwr,45条评价,人均￥65,酥油茶 青椒炒牦牛 红烧茄子
阿枝糕点,https://www.dianping.com/shop/H8PHsvKQ5aReCwbg,8条评价,人均-,奶渣白饼 荞糕 大月饼
青朴庭院餐厅,https://www.dianping.com/shop/kaq09xojmiNEwrET,399条评价,人均￥62,铁板黑椒牛肉 炸牦牛奶 云腿土豆焖饭
