重庆刘一手火锅(德江店),https://www.dianping.com/shop/julz7CuZhNklH9FG,225条评价,人均-,招牌牛毛肚 现炸酥肉 午餐肉
楠火锅(德江店),https://www.dianping.com/shop/GanVy2HbwlDde8am,6条评价,人均-,耙鸡脚 杨枝甘露雪山冰 冰粉
老字号推推蹄膀,https://www.dianping.com/shop/l3GlY098WsDeLmmQ,8o条评价,人均￥3o,推推蹄膀 苕粉 豆腐
朝天门火锅(德江店),https://www.dianping.com/shop/l2mFGpVvOBfnMo4v,61条评价,人均-,鲜毛肚 椒麻嫩牛肉 麻辣火锅
牟一丁烤肉店,https://www.dianping.com/shop/H8ePxcGTVeE7Cu3r,2条评价,人均-,纯肉大肉肠 韭菜 薄切猪五花
炅爸爸•紫砂煲拌饭,https://www.dianping.com/shop/igI5kGzYMK90wpma,3条评价,人均-,
佳佳烤肉吧,https://www.dianping.com/shop/G3b1j6woEuOxG9gI,11条评价,人均￥2o,
回家吃饭(武陵大道店),https://www.dianping.com/shop/G6riktXsBQKxuT7L,,人均-,
大山网红地摊火锅,https://www.dianping.com/shop/l9fYr8Pvw4bepi86,1条评价,人均-,
辣子千红成都火锅(德江店),https://www.dianping.com/shop/l6PqKCjUGFrqhwFQ,45条评价,人均-,
德江美蛙鱼头(利民路店),https://www.dianping.com/shop/H22J7Vh0WqlyxHNn,6条评价,人均-,
凤冈剔骨鸡余庆剔骨鸭(德江水岸豪庭店),https://www.dianping.com/shop/ka5cqWfj2iQSloBk,59条评价,人均-,
赵氏牛肉总店,https://www.dianping.com/shop/FK2IPdomXQgGN44S,9条评价,人均-,
余庆砂锅剔骨鸭,https://www.dianping.com/shop/H14Keb4iN6D2uCDD,2o3条评价,人均￥26,
西部烤肉,https://www.dianping.com/shop/k4Gem8EPRwYYMsUh,1o1o条评价,人均￥46,
老牌凯里雲龙串串香,https://www.dianping.com/shop/l6nynNXsDGEGRXWX,7条评价,人均￥21,五花肉 鸳鸯锅 肉丸
大灶台,https://www.dianping.com/shop/k1upK2QIaSmUoJK7,,人均-,鸭血 豆豉炒腊肉 蚂蚁上树
土板凳重庆小面,https://www.dianping.com/shop/l8ZA8S62T0dvODhJ,87条评价,人均￥1o,酸辣粉 碗杂面 牛肉面
美时美客,https://www.dianping.com/shop/kaYtFIM0XVJNbXg3,5条评价,人均-,乌鸡汤 干锅牛筋 鸡蛋炒豆花
龍火锅(多维国际店),https://www.dianping.com/shop/H6ld6G576z1B2VvR,8o条评价,人均-,生鱼片 虾滑 水晶鸭肠
夺夺粉火锅,https://www.dianping.com/shop/l9hSvzEpJLcpK6xE,,人均-,卤鸡翅尖 猪肚条 冬瓜
段锅锅地摊辣子鸡火锅,https://www.dianping.com/shop/H5YM2g99IrZrstjW,,人均-,辣子鸡干锅 门店招牌辣子鸡 辣子鸡汤锅泡饭
香源虾子羊肉粉,https://www.dianping.com/shop/k1R8DHEP4JT38lrX,1条评价,人均-,辣鸡粉 酸辣椒肉丝粉 香菇粉
张记木桶鱼(德江店),https://www.dianping.com/shop/l92wHsMsOfw83Ep2,14条评价,人均-,清香木桶鱼 玉米饼 凉拌厥根粉
德江凉沙,https://www.dianping.com/shop/H1hxOnwRD5dSeLVQ,1条评价,人均-,
四川黑豆花,https://www.dianping.com/shop/kan3XmyUC9BS0QgQ,,人均-,
口福人家(柏杨路店),https://www.dianping.com/shop/k3hD1D5gzFemduQ9,,人均-,
云南养生菌,https://www.dianping.com/shop/H3Cngz5ulCi33KSU,158条评价,人均￥44,
吴所谓手撕豆腐,https://www.dianping.com/shop/l4qBhkMj1qrx6yAC,27条评价,人均￥17,
黄氏小海丁·老烧烤(德江店),https://www.dianping.com/shop/l2Vc2mKhHNYVI5IY,4条评价,人均-,
金冠蛋糕城(钟山中路店),https://www.dianping.com/shop/H5aUc3dxjEng7aU4,154条评价,人均￥3o,水果夹心蛋糕 儿童蛋糕 蓝莓水果夹心蛋糕
家家铜锅牛肉,https://www.dianping.com/shop/G1ftggyouy9NBhmy,,人均-,青菜牛肉 番茄炒蛋 青椒炒蛋
乌江豆腐清水鱼,https://www.dianping.com/shop/l1aKLtJosGlqmDYp,1条评价,人均-,
余庆砂锅剔骨鸭(大学城店),https://www.dianping.com/shop/k4CZyReMTzTmDOTL,3条评价,人均-,砂锅剔骨鸭 回锅肉 土匪猪肝
灵犀国际酒店,https://www.dianping.com/shop/k7napJgSad2MOVOB,1o条评价,人均-,椒盐虾 金银馒头 盐菜扣
川蜀冒菜,https://www.dianping.com/shop/FAfSqiCO0eH4Rf3F,,人均-,
鹅老弟·特色鹅肉馆,https://www.dianping.com/shop/l2Mm25ajJF9H68r1,,人均-,
凯里酸汤砂锅粉,https://www.dianping.com/shop/G1PtlniCWJjlNYjc,,人均-,
野生菌王养身汤(德江店),https://www.dianping.com/shop/l1S77DFuRWMVXPLp,36条评价,人均-,
屋头串串香(德江店),https://www.dianping.com/shop/G84x2tzfYtFp0VCg,387条评价,人均￥28,
江南土菜馆,https://www.dianping.com/shop/k3ilWK46kRUIe8dj,,人均-,
大话西游,https://www.dianping.com/shop/l5o1r9oyWO8eLSCc,,人均-,
良厨精致火锅(江与城店),https://www.dianping.com/shop/k4URkb2o0soglCDk,16条评价,人均-,
食尚筷乐,https://www.dianping.com/shop/l8BgGOBVRyYMtDQR,18条评价,人均-,
土鸡王,https://www.dianping.com/shop/k2nT6Ze2JYSBg6XY,13条评价,人均￥39,
大拇指烘焙,https://www.dianping.com/shop/k7GhJKdDBdnWocRK,161条评价,人均-,欧式水果夹心蛋糕 肉松蛋糕 巧克力水果夹心蛋糕
冯大师鸭爪爪特色火锅(德江店),https://www.dianping.com/shop/G9xkEazp5xWyN8Lu,18条评价,人均-,秘制嫩牛肉 招牌鸭酥虾干锅 腐竹
禾小家·石锅拌饭·日式烧肉饭(德江店),https://www.dianping.com/shop/GaFkweL5N2SP2hiw,,人均-,网红酸辣柠檬鸡爪 咖喱鸡肉丼饭 回锅肉拌饭
余庆砂锅剔骨鸭,https://www.dianping.com/shop/HaBUK1rwHeylL7Bq,,人均-,鱼香肉丝 青椒肉丝盖浇饭 香辣虾
地摊火锅,https://www.dianping.com/shop/k5xptXBNbj9M7n3x,,人均-,牛肉干锅 豆米火锅 排骨火锅
稳坪黎老大活杀牛肉汤锅(稳坪总店),https://www.dianping.com/shop/k4a4o4g7UTIcmaGG,,人均-,
茶百道(多维国际店),https://www.dianping.com/shop/G4qswo3YtgqkKMY9,15条评价,人均-,超级杯杨枝甘露 桂花酒酿奶茶 芋圆啵啵
醉渔湾美蛙鲜鱼火锅(德江店),https://www.dianping.com/shop/G9UI2AgQ9kpg5B6H,23条评价,人均-,醉渔湾秘制红锅 深水大花鲢 劲爆肉串
乌江大酒店餐饮,https://www.dianping.com/shop/k6mTr9AHn1kEyXtc,,人均-,
巴九门老火锅加农家炒菜(德江店),https://www.dianping.com/shop/H173tlcjGGKG3Aic,18条评价,人均-,大刀腰片 肥牛 五花肉
海鲜大咖,https://www.dianping.com/shop/G5Oxg8R9gIsmTD7M,1条评价,人均-,
亲家母柴火山庄,https://www.dianping.com/shop/l1Ert8UDrW4EVSof,,人均-,土家柴火鸡
书亦烧仙草(步行街店),https://www.dianping.com/shop/G3EhUMA3V0cBDuBu,2条评价,人均-,百香凤梨啵啵茶 生椰吃西瓜 草莓奶云麻薯
维多利亚,https://www.dianping.com/shop/G45QdWwzu317Hqwc,151条评价,人均￥15,鱼香肉丝 扬州炒饭 怪噜饭
煎茶镇农贸市场,https://www.dianping.com/shop/jVVfHNEZpIBvbS9x,,人均-,
