桃桃居,https://www.dianping.com/shop/k12VwAx0UH7X4CMF,17条评价,人均￥64,老式锅包肉 藤椒毛血旺 高汤老豆腐
元気烤肉屋,https://www.dianping.com/shop/H4AlK4sfvkTybSUa,14条评价,人均-,超级横膈膜 烧肠拼盘 豚骨拉面
黄海渔村,https://www.dianping.com/shop/kaxEipHGWCXR4Arz,2o条评价,人均￥164,炒馇子 腰豆糕 土豆丝卷饼
憨厨沸腾鱼乡(矿工街店),https://www.dianping.com/shop/G2RnhxyohmvCWWeX,1o条评价,人均￥52,海鲜大咖 沸腾水煮鱼 盐焗鸡胗
1929尚品融合菜馆,https://www.dianping.com/shop/G2mqfHTAdw7PcKGw,5条评价,人均-,烤猪蹄 生焗深海鲽鱼 腊肉荷兰豆
陌上人家,https://www.dianping.com/shop/H6dkH5dwlYcKmihl,1条评价,人均-,
大厨小馆,https://www.dianping.com/shop/G4UwlclRpxtAP1m9,1条评价,人均-,
回香园饭店,https://www.dianping.com/shop/F1OU2w4r22JYjrQT,19条评价,人均￥64,老式锅包肉 羊肉包子 油炸糕
老地方农家菜(生态路店),https://www.dianping.com/shop/H3sCakiWdW0tvZVJ,15条评价,人均￥25,农家一锅出 炖笨鸡 炖大鹅
金厨汇 江南小馆,https://www.dianping.com/shop/GavsMSnEz7y6EeuK,14条评价,人均￥67,红烧肉 臭桂鱼 杭三鲜
胖哥豆皮,https://www.dianping.com/shop/l8sP8mxekc72Kwyk,1o1条评价,人均￥33,
爱锅者养生火锅(中央大街店),https://www.dianping.com/shop/G6zdHdX362ezgHcQ,1296条评价,人均￥6o,
兵山印象百姓菜馆,https://www.dianping.com/shop/l74hQT0wmQUWDPet,1条评价,人均-,
杨包子铺,https://www.dianping.com/shop/H77brgYnDMHfOIEV,13条评价,人均-,
格兰西点(调兵山店),https://www.dianping.com/shop/l9FzwwjVW3oWnszO,1116条评价,人均￥67,
三小自助盒饭饺子,https://www.dianping.com/shop/Ha2liOxD0SmyhR1R,,人均-,熘肉段
丰和源餐厅,https://www.dianping.com/shop/k9TWb3nXAsmIwWEq,6条评价,人均-,杀猪菜 拆骨肉 老式锅包肉
胡同泥炉烤肉(调兵山店),https://www.dianping.com/shop/l1EGFoMtXJ9D41vm,5条评价,人均-,黑椒牛肉 生菜套餐 石锅拌饭
俊家铁锅炖,https://www.dianping.com/shop/H8REVAzbFmd2U81M,5条评价,人均-,笨鸡 饼子 宽粉
山城故里火锅店,https://www.dianping.com/shop/Fx2dsQya7J0G4Cvd,15条评价,人均￥81,山城嫩肉 酸辣金汤锅 拌花菜
邵汇大虾(调兵山总店),https://www.dianping.com/shop/k84OdoUcwzD4MPHB,9条评价,人均-,冻豆腐 香肠 牛肉
金达莱韩式料理(调兵山大街店),https://www.dianping.com/shop/H762exi4L7egvuZM,1o条评价,人均-,韩式煎豆腐 海鲜饼 狗汤
茉里炭火烤肉,https://www.dianping.com/shop/H1pmv7VztTLK9rWj,41条评价,人均-,肥瘦鲜牛肉 风干肠 特极肥牛
让九小酒馆,https://www.dianping.com/shop/l7wWdgPh9qwGMrLr,2条评价,人均-,干豆腐 梅菜扣肉 网红茄子
刘炭长牛烧大块烤肉(调兵山店),https://www.dianping.com/shop/H2DJy6vrQ0ehY8ND,6条评价,人均-,拌花菜 冒脑花 川蜀小土豆
天骄川味菜馆,https://www.dianping.com/shop/G4N046DY9Exdg9Jo,14条评价,人均￥35,毛血旺 水煮肉片 水煮鱼
百度烤肉店,https://www.dianping.com/shop/H2PpM58STVyZsCJK,1286条评价,人均￥51,调味牛肉 酸菜 风干肠
九田家果木烧烤专营店(矿工街店),https://www.dianping.com/shop/G2xxW2v7sjspqN4a,31条评价,人均￥73,黑胡椒牛肉 肥牛 口菇
美新火锅花园(调兵山店),https://www.dianping.com/shop/l4wnb1bcDlLIL4b4,293条评价,人均￥7o,虾仁滑 美新嫩牛肉 双椒牛肉
百膳居(人民路店),https://www.dianping.com/shop/G7fvzaQxsbncgPui,8条评价,人均-,溜肉段 蛋黄焗南瓜 扁豆角炖排骨
多宝爸爸的芝士汉堡,https://www.dianping.com/shop/l1xu1zz3Jx9MSKSX,12条评价,人均-,牛肉汉堡薯条套餐 红提森林浆果 柠檬养乐多
金星烧烤,https://www.dianping.com/shop/l3bOgXrZJzIZkTkW,25条评价,人均￥66,烤鳕鱼 蜜汁翅中 烤鸡脆骨
李小厨(韩式炸鸡店),https://www.dianping.com/shop/H2Llpu0iTHKEMbXR,9条评价,人均￥56,无骨炸鸡 韩式泡菜年糕锅 章鱼小丸子
食厨烤骨头,https://www.dianping.com/shop/GarEzPewmNhfTv3F,15条评价,人均-,烤骨头 烤猪蹄 烤花卷
老街里小串,https://www.dianping.com/shop/kaXGfD7iibInwgjr,,人均-,麻辣小龙虾 水煮活珠子 毛血旺烤鱼
金汉山烤肉(迎宾路店),https://www.dianping.com/shop/G9VCLlbNIHelbXzF,5条评价,人均-,黄蚬子 蛋炒饭 皮蛋豆腐
禾集料理(调兵山店),https://www.dianping.com/shop/k1taVmIGgYPA1zx5,25条评价,人均￥43,海鲜拉面 鳗鱼饭 寿司
喜牛扒啦锅烤牛肉,https://www.dianping.com/shop/H7TqZjAjB8Xqeg76,2条评价,人均-,牛毛肚 牛蹄筋 辣椒油
肯德基(曙光店),https://www.dianping.com/shop/iiwxD4Snu5qUkbuF,11条评价,人均-,培根蛋法风烧饼 秘制香辣肉酱烤鸡腿饭 醇香土豆泥
赶海自助海鲜火锅烤肉,https://www.dianping.com/shop/H2HpcqDuWwH5T0NR,,人均-,
刘记猪蹄,https://www.dianping.com/shop/H8BqCjmbchrUb3cx,1o条评价,人均￥15,猪蹄 番茄牛腩 素丸子
帕尔玛西餐厅(调兵山店),https://www.dianping.com/shop/k4UPJpLNYIHsxeyF,3条评价,人均-,榴莲披萨 寸金枪鱼小披萨 带骨孜然炸鸡
谭记 老谭家火勺店,https://www.dianping.com/shop/G9PERGAjFmctoV2U,3条评价,人均-,牛肉火勺 肉皮海带黄豆粒 鸡爪
签道•新派海鲜烧烤城,https://www.dianping.com/shop/FdZvhBlKOT9NCrx1,3条评价,人均-,牛肉串 羊肉串 烤实蛋
丰和怡家饭庄,https://www.dianping.com/shop/G2lrTBVX4gpx4NQr,1o条评价,人均-,铁锅炖小笨鸡 铜锅酸菜白肉 干炸小河虾
那家院子,https://www.dianping.com/shop/k3cJoFuR4dViyqmk,8条评价,人均￥53,炸血肠 三叶香拌干豆腐丝 铁板飘香海兔
丁记火勺烧麦羊汤店(调兵山店),https://www.dianping.com/shop/H2P6Gd5yk2fIOizG,6条评价,人均￥22,牛肉火勺 羊杂汤 温馨提示
川都自助,https://www.dianping.com/shop/G2EfXItMAPmcOEd8,4条评价,人均-,生蚝 香肠 扇贝
清真老回回炖菜馆(二部),https://www.dianping.com/shop/l5BlfCHX3JaIMejK,4条评价,人均-,羊杂汤 趴口条 秋葵蘑菇
新隆港酒店,https://www.dianping.com/shop/k5XZJujZ2fQeGP8z,,人均-,
重庆火锅王(调兵山大街店),https://www.dianping.com/shop/l7OdZ0ImkmPaMmiO,4条评价,人均-,
刘记光大火锅鸡(调兵山店),https://www.dianping.com/shop/k5tIZnwhAOnGPtpZ,,人均-,
阳雪驴肉馆,https://www.dianping.com/shop/k2x7cAWoaIEwgtiy,1条评价,人均-,
吕家小院,https://www.dianping.com/shop/k8nfY9A1prZ4A3dA,12条评价,人均-,
金百合麻辣烤鱼,https://www.dianping.com/shop/H1J1OrbqVVJ582oW,5条评价,人均-,
醉香村铁锅炖,https://www.dianping.com/shop/l6flJ5O3afLY7Yhr,3条评价,人均-,
晟记一元馅饼店,https://www.dianping.com/shop/k4Tx9ZG6MLN6I6cH,2o条评价,人均￥57,
喜家德虾仁水饺(调兵山大街店),https://www.dianping.com/shop/G6tUw1TcwkLrZYDk,13条评价,人均￥35,
日月明油炸,https://www.dianping.com/shop/l1Hv9AMTe4Lj4p7F,23条评价,人均￥35,
辣屋陈,https://www.dianping.com/shop/H4Qd5V3KQ2LFvnLz,2条评价,人均-,
