荣盛达餐厅,https://www.dianping.com/shop/G6EPI1CzrbHtmDuw,17条评价,人均-,炕锅羊肉 特色香麻鸡 手抓羊肉
川乡园,https://www.dianping.com/shop/k3ynf24TxMSAgjqN,3条评价,人均-,川味腊肉香肠拼盘 虎皮青椒 炝炒莲白
川渝人家(当曲河东路店),https://www.dianping.com/shop/k8KUzyrWMBwpA3wC,7条评价,人均-,雪山豹子鱼 炒茼蒿 木须肉
渝味小鲜老火锅,https://www.dianping.com/shop/l1JIdMg15gMGpIFn,15条评价,人均￥129,鲜脑花 鲜千层肚 黑毛肚
龙抄手餐厅,https://www.dianping.com/shop/l8nteF1WDRW2kftI,28条评价,人均￥51,龙抄手 手抓羊肉 红烧豆腐
王记邛崃川菜(当雄总店),https://www.dianping.com/shop/kaAueLEumM7WpIpZ,29条评价,人均￥55,麻婆豆腐 邛崃钵钵鸡 京酱肉丝
大盘鸡王餐厅,https://www.dianping.com/shop/k9Idy0NAFKa1WlDJ,32条评价,人均￥49,大盘鸡 小葱煎蛋 麻辣牛肉
清雅老炒人家,https://www.dianping.com/shop/G5SdAF55diR3bj37,7条评价,人均-,牛肉炒米粉
张玲川菜馆,https://www.dianping.com/shop/j3K2Ml09UNOhfYMF,23条评价,人均￥71,米饭 鱼香肉丝 尖椒肉丝
好早早餐厅,https://www.dianping.com/shop/k7I4EEPVhwSYIG8h,11条评价,人均￥27,重庆杂酱面 大白馒头 青椒肉丝盖饭
川香食府(团结路店),https://www.dianping.com/shop/k1qEYJ3jl3wTa8rR,4条评价,人均-,炝炒凤尾 水煮牦牛肉 木耳葱爆肉
当雄渝小厨家宴馆,https://www.dianping.com/shop/H5YSC1y7QqanwT9N,76条评价,人均￥78,萝卜牛肉 椒麻鱼 紫菜蛋花汤
飘香美食城,https://www.dianping.com/shop/l1uzf0JAsAoojuI4,49条评价,人均￥72,水煮肉片 西红柿鸡蛋汤 荤豆花
温馨茶馆,https://www.dianping.com/shop/l4SJB0LDoxvNFReb,,人均-,
川外川饭馆(当曲河东路店),https://www.dianping.com/shop/H5naorbyKTgJ1Rms,,人均-,
玉龙餐厅,https://www.dianping.com/shop/k2GwP68TbzzqStz3,,人均-,
民和小冶大盘鸡,https://www.dianping.com/shop/iFiHw8hvNasX1oMh,,人均-,
石猴藏餐厅,https://www.dianping.com/shop/k6CYE8dLvpOaSvrd,,人均-,
藏北草原牦牛酸奶店,https://www.dianping.com/shop/G3zjDVlEpopzg2pv,5条评价,人均-,牦牛酸奶
美味川饭店,https://www.dianping.com/shop/H6eXWvhUNYEmusuP,9条评价,人均-,鱼香肉丝 辣椒炒牛肉 莴笋炒肉
一饭之缘,https://www.dianping.com/shop/k2n5wdQPnXgGIUny,7条评价,人均-,炒土豆丝 炒莴苣 萝卜炖牦牛肉
尼木康松茶馆,https://www.dianping.com/shop/l7hNalU0bAwrWNw4,1条评价,人均-,甜茶 牦牛肉水饺 藏面
当吉园休闲吧,https://www.dianping.com/shop/l30MVDUtS3XvnyLn,,人均-,
天府鱼庄(团结路店),https://www.dianping.com/shop/l5RWtOb5KR6RBGyy,,人均-,
欢乐饭馆和商店,https://www.dianping.com/shop/juOzByGkDjOBnHqL,,人均-,
粮食局粮油门市部,https://www.dianping.com/shop/G38jrR7GK2PwIWWl,,人均-,
齐心汇财饭馆,https://www.dianping.com/shop/H8BeYc92DJEI7XkV,,人均-,
平遥人家,https://www.dianping.com/shop/H6EGvWhcExsMUorr,,人均-,
白八自助火锅,https://www.dianping.com/shop/G8qiundtTAboqqjQ,,人均-,
安多扎西亚尔卓阳光饭馆,https://www.dianping.com/shop/G4OgCuvfnicY1ciD,,人均-,
拉鲁恰囊鲁突茶馆,https://www.dianping.com/shop/k5J9EpzE7tESoyTC,,人均-,
徐记川菜馆,https://www.dianping.com/shop/kaQvZkeTSjHCpmSS,,人均-,
琉璃假日酒店-餐厅,https://www.dianping.com/shop/jQjFfSGjv9TgXRCr,,人均-,
丰泽园川菜馆,https://www.dianping.com/shop/H1VHQEz9RAWSKFBM,2条评价,人均-,
扎西,https://www.dianping.com/shop/k46tV0fcMatKLGrC,,人均-,
当雄仁曾曲珍饭馆,https://www.dianping.com/shop/G8h06H7YaHeOQ4eS,,人均-,
老兵川菜,https://www.dianping.com/shop/G2nbag7vDqyhRypC,,人均-,
川味食府(当曲河东路店),https://www.dianping.com/shop/l9s8dQ3XAKwZeJuR,,人均-,
兰州牛肉拉面,https://www.dianping.com/shop/G5msGlc90n01m61H,,人均￥23,
兄弟蒸汽餐厅,https://www.dianping.com/shop/G6Tj6KIDh66Szycx,,人均-,
老字号牛肉面手工面馆,https://www.dianping.com/shop/k7gmNMKo54CBBa3l,1条评价,人均-,番茄鸡蛋面 凉拌黄瓜 油泼面
安逸茶楼,https://www.dianping.com/shop/G6MaxN25mFA0v7CY,,人均-,
当雄县黄焖鸡米饭,https://www.dianping.com/shop/k6Lw1dqcEmWHbADk,24条评价,人均￥3o,黄焖鸡米饭 黄焖鸡 铁板久香鸡
嘎吉林藏餐,https://www.dianping.com/shop/H7hnHI85TZS0mEn8,,人均-,
幺妹川菜馆,https://www.dianping.com/shop/G1e6iyC3Re0pOHXL,8条评价,人均-,回锅肉 蒜苔炒肉 鱼香肉丝
唐氏广福记冒菜(当雄店),https://www.dianping.com/shop/k7MQwf55Un8QWlrI,,人均-,
获札青饭馆,https://www.dianping.com/shop/laUr81imHLqxHl0O,1条评价,人均-,藏面 牛肉汤
木洒手抓,https://www.dianping.com/shop/G2RWfxr82L181kvr,7条评价,人均-,手抓羊肉 炕锅羊肉 凉拌牛肉
老成都川菜馆,https://www.dianping.com/shop/k4gyLbUUOkVnx6CM,14条评价,人均￥76,红烧牦牛肉米粉 番茄炒蛋 干锅鸡
百味鲜私房菜,https://www.dianping.com/shop/H9zhQ7hRpVzlZQyq,1条评价,人均-,毛血旺 回锅肉 烤串
鑫莱源餐厅,https://www.dianping.com/shop/G9eTTZ07pnTw4JR0,,人均-,
面食饺子馆,https://www.dianping.com/shop/G2uGgZC4UHgL4K7B,2条评价,人均-,西红柿鸡蛋面 凉拌黄瓜 麻婆豆腐
南充蔬菜水果商行,https://www.dianping.com/shop/l2rulYtqj3YLKr1O,,人均-,
成都饭馆,https://www.dianping.com/shop/EmuhuJBr1l0nzqkQ,1条评价,人均-,
君临餐厅,https://www.dianping.com/shop/k2HOZwLLUMBP4GNt,,人均-,
堡格垒美式咖餐(当曲河东路店),https://www.dianping.com/shop/EZDKyrhryNIx1ul2,1条评价,人均-,
南木林茶馆,https://www.dianping.com/shop/l20XeURaplyVaEDX,,人均-,
蒸汽兰州拉面,https://www.dianping.com/shop/H486uyrznY5X3aeM,,人均-,
范记老成都川菜,https://www.dianping.com/shop/Ga7Bmdppe3mOrU3G,,人均-,
老字号川菜,https://www.dianping.com/shop/G1OlyGRCG75QWod8,1条评价,人均-,炝炒油麦菜 清炒苦瓜 番茄炒鸡蛋
