星宴主题餐厅(德安店),https://www.dianping.com/shop/k8PaEQpKLDCy7dU0,9条评价,人均-,时蔬 丰城土牛肉 泡椒肚条
重庆豪渝火锅(德安店),https://www.dianping.com/shop/l87LNSvSR8JPz5wI,77条评价,人均￥95,冰冰脆毛肚 鲜虾滑 澳洲肥牛
有一家海鲜馆,https://www.dianping.com/shop/l81YrRMuLfhIFf32,4条评价,人均-,生腌梭子蟹 烤小黄鱼 盐焗花螺
胖子肉蟹煲(一店),https://www.dianping.com/shop/k6BVmHGUTKNM1iHC,115条评价,人均￥46,肉蟹煲 鸡爪煲 元宝花甲
梨弎岁碳火烤肉(德安店),https://www.dianping.com/shop/G37Pb0IPtQePfrZT,166条评价,人均￥72,秘制招牌五花肉 秘制招牌牛肉 特色脆骨肠
福至尊鱼羊馆(德安店),https://www.dianping.com/shop/l6ZNAyQe5axPigYA,29条评价,人均￥98,包浆豆腐 羊汤 至尊鱼羊鲜
luckin coffee瑞幸咖啡(德安缤纷城市广场店),https://www.dianping.com/shop/l7czboOyn0zxQL2D,2条评价,人均-,人气双杯椰云拿铁 椰云拿铁 标准美式会议搭子
路宝财麻辣鱼,https://www.dianping.com/shop/G74cgHBioYPTWPDW,13条评价,人均-,麻辣鱼 川味龙虾 秘制烧鸡公
禾木家日式料理(快乐城店),https://www.dianping.com/shop/H8GcaHGlPaJdMkUg,5条评价,人均-,混搭军舰 黄金蟹宝 蟹肉蟹子沙拉
小柳叶石锅鱼(德安店),https://www.dianping.com/shop/H21TVp0LgvgQW9ny,31条评价,人均￥4o,石锅鱼 鱼肉 鱼汤
德安雅悦大酒店(德安店),https://www.dianping.com/shop/H4EzFdroexEWyVAD,11条评价,人均-,蔬菜饼 黄丫头 农家杀猪菜
澳门豆捞(德安店),https://www.dianping.com/shop/l1WkEfWTEgQHigMU,272条评价,人均￥63,虾滑 豆浆 蟹黄包
小米寿司(蒲塘路店),https://www.dianping.com/shop/H8M0hebnwBxoWuzY,283条评价,人均￥39,寿司拼盘 加州鱼寿司 芝士鸡排卷
博阳河农庄,https://www.dianping.com/shop/Ha2HJDLyflZMB4AH,4条评价,人均￥45,葵花鸡 八珍鱼头 韭菜炒香干
聚广柴火鱼,https://www.dianping.com/shop/H7hcKnVu2Cvpu3YE,37条评价,人均￥3o,疯狂鱼头 辣椒炒肉 油淋时蔬
好火记重庆美蛙鱼头火锅,https://www.dianping.com/shop/l9QsNHZbtYun5p4A,17条评价,人均￥9o,牛蛙 酥肉 现切牛肉
真品牛排馆,https://www.dianping.com/shop/G5tcOvDUMMa15qsN,14oo条评价,人均￥74,黑椒牛排 菲力米浓牛排 水果沙拉
德安四川柴火鸡,https://www.dianping.com/shop/l7hkb5A2wmL9gN3q,1条评价,人均-,土灶柴火鸡
黄厨探鱼(德安店),https://www.dianping.com/shop/G4im2QyslHVbwlQ0,5条评价,人均-,手工小肉串 蒜香龙虾 烤茄子
季季红火锅(德安万象店),https://www.dianping.com/shop/Ga6D3EXe0aUywHHU,5o条评价,人均￥58,精品肥牛卷 红糖糍粑 嫩牛肉片
大斌家串串火锅(德安县店),https://www.dianping.com/shop/l9yjZbO308Fwo04A,6条评价,人均-,鱼籽福袋 麻辣牛肉 毛肚
来点烤肉(德安店),https://www.dianping.com/shop/l4Ya364YfH8YKRGG,114条评价,人均￥7o,招牌五花肉 来点小牛排 招牌肥牛
CHAGEE霸王茶姬(德安县快乐城店),https://www.dianping.com/shop/H68fkW0TNENjxxBB,,人均-,
丽滋主题餐厅,https://www.dianping.com/shop/EeDPe8IcRkICijCV,245条评价,人均￥45,基围虾 牛肉卷 手擀面
丁小姐的牛羊肉馆(德安店),https://www.dianping.com/shop/k1LtjUZkKmc6zsRQ,1条评价,人均-,牛肚砂锅粉丝 牛肉汤 卤蛋
厨道湘菜馆,https://www.dianping.com/shop/kaOe41MoQLr5TQwk,3条评价,人均-,
茶百道(德安万象店),https://www.dianping.com/shop/HaDuiGt7EJjP57nE,12条评价,人均-,
家湘的菜,https://www.dianping.com/shop/H2h5iJdOng16sC1m,4条评价,人均-,
u8创意西餐厅,https://www.dianping.com/shop/l96Q9j1nzTNNz0o1,1条评价,人均-,
帅哥烧烤火吧(德安店),https://www.dianping.com/shop/l9uoN3rs9uO1olFA,57条评价,人均￥2o,
四季原味,https://www.dianping.com/shop/laeMO7UUE2XhKahu,1条评价,人均-,
白鹿音乐酒馆,https://www.dianping.com/shop/k1rNG4r0sKBnZLdK,8条评价,人均-,农家三宝 多味土鸭 风味凤爪
澳柏米兰咖啡(福乐家园店),https://www.dianping.com/shop/l5JXzk7946YUQijK,235条评价,人均￥4o,马苏里拉焗牛小排 石锅牛仔骨 剁椒鱼头
圆兜兜,https://www.dianping.com/shop/k5EuQX0YKAvHHc24,3条评价,人均-,传统糯米饭 绿豆汤 勇敢牛牛拌粉
西海鱼庄(德安店),https://www.dianping.com/shop/H8funsIQn1g9s310,5条评价,人均-,鱼头汤 白切羊肉 鲜鱼丸
中华楼,https://www.dianping.com/shop/GacY3eA1ratJRT92,6条评价,人均-,肉馅饼 香菠咕咾肉 腰花溜肚丝
兄弟邦烤牛肉,https://www.dianping.com/shop/k4TVdVvhMJ5LIxWf,,人均-,韭菜 猪排 香菇
九宫阁火锅(德安店),https://www.dianping.com/shop/G1CbOOBFmYydMdSH,6条评价,人均-,九宫阁原味牛肉 金针菇 醉美五花肉卷
马路边边串串香(德安县福晟观邸店),https://www.dianping.com/shop/EhwPfFEpuRvP7ntJ,1条评价,人均-,
一锅汤羊肉馆(德安店),https://www.dianping.com/shop/l7DD3p0q18ivoWTt,,人均-,清汤羊杂 虾滑 方便面
炭火铜锅老北京涮羊肉(德安店),https://www.dianping.com/shop/l68gDJOhvoTzA2hQ,3条评价,人均-,
蜀门红涮烤火锅,https://www.dianping.com/shop/G40Cr1s9VHAHaA8B,1条评价,人均-,
京片儿老李羊蝎子刷锅(德安店),https://www.dianping.com/shop/H4ZpMNiOnzQKzaBK,6条评价,人均￥5o,
聚福楼大酒店(宝塔大道),https://www.dianping.com/shop/G5DultrUazr6nvE7,7条评价,人均-,
一碗香粉面馆,https://www.dianping.com/shop/FxSrDpO9exBFwYvU,5条评价,人均-,
二朴炸鸡社·韩国料理·年糕(九江德安店),https://www.dianping.com/shop/G1dmmyxzrKxWod6p,,人均-,洋葱圈 蜂蜜芥末酱 韩式火鸡面
金张爷盘盘麻辣烫,https://www.dianping.com/shop/H3SFayQrOlHG5Ouu,1条评价,人均-,海白菜 茼蒿 花生芽
东方红酒店(东风大道店),https://www.dianping.com/shop/l8l09mTVrM3sEdlI,3条评价,人均-,鲜榨紫薯汁 炖白条 茉莉花炒蛋
冒大仙成都鲜冒菜(江西九江店),https://www.dianping.com/shop/H9Qj38MjJCGh0hl3,,人均-,糯米锅巴 麻辣香锅 麻辣拌口味儿
老表特色汤店(永兴路店),https://www.dianping.com/shop/k4K6uE5QFkrPEb7g,15条评价,人均￥16,肉蛋炒粉 黄花排骨汤 咸菜蛋炒饭
欢乐士牛排(德安店),https://www.dianping.com/shop/G880BCf1lPOlj6ci,9条评价,人均￥6o,澳牛西冷牛排 黑胡椒牛排劵 台塑牛排
易秋寿司,https://www.dianping.com/shop/k1AMCeBQqGlAQkTd,3条评价,人均-,加州卷 章鱼小丸子 牛肉炒乌冬
香他她煲仔饭(万象广场店),https://www.dianping.com/shop/EKhwGkq0AvHmgZhC,2条评价,人均-,香辣鱼块煲仔饭 家常香干炒肉煲仔饭 梅菜扣肉煲仔饭
稻香园蛋糕(渊明大道店),https://www.dianping.com/shop/l2Uv4Uuj96FZM4jM,78条评价,人均￥3o,水果蛋糕 炭烧芝士 雪媚娘
蜀中源麻辣香锅(蒲塘路店),https://www.dianping.com/shop/H9BR6YnhTQSWxxc9,192条评价,人均￥38,石锅鱼 酸梅汁 毛肚
绝味水煮(德安店),https://www.dianping.com/shop/G7ULKiDcEI3A3srS,16条评价,人均￥15,绝味特色莲藕丸子 冻豆腐 绝味鸡爪
苏家垱龙虾馆(德安店),https://www.dianping.com/shop/l1pDuVpk6ARZURVo,6条评价,人均-,蒜蓉龙虾 特色油焖大龙虾 鲜活虾尾
开心家,https://www.dianping.com/shop/k6SFlcg5ruJZECxr,6条评价,人均-,榴莲雪媚娘 奥利奥雪媚娘 豆乳盒子
傣味火锅(义峰路店),https://www.dianping.com/shop/H1QFNie8Ye0iteaX,7条评价,人均-,鸳鸯锅 乌鸡肉卷 撒尿牛肉丸
CoCo都可(万象广场店),https://www.dianping.com/shop/l2Y4jtj9ABt1xexr,33条评价,人均￥12,鲜芋芋圆牛奶 鲜百香双响炮 鲜芋奶茶
