金鱼妈妈山野•食趣(广场店),https://www.dianping.com/shop/H6Zpdt0dCT6Zeyka,4422条评价,人均￥117,高山毛笋干 时令野菜 肉沫老豆腐
荒室·WildHouse·万绿莫干山,https://www.dianping.com/shop/l3DTOhk4ftr0qHVW,653条评价,人均￥55,万寿无疆盖碗拿铁 提拉米苏 苹果冰美式
red cube咖啡,https://www.dianping.com/shop/Ga0f8ZrY9hKHpj0W,25条评价,人均￥2o,澳白 抹茶拿铁 dirty
赵小粥•海鲜•烧烤•酒场,https://www.dianping.com/shop/HawMzZ6YWKIJwz5s,289条评价,人均￥1o3,招牌虾蟹粥 烤大虾 羊肉串
花境,https://www.dianping.com/shop/k9JYi7U8E42bCh53,18条评价,人均-,法式香烤春鸡 厚切战斧牛排 经典至尊披萨
芝麻谷·精灵餐厅(莫干山店),https://www.dianping.com/shop/l8DJEX2Non4pQr74,3269条评价,人均￥135,红烧笋肉 小米糕 海鲜小炒皇
東大方(武康田博园店),https://www.dianping.com/shop/H9X4UCCoXMqDT6TF,81o条评价,人均￥93,方师傅红烧肉 招牌卤鸭 老鸭炖馄饨
探炭鲜烤肉(余英坊店),https://www.dianping.com/shop/G6CCW2aM74wMaxAs,96条评价,人均￥1o1,鲜肉厚切五花肉 招牌秘制肥牛 摇滚菠萝牛肉粒
新旺土菜馆(二十年的店),https://www.dianping.com/shop/l3omAX2RaoViScVy,1969条评价,人均￥99,鸡汤 农家小土豆 野生汪丁鱼豆腐
石灰石烧鸡公(德清余英坊店),https://www.dianping.com/shop/G8Mwbm5zi1fQsjZ7,136条评价,人均￥75,肥肠鸡 豆腐花冰汤团 原汁鸡汤饭
老方家·经典莫干味(后坞集散中心店),https://www.dianping.com/shop/l56Pix6024nJbFg5,683条评价,人均￥118,老方家鱼头煲 老方家正宗精炖三小时老母鸡限量 农家手工春卷
LivingRoof·是天空啊·天台咖啡,https://www.dianping.com/shop/EQDSbmTzHVgH2y3Y,78条评价,人均￥42,美式 生椰拿铁 黑椒西冷牛排沙拉
金鱼妈妈山野•食趣(荫山街店),https://www.dianping.com/shop/l3OytQ8nLkC2c1OH,362条评价,人均￥118,山泉竹林土鸡汤（半只） 时令野菜 妈妈手工老豆腐
在水小馆,https://www.dianping.com/shop/k2yJpcsN39fOkkqo,2o5条评价,人均￥1o2,小炒鸡 在水香锅 手撕卷心菜
义远有机农场餐厅,https://www.dianping.com/shop/H7KvYORkLY9sOaFS,1762条评价,人均￥122,义远农庄鲜奶 有机蔬菜 有机鸭稻米饭
云深不知处 romance in clouds,https://www.dianping.com/shop/G1DnvMq0mmgCeTNP,156条评价,人均￥42,生椰拿铁 冰拿铁 桂花拿铁
兰庭餐厅·风情民国,https://www.dianping.com/shop/l95viWjmqtiylORc,195条评价,人均￥93,小炒黄牛肉 传统砂锅鸡 特色炒粉丝
東大方(武康千秋广场店),https://www.dianping.com/shop/k2MNeZU8PiBqn9JP,13o3条评价,人均￥88,方师傅红烧肉 招牌桂鱼锅 大方鸭馄饨
紫小亭日式料理,https://www.dianping.com/shop/H34j3oroxP49K9UW,35条评价,人均￥156,香煎芒果鹅肝 厚切三文鱼 芝士焗蟹宝
忆·往事餐厅(余英坊店),https://www.dianping.com/shop/l1Y6SHNpJLkWgeto,3272条评价,人均￥95,豆泥咖喱肥牛 肉松糯米鸭脯 豆酱家烧鱼
粥鲜记海鲜大排档(德清店),https://www.dianping.com/shop/EJXR9f0UoEBbiIvK,36条评价,人均￥113,招牌虾蟹粥 羊肉串 生烤明虾
好破废墟火锅,https://www.dianping.com/shop/l56Qr6GPEn3LnSLD,98条评价,人均￥78,脆脆毛肚 手工虾滑 牛肉卷
東大方(武康玉墅林枫店),https://www.dianping.com/shop/l23lPnjBWLl8P9Jc,346条评价,人均￥83,方师傅红烧肉 老鸭馄饨煲 家烧东海小鲜
June六月荷西餐厅,https://www.dianping.com/shop/G2B6Ay3yaSJrw5qO,71条评价,人均￥122,咖椰吐司 小吃拼盘 西冷牛排
元松羊肉店,https://www.dianping.com/shop/k5vZB8iYLyBNPT3z,369条评价,人均￥34,羊肉面 元松羊肉 羊肚面
東大方(武康德蓝广场店),https://www.dianping.com/shop/H89WE7RDoJ4aKBZr,1164条评价,人均￥83,
食匠寿喜烧,https://www.dianping.com/shop/H2zeSPQSRweRW7rP,83条评价,人均￥153,
湖畔水上餐厅(莫干山店),https://www.dianping.com/shop/H3r6Sce2W71rKUHU,92o条评价,人均￥1o6,
idol二朵胖卡龙·咖啡甜品,https://www.dianping.com/shop/EXQPlavjD5LoFJfT,18条评价,人均-,
海荣羊肉,https://www.dianping.com/shop/G5FdYnsWC0ecfC1R,184条评价,人均￥4o,
食匠新日式创意菜,https://www.dianping.com/shop/H3bpjupPrG1OSFWj,426条评价,人均￥98,幸福的鰻魚蓋飯 玉子牛肉锅 寿喜锅
燒貨·YAKINIKU(余英坊店),https://www.dianping.com/shop/k32xVp6Ok4h81F6Q,2o4条评价,人均￥148,鹅肝手握 梦幻牛小排 上等牛五花
莫干山开元森泊雨林餐厅,https://www.dianping.com/shop/H1pYsYEC2v7tDSHd,11oo条评价,人均￥185,牛排 北京烤鸭 甜点
明哥烤牛肉(德清店),https://www.dianping.com/shop/l3EZu95J7qZX8Bz2,18o条评价,人均￥8o,秘制烤牛肉（小份） 五花肉 牛五花
陈都乐(余英坊店),https://www.dianping.com/shop/H4qPlrrbRfVtys6O,674条评价,人均￥81,碎鱼头 我爱卤鸭 都乐小炒
红棠,https://www.dianping.com/shop/k2FNvQUHFq2pbfke,46条评价,人均￥164,香辣蟹 番茄牛腩汤 私房臭豆腐
SEEFAR乡村餐厅,https://www.dianping.com/shop/k4CcUJU4lKvsllxO,82条评价,人均￥261,牛排套餐 南瓜汤 海鲜烤鸡套餐
東大方(武康河滨店),https://www.dianping.com/shop/l9BygIRjmbcfHbLp,164o条评价,人均￥79,红烧肉 大方鸭馄饨 招牌桂鱼锅
日落时分莫干山店,https://www.dianping.com/shop/H6gIOaguCO8ZvaQJ,73条评价,人均￥5o,柠檬茶 生椰拿铁 一颗咸凤梨
辣椒熊老火锅(德清店),https://www.dianping.com/shop/H3sY7GMdDGO42jNa,15条评价,人均-,杨枝甘露绵绵冰 熊猫箭竹笋 精品水牛毛肚
阿华饭店(十五年的店),https://www.dianping.com/shop/k1lkcmvAW1gk6hdZ,2624条评价,人均￥94,竹林鸡煲 梅干菜红烧肉 牛肉锅仔
翠翠烟火•遇见长沙,https://www.dianping.com/shop/H6OYm8xOhEULA4YO,21条评价,人均-,大厨小炒黄牛肉 翠翠辣椒炒肉 小锅泰国香米饭
CHIMIDO柴米多农场餐厅(莫干山店),https://www.dianping.com/shop/H5XGCqFdYLYT9kXO,45条评价,人均￥113,云南小锅米线 诺邓火腿洋芋铜锅饭 石屏包浆豆腐
老德清大火烧,https://www.dianping.com/shop/laIqIQHOGBEoloXq,84条评价,人均￥11,火烧 生煎饺 炒馄饨
西域领头羊,https://www.dianping.com/shop/G7YeSk7ImHbzQtWW,47条评价,人均￥87,红柳烤肉 烤馕 锡纸蒜泥大茄子
一凡餐厅(广场店),https://www.dianping.com/shop/l6v8BA4GsQDQj1jt,2496条评价,人均￥91,农家草包鸡 生炒石蛙 砂锅大鱼头
戴家面,https://www.dianping.com/shop/k9eEzAvW3OZ1Xk8L,121条评价,人均￥32,大肠鲜虾面 牛肉干挑 爆炒鳝丝干挑面
地锅年代(武康1店),https://www.dianping.com/shop/k4KKNtMoyb5GRcWI,678条评价,人均￥89,农家土灶地锅 公鸡 锅巴
金鱼妈妈山野•食趣(庾村店),https://www.dianping.com/shop/HaqsMSp94BJsktI9,247条评价,人均￥11o,山泉竹林土鸡汤 野菜春卷 时令野菜
匠舍•晚游,https://www.dianping.com/shop/k1S3zK4WIiECAEFa,9条评价,人均-,冷泡茶 玫瑰红茶 青瓜燕窝
鱼友记(德清店),https://www.dianping.com/shop/l8jyTGMeWd786K71,268条评价,人均￥75,网红铁锹小海鲜 龙虾 烤鱼
莫干山开元森泊雁来轩中餐厅,https://www.dianping.com/shop/juQZgWY76QFNQzi4,1187条评价,人均￥133,香芒牛仔粒 芝士焗土豆 川蜀馋嘴蛙
胖桔甜品店,https://www.dianping.com/shop/k3f06ZVNbonvDULg,29条评价,人均￥54,蛋糕卷 焦糖海盐卷 提拉米苏
東大方(武康营盘店),https://www.dianping.com/shop/l4fnUbnCcsq25YwQ,889条评价,人均￥96,方师傅红烧肉 麻油鸭 东坡香芋煲
黄毛鸭绞,https://www.dianping.com/shop/FMi2daGlylW72vI0,138条评价,人均￥27,鸭绞面 千张包 鸭爪鸭胗面
北野cafe&camping·萤火虫(莫干山店),https://www.dianping.com/shop/l3ZuOQNUqb37Hy8U,111条评价,人均￥65,德国香肠 巧克力蛋糕 深椰拿铁
忆往事餐厅(英溪桃源店),https://www.dianping.com/shop/k9MuOHOW9P3awn62,671条评价,人均￥8o,豆泥咖喱肥牛 肉松糯米鸭脯 忆往事家烧鱼
莫干·醉陌弦,https://www.dianping.com/shop/G2hziaLJSUnMedbv,612条评价,人均￥33,番茄牛肉面 猪肝面 美味牛蛙面
世外桃源农庄,https://www.dianping.com/shop/H4EdlCi1E97csDjR,146o条评价,人均￥119,鸿运大麻球 花雕神仙鸡 特色香芋煲
御香农家菜(后坞店),https://www.dianping.com/shop/H66s7zi0f7TOdZSa,1415条评价,人均￥92,肉汁笋干 生炒竹林鸡块 酱爆螺蛳
