仙沟农家牛肉(定安店),https://www.dianping.com/shop/G7puhMP6twG7tgUk,567条评价,人均￥98,涮牛肉 牛肝 牛骨汤
匠子烤鱼(天安广场店),https://www.dianping.com/shop/H35Rb5jkYZYwPw1b,135条评价,人均￥56,湄公鱼 匠子青花椒烤鱼湄公鱼 香辣鱼虾双拼
兴隆饭店,https://www.dianping.com/shop/l2wMDTRDOpg0v7IJ,124条评价,人均￥66,文昌鸡 例汤 鸡油饭
仙沟花姐牛肉加工店,https://www.dianping.com/shop/H34xBWcEKqW18U17,44条评价,人均￥1o8,牛肉 炸牛排 汤锅
真香牛肉加工店(思源路店),https://www.dianping.com/shop/H8TAwc4TGTqdL07H,149条评价,人均￥77,牛肉 炸牛排 菜包饭
三七鸭饭店,https://www.dianping.com/shop/G1nrGDZGt7xOA18V,123条评价,人均￥63,
十八碗(定安店),https://www.dianping.com/shop/kab1vvDwei4gbJSA,87条评价,人均￥43,
芭蕉亚洲·泰式大排档(新悦广场店),https://www.dianping.com/shop/l5lj8127SkaG4VPX,76条评价,人均-,
五分钱粿汤店,https://www.dianping.com/shop/H99mUpuzZivVo0yq,5条评价,人均-,
仙屯第八间农家酱油鸭,https://www.dianping.com/shop/k5eLaG2H2fDeCILy,9条评价,人均-,
咱外婆的菜(新悦广场店),https://www.dianping.com/shop/G1peHR7JTkw1QLGR,39条评价,人均-,
香草田园花园餐厅,https://www.dianping.com/shop/l8M0uTARBdyvqvkN,11条评价,人均-,
朝天门火锅(定安店),https://www.dianping.com/shop/G64ScnxEmyZ5gBVa,61条评价,人均-,
寻半纸包鱼(定安店),https://www.dianping.com/shop/H8VrMyioph8iKkba,9条评价,人均-,
一小炒粿,https://www.dianping.com/shop/i37eOPlOyeQ5Sa62,1条评价,人均-,
湖畔啤酒鸡店,https://www.dianping.com/shop/l4BqPeY9Gy4aZlM8,52条评价,人均￥69,啤酒鸡 空心菜 沙丰鱼
老字号腌粉店,https://www.dianping.com/shop/G8noPWBEUAm8QZbz,75条评价,人均￥1o,牛肉腌粉 牛腩汤粉 猪肉腌粉
新泰来餐厅,https://www.dianping.com/shop/H7TiBDrVQqJVQm3R,22条评价,人均￥88,秘制黑豆腐 新泰来封肉 炒番薯叶
原味主张椰子鸡(定安店),https://www.dianping.com/shop/G642lPtedfW5MIkA,125条评价,人均￥53,椰子鸡 海南黑豆腐 珍珠马蹄
仙仙粉,https://www.dianping.com/shop/l1fLchXKIIBXjzKy,18条评价,人均-,蒸肠粉 特色手工汤粉 猪肉手工粉汤
龙湖美味园,https://www.dianping.com/shop/iirgXnnu07erEaH0,4条评价,人均￥35,耗油菜心 啤酒鸡 酸甜福鱼
老北京炭火锅(定安店),https://www.dianping.com/shop/l9X3plcgTtj8qaGa,74条评价,人均￥92,招牌羊肉 美肥(极品肥牛) 仙沟鲜切牛肉
薇薇安烘焙(天安购物广场店),https://www.dianping.com/shop/k1wepByhiBS94dHf,7条评价,人均-,榴莲千层切件 榴莲多多雪媚娘 金腿五仁
豪约客牛排(定安店),https://www.dianping.com/shop/ka94kYja7DAiK4VE,66条评价,人均-,约客火焰牛排 小总裁儿童餐 豪约客—安格斯牛排
仙聚牛肉加工店,https://www.dianping.com/shop/l5Ax84NvBlOVp6GW,93条评价,人均￥74,鲜牛肉 菜包饭 鲜牛肝
周记清补凉(定安店),https://www.dianping.com/shop/G4OymbbIIbMeSgSv,22条评价,人均￥1o,招牌椰奶炒冰清补凉 椰奶炒冰芋圆清补凉 纯老椰子水
美乐谷食坊,https://www.dianping.com/shop/k2Yu5Aj9NqF8JQW2,6条评价,人均￥25,牛肉丸锅仔 粉汤加蛋 杂粮汤加蛋
仙屯高雄鸭饭店,https://www.dianping.com/shop/G7UHqOnv1T6EIAf0,3条评价,人均-,牛肉 鸭杂 酸笋芋梗红豆汤
牛腩兴,https://www.dianping.com/shop/H1YTSQ9GICCQgoLg,12条评价,人均-,牛杂锅 牛百叶 牛腩
仙沟农贸市场,https://www.dianping.com/shop/ERA2W01Mbfrik5QR,23条评价,人均￥13o,大锅炒粉 腌粉 牛杂
时尚川妹火锅(定安店),https://www.dianping.com/shop/k24UFYXETGnnflAC,31条评价,人均-,金针菇 鸭血 腐竹
避风阁,https://www.dianping.com/shop/k1ivkh6CmM757ILy,6条评价,人均-,无骨凤爪 盐酥鸡 姜汁奶茶
大山水塔咖啡,https://www.dianping.com/shop/G4ANhubYAJ1kB7b3,2条评价,人均-,
春阳假日酒店·中餐厅,https://www.dianping.com/shop/l65YbPYeXcet0ALI,11条评价,人均￥51,金钱牛板肚
正宗坡寨羊肉店,https://www.dianping.com/shop/G5slFvw13YCeXgGi,1条评价,人均-,羊汤
银丰面馆,https://www.dianping.com/shop/l5817qwSakhn17PS,19条评价,人均￥15,
味蕾(和平北路店),https://www.dianping.com/shop/Gas1bZMdKBPVnX2N,4条评价,人均-,
福记牛排馆,https://www.dianping.com/shop/l5DaFCYNYt1UVbD4,24条评价,人均￥1o2,
芳姐烤羊腿烤羊排全羊(定安店),https://www.dianping.com/shop/H8Jjvom5Ch4oKkgm,37条评价,人均-,
灰太狼炭烤羊腿,https://www.dianping.com/shop/H2ZuTz03Mlf72EjS,13条评价,人均￥5o,
肯德基(定安店),https://www.dianping.com/shop/G1GR2g3MZgXUe9fu,71条评价,人均￥45,
嘉香苑茶餐厅,https://www.dianping.com/shop/H2j6yrXCq5ZvbS9J,11条评价,人均-,
华莱士·全鸡汉堡(翰林店),https://www.dianping.com/shop/jpQpIbr69PF52Xy0,23条评价,人均-,
老友记中西餐厅,https://www.dianping.com/shop/G3UoqUlTMnTqKEls,52条评价,人均-,
瓷器口市井火锅,https://www.dianping.com/shop/k58ec0Vy7Wa6iQj9,21条评价,人均-,
辰三牛肉店,https://www.dianping.com/shop/k167pmdasBQinaTt,83条评价,人均￥66,菜包饭 牛肉锅底 鲜牛肉
华莱士·全鸡汉堡(见龙店),https://www.dianping.com/shop/G7LaGOEGptoux2VC,36条评价,人均-,蜜汁手扒鸡 香辣鸡排堡 紫薯豌豆派
梁记美食,https://www.dianping.com/shop/l9ljv9SWgsI4aKXO,1条评价,人均-,
塔斯汀中国汉堡(定安第一小学店),https://www.dianping.com/shop/G3k3lrSyPI5y1dBn,5条评价,人均-,香辣鸡腿中国汉堡 香辣鸡腿堡中国汉堡 梅菜扣肉中国汉堡
欢聚八点半烧烤夜宵店,https://www.dianping.com/shop/H5kjShjAXnUTtjzd,2条评价,人均-,原味湛江生蚝 美味腊肠 香菇丸
天润优品,https://www.dianping.com/shop/EiEnm1tqtt1g2a5x,,人均-,
认养兔肉饭店,https://www.dianping.com/shop/G2byPDadTqaFynoS,1条评价,人均-,伊面汤 炒空心菜 文昌白切鸡
茶缘点广式茶餐厅,https://www.dianping.com/shop/l8gIPpymN9uEhwJf,3条评价,人均-,绿豆汤 像生猪仔包 粗粮麦片包
新东城大酒店,https://www.dianping.com/shop/G32E5u4VRcC2ocl2,21条评价,人均￥58,香煎五花肉 铁板荜拔叶豆腐 粽子
吴记杂粮(塔岭店),https://www.dianping.com/shop/G4hOJXYr0wHKPPzV,1条评价,人均-,香菇杂粮面汤 青菜面甩汤 杂食面
虾满堂(黄竹店),https://www.dianping.com/shop/G9P0agEkak16IFEp,9条评价,人均-,蒜香小龙虾 经典香辣牛蛙 湄公鱼（香辣味）
旺角鲜牛肉店,https://www.dianping.com/shop/G4Szeqv5ddvGgDqP,39条评价,人均￥65,鲜牛肉 鲜牛肝 菜包饭
苦塘园第一家鸡饭店,https://www.dianping.com/shop/GaSuPZLtttgoQ1qD,8条评价,人均-,定安白斩鸡 酸菜竹笋汤
老味道东北菜(塔北路店),https://www.dianping.com/shop/k12fnxc5eiLRHBKz,18条评价,人均￥5o,锅包肉 干炸里脊 红烧肉
初心甜品(定安店),https://www.dianping.com/shop/H2OVouHYTFDgevgW,3条评价,人均-,蜜桃乌龙千层蛋糕 香芋肉松盒子蛋糕 奶香千层
