定襄人家,https://www.dianping.com/shop/l3q0QewuPXrrM1QA,98条评价,人均￥47,定襄蒸肉 农家四小碗 荞麦饸饹
老北京涮肉坊传统铜火锅,https://www.dianping.com/shop/H1z8IkJkkm5nN1Vi,7条评价,人均-,大白菜 娃娃菜 知福羊肉饺
北卉園生态美食广场(定襄县店),https://www.dianping.com/shop/l5b4zeYAMkTERBpe,2o条评价,人均￥72,烤饼 莜面条 招牌状元鸡
屋里屋里,https://www.dianping.com/shop/H7OBlUFxl7XL5eRb,6条评价,人均-,琥珀炸鸡 辣白菜紫菜包饭 传统石锅拌饭
槐店王婆大虾(定襄店),https://www.dianping.com/shop/l4eTvRXKZjtiEkp5,66条评价,人均-,经典微辣大虾锅 扯面 竹笋尖
东北木炭烤肉(西大街店),https://www.dianping.com/shop/ism8kWfGroU81V5v,15条评价,人均-,特色黑椒牛排 韩式烤肠 烤鸡翅
金苹果twins,https://www.dianping.com/shop/G9j9TCzeP86pmQNJ,224条评价,人均￥32,水果蛋糕 老婆饼 小蛋糕
摸错门牛肚火锅(定襄店),https://www.dianping.com/shop/H5My89XgaD84SSPV,55条评价,人均￥72,精品三鲜锅 鹌鹑蛋 梅林午餐肉
邢氏饼业,https://www.dianping.com/shop/laXqcoz318Dk60Vz,5条评价,人均-,
千里飘香一锅出,https://www.dianping.com/shop/j6Qk5exQ2HBY7loL,4条评价,人均-,排骨猪蹄住锅
屋头串串香成都火锅(仁义街店),https://www.dianping.com/shop/H2t8FEtHIsxmkqDf,3条评价,人均-,里脊肉 香菜牛肉 傻儿牛肉
陶然亭大酒店餐饮部,https://www.dianping.com/shop/l3rUE2lQpXrN8QWz,7条评价,人均￥12,家乡蒸肉 二部银河飞渡刀削面 猪排
什么鸟地方,https://www.dianping.com/shop/G9LTbOyeH3QOjaRh,16条评价,人均-,黑椒牛柳意大利面 水果缤纷披萨 奥尔良鸡肉披萨
三妮饭店,https://www.dianping.com/shop/G7RnIqMF8bYPJ1U0,35条评价,人均￥42,定襄蒸肉 京酱肉丝 鱼香肉丝
玛丽莲甜品(光明街店),https://www.dianping.com/shop/ipqTrXJnvNCxM5VI,449条评价,人均￥12,冰激凌慕斯汽车蛋糕 白雪椰果黑糯米 抹茶雪域芝士蛋糕
德克士(定襄文化广场店),https://www.dianping.com/shop/FfzVeFg2XAyiz2sG,22条评价,人均￥29,魔法鸡块 铁板嫩煎鸡腿堡 咔滋脆皮手枪腿
好好吃快餐,https://www.dianping.com/shop/G4r9stEwGia3X24z,2条评价,人均-,鱼香肉丝盖饭 精品鸡蛋火腿不烂子 地三鲜盖饭
煌城王婆大虾火锅店,https://www.dianping.com/shop/G5mBM5chSTuVwj8E,25条评价,人均-,王婆大虾 香辣虾锅 全虾锅单点底菜
玉米人农庄蛋糕艺术馆(定襄店),https://www.dianping.com/shop/k8c8Y3EtpJdjG4Xg,654条评价,人均￥65,葡式蛋挞 水果千层班戟蛋糕 巧克力蛋糕
双合成(乔家坡街店),https://www.dianping.com/shop/k6Noca2nTqXEtbLm,226条评价,人均-,金色怀情蛋糕 亲蛋糕 香橙有约
宝利来(定襄店),https://www.dianping.com/shop/H6dRR1LN8RGOwJfv,219条评价,人均￥1o,生日蛋糕 彩虹水果蛋糕 爸爸蛋糕
水浒烤肉,https://www.dianping.com/shop/kaMHeatMeq9h9LN0,,人均-,咖喱五花肉 奶香蒸蛋 和牛一号
好好吃锅魁(定襄店),https://www.dianping.com/shop/H8pX6tbFyCNrSldo,,人均-,招牌凉面 军屯锅魁 酸辣粉
朱记早点,https://www.dianping.com/shop/l5MkXlRtNe31XooW,1条评价,人均-,家常包子 八宝粥 豆浆
韩记大肉片汤(正阳小区店),https://www.dianping.com/shop/EUICSNf5p2KRtPbM,2条评价,人均-,大肉片汤 凉菜
汉堡王,https://www.dianping.com/shop/H4vA9b2Do91xLHJa,1条评价,人均-,深海鳕鱼堡 香脆大鸡排 鸡米花
今度烘焙(定襄解放大街店),https://www.dianping.com/shop/laj8U4DLy5NumZHj,26条评价,人均-,松小贝蛋糕 加州葡萄吐司 经典岩烧芝士
棒骨时代•棒骨自助,https://www.dianping.com/shop/jE11cg5m4NhjQwcz,2条评价,人均-,烤酱骨 涮酱骨 麻婆豆腐饭
巴蜀老大纸包鱼,https://www.dianping.com/shop/G2biFxbLWQnwH0wJ,5条评价,人均￥36,江团鱼 猪五花肉串 猪肉串
意乐基(定襄店),https://www.dianping.com/shop/G2IjgRz8FDSGip8Y,1578条评价,人均￥9,意乐鸡块 鸡肉卷 葡式蛋挞
巫山烤鱼(二部店),https://www.dianping.com/shop/l6ebQEl2Ggg9qurn,1755条评价,人均￥4o,巫山烤鱼 麻辣香锅 虾卷
派乐汉堡·炸鸡(定襄店),https://www.dianping.com/shop/l6YLZ0ANvda1psnO,14条评价,人均-,墨西哥鸡肉卷 孜然鸡条 超值全鸡桶
渔家饭庄,https://www.dianping.com/shop/l6WbppmlkyXIO4GT,,人均-,
英伦摩点(襄丰街店),https://www.dianping.com/shop/H2wnUoKVwX9bkXHK,799条评价,人均-,彩虹蛋糕 奶油甜心 寿桃蛋糕
小强早餐店,https://www.dianping.com/shop/jKGSO5B1Tx7KHrcM,,人均-,
秀荣粗粮饭店,https://www.dianping.com/shop/laRkSut0KdNE1Nv9,4条评价,人均-,定襄特色秀荣蒸肉 莜面饺子 干煸肥肠
王二骨头店,https://www.dianping.com/shop/k7GorekhD5NLFXv8,15条评价,人均-,大骨头 豆皮 定襄蒸肉
成都串串香火锅(汇金购物商场店),https://www.dianping.com/shop/l3nhGemzRplz54wA,,人均-,
又见老湘(定襄店),https://www.dianping.com/shop/EVVwdFyt9lf2F0pb,,人均-,
桃园娟娟无渣牛油火锅,https://www.dianping.com/shop/ioaQeAbXgrP7eXjV,,人均-,冰鲜牛肚 秘制牛肉
喀什烧烤,https://www.dianping.com/shop/H1JFea0SkgzxhUr4,,人均-,
六点半早餐,https://www.dianping.com/shop/kaXeUUlprN3W7xhR,,人均-,粉汤 胡萝卜馅包子 素包
岢岚羊肉面馆,https://www.dianping.com/shop/G4fxXtdoXecxTEJw,,人均-,羊肉面 羊肉汤 羊杂汤
牧羊人烧烤(五安路中医院斜对面店),https://www.dianping.com/shop/GarC0SwAd5TG54x7,1条评价,人均-,五花肉猪肉串 新西兰羊排 特色烤猪蹄
阎府铜锅烩菜馆,https://www.dianping.com/shop/G1LC56VrrAwFs22N,4条评价,人均-,
东北人家,https://www.dianping.com/shop/H64VhyX8qkpabPoL,,人均-,
益源居,https://www.dianping.com/shop/l2dWWfOTCc1DYzna,2条评价,人均-,手撕包菜 生态肉枣汤 清徐灌肠
壹早壹晚早餐,https://www.dianping.com/shop/G8kLOLUgPE4lXNKW,,人均-,
藤太郎水煮肉片,https://www.dianping.com/shop/H98lLUphD60xJE44,,人均-,笋片 黑椒肠 肉蓉面
智氏早点,https://www.dianping.com/shop/H6wnxDnE9Izm3trt,,人均-,胡萝卜包子
晋南油酥饼(小南门街),https://www.dianping.com/shop/H62NMex8RK8Ld1dC,1条评价,人均-,
八通粥铺(定襄店),https://www.dianping.com/shop/GaH996LASxtCSF9c,,人均-,
好日子面食馆,https://www.dianping.com/shop/G3UssI9237xBYpJA,3条评价,人均-,荞面河捞 豆面抿面 鱼香肉丝焖饼
重庆老味道蜀香阁火锅,https://www.dianping.com/shop/EXQzVIR91icmuuuX,1条评价,人均-,精品肥牛 手切嫩牛肉 上脑肥牛
老北京炸酱面(襄丰街店),https://www.dianping.com/shop/GaLCiexCUCYq02MQ,1条评价,人均￥19,尖椒鸡蛋盖饭 老干妈土豆丝盖饭 鱼香肉丝盖饭
华莱士·全鸡汉堡(晋昌店),https://www.dianping.com/shop/G9ahROMDBvz7ZO3t,5条评价,人均-,
绝味鸭脖(定襄城中街店),https://www.dianping.com/shop/G9vLMdWuJIOH17nK,1条评价,人均￥28,
丽珍早餐店,https://www.dianping.com/shop/H6Qf39dULxtQzDRT,,人均-,
华莱士·全鸡汉堡(定襄店),https://www.dianping.com/shop/H4biG44PMp1JaF3k,65条评价,人均-,
程厨土菜馆,https://www.dianping.com/shop/l7lt6BS2X16OIBig,1条评价,人均-,
