清真·马里兰羊羔肉,https://www.dianping.com/shop/l6LCFcQN8cOxBVvP,1o7o条评价,人均￥59,黄焖羊羔肉 干锅土豆片 爆炒牛犊肉
穆兰府牛肉面,https://www.dianping.com/shop/G5TZowea5wAa246s,16条评价,人均-,牛肉面 炒面 大丸子
娟姐老火锅(安定店),https://www.dianping.com/shop/k12LJCtLb0jsZkMC,22条评价,人均-,双椒鲜牛肉 辣卤耙鸡爪 原味嫩肉片
熊家无二·韩式炸鸡(陇西店),https://www.dianping.com/shop/ka6Ij4W9sZ8EA40B,9条评价,人均-,招牌粗薯 随心双拼无骨秘酱炸鸡中份 可乐
柒酒烤肉(定西万达店),https://www.dianping.com/shop/k1QTTWfgDSki9HrB,57条评价,人均-,精品五花肉 奥尔良鸡里脊 黄心土豆片
巴适老火锅,https://www.dianping.com/shop/G3EoqYjRLPUE2ZOQ,33条评价,人均-,巴适卤靶牛肉 龙利鱼 屠场鲜毛肚
小猪查理川式市井烤肉(定西维也纳店),https://www.dianping.com/shop/kan3THlejx6um56w,14条评价,人均-,香辣鱿鱼圈 棒大骨棒 藤椒猪梅肉
小肥羊(安定店),https://www.dianping.com/shop/G5mWadq5TtxnOvGZ,324条评价,人均￥73,清汤麻辣鸳鸯锅 小肥羊精品肥牛(标) 小肥羊宽粉
茹茹小吃店,https://www.dianping.com/shop/lavTZ1O7FwuKNdmi,2条评价,人均-,粉鱼 擀面皮 八宝粥
九田家黑牛烤肉料理(定西安定万达店),https://www.dianping.com/shop/k1z2QcMhBHQEsT5X,136条评价,人均￥1o1,风花雪月 调味猪五花 照烧鸡腿饭
姥家大锅台(陇西店),https://www.dianping.com/shop/H2tszvkTkKXdNGIE,174条评价,人均￥37,手工拉面 葱油饼 大骨头
金汉亭海鲜火锅烤肉自助餐厅,https://www.dianping.com/shop/l3EnHay2Ko9KcqnB,6条评价,人均-,
重庆德荘火锅(陇西店),https://www.dianping.com/shop/G7WLI0KSUNgVlzeg,22条评价,人均￥73,手工虾滑 红糖糍粑 手打牛肉丸
柒酒烤肉(渭源店),https://www.dianping.com/shop/EKp7x56Qu8XnCD2C,1条评价,人均-,小酥肉 蛋炒饭 生菜
老渔村鱼火锅(陇西店),https://www.dianping.com/shop/l1cTP5b7HqTOy9JV,71条评价,人均￥67,黑鱼 酱鸭头 涮菜
尕东乡手抓美食城(总店),https://www.dianping.com/shop/l82tQwacxjt1DLE0,32条评价,人均￥67,手抓肉 东乡手抓羊肉 干锅土豆片
何阿丹牛肉骨头,https://www.dianping.com/shop/jKUZpTF4yyPSQ1Q4,12条评价,人均￥11,牛肉骨头糊糊
梁老大羊肉馆,https://www.dianping.com/shop/l8Zr6WrRuOn94W0q,29条评价,人均￥68,卷饼羊肉 羊肉泡馍 白条羊肉
海底捞火锅(定西万达广场店),https://www.dianping.com/shop/k7q6CuXMaFiTvf87,35条评价,人均￥98,番茄锅底 招牌虾滑 酥酥嫩嫩炸牛奶
蚝英雄(定西万达店),https://www.dianping.com/shop/l9FnSWl86D0ijAtR,85条评价,人均-,生蚝 蚝界之最 蚝横
张记川菜(定西万达店),https://www.dianping.com/shop/l4WGQ1Uzg0fLccJM,87条评价,人均￥72,青椒猪肚 宫保鸡丁 歌乐山辣子鸡
洮韵楼地方菜,https://www.dianping.com/shop/G6KuUW3M0cOV2JQ7,5条评价,人均-,木炭铜火锅 铁板烧汁茄子 黄豆焖猪脚
偏爱海鲜自助美食城,https://www.dianping.com/shop/H7vcYqW56TwNwmHU,85条评价,人均-,螃蟹 培根披萨 大虾
唯爱回转式自助火锅(正龙路店),https://www.dianping.com/shop/G8InsDtKGDfi5M5q,699条评价,人均￥67,羊肉卷 大螃蟹爪 自制酸奶
屋头串串(御景华城店),https://www.dianping.com/shop/iDSWraS9WsBh1I7a,,人均-,小布丁 哈儿牛肉
沪上阿姨鲜果茶(文峰南路店),https://www.dianping.com/shop/G9RRG2Q4sr9yGqt2,,人均-,芒果多肉酸奶 白桃乌龙奶茶 蛋糕波波奶茶
重庆德庄火锅(定西店),https://www.dianping.com/shop/l2wHLMAHTYB1yVdk,36条评价,人均￥99,庄园肥牛 宽粉 金针菇
柒酒烤肉(陇西店),https://www.dianping.com/shop/H4hTeAaWnONuHsXL,167条评价,人均￥71,精品五花肉 鲜嫩牛肉粒 生菜(份)
老刀私房菜,https://www.dianping.com/shop/ERUzbiAehYELPMTh,69条评价,人均￥64,陇西黄焖里脊 土豆烧牛腩 手抓羊肉
和谐号海鲜烤肉自助餐厅(富丽广场店),https://www.dianping.com/shop/lamFAy02pYpNk1A4,26o条评价,人均￥65,牛排 寿司 肉卷
穆鼎兰经典牛肉面,https://www.dianping.com/shop/G9CS8yI3rqpOqRwg,2条评价,人均-,酸菜牛肉面 牛肉炸酱面 炒拉条
肖老四手抓,https://www.dianping.com/shop/H8FsfDvaHQTeuP45,56条评价,人均￥6o,手抓羊肉 羊脖子肉 炒面片
一碗定西粉汤店,https://www.dianping.com/shop/k2GUEdywsoVt4Qfa,1o条评价,人均￥24,特色什锦粉汤 韭饼 杂烩粉汤
红红居新疆大盘鸡(陇西店),https://www.dianping.com/shop/jJ5HHjzWH6VLyqYm,3条评价,人均-,新疆大盘鸡 红烧茄条 蒜子梭边鱼
90后新式地摊火锅鸡,https://www.dianping.com/shop/l2bpJYTU64HHxSap,9条评价,人均-,红糖滋粑 现炸小酥肉 凤爪鸡
马里兰羊羔肉(悦心润园店),https://www.dianping.com/shop/ladvdU89PklcOcmm,78条评价,人均￥9o,黄焖羊肉 羊羔肉 精品三泡台
清真·绿宝元草原涮羊肉,https://www.dianping.com/shop/G6ILRfhjlXYsGQR9,17条评价,人均-,鲜切元宝肉 云南绍通天麻 钻石鸽子蛋
吃吃吃烤鱼店,https://www.dianping.com/shop/l4HtNiru0aZw1OkG,5条评价,人均-,烤鱼 香辣虾尾 火爆腰花
盛爱家烤肉(南山新街店),https://www.dianping.com/shop/H2XLFWQUO1xQUdTO,9条评价,人均-,土豆片 香辣鸡爪 海太菠萝汁
顺心楼,https://www.dianping.com/shop/k9ZrP1Ew2LJAyliZ,6条评价,人均-,虎皮辣子烧茄子 干煸豆角 黄焖羊肉
大河鱼宴养生火锅(甘肃总店),https://www.dianping.com/shop/k2vMO8QqhZWnq2oR,39条评价,人均-,激情椒麻 自助素菜 梭边鱼
贝壳火锅,https://www.dianping.com/shop/k3CsKY5fIBDENEnx,14条评价,人均￥81,油香 贝壳全红锅 特色酸菜锅
熙元老北京铜锅涮羊肉,https://www.dianping.com/shop/ELBlNJ9hp4JDDfwK,1o1条评价,人均￥5o,羊健肉卷 现切羊肉 上品羊肉卷
重庆过江龙火锅(陇西店),https://www.dianping.com/shop/la2Jbw7KQTFG3Z9G,37条评价,人均￥131,一号肥牛 精品羊肉卷 宽粉
鼎羊红柳烤肉餐厅,https://www.dianping.com/shop/k5XfEiI1XnMCjix2,22条评价,人均-,烤羊肉 红柳烤肉 烤土豆片
黄记煌三汁焖锅(定西万达广场店),https://www.dianping.com/shop/G5AaNEpOvqBp9g73,33条评价,人均-,巴沙鱼 焖鲜虾锅 牛蛙
人和巴蜀火锅,https://www.dianping.com/shop/H1ZMcAwGcrT4WMlf,3条评价,人均-,牛皮豆干 番茄子 爽脆毛肚
陇西大酒店(餐饮部),https://www.dianping.com/shop/k6FqaGkyB3LD60I0,4条评价,人均-,野菌面疙瘩 小米海参鸡毛菜 手抓羊肉
茶百道(定西万达店),https://www.dianping.com/shop/H7KTIriFo23Sejbx,64条评价,人均￥15,杨枝甘露 豆乳玉麒麟 手剥葡萄冻
麦当劳(定西万达店),https://www.dianping.com/shop/GaJMntvOGMnikS95,6条评价,人均-,奥利奥麦旋风 麦麦咔滋脆鸡腿堡 青花椒风味半鸡
蛋糕地带·黑森林生日蛋糕(陇西店),https://www.dianping.com/shop/l5qw3tCC55ohpWSN,38条评价,人均-,抹茶蛋糕 方形蛋糕 双层祝寿水果蛋糕
锦衣玉食养生火锅,https://www.dianping.com/shop/k6aMBb4G17lvhX9Z,82条评价,人均￥53,金钻肥牛 微辣锅 南瓜饼
鲜小二寿司(陇西店),https://www.dianping.com/shop/H9eKHZsE8tgLZbDe,39条评价,人均-,招牌寿司 樱花之恋 韩国泡菜卷
亿家餐饮纸包鱼,https://www.dianping.com/shop/l1kMJ66dZiRjyEqA,3条评价,人均-,小酥肉 金银馒头 南瓜饼
天府坝子火锅(龙湾半岛店),https://www.dianping.com/shop/k1MBZn1PAk6RAIK6,5o条评价,人均-,屠场鲜毛肚 鲜切牛肉 天府小酥肉
妙椒火辣火锅串串,https://www.dianping.com/shop/F4mXbWCb4xw9Pmre,,人均-,
马氏大肉面,https://www.dianping.com/shop/l8DSL7YbeyDGWTNk,8条评价,人均-,中碗干拌
大胡子腊肉(小吃城总店),https://www.dianping.com/shop/G3mEF3vZCnBpWmss,36条评价,人均-,陇西腊肉 割肉
萨达穆烤肉·清真(文峰店),https://www.dianping.com/shop/l7GoPvDQC3YC5LKb,12条评价,人均￥69,烤羊肉 烤肉筋 烤油饼
蜀上椒成都老火锅,https://www.dianping.com/shop/G29UizLDqO9p4tcN,177条评价,人均-,极品鲜毛肚 双椒牛肉 雪山肥牛
