楠火锅(定远店),https://www.dianping.com/shop/j8CJClROboH4CTL6,1o6条评价,人均￥1o6,九宫格 耙鸡脚 嫩牛肉
穆老九羊肉馆(定远店),https://www.dianping.com/shop/Ha46DfDpzb9qzaff,364条评价,人均￥93,羊肉火锅 羊肉饼 酸萝卜
樊家味定远菜(上东城店),https://www.dianping.com/shop/l83aWzFJC9Amqjnh,1o条评价,人均-,大黄鱼 铁板蒜蓉虾 发面膜小公鸡
叙知香美蛙鱼头,https://www.dianping.com/shop/k6SuH3eYM69BIcmp,69条评价,人均-,活美蛙 鸭血 爆爽锅
觅味烤肉,https://www.dianping.com/shop/l5J4vmYHldzqz0m0,211条评价,人均-,招牌秘制五花肉 特味鸡腿肉 精品牛肉
铭香韩食炭火烤肉,https://www.dianping.com/shop/G2ETSBpxTNU1IS9t,296条评价,人均￥52,南瓜粥 特制五花肉 铭香韩牛排
重庆刘一手火锅(定远店),https://www.dianping.com/shop/H3Os9lL20Sn7Dswl,99条评价,人均-,刘一手午餐肉 秘制嫩牛肉 臻品肥牛
小猪查理川式自助烤肉(玖玖广场4楼),https://www.dianping.com/shop/G4s0WL4FnpwokYOD,25条评价,人均-,菠萝五花肉 肥肠 霸王五花肉
东北小院铁锅炖,https://www.dianping.com/shop/k580npAWSuJ2qcnC,5条评价,人均-,铁锅炖大鹅 铁锅炖杂鱼
川府辣院,https://www.dianping.com/shop/H57DgjJGXEy45VxX,32o条评价,人均￥8o,虾滑 黑毛肚 草原肥牛卷
MORE精酿啤酒公社,https://www.dianping.com/shop/G2OAqLEua66wRT3E,2条评价,人均-,烤肠 午餐肉 茶叶蛋
小菜园新徽菜(定远金鹏99广场店),https://www.dianping.com/shop/H3NZJGFiUuKc9fUT,13条评价,人均-,特色鸡爪 干锅手撕包菜 瓦罐筒骨汤
小灶王(定远店),https://www.dianping.com/shop/G7D5Q9sqNC9G6uvV,8条评价,人均-,地锅鸡 蒜薹炒腊肉 莴笋炒肉丝
李想大虾火锅(定远店),https://www.dianping.com/shop/H3mm7JYswDTH9UHX,56条评价,人均-,大虾 土豆粉 特色手工面
徽韵楼,https://www.dianping.com/shop/G416LSrlJb2IhMZX,4条评价,人均-,剁椒猪手 风干鸡 铁板牛排
傲弟火锅(定远绿园店),https://www.dianping.com/shop/l1ItjCMex1VSDz95,179条评价,人均-,鲜打鱼籽虾滑 撒尿牛肉丸 鲜切吊龙牛肉
厨小灶鱼头捞饭(长征路店),https://www.dianping.com/shop/l6j3R2QiRHVazzRt,3条评价,人均-,鱼头捞饭 农家大豆饼 农家红烧肉
老乡鸡(定远大润发店),https://www.dianping.com/shop/H2uEv7cMeE9vz3CF,123条评价,人均-,香辣鸡杂 肥西老母鸡汤 梅菜扣肉
大龙燚火锅(定远金鹏店),https://www.dianping.com/shop/G49YJd0an8cSqmwi,69条评价,人均￥85,红油锅 嫩牛肉 番茄鸳鸯锅
意奈风情海鲜自助餐厅,https://www.dianping.com/shop/G3zcXdjlwiwFzSEK,63条评价,人均-,五花肉 三文鱼 培根
口口椰(定远人民路店),https://www.dianping.com/shop/l9WBwUeHavq4waJJ,12条评价,人均-,招牌爆珠马蹄椰子水 椰香芋泥小丸子 斑斓椰肉香椰水
捉鸭记(定远店),https://www.dianping.com/shop/G1PiBI8pK5Wjkhws,72条评价,人均￥7o,招牌鸭爪爪 糯米藕 爪翅小锅
樊家味定远菜(水上花园店),https://www.dianping.com/shop/k6ZnYHbYK9fwuBzQ,6条评价,人均￥3o,西湖牛肉羹 干锅手撕包菜 糯米藕
陆小玖地摊江湖菜,https://www.dianping.com/shop/G9PQuPQOgsfdGpUI,,人均-,试营业辣子鸡尝鲜价 傣椒土豆丝 饮品小集合
麦当劳(曲阳广场店),https://www.dianping.com/shop/k6NlCuoexWPSwZDc,6条评价,人均-,培根蔬萃双层牛堡 销魂半鸡单人餐 麦麦咔滋脆翅乐套
蟹逅虾蛙(定远店),https://www.dianping.com/shop/G3e23hNYUKMTJPuw,1条评价,人均-,
九味牛黑牛果木烤肉,https://www.dianping.com/shop/H3OXGnCbjdP9iHqz,411条评价,人均￥9o,调味猪五花 鸡翅 战斧牛排
老乡鸡(定远金山丽景店),https://www.dianping.com/shop/kaDEHQ0eqIlMb6Dm,99条评价,人均-,肥西老母鸡汤 农家蒸蛋 香辣鸡杂
欧尚咖啡馆,https://www.dianping.com/shop/G6es0N9vnXMJTMt2,11条评价,人均-,传统意面 拿铁 招牌果木牛排
老家菜,https://www.dianping.com/shop/HavBeyzOOHYWgsbT,18条评价,人均-,老家烧鹅 猪手 笋干
朱马盛氏卤鹅美食城(安盐曲阳国际广场店),https://www.dianping.com/shop/l8OyWKsFXU3BZCVS,6条评价,人均-,鲁鹅🦢 大白菜千张 卤拼
齐祺渔锅(鲁肃大道店),https://www.dianping.com/shop/k5CSjSpIIlLrhSv0,72条评价,人均-,雪梨红枣茶 手工面 老坛酸菜
塔斯汀中国汉堡(金鹏玖玖广场店),https://www.dianping.com/shop/GakQrdJwUGqiorN3,,人均-,培根煎蛋汉堡 藤椒鸡腿汉堡 冰拧可乐
定远县阳光半岛国际酒店,https://www.dianping.com/shop/k10Nb2KlJdrljJk6,11条评价,人均￥42,白灼油麦菜 肉沫茄子 西红柿鸡蛋盖浇饭
鑫旺·轻餐厅,https://www.dianping.com/shop/HasXImCukQL2F5Z5,3条评价,人均-,开心薯 三明治 科罗娜
古茗(金鹏玖玖广场店),https://www.dianping.com/shop/H5Jpl8A1TESJQPhl,15条评价,人均-,
小小河边鱼(定远龙星花园店),https://www.dianping.com/shop/G5kCS0Pxb86NXlru,3条评价,人均-,
咱家羊蝎子•蚌埠龙虾,https://www.dianping.com/shop/iIChKrQF1d2zv5pG,1o条评价,人均-,
0048香辣虾(定远店),https://www.dianping.com/shop/GaO6ZcFl1fJRPMKO,784条评价,人均￥71,
黑牛小镇(安盐广场店),https://www.dianping.com/shop/l6S1UpaHDtZPV8cB,6条评价,人均-,
焱記高兴一锅潮汕牛肉火锅,https://www.dianping.com/shop/k6jxRTBzZpvy65iT,,人均-,
俺家小厨(定远店),https://www.dianping.com/shop/H7LtLH9K8J2Uzb9s,2条评价,人均-,
七姑娘火锅,https://www.dianping.com/shop/l8W0LvJ4os7WfyPL,4条评价,人均-,
辛炙炭火烤肉,https://www.dianping.com/shop/kabndHK9mpiANmzp,47条评价,人均-,
luckin coffee瑞幸咖啡(定远玖玖金鹏广场店),https://www.dianping.com/shop/l9tIbY1YHv4DLULM,6条评价,人均-,
穆记全羊馆(迎宾路店),https://www.dianping.com/shop/H3jP108VHcLAIDIa,55条评价,人均￥7o,烤羊肉串 烤羊排 特色羊肉火锅
自助酱大骨(定远一店),https://www.dianping.com/shop/G9BPiH4j8tx3wFVb,2条评价,人均-,菠萝啤 红烧排骨拌饭 酱豆
鼎尚丰秘制焖锅(长征西路店),https://www.dianping.com/shop/G7MfX27HfxdpL5eP,15条评价,人均-,鸡中翅 鱿鱼须 青虾
原始人烧烤(伟华新天地店),https://www.dianping.com/shop/l6B7AeAxLuRkDl6l,6条评价,人均-,整茄子 鸡肉肠 香酥小黄鱼
田记烧烤,https://www.dianping.com/shop/G5b2apv9sk0B0LCZ,2条评价,人均-,中翅 千叶豆腐 秋刀鱼
徽盐安徽饭店·餐饮部,https://www.dianping.com/shop/H9uJLOfCwlFW3RJb,88条评价,人均-,菌王肉汁汤 酱香虾锅巴 海皇豆腐
老家菜(伟华店),https://www.dianping.com/shop/H7ETcWg37qdz2w7v,3条评价,人均-,酸菜鱼 小鸡贴饼 凉拌小木耳
耀东拉面(金源广场店),https://www.dianping.com/shop/k59aqRfiz0ZsxeWL,2条评价,人均-,麻辣甲鱼 牛肉拉面 卤鸭胗
蒙城李杨拉面,https://www.dianping.com/shop/l23CheLrJxCd7y0G,29条评价,人均￥29,小碗拉面 皮蛋 卤干子
德庄火锅(定远店),https://www.dianping.com/shop/k2F3Jn6rvt4vkcUE,13条评价,人均-,干豆腐 徳庄毛肚 丸子
糊糊家甜品,https://www.dianping.com/shop/l2f9gpEgKFUEqqzu,1条评价,人均-,粉蒸肉 辣卤鸭肠 卤鸡蛋
定远宾馆·中餐厅,https://www.dianping.com/shop/l2BrGyngQ0cCQPYj,18条评价,人均-,酸汤脆米鲈鱼 外婆红烧肉 招牌大鱼头
傲弟火锅(定远双塘店),https://www.dianping.com/shop/G5ch4Z4QxT10Ve1v,19o条评价,人均￥115,飞天雪花和牛 鲜打鱼籽虾滑 鲜切吊龙牛肉
伯尔漫主题西餐厅(伟华店),https://www.dianping.com/shop/k3xJBGEXP9qc0XFv,46条评价,人均-,牛排 香脆鸡肉披萨 黑椒牛柳意面
新三不牛腩火锅(大润发店),https://www.dianping.com/shop/G1t3FII4mqsb7Jly,15条评价,人均-,牛腩 养生虫草菌王锅 特制调料
