徽香楼,https://www.dianping.com/shop/l45pktEdZQIt79Kz,16条评价,人均-,醋辣土豆丝 小炒黄牛肉 毛豆炒肉丝
小吙记火锅(建设路店),https://www.dianping.com/shop/G442ZI0uEsyzpaOM,17条评价,人均-,雪花牛肉
莽子火锅(东至店),https://www.dianping.com/shop/H4tgoncvYi02sHke,1条评价,人均-,滑嫩牛肉片 乌鸡肉卷 特色锅
九味牛果木烤肉店,https://www.dianping.com/shop/G8vWPz1TR4w7zKX3,217条评价,人均￥81,照烧鸡肉饭 调味猪五花 黑牛肋条
朴树人家农庄,https://www.dianping.com/shop/G31rLd9IeLBgq7OA,2条评价,人均-,老鸭煲 山药猪肚汤 清蒸白鱼
东至宽窄巷子串串火锅,https://www.dianping.com/shop/FEhVj9kRQ52mTjvC,73条评价,人均￥66,牛羊肉卷 冰粉 小酥肉
豪渝火锅(东至店),https://www.dianping.com/shop/l6a8aXpZYPWzlfAx,15条评价,人均￥118,新西兰羊肉卷 重庆椒麻牛肉 豪渝至尊脆毛肚
二朱九宫格火锅,https://www.dianping.com/shop/G5COpOudE4A73wzj,,人均-,
柒橙柒休闲餐厅牛排,https://www.dianping.com/shop/H2Qw08jcY6d8wQ0D,1条评价,人均-,骨牛排 脆皮薯条 披萨升级香肠卷边
新迪牧场时尚自助餐厅(东至店),https://www.dianping.com/shop/G30TihUrIl1lCnpi,65o条评价,人均￥55,烤串 牛羊肉 铁板烧
福至尊鱼羊馆(东至店),https://www.dianping.com/shop/l4kN9sTvNwoe5u8X,2o条评价,人均￥49,开味跳跳牛蛙 蟹黄干捞粉丝 酸辣土豆丝
寻味乡情,https://www.dianping.com/shop/l8GS5ytkD06NQRwc,4条评价,人均-,大肉包 牛肉煎包 红烧排骨
飞地美食,https://www.dianping.com/shop/H9H0BPAj4nzyRlvA,1条评价,人均-,香煎鱼片 清蒸桂鱼
一头牛烤肉(东至店),https://www.dianping.com/shop/H4KNVnK5s1JdA7zh,14条评价,人均-,里脊肉 爆炒花甲 王中王
鸿庆楼,https://www.dianping.com/shop/Gavz7VJfINWBZP7t,29条评价,人均￥8o,山粉团子 麦鱼炖蛋 红糖麻糍
有一间山舍,https://www.dianping.com/shop/G2Uir3J6p74r4ctC,2条评价,人均-,酱爆肉 香酥小黄鱼 咸菜肥肠
印象鸿庆楼(东至商业步行街店),https://www.dianping.com/shop/FyIjj2pzleWoii0d,19条评价,人均￥244,烤羊腿 猪蹄 果木烤鸭整只
巴国口福火锅家常菜(建设路店),https://www.dianping.com/shop/l9qTBwrU0jdDzwMh,8条评价,人均-,尖椒炒肉 鸡柳 毛血旺
福园酒家(迎宾路店),https://www.dianping.com/shop/l8bxXBSGqadRwZ7T,5条评价,人均-,酸菜鱼 椒盐基围虾 酱爆肉盖浇饭
客必旺土菜馆,https://www.dianping.com/shop/G3T9cWzYx5fvyuSC,2条评价,人均-,凉拌番茄 醋汁木耳 豆腐乳烧菜苔
大浪炭火鲜牛肉酒场(东流路店),https://www.dianping.com/shop/k6xIvoDx9Lwh9ChN,59条评价,人均￥82,鲜切黄牛肉 大浪三宝 江湖快刀鲜切黄牛肉
肯德基(东至新天地店),https://www.dianping.com/shop/l5w76W9q6qhIN0fq,26条评价,人均-,奥尔良烤翅 十翅一桶 薯条奶茶下午茶兑换券
西部牛排(东至店),https://www.dianping.com/shop/G3fNzKf6hUOEcTIW,272条评价,人均￥53,美式双拼牛排 菲力牛排 澳式牛排
明发国际大酒店-中餐厅,https://www.dianping.com/shop/iOGANjrcq9JaPgU1,1条评价,人均-,花鲢鱼一鱼三吃 特色涮烫泉水鲈鱼 明发金牌红烧肉
老灶台地锅,https://www.dianping.com/shop/H3tJRaSR78qC0NqE,77条评价,人均-,地锅鸡 贴饼 土鸡
爷爷家的粥铺(红叶商务中心店),https://www.dianping.com/shop/iw4woSIJgwi5aY4k,19条评价,人均￥66,铁板土豆粉 青菜瘦肉粥 山粉圆子
里间·THE INNER,https://www.dianping.com/shop/l3mzu2UXG5kMkmIF,2条评价,人均-,香草拿铁 雪媚娘 杨枝甘露
德克士(东至汇金店),https://www.dianping.com/shop/H8kZIVgAxsrAU3eN,47o条评价,人均￥31,香辣鸡翅（一对） 脆皮炸鸡 咔滋脆皮手枪腿
寻煲记(东至店),https://www.dianping.com/shop/l1Ym7zGB4psbcMOx,74条评价,人均￥17,酸菜牛肉 酱爆肉盖浇饭 农家小炒肉盖浇饭
巫氏三胖地锅鸡,https://www.dianping.com/shop/G4wSZjhfBt7dUVqe,1条评价,人均-,鸡腰 鸡胗 土豆丝
老厨房饭店(东流路店),https://www.dianping.com/shop/k6P5twBrC5uQpPby,2条评价,人均-,牛肉饼 排骨冬瓜汤 西红柿锤肉
东至县蜀公老火锅店,https://www.dianping.com/shop/G7eavw1hNNXCH06r,13条评价,人均-,蜀公老火锅 手打虾滑 小香肠
云水巷,https://www.dianping.com/shop/k1eIIGbzMMzfVwjX,1条评价,人均-,素炒小青菜 干锅小鲫鱼 酱爆肉
状元土菜馆,https://www.dianping.com/shop/GaMPdwkBp7LEq7Gr,1条评价,人均-,杂鱼锅仔 韭黄炒鸡蛋 牛肉炒咸菜一份
老乡鸡(东至新天地购物广场店),https://www.dianping.com/shop/Ha2G7GeJNYEM9QTh,91条评价,人均￥21,农家小炒肉 肥西老母鸡汤 香辣鸡杂
蜜菓(尧渡舜帝花园店),https://www.dianping.com/shop/k95wD9yRBySHoPHe,26条评价,人均-,天空之城 莓莓雪姬 麻薯鲜芋奶茶
优美滋(尧城路店),https://www.dianping.com/shop/H3htLsRB7vbWmEkj,1o条评价,人均-,海藻糖绿豆糕 奶茶 水果缤纷
luckin coffee瑞幸咖啡(东至汇金广场店),https://www.dianping.com/shop/kaXaEfB3qXTDQKvu,1条评价,人均-,双重芝士贝果 栗子蒙布朗蛋糕 生酪拿铁
998土菜馆,https://www.dianping.com/shop/kaxOXAxf4Q06ErH7,5条评价,人均-,茄子 牛杂火锅 锅巴
红森小渔村(红森熙园店),https://www.dianping.com/shop/H9mj75rrf7pxYjDs,1条评价,人均-,锅巴汤 红烧冬瓜 干锅猪蹄
何老三馄饨饺子馆(团结店),https://www.dianping.com/shop/l3lApghmJh7uTqaA,2条评价,人均-,纯鲜肉馄饨 荠菜水饺 肉丝米线
蜀婆娘旋转小火锅(东至店),https://www.dianping.com/shop/laRTlzNRrh5BlfsI,,人均-,玉米 平菇 五花肉
新疆麦麦提羊肉烧烤店,https://www.dianping.com/shop/Ga0seLTO9hKOzR0e,1条评价,人均-,香辣小龙虾 凉拌皮蛋 干煸土豆丝
舜王阁,https://www.dianping.com/shop/G51yOYbrISOlEOpJ,,人均-,羊肉锅仔 馋嘴口味鸭 干锅墨鱼仔
胖子翅吧(大坝店),https://www.dianping.com/shop/k34ssz0xutyiRovg,2条评价,人均-,茄子 大坝底下帅哥的牛排 鸡翅
大牌冒菜(尧北路店),https://www.dianping.com/shop/jJpOElHFk4oiKG7G,1条评价,人均-,米饭 三宝肥牛 五福丸拼
有只鱼(东至店),https://www.dianping.com/shop/G5vhCQGm9unJspVH,129条评价,人均￥58,草鱼 海鲈鱼 藕片
山里山土菜馆(东至店),https://www.dianping.com/shop/G86FPODXKYxmZO0Z,11条评价,人均-,花雕猪手 特色煎饺 小炒肉
徽香园过桥米线,https://www.dianping.com/shop/k2Wa5oNPkw2wJshI,1条评价,人均-,七种素菜三种荤菜米线 过桥米线 农夫山泉水
老二中煎包一家煎包店,https://www.dianping.com/shop/l5aZa7zWjZGnICXd,1条评价,人均-,胡辣汤 卤鸡腿 卤蛋
张岗饭店,https://www.dianping.com/shop/l6quf2JMdAf76yvq,7条评价,人均-,酱爆肉 鸭汤 猪肝汤
老乡鸡(东至汇金广场店),https://www.dianping.com/shop/G8MTzCyovzVAbGb7,137条评价,人均￥27,梅菜扣肉 农家蒸蛋 香辣鸡杂
顶好来蛋糕店(东至店),https://www.dianping.com/shop/k14rK1lRU6Vyz05h,179条评价,人均￥24,欧式水果蛋糕 手撕包 椰蓉餐包
明炉小灶,https://www.dianping.com/shop/l4JRyMvp0s0sYc6y,,人均-,爆炒猪耳朵 木耳山药 蒜苗炒肉丝
优滋蜜尔烘焙店,https://www.dianping.com/shop/k9qE7yY4L1fX6VrH,1条评价,人均-,水果盛宴 草莓蛋糕 雪花飘
君悦鸿庆楼大酒店(丽山秀水店),https://www.dianping.com/shop/G5RVAN33UGVVfTSe,2条评价,人均-,板栗烧鸡 炭火红烧肉 鱼头火锅
宜口莲(鑫林河畔店),https://www.dianping.com/shop/G1DrHVvbETbLEDrw,,人均-,鲜果拼盘 雪媚娘 开森粑麻
长生拉面(东至店),https://www.dianping.com/shop/k2XqjyXTCiag6RCe,5条评价,人均-,牛杂拉面 鸡蛋粉丝煲 牛肉炒面
喜姐炸串(汇金店),https://www.dianping.com/shop/la7vz3h0x6P2ZKL5,2条评价,人均-,雪花鸡柳串 炸猪脆骨 炸滑嫩小鸡肉串
香百丽(东至店),https://www.dianping.com/shop/k2w9rEVCEjUDheOB,3o条评价,人均￥15,黑森林 水果巧克力 圆形水果寿字蛋糕
