老根山庄灶台锅(乌拉盖分店),https://www.dianping.com/shop/k1VOADI0QA4bROkA,1o条评价,人均￥5o,冻豆腐 排骨 花卷
红焱牛肉面,https://www.dianping.com/shop/G7r52eI8IWxPwU5F,58条评价,人均￥28,牛肉面 卤蛋 小菜
乌兰饭店,https://www.dianping.com/shop/H9LWYbsUHYnjZ0bW,18条评价,人均￥3o,牛肉面 木须肉盖浇饭 木须肉
阿都沁蒙餐,https://www.dianping.com/shop/k185hklEsk3AmEuh,13条评价,人均-,奶茶 羔羊卷饼 油条
大年三十鲜饺楼,https://www.dianping.com/shop/iKcwqX2lciMoNToL,6条评价,人均-,韭菜鸡蛋虾仁 羊肉香菜饺子 羊肉芹菜饺子
一品天下,https://www.dianping.com/shop/H1tbCB0LmmpWc2eB,11条评价,人均-,水煮鱼 京酱肉丝 烧汁茄子
岳鸿肥牛城,https://www.dianping.com/shop/l5QTjUMFWSmZslHu,4o条评价,人均￥78,肥牛 羔羊相间 羔羊肉
蒙乐小肥羊,https://www.dianping.com/shop/l20MB7FWSsiO2Lfj,5条评价,人均￥1o3,牛肉 小火锅 羊肉
德克士(东乌旗店),https://www.dianping.com/shop/G16gvF1rxzu73hyJ,28条评价,人均￥43,德克士鸡块 超级鸡腿堡 咔滋脆皮鸡腿
知味小菜馆,https://www.dianping.com/shop/H4zSwisFLWkD2buu,2条评价,人均-,羊肉炒粉 家常豆腐 干肉芹菜
老诚一锅(乌拉盖店),https://www.dianping.com/shop/k6EBsC6safzxGIn6,7条评价,人均￥1o5,酱羊蝎子 元宝羊肉 酱牛肉
巴音杭盖肉饼城,https://www.dianping.com/shop/G17s0smBMzUWj9Pg,46条评价,人均￥42,牛肉饼 奶茶 羊肉饼
乌拉盖鲜羔楼涮羊肉城(团结大街店),https://www.dianping.com/shop/H5MjEl5ZxXsXeQ64,,人均-,
千禧海鲜烧烤大排档,https://www.dianping.com/shop/H594AwBgK5EgYVsC,22条评价,人均￥9o,烤面包片 烤鲽鱼 烤猪蹄子
不见不散时尚涮,https://www.dianping.com/shop/g1A7VvHewfnh3Zem,1条评价,人均-,麻辣锅 纯麻酱 蒜泥
老白家烧烤店,https://www.dianping.com/shop/k1HpZYIDkFNQTr5B,3条评价,人均-,酱香鸡胗 扇贝肉 砂锅方便面
云来涮烤坊,https://www.dianping.com/shop/G1u5iLOwApkKJWhe,2条评价,人均-,白开水锅 美味肥牛 微辣锅
巴音希力蒙餐,https://www.dianping.com/shop/l8fWS8s6rtxVnxiP,1条评价,人均-,吊炉炭烤羊腿
味道居宴客楼,https://www.dianping.com/shop/l8EsLufhw5jtrLAY,1条评价,人均-,泡椒烤鱼 宫保鸡丁 蒜香鲈鱼
塞义德,https://www.dianping.com/shop/iDjkXgRPosVGLNWe,21条评价,人均￥76,锅茶 羊杂汤 羊肉包子
小袁面馆,https://www.dianping.com/shop/EdG2ZWjeTqbXFUNt,1条评价,人均-,
勺勺客饭店,https://www.dianping.com/shop/l5nGg2magCNdGbPh,4条评价,人均-,
白音蒙餐,https://www.dianping.com/shop/l4FYW82sZfNdpia9,62条评价,人均￥83,烤羊排 牛肉饼 手把肉
红炎铁锅焖面,https://www.dianping.com/shop/H1biU0zQIQGCa8xK,9条评价,人均-,牛肉焖面 焖鸡面 牛排
粗粮人家(广源路店),https://www.dianping.com/shop/EpuIcWVAvvfE3tjw,4条评价,人均-,
丽虹铁锅炖,https://www.dianping.com/shop/G4ib2RgVhGC9rcVz,,人均-,
相约草原涮府,https://www.dianping.com/shop/H2yI3zqe7n4fG069,8条评价,人均-,高钙羊肉 木耳 杏鲍鱼菇
悦天饭店,https://www.dianping.com/shop/H5aReCR3Xm1vMtKa,2条评价,人均-,鸡龙骨 烤羊腿 蕨根粉
夜宴烧烤,https://www.dianping.com/shop/l4DFXBF0vY13Q5R8,,人均-,千丝万缕虾 蒙古炸鸡腿 麻辣小甲鱼
思烤烤肉专门店(罕乌拉路),https://www.dianping.com/shop/l3LkBTbI4xh8Eqo9,3条评价,人均-,炸打糕 千丝万缕虾 虾仁炒饭
周末私房小串,https://www.dianping.com/shop/G8IT63uopnEszGVR,1条评价,人均-,烤羊排串 烤面筋 台湾烤肠
唯一烘焙.简餐,https://www.dianping.com/shop/G2qbe0t6jmHmOXfJ,,人均-,意大利黑胡椒肉酱面 醇香芝士披萨 奶香水果披萨
牛一厨筋头巴脑锅(乌拉盖店),https://www.dianping.com/shop/HaiykoMqUuRROz0I,3条评价,人均-,筋头巴脑锅 筋头巴脑 牛肚锅
洪格尔渔村灶台鱼,https://www.dianping.com/shop/H6sLN6PzQOytMGfq,3条评价,人均-,
敖都烤吧,https://www.dianping.com/shop/k4D6i8fEDkuJrVjO,,人均-,熟烤鸡爪 香辣鸡头 烤生蚝
也之助和牛烧肉食堂(乌拉南路店),https://www.dianping.com/shop/k80TUyLGi7ItGQhO,,人均-,日式章鱼烧小丸子 香辣鸡翅根 雪花肥牛
回家吃饭莜面馆,https://www.dianping.com/shop/H2j3CEEWzkTWhv1e,1条评价,人均-,炒莜面 小葱拌豆腐 青椒肉丝
城市厨房营养快餐·早餐,https://www.dianping.com/shop/k87AmUEh4HJwlFoL,5条评价,人均-,皮蛋瘦肉粥 土豆 豆角
花汣音乐烧烤餐厅,https://www.dianping.com/shop/G5VPB0pdAuRszefX,1条评价,人均-,鸡脆骨 炒蛏子 铁板鲫鱼
传统蒙餐,https://www.dianping.com/shop/k2JJUa4jBEEo3EKg,6条评价,人均-,锅茶 土豆泥
额尔敦图肉饼店,https://www.dianping.com/shop/H25W4CIeT7BvcooH,1条评价,人均-,肉饼 筋头巴脑锅 爆炒羊杂
乌拉盖迎宾馆-餐饮部,https://www.dianping.com/shop/k9SM1lzk3Tqhr4ug,4条评价,人均-,
咱家铁锅炖(阿拉坦合力街店),https://www.dianping.com/shop/k4wKaPJ6crJGj1es,,人均-,鸡锅 牛腩锅 麻辣羊蝎子
马姐莜面馆,https://www.dianping.com/shop/l1hD4ryP7uVWofpW,1条评价,人均-,牛骨头 羊头肉 羊杂玉米面
大碗香面馆,https://www.dianping.com/shop/H7dGqRmmhgYTiKiv,1条评价,人均-,辣子鸡丁盖浇饭 番茄鸡蛋盖浇饭 羊杂面
巴音宝力高饭店,https://www.dianping.com/shop/H9TGim5mY8ujHm7R,27条评价,人均￥1o9,烤羊排 羊杂汤 水煎包
骏鹏火锅城,https://www.dianping.com/shop/k8h5V2wS15BDDb0V,2条评价,人均-,
霍家小馆,https://www.dianping.com/shop/H4XMvtgrjY6mLnp2,1条评价,人均-,焦熘肉段 毛血旺 京酱肉丝
哈腾优膳坊,https://www.dianping.com/shop/k9pAyKnmTRTc1Pza,2条评价,人均-,牛肉西红柿 羊肉冬瓜 松仁玉米
明华特色莜面馆,https://www.dianping.com/shop/H7kYXbGhdhsgiHIn,29条评价,人均￥41,羊骨头 炒莜面 莜面窝窝
喜利来(东乌旗店),https://www.dianping.com/shop/k4tRF9vZmp9cadpF,8条评价,人均￥19,鸡肉汉堡 原味鸡块 川香鸡柳
广和快餐(打包店),https://www.dianping.com/shop/G4QKr2hm702ULhes,1条评价,人均-,白菜羊肉馅饼 羊肉小笼包 鱼香肉丝
爱之屋蛋糕坊,https://www.dianping.com/shop/huoRnBC6KHiBmcQj,,人均-,枣糕 绿茶 火烈鸟蛋糕
小瑟营养西餐,https://www.dianping.com/shop/H189upfX2z1ZLmbn,,人均-,原味紫菜包饭 鸡米花 金枪鱼紫菜包饭
金麦蛋糕(乌珠穆沁大路店),https://www.dianping.com/shop/H9EKII9BxFiWUQM0,19条评价,人均￥29,蛋挞 水果蛋糕 巧克力蛋糕
慧丰传统涮,https://www.dianping.com/shop/G8OFAjuybwN1FSjh,44条评价,人均￥81,羔羊后腿肉 肥牛一号 野黄花
小师傅骨头面馆(东乌店),https://www.dianping.com/shop/k9PA6iuu8nU5nImP,4条评价,人均-,炒面 肉丁茄子扒莜面 川味炒鸡杂
美食美客家常菜,https://www.dianping.com/shop/ED9hePj7dzdw0CE4,,人均-,荞面蒸饺 家常土豆片 美食精品烤鱼
卓嘎餐吧,https://www.dianping.com/shop/H3Z4HvAHg21tRAvd,,人均-,
江南家小碗菜(东乌旗店),https://www.dianping.com/shop/l1JaXmK00cGaYXfO,,人均-,梅菜扣肉丨小美好 飘香烤肠 啤酒鸭丨小陶醉
