王西刚壮馍包子,https://www.dianping.com/shop/H23dhuO190qT2bjP,17条评价,人均￥19,五花肉壮馍 驴肉壮馍 焖子汤
定陶鸿运楼,https://www.dianping.com/shop/l785ZJQ2z1iyMx50,15条评价,人均￥73,三酱海南鱼片 青椒肉丝 鸿运当头
铁锅岁月,https://www.dianping.com/shop/Fayg9NLm45IBFtRU,14条评价,人均-,豆腐 生炒柴鸡 牛肉
深藏一味独食火锅(祥光新天地店),https://www.dianping.com/shop/l4wP3ckbe5rS3f3O,76条评价,人均-,小郡肝 烫三秒 招牌嫩牛肉
爱都·欧麦莱(定陶店),https://www.dianping.com/shop/k1vczSctR3ez9z55,457条评价,人均￥41,小迷你蛋糕 蛋挞 生日蛋糕
火掌柜市井火锅(定陶店),https://www.dianping.com/shop/k5l6D1ucZk2xfBZc,159条评价,人均-,
天天牛潮汕鲜切牛肉火锅,https://www.dianping.com/shop/H9KGsGs43RBViiBw,1条评价,人均-,
槐店王婆大虾(陶驿路店),https://www.dianping.com/shop/HaA54h597SSn4OFk,368条评价,人均-,
荷炉烤鱼音乐餐厅(定陶店),https://www.dianping.com/shop/k4NdsPmBnbwnwM4p,525条评价,人均-,
老街坊劈柴院,https://www.dianping.com/shop/l6JTfVmLqcHNTEMX,1条评价,人均-,
小江南,https://www.dianping.com/shop/H6oOP33TSARZEzTI,33条评价,人均￥74,
马罕穆羊肉汤水煎包(新一中店),https://www.dianping.com/shop/l3G8VPdpgq2nCqaZ,23条评价,人均￥24,
王洪庙羊肉白菜(定陶总店),https://www.dianping.com/shop/FS0nlE6J0NoGBsww,3条评价,人均-,
巴鼎火锅,https://www.dianping.com/shop/Hado8Y0fgim7OgRn,17条评价,人均-,
码头故事(定陶店),https://www.dianping.com/shop/G671MRcjzBGxT1AM,92条评价,人均-,
爱的礼物,https://www.dianping.com/shop/k61TeK6TIzEP9I2f,4o6条评价,人均￥53,卡通蛋糕 裸蛋糕 A款水果蛋糕
虾吃虾涮全国连锁(定陶店),https://www.dianping.com/shop/FUg1D2JxcvDxj2D4,258条评价,人均￥48,香辣虾锅 清香虾锅 酸梅汁
品牛炭火烤肉,https://www.dianping.com/shop/k76uAO7JqFC95NwI,137条评价,人均-,韩式肉肠 特色草原羊排 浇汁猪五花
深夜小酒馆烧烤城(青年路店),https://www.dianping.com/shop/G7wTQ5yrmYwnRykh,6条评价,人均-,掌中宝 翅中 锅包肉
老渔翁铁锅炖(总店),https://www.dianping.com/shop/l8y1FZqdtksUs2vT,26条评价,人均-,铁锅炖公鸡 排骨 烙玉米饼
老友铜火锅(定陶店),https://www.dianping.com/shop/H28wFNd1UeLismwT,8条评价,人均￥63,手切山羊肉 现炸小酥肉 老友下酒菜
彬河鲜汤火锅(古塔路店),https://www.dianping.com/shop/l4eNY9Zw8YMB7IJ8,1条评价,人均-,彬河网红蛋糕肥牛 安格斯牛前胸 秘制大刀牛肉
府岽顺大酒店,https://www.dianping.com/shop/l3o5HQcgrSMT9Xwy,4条评价,人均-,特色醋粉 香辣鲤鱼 鱼皮
阿瓦山寨(定陶店),https://www.dianping.com/shop/l97VHR8IuQ2ZdOXP,44条评价,人均￥6o,铁板包浆豆腐 蟹黄豆花 鱼头扯面
东北乡村大锅台,https://www.dianping.com/shop/l8k2ZMrRY9LOhfuJ,1条评价,人均-,
巧湘厨(复兴大道店),https://www.dianping.com/shop/k7F6VR5zCEm6FF7z,8条评价,人均-,鱼蛙一锅鲜 酸辣土豆丝 有机花菜
张二白汤馆(镜湖壹号店),https://www.dianping.com/shop/G8YkiJjn2XhleKlk,2条评价,人均-,白汤团子 白丸子汤 名仁苏打水
定陶黄家柴烧鸡,https://www.dianping.com/shop/k9uYcAyuASG3GpIA,4条评价,人均-,
提拉米苏西点屋,https://www.dianping.com/shop/l3I24Cwo44z9BeQn,3o3条评价,人均￥42,泡泡浴 意式提拉米苏 水果蛋糕D
齐祺渔锅(定陶店),https://www.dianping.com/shop/GaeOYXaTrVBlETC4,1o2条评价,人均-,麻辣鱼锅 青色藤椒鱼锅 老坛酸菜鱼锅
重庆秦妈火锅(定陶店),https://www.dianping.com/shop/H2R6YoCjN2WIXWAp,1o9条评价,人均-,秦氏小酥肉 手工面条 秦氏鲜毛肚
不一样铁锅炖,https://www.dianping.com/shop/l2y9XjttmEmxoHob,1条评价,人均-,馒头 辣椒酱 大席烩菜
喜虾客火锅(万泰大润发店),https://www.dianping.com/shop/G5jMY5bjB7PhjvpV,316条评价,人均-,招牌大虾 手擀面 虾锅
荠城王婆大虾(定陶店),https://www.dianping.com/shop/G5JHGXYzbVlpVASJ,1o1条评价,人均-,招牌大虾 秘制川香酥肉 纯羊肉卷
定陶仙豆糕店,https://www.dianping.com/shop/H1ncYEYVaEe5PEqI,87条评价,人均-,榴莲忘返 紫薯乳酪 肉松蛋黄
码头故事(冉中路店),https://www.dianping.com/shop/k6SW5rxsZmBWVclr,367条评价,人均￥64,
司家饭庄(华景总店),https://www.dianping.com/shop/GaqZqCw2xISdmtE9,2条评价,人均-,
金客来餐厅(陈集店),https://www.dianping.com/shop/jG1dZVU337b8R7iP,1条评价,人均-,
维尔纳斯意大利手工艺蛋糕(定陶店),https://www.dianping.com/shop/l2juiuXy8xHkSAlT,2条评价,人均-,
沪上阿姨鲜果茶(镜湖商业街店),https://www.dianping.com/shop/k8soLZPJFIjtible,22条评价,人均-,
马乐煎包羊肉汤,https://www.dianping.com/shop/G4UbLV1VWYVHDMzo,1条评价,人均-,
苗滋坊竹荪鹅(人民路店),https://www.dianping.com/shop/k9E4sBoIkpnYV3dZ,3条评价,人均-,
马罕穆羊肉汤(博文店),https://www.dianping.com/shop/k6fNkuNX083Fzh7S,25条评价,人均￥15,
马伟地锅羊羔肉,https://www.dianping.com/shop/H3Wdcq9eNJ8uswt7,5条评价,人均-,
老班长泡泡鱼(陈集店),https://www.dianping.com/shop/jIEX1jcTJMdO3V5z,,人均-,
花榕稻青花椒烤鱼(定陶店),https://www.dianping.com/shop/l6YgY4JZGgcq9n1T,64条评价,人均-,青花椒烤鱼 全家福拼盘 养生金汤烤鱼
快乐星汉堡(陈集店),https://www.dianping.com/shop/H4az2L5TheYTa1cg,4条评价,人均￥16,黄焖排骨 娃娃菜 香芋红薯丸子
祥顺斋火锅(镜湖店),https://www.dianping.com/shop/l24joWwUmKkWFXCR,23条评价,人均-,乌鸡卷 精品羊肉卷 手工虾滑
小绿萝自助烤肉,https://www.dianping.com/shop/k9NMsVYFD33wbrYW,561条评价,人均-,培根肉 水果 煎肉
麦丹劳(学东路店),https://www.dianping.com/shop/k9RAiRWnyrWJhw5y,554条评价,人均￥45,巧克力水果蛋糕 祝寿蛋糕 鲜奶杯
马路边边麻辣烫(定陶店),https://www.dianping.com/shop/G1RYRp5UPbSYNv41,36条评价,人均-,
赵家羊肉汤,https://www.dianping.com/shop/HaM3LjRDmeAVUyEc,7条评价,人均￥33,
辣莊火锅(定陶店),https://www.dianping.com/shop/H4Dvnvt1ce3z5vEC,67条评价,人均-,
华莱士·全鸡汉堡(维也纳店),https://www.dianping.com/shop/l12jbzl1mtcWgB3w,5o条评价,人均-,
甜蜜公主(镜湖壹号店),https://www.dianping.com/shop/G6AuET0wc9srxkea,15条评价,人均-,
提拉米酥(博文店),https://www.dianping.com/shop/H9FAUsN7JkfwQhY8,44条评价,人均-,
昕时器云南蒸汽石锅鱼,https://www.dianping.com/shop/H17Wb4Z0s46Qm0RG,8条评价,人均-,
红桃三手造酸奶(定陶店),https://www.dianping.com/shop/l45q0OG0Jg5LYvsR,2条评价,人均-,
麦丹劳(青年路店),https://www.dianping.com/shop/G5P4QigFAiRybfzx,564条评价,人均￥33,
金茂小吃(金茂街店),https://www.dianping.com/shop/l9tBUMIM1YSFSKXV,2条评价,人均-,
