半天妖烤鱼(东明汇够广场店),https://www.dianping.com/shop/l3OAML0XeFdIcOWW,625条评价,人均￥87,五常大米 时蔬拼盘 青花椒烤鱼
庄周宴(东明店),https://www.dianping.com/shop/k6FmFeJ6ZxxNqsrO,43条评价,人均￥123,糖醋鲤鱼 全家福 炸烹酥皮虾
熙顺家韩式烤肉料理(壹号公馆店),https://www.dianping.com/shop/k6aJlITOLi8ZhxjU,418条评价,人均￥1o7,蛋黄肉松紫菜包饭 石锅拌饭 寿司
厨匠(东明店),https://www.dianping.com/shop/H8pqVEgk7qaU5VGR,12条评价,人均-,烙馍四宝 麻辣牛蛙 虾滑菌菇汤
捞锦火锅(东明店),https://www.dianping.com/shop/k8Hrxg651ePy1cql,276条评价,人均-,鲜派肥牛 土豆 卤鸭血
巴腾火锅(京都大润发店),https://www.dianping.com/shop/j9aVhvMYUmBwfn7V,9条评价,人均-,
沸小煮川潮火锅(龙脉庄园店),https://www.dianping.com/shop/H6FofYhoflGjqQfO,2条评价,人均-,
三强鸽子(东明店),https://www.dianping.com/shop/l82mc3SLQIcT0mmD,19条评价,人均￥1o2,
老牌坊特色餐厅(菏泽东明店),https://www.dianping.com/shop/H7bwp5U5k5jno4qd,3条评价,人均-,
北木南烤肉和酒(东明店),https://www.dianping.com/shop/H6vr4CnyFWSEckE7,35o条评价,人均-,
马路边边串串香(东明店),https://www.dianping.com/shop/H6iZIKdbX5tEzn9u,53条评价,人均-,
深藏一味独食火锅(东明店),https://www.dianping.com/shop/l45wkl9FvbddDwic,9条评价,人均-,
大头蛙(汇够广场店),https://www.dianping.com/shop/H61DmZxxLh7eCqQk,232条评价,人均-,
阿瓦山寨(东明店),https://www.dianping.com/shop/G6w5y8PGeegFoJd7,42条评价,人均-,
金秋小炒,https://www.dianping.com/shop/Haf4LxtMxzGNevJ4,1条评价,人均-,
集合点韩式烤肉坊(东明店),https://www.dianping.com/shop/H3sNP0KGN7b1Z5NV,261条评价,人均￥61,秘制五花肉 芝士玉米粒 韩式小烤肠
海家烤羊头全羊,https://www.dianping.com/shop/H7bceWxeDv8vATGJ,1条评价,人均-,烤羊肉 烤羊头
虾叔虾匠火锅(汇够广场店),https://www.dianping.com/shop/G52bgFRcmNszQfum,96条评价,人均-,羊肉卷 甜玉米 金针菇
小猪查理川式烤肉(东明店),https://www.dianping.com/shop/lahmrkdY2w8D0k0p,136条评价,人均-,走地小香猪 快手五花肉 烤脑花
玛黎娜铁板牛排(东明汇够店),https://www.dianping.com/shop/HaP7ZqNQMkprYmH6,163条评价,人均￥44,腓肋牛排 蔬菜沙拉 西冷牛排
金汉轩自助烤肉超市(向阳路店),https://www.dianping.com/shop/H1EG7GawFspOMwVc,31o4条评价,人均￥39,
喜八宝螺蛳粉火锅(凤凰家园店),https://www.dianping.com/shop/iG1tBWRalmM0GnuT,27条评价,人均-,
湘宴谭厨,https://www.dianping.com/shop/l6iX68oLS2GIvtla,2条评价,人均-,
状元村(东明店),https://www.dianping.com/shop/l7VAxOjCU64hSAg3,91条评价,人均￥55,
党家羊肉汤,https://www.dianping.com/shop/k57ta8SCIIR0iw3S,2条评价,人均￥23,
小龙坎火锅(火车站店),https://www.dianping.com/shop/H2EIFHpAeZbsb3Yy,41条评价,人均-,
齐祺渔锅(东明店),https://www.dianping.com/shop/kaOBDQZRHWok4sXb,212条评价,人均-,
蓉匠川串火锅,https://www.dianping.com/shop/H95AcyYifkXzTpZk,155条评价,人均￥57,
捞格串串火锅(东明店),https://www.dianping.com/shop/k1HAljoObHk47bf9,158条评价,人均￥53,
华莱士·全鸡汉堡(东明大润发店),https://www.dianping.com/shop/G7Rxsw7wkvOATEW6,138条评价,人均￥16,
居记小拜年(东明店),https://www.dianping.com/shop/G1z7opxfYlPoZNg4,1条评价,人均-,锅包肉 川香辣子鸡 象牙山炒鸡
串约食光小火锅,https://www.dianping.com/shop/k5tSakuvEvtMkRl4,,人均-,
爱都·欧麦莱(向阳路店),https://www.dianping.com/shop/l5g9ArVNnW0nZWli,259o条评价,人均￥18,黑森林 水果蛋糕 白森林蛋糕
K派牛排自助餐厅,https://www.dianping.com/shop/H8qgNNEOcSPPurGh,161条评价,人均-,黑椒牛排
苗颖竹荪鹅(石化店),https://www.dianping.com/shop/k3hFI6MsIq9ZBhP8,24条评价,人均-,羊肉卷 自助饮料 竹荪鹅火锅
桂香园川味私房菜,https://www.dianping.com/shop/l3n7RPAtf05VvrAG,1条评价,人均-,蒜香小龙虾 青花椒烤鱼 土豆烧牛腩
梨弎岁炭火烤肉(龙脉御园店),https://www.dianping.com/shop/l46C6L2fW4t5mNH9,3条评价,人均-,牛奶馒头 秘制招牌牛肉 新奥尔良掌中宝
海知味主题餐厅,https://www.dianping.com/shop/l2XOWBTKakTHwM7P,2条评价,人均￥35,花蛤
重庆大队长火锅(东明店),https://www.dianping.com/shop/G9rDbzlYAHBIZ018,82条评价,人均-,冰镇毛肚 自助油碟 牛油大骨鸳鸯锅
鲁渝记重庆自助美蛙鱼,https://www.dianping.com/shop/E12GATxOHRG5p9vm,,人均-,
王伟羊肉汤烩面馆,https://www.dianping.com/shop/j7xmTC0rVXo0f6Vl,2条评价,人均-,羊肉汤 烩面 壮馍
湖南湘菜(凤凰嘉园店),https://www.dianping.com/shop/k8nKjd6jv1B7OZNH,1条评价,人均-,湘西外婆菜 湘湘小炒皇 手撕卷心菜
喔喔老鸡汤(南华路店),https://www.dianping.com/shop/l5thSsoHbne6WCcu,437条评价,人均-,鸡汤 鸡蛋饼 窝窝头
槐店王婆大虾(振兴路店),https://www.dianping.com/shop/HaFllbYfr1qALsDx,126条评价,人均￥1o9,王婆大虾 芝麻酱 王婆大虾清香
留旺羊肉汤馆,https://www.dianping.com/shop/k5D72yg2oSFNx6cB,4条评价,人均￥38,精品羊肉汤 凉拌羊头 凉拌羊肚
肯德基(光洋店),https://www.dianping.com/shop/G2MPxi5b623JkQoE,4o条评价,人均￥35,超级外送全家桶 香辣鸡腿堡 新奥尔良烤翅
武坊记王婆大虾(东明店),https://www.dianping.com/shop/kaw3YadpapBHQXNL,451条评价,人均￥37,王婆大虾 金针菇 烩面
四哥老北京涮肉,https://www.dianping.com/shop/latpMIOkQOrvEUtL,1条评价,人均-,胃动力 泰山原浆啤酒 意中人酸奶
九门串店(汇够广场店),https://www.dianping.com/shop/H9L16v70SRzQnx8N,,人均-,香辣蟹 豆腐鱼 海米油菜
马征大串青山羊@朱浩小海鲜,https://www.dianping.com/shop/EchXZIpNvulK6MXy,,人均-,椒盐蘑菇 捞汁小海鲜 海鲜炒粉
地锅传奇(大洋府邸店),https://www.dianping.com/shop/EtbC9GeIJ1x5WzBz,6条评价,人均-,鸡胗 锅贴饼 手工面
今福顺海胆蟹黄水饺,https://www.dianping.com/shop/l4m1zByYxNRu04xK,1条评价,人均-,凉拌耳丝 黄瓜虾仁 海胆水饺
时光里自助餐厅(南华店),https://www.dianping.com/shop/iXRx7yp0kSKlLL3D,15条评价,人均-,小龙虾
王婆大虾(三八路店),https://www.dianping.com/shop/l6XmbB3kGN0c1jSn,65条评价,人均-,精品虾锅 油皮 王婆大虾
大话西游主题烤肉(三八路店),https://www.dianping.com/shop/G1Bzz9eLYzSFEqdL,1o条评价,人均-,牛仔骨 韩式风干肠 五花肉
熊家无二·韩式炸鸡(东明店),https://www.dianping.com/shop/lalLrT1DjGJfpmEV,4条评价,人均-,
满堂红·成都百年老火锅,https://www.dianping.com/shop/H9WPDMb88y7EnNgE,58条评价,人均-,
临沂王小二小胡同炒鸡店(向阳路店),https://www.dianping.com/shop/H47cpaJ09PW7c13l,8条评价,人均-,
阳谷羊肉(光明路店),https://www.dianping.com/shop/k1MuMhRbYxwmNJ9Q,3条评价,人均-,
阿古丽新疆炒米粉,https://www.dianping.com/shop/l18esXEWh2ItnPz9,,人均-,
