印象胡同(东平店),https://www.dianping.com/shop/H5xFzfKXoo1gp1yF,4o条评价,人均￥51,鱼香茄子 糖醋里脊 东北一锅炖
蜀大侠火锅(东平店),https://www.dianping.com/shop/karMHeOL385peKUI,12o条评价,人均￥63,贵妃牛肉 太极双滑 巴蜀麻辣牛肉
如意捞番茄火锅(南城美境店),https://www.dianping.com/shop/k5Z182onb82QSoTC,452条评价,人均￥62,番茄汤 如意肥牛 番茄加菌汤
半天妖烤鱼(东平儒原城市广场店),https://www.dianping.com/shop/l5CHs4FzFlbjO3Mv,1149条评价,人均￥55,青花椒烤鱼 五常大米 大叉烤肉
东平味道,https://www.dianping.com/shop/H75mvLz9ndnTu0CO,21条评价,人均￥59,东平粥 菱角窝窝 煎包
山河屯-铁锅炖烧烤(东平总店),https://www.dianping.com/shop/Ha7ZHpNpZSP3rWDP,85条评价,人均-,红玉鸡 葱花小锅盔 排骨
宽板凳老灶火锅(东平店),https://www.dianping.com/shop/G9I488Usw4w3etHO,173条评价,人均￥8o,精品羔羊肉 屠场毛肚 冻豆腐
东平人家,https://www.dianping.com/shop/H5SkrI00caDjLDLx,7条评价,人均-,炖大鱼 酥炸银鱼 野菜疙瘩
喜葵欢乐餐厅,https://www.dianping.com/shop/G9gLh8Xzu6vF8YLh,686条评价,人均￥22,部队火锅 鸡肉拌饭 芝士年糕
千寻日式炭火烧肉(东平金汇街店),https://www.dianping.com/shop/k8KMW3Auu4u5ejHG,4o3条评价,人均￥72,黑猪精品五花 香奶面包片 土豆泥
塔斯汀中国汉堡(老商业街店),https://www.dianping.com/shop/k3CbLChnx77zvDPY,4条评价,人均-,香辣鸡腿中国汉堡 火爆辣子鸡汉堡 双享翅根
槿花小馆(汇河街店),https://www.dianping.com/shop/H9jC5kR5k62n4ORv,1条评价,人均-,芝士肥牛拌饭 榴莲芝士焗红薯
轻食元素(东平店),https://www.dianping.com/shop/EWa0dfaBc833Xlq9,131条评价,人均￥49,鲜虾烤蘑菇沙拉 芝士玉米披萨 观音草莓
一九和平东平店,https://www.dianping.com/shop/G1IGDTs5QBpnBvah,16条评价,人均￥65,猪肉串 羊肉串 辣炒花蛤
老鱼民佳苑饭店,https://www.dianping.com/shop/G25nCMYY0mmTIqbO,18条评价,人均-,鹅蛋粉皮 毛蟹 鱼籽窝头
庄户人家,https://www.dianping.com/shop/FwYxfjPzxHEK4Jye,1条评价,人均-,劈柴炖鮥鱼 劈柴炖公鸡 崂山啤酒
小猪查理川式自助烤肉(泰安东平店),https://www.dianping.com/shop/k9DAUjWJEW5D3syx,2o9条评价,人均￥65,芝士玉米 坨坨牛肉 原切后臀肉
北木南烤肉和酒(东平金汇街店),https://www.dianping.com/shop/l27STLMrQGRNIHGu,31o条评价,人均￥71,黑椒牛排 正宗五常大米饭不限量 纯肉午餐肉
羊一柳铜锅涮肉(东平店),https://www.dianping.com/shop/l4jOElhtFPWbfMpb,22条评价,人均-,排酸内蒙羊肉 排酸一级肥牛 羊肉串
东平君悦楼,https://www.dianping.com/shop/l2paIU9ZXfbsIvIe,3条评价,人均-,爆炒腰花 蛋黄白玉菇 香煎牛仔骨
家门口鲜牛肉(东平店),https://www.dianping.com/shop/H7W5mRVPM7GjuvI0,1条评价,人均-,
枣庄辣子鸡,https://www.dianping.com/shop/G6o1ZxWZwxu8OSRP,4条评价,人均-,枣庄炒鸡
好再来地锅王(东平店),https://www.dianping.com/shop/k4Idth8kaFGTsQgh,189条评价,人均￥68,地锅鸡 地锅扣狮子头 芹菜豆芽肉
小江南(东平店),https://www.dianping.com/shop/k71MLJ5gDytNvIVh,19条评价,人均-,黄河大鲤鱼 武大郎烧饼 手撕鸡
印象里韩式烤肉(东平店),https://www.dianping.com/shop/H5VDwrlqI3Y4cage,238条评价,人均￥72,秘制五花肉 黑椒牛肉 芝士玉米粒
飘香驴肉(杭州花园店),https://www.dianping.com/shop/kad3VG5F5S8BoraE,1条评价,人均-,
家和大排档(东平店),https://www.dianping.com/shop/l96WnSu0gmV3z8ge,4条评价,人均-,
李二鲜鱼火锅(东平店),https://www.dianping.com/shop/G10S0oXfR0uXqIPn,69条评价,人均-,番茄锅 群英荟萃大拼盘 椒麻锅
川椒食府(望山街店),https://www.dianping.com/shop/k2ol9vOTVWfbDW8C,4条评价,人均-,川椒食府 小龙虾 酸菜鱼
东平鱼馆,https://www.dianping.com/shop/l9p2jFIJ5O89vV1t,17条评价,人均-,清蒸河蟹 剁椒鱼头 炒羊血
秀儿餐厅(东平店),https://www.dianping.com/shop/GaJ2Z4LNTwrzseoF,23条评价,人均￥76,雪花牛小排 黑椒牛柳意面 芝士焗青口贝
烧炭匠 鸳鸯烤鱼,https://www.dianping.com/shop/GaSQ7F3kWJPbYLU6,4条评价,人均-,鸳鸯烤鱼 麻香小酥肉 芥末菠菜粉皮
亦捞鲜豆捞火锅,https://www.dianping.com/shop/k2RYq6IdRQWJxrfw,,人均-,虾仁 豆腐 方便面
铜锣巷羊棒骨小酒馆,https://www.dianping.com/shop/laFcp1e9wNupamfx,3条评价,人均-,羊棒骨 羊蝎子 虾火锅
老家里烧烤生态餐厅,https://www.dianping.com/shop/G7Y0udTVRPqD0ljY,7条评价,人均-,红柳枝羊肉大串 干锅羊杂 厥根粉
龍门豆捞火锅(东平店),https://www.dianping.com/shop/k2ltOCsIvz3UkcSo,73条评价,人均-,羊滑 龍门肥牛王 冰淇淋+小菜+小吃+水果+冷饮
喻记本地小山羊,https://www.dianping.com/shop/kaScFNXEKCBSOGaX,1条评价,人均-,辣炒千叶豆腐 茴香馅水饺 酸菜粉条
鲁菜根(东平店),https://www.dianping.com/shop/l6AMfO5v9SA1IYes,23条评价,人均-,勾魂巧媳妇 杏鲍菇牛肉粒 泰山炒鸡
蜀都渔乡(汇河街店),https://www.dianping.com/shop/jCRPIKUUqUTNSRUD,,人均-,麻辣金针肚 麻辣白肉
双门洞韩式炭火烤肉,https://www.dianping.com/shop/H1HgIxHGnspt2PPk,,人均-,
李家大院(东平店),https://www.dianping.com/shop/l46IO1ZkMNX2L57v,6条评价,人均-,东平粥 杏鲍菇牛仔粒 酒鬼花生
提拉米酥东顺时代广场店,https://www.dianping.com/shop/G3h9LsldxLaW67Jl,148条评价,人均-,网红牛乳蛋糕 酸奶千层 经典肉松卷
熊家无二·韩式炸鸡(东平汇河街店),https://www.dianping.com/shop/l6KVVwgMkotA5eSa,15条评价,人均-,招牌粗薯 酱酱鸡扒饭 香芋地瓜丸
杨大师鸭爪爪特色火锅(东平店),https://www.dianping.com/shop/l9i7RhOudTIJ2GvO,1条评价,人均-,鸭恋虾 虾和鸡翅。 定西宽粉
老妈味道(平湖路店),https://www.dianping.com/shop/H4ISDuh5zbk3o6h7,4条评价,人均￥5o,老妈炒鸡 剁椒鱼头
斗战家,https://www.dianping.com/shop/H3fIxrZU7UVLDx4u,1条评价,人均-,石锅猪蹄 酱龙鲤 干锅月牙骨
聚點串吧,https://www.dianping.com/shop/E2R9xCV8boUifbrA,235条评价,人均￥25,羊肉串 牛肉串 烤翅中
牛有品(东顺时代广场店),https://www.dianping.com/shop/k5f2Cs3pC2QgZ8d4,64条评价,人均-,水果自助 蔬菜沙拉 牛肉披萨
肯德基(西山路店),https://www.dianping.com/shop/l1aEjsBrAYJlR5zn,64条评价,人均￥35,香辣鸡腿堡 新奥尔良烤翅 黄金鸡块
刚子地锅烧烤(东平店),https://www.dianping.com/shop/H8OW8fIWQHLOf2aV,12条评价,人均-,红柳大串 培根金针菇 红腰
玲珑小镇(汇河街店),https://www.dianping.com/shop/jtlgvGVvfiWkjEz9,9条评价,人均￥91,豆腐 鸭血 水煮肉
馋胖·肉蟹煲(东平店),https://www.dianping.com/shop/G5JnjhvuUA5RIgGC,54条评价,人均￥35,馋胖肉蟹煲 珍珠米饭 仔排煲
锡林牧语冰煮羊火锅,https://www.dianping.com/shop/FuZMAKKreNFFoWVq,1条评价,人均-,后腿肉卷 山泉水冰煮羊锅 养颜乌鸡肉卷
赵记老院子酒店(西山路店),https://www.dianping.com/shop/l9Deu1RsDLChuCox,6条评价,人均-,卷煎饼 湖鱼汤 豆腐包肉
毛家炒鸡店(东平店),https://www.dianping.com/shop/l6DQIpVtUdrjYouC,7条评价,人均-,毛氏炒鸡 羊肉炒芹菜 剁椒鱼
真如意大酒店,https://www.dianping.com/shop/H1dWyJvqdT9i9SAP,52条评价,人均￥4o,风味茄子 清蒸鲤鱼 酸辣土豆丝
老北京脆皮烤鸭(东平总店),https://www.dianping.com/shop/G65aYRj3cTcxvLMu,166条评价,人均￥18,片皮烤鸭 北京烤鸭 切块烤鸭
世隆全季火锅(东平店),https://www.dianping.com/shop/Fi66MBGW4Jor4BQL,5条评价,人均-,乌鸡卷 神马虾油条 毛肚
小郡肝串串香火锅(清河店),https://www.dianping.com/shop/H8VlmDlYKAo3Hom1,5条评价,人均-,小郡肝 鸭肠 西兰花
穆斯林美食园,https://www.dianping.com/shop/k318AKI5wmxVauDi,1条评价,人均-,杭椒牛柳 辣炒羊血 骨肉相连
