肥韬茶餐厅(东莞首店),https://www.dianping.com/shop/laRjF8dYBFCaCekg,3375条评价,人均￥66,熊仔系列原创饮品 招牌黯然销魂饭 惠灵顿牛排
栗子猫食堂,https://www.dianping.com/shop/G6hLQaSg08mZT0XD,1676条评价,人均￥72,棉花糖寿喜锅 牛油果佐胡麻豆腐 黑松露鸡肉奶油意面
白石的深夜食堂(东城万达店),https://www.dianping.com/shop/k7OvZ6oAlHiLtBIF,1555条评价,人均￥71,三文鱼 温泉蛋牛肉盖饭 芝士芒果虾
克茗冰室(东城万达店),https://www.dianping.com/shop/jm4XZ0qUDyBVRwew,31o条评价,人均￥56,小熊冰冰港式奶茶 招牌小吃拼盘 一口西多士
匠本米所(汇一城店),https://www.dianping.com/shop/H8cdZICnvoSbVQ20,2oo条评价,人均￥29,招牌炸酱小锅米线 秘制炸酱干捞米线 椒香小酥肉
麦谷纪·手工意面(汇一城店),https://www.dianping.com/shop/kaMgD1VIowfw02g0,148条评价,人均￥62,培根无菌流心蛋菌菇烩杂意面 慢炖肉酱培根番茄芝士意面 松露酱培根鸡肉菌菇扁面
克茗冰室(松山湖万象汇店),https://www.dianping.com/shop/laKX08Xyll8JH84r,645条评价,人均￥51,小熊暴打柠檬茶 销魂四宝饭 滑蛋牛肉饭
一沙一城·甄品牛扒(国贸店),https://www.dianping.com/shop/H6fqfGfRScLuddq5,1361条评价,人均￥1o5,帕玛臣芝士薯条 谷饲3A雪花牛排 岩烤谷饲雪花牛排
克茗冰室(国贸店),https://www.dianping.com/shop/k89VfxDrdcYDfZRZ,2837条评价,人均￥51,黯然销魂饭 泥石流爆奶华 小熊冰冰港式奶茶
一沙一城•岩烤牛扒(万象汇店),https://www.dianping.com/shop/G9EXWQeoHmsYxgsp,185条评价,人均￥1oo,精选雪花牛排 帕玛臣芝士薯条 岩烤精选牛排皇
小骆与海鲜·捞汁小海鲜·啫啫煲(东城店),https://www.dianping.com/shop/l1t1w2VzSC2Ysdc3,51条评价,人均￥41,捞汁现剥罗氏虾 招牌捞汁花甲 招牌捞汁生蚝
李炮称盘麻辣烫(国贸店),https://www.dianping.com/shop/G8f1G41hqex3Cpkn,442条评价,人均￥52,花式冰粉 方便面 小酥肉
一沙一城·岩烤牛扒(第一国际店),https://www.dianping.com/shop/l77qq1e7gAHUPkaZ,3517条评价,人均￥1o8,帕玛臣芝士薯条 岩烤精选安格斯牛排 法式盐烧翡翠螺
小荣大胜茶餐厅(汇一城店),https://www.dianping.com/shop/l6FAw4ZThwsJ5Twp,22o5条评价,人均￥48,冰雪厚多士 大大只菠萝包 小熊鸳鸯
雲鹤·手握寿司专家(汇一城店),https://www.dianping.com/shop/H9KXnDx2vANOX4T6,36条评价,人均￥319,手握寿司（但却不是omakase） 蓝鳍金枪鱼寿司拼盘 云鹤寿司拼盘
Tims 咖啡(海德汇一城店),https://www.dianping.com/shop/laWUzXt824aGSQIj,166条评价,人均￥32,肉桂提子贝果 四重奏浮云拿铁 不止拿铁
肥韬茶餐厅(大朗店),https://www.dianping.com/shop/G5xJC8QpnhmBJ095,5o5条评价,人均￥61,招牌黯然销魂饭 漏奶华 熊仔原创饮品
农耕记·湖南土菜(松山湖万象汇店),https://www.dianping.com/shop/G6LxRuh3PM7sUMHq,113条评价,人均￥71,鲍鱼炒辣椒 衡阳卤菜 茶油炒黄牛肉
永利饭店(新塘一路店),https://www.dianping.com/shop/G6eh45csfj9DbYiO,1427条评价,人均￥36,烧鹅濑 烧鹅拼叉烧饭 鹅肶双拼濑粉
争鲜寿司PLUS(东城万达店),https://www.dianping.com/shop/k82nGDNp77cnicfz,32条评价,人均￥69,多味塔塔寿司 三味牛肉寿司 三文鱼牛油果塔可
熊猫烫火锅(松山湖万象汇店),https://www.dianping.com/shop/laIGiUMdSdT3bDWk,1o4条评价,人均￥11o,招牌M9雪花和牛 元气和牛 甄选和牛
温野菜日本涮涮锅(松山湖万象汇店),https://www.dianping.com/shop/l6jDqqLeYTj74hom,129条评价,人均￥188,寿喜锅 牛肉放题 甜品放题
满塘彩·大盘鱼·顺德名菜(南城店),https://www.dianping.com/shop/l7d99V57uGcJpNV9,1254条评价,人均￥92,顺德特色墨鱼饼 顺德菊花拆鱼羹 大吉大利大盘鱼
捞王锅物料理(松山湖万象汇店),https://www.dianping.com/shop/l6l341Bfy3auLq4V,94条评价,人均￥1o9,胡椒猪肚鸡 花生冰沙 金丝饼
gaga(松山湖万象汇店),https://www.dianping.com/shop/k2LQERQay3I0DpNo,315条评价,人均￥89,gaga鲜果茶系列 煎牛肉泡菜拌饭 梅果绿茶
盡膳口福跷脚牛肉火锅(万象汇店),https://www.dianping.com/shop/k9uUC0cRSbC2yYnh,9o条评价,人均￥147,九秒牛肉 草本原汤锅 包浆豆腐
福记咖啡·手工意面(南城店),https://www.dianping.com/shop/G1ccC5AirSsDm2xq,797条评价,人均￥51,慢热牛肉意面 小鸡炖蘑菇鲜牛乳意面 杏鲍菇
绿茶餐厅(东莞松山湖万象汇店),https://www.dianping.com/shop/H7xJXhLKqoolAvTj,176条评价,人均￥7o,面包诱惑 绿茶葱香烤鸡 招牌粉丝虾
打面妹拉面,https://www.dianping.com/shop/G7pnFlN7OqpmTos4,24条评价,人均￥4o,招牌豚骨鱼介拉面 黑蒜豚骨鱼介拉面 红汤豚骨鱼介拉面
牛角日本烧肉(松山湖万象汇店),https://www.dianping.com/shop/k8EXWa7fOQdXbEEE,88条评价,人均￥189,盐葱牛五花 全和牛烧肉盛合 厚切牛舌
Peet's Coffee皮爷咖啡(汇一城店),https://www.dianping.com/shop/k3qYCY5pBRqOIWA2,69条评价,人均￥41,桂花酒酿拿铁 大航海家澳洲小白 经典栗子蛋糕
先启半步颠小酒馆(国贸店),https://www.dianping.com/shop/G9TpAG5qPeBkjpXQ,177条评价,人均￥81,辣子鸡 泰椒土豆丝 小炒汤团
Xu's Cafe,https://www.dianping.com/shop/l3walhXexyHQGpqX,265条评价,人均￥36,黑松露菌菇汤九节虾 焦糖可颂 红树梅塔
齐藤鲜鱼·日式放题,https://www.dianping.com/shop/k7KPLBDByvsPzCLd,1oo1条评价,人均￥36o,新西兰鳌虾 刺身 蓝鳍金枪鱼大腹
小运河·啫啫(33小镇店),https://www.dianping.com/shop/l2nYoMfVX2EDqmcz,1193条评价,人均￥92,油盐蚬肉饭 虾酱啫菜花 啫啫大肠
木屋烧烤(市民中心店),https://www.dianping.com/shop/G74CCJhwb9cjfY9w,1427条评价,人均￥84,木屋烤生蚝 烤茄子 澳洲肥牛
一沙一城岩烤牛扒·法式甜品(卓越店),https://www.dianping.com/shop/G6rSFsj2CgcwbR6y,14o6条评价,人均￥1o6,帕玛臣芝士薯条 谷饲3A雪花牛排 原切安格斯特选牛排
MoonTable满座·全日餐厅,https://www.dianping.com/shop/H2vC52ISm46SWXan,137条评价,人均￥64,满座冷萃 吐司 班尼迪克蛋配特调芥末籽酱
蛙来哒(松山湖万象汇店),https://www.dianping.com/shop/k8AhH0n6UfjPCw0C,151条评价,人均￥78,紫苏味牛蛙平锅 小酥肉 麻辣无骨鸡脚
松鹤楼面馆(民盈国贸店),https://www.dianping.com/shop/l3SfFbTCk4COnr7T,154条评价,人均￥81,秃黄油套餐 蟹黄小笼包 虾蟹双鲜拌面套餐
榕意·川味之美(松山湖万象汇店),https://www.dianping.com/shop/jKnAdyPaZWLE7RBR,86条评价,人均￥118,榕意藤椒鱼 灵魂猪油炒饭 椒香馋嘴蛙
U Stand·潮创西餐(南城西平店),https://www.dianping.com/shop/k1nOBelZ0ucYQElp,263条评价,人均￥115,谷饲精选胸腹牛排 U站炒饭 岩烤谷饲安格斯精选牛排
Something For(松山湖万象汇店),https://www.dianping.com/shop/l39GwPIC6pnTL6lQ,76条评价,人均￥34,冻“鸳鸯” 芝芝火腿牛油果 草莓怪兽
湊湊火锅·茶憩(东城民盈国贸城店),https://www.dianping.com/shop/H47AlR4f9lLpei2A,1o33条评价,人均￥125,大红袍珍珠奶茶 鸭血豆腐 红颜花胶鸡锅
湊湊火锅·茶憩(东莞松山湖万象汇店),https://www.dianping.com/shop/k5UjCIq5IsN684yO,136条评价,人均￥132,台式麻辣锅 鸭血豆腐 红颜花胶鸡
黄小姐潮汕美食线下体验馆,https://www.dianping.com/shop/H6Lexl80vURysDU6,139条评价,人均￥75,潮汕海苔虾饼 潮汕纯正油柑汁 网红炸豆腐
鼎泰厨(万象汇店),https://www.dianping.com/shop/H625gaxXFXyUiPZz,11o条评价,人均￥95,香浓古法咖喱炒大头虾 飞天通菜 喷令咖喱牛肉
大赞·火炙日料(第一国际店),https://www.dianping.com/shop/l6RToB9eaWx6DsVM,2211条评价,人均￥83,香煎雪花牛肉 炙烧鹅肝寿司 鹅肝寿司
谭仔米线(松山湖万象汇店),https://www.dianping.com/shop/GaNahTej5TEgGM1p,147条评价,人均￥39,过桥米线 脆肉鲩泡椒酸菜鱼汤米线 番茄米线
九街淑芬掌中宝串串公司(东莞首店),https://www.dianping.com/shop/HaXaoVYQnXMcCawL,781条评价,人均￥95,麻辣味掌中宝串串 鸳鸯锅 香菜牛肉
悦得闲广式点心茶楼(万象汇店),https://www.dianping.com/shop/l6LDPTDBUYwLdrhl,159条评价,人均￥81,金牌虾饺皇 金牌乳鸽 红粉米肠
客语·客家菜(松山湖万象汇店),https://www.dianping.com/shop/H4wBqfI9GJdcVp9F,119条评价,人均￥74,古法手撕盐焗鸡 客家酿豆腐 客语土猪汤
一沙一城•岩烤牛扒(33小镇店),https://www.dianping.com/shop/H8GWq7kjK7dIIu7R,124条评价,人均￥99,岩烤精选雪花牛排 岩烤精选牛排皇 帕玛臣芝士粗薯条
肉祭烧肉一番(国贸店),https://www.dianping.com/shop/H4vYiCU9SgYFMik4,944条评价,人均￥12o,超级横膈膜 面包冰淇淋 雪花牛肉
勝材韬港式食堂,https://www.dianping.com/shop/EbMUTlo21xMlb9Xi,1o1条评价,人均￥96,羊腩煲 经典华丰面 响铃卷
克茗冰室(万江店),https://www.dianping.com/shop/k7mC0udhCIZETX5o,2134条评价,人均￥52,黯然销魂饭 牛叉滑滑蛋饭 小熊暴打柠檬茶
老碗会·陕西手工面(大岭山天和店),https://www.dianping.com/shop/G6BBYZPHvmZt9QHl,174条评价,人均￥39,老碗会biangbiang面 现烤肉夹馍 酸汤臊子面
BataYoshoku黄油食堂洋食家庭料理(尚书店),https://www.dianping.com/shop/l7YwG95oHS9Z66Wn,1o84条评价,人均￥96,黄油食堂寿喜烧 寿喜锅 酥炸生蚝
大赞·炙烧寿司(宏成店),https://www.dianping.com/shop/k2RnXRm6uUIkgodp,614条评价,人均￥87,炙烧北海道蟹棒寿司 大赞火焰炙烧拼盘7件 炙烧鹅肝寿司
HOLYGREEN后里·有机美式餐厅·烘焙(汇一城店),https://www.dianping.com/shop/k1YSfPFZk9I6owlK,454条评价,人均￥96,后里软壳蟹汉堡 有机美式全餐PRO 黑松露培根杂菌意面
