龍福楼(万绿湖店),https://www.dianping.com/shop/H10Rm09piXVsE5C9,1432条评价,人均￥79,客家酿豆腐 土窑鸡 沙煲焗钳鱼
春润大地海南椰子鸡(河源万达店),https://www.dianping.com/shop/j7O4cTCF00CcJE7y,321条评价,人均￥72,原味椰子鸡 竹笙椰子鸡 海南椰皇冻
非烤勿扰自助烤肉海鲜火锅(河源万达店),https://www.dianping.com/shop/k9pAAPOCAr5wPbr2,3o4条评价,人均￥64,精选谷饲肥牛 火锅 五花肉
湖边人家(码头店),https://www.dianping.com/shop/G4nk63rIQ2HLtGvz,561条评价,人均￥81,酿豆腐 一鱼三吃 荷包蛋鲫鱼汤（小）
大赞·火炙日料(万达店),https://www.dianping.com/shop/l9w7whu3uxoBR0bU,18o条评价,人均￥61,火焰雪花牛肉粒 日式炸鸡块 炙烧北海道蟹棒寿司
冠菌自助火锅(河源万达店),https://www.dianping.com/shop/la3AA7wKIcQa0Gs6,521条评价,人均￥78,肥牛 虾滑 嫩牛肉
鹏记潮汕牛肉火锅·牛系烧烤(东源店),https://www.dianping.com/shop/H8Pna1yuLRt3LHl6,8o条评价,人均￥66,吊龙 雪花 烤胸口朥油
蛙来哒(河源万达店),https://www.dianping.com/shop/iB5BTaUOyyYx2nBx,96条评价,人均￥64,紫苏味牛蛙平锅 紫苏牛蛙 招牌蛙锅
湘古肴·地道湖南菜(万达店),https://www.dianping.com/shop/G11TqZmqP3t24XcJ,251条评价,人均￥82,湖南辣椒炒肉 老坛剁椒鱼头 生炒鲜牛肉
土猪馆酒楼,https://www.dianping.com/shop/k6oOZ3mByKcEJm4O,36条评价,人均￥87,煎酿豆腐 猪杂汤 红烧肉
江边河鲜,https://www.dianping.com/shop/G7R8ZTv3wpvJI6Hp,43条评价,人均￥97,客家酿豆腐 豉汁蒸河鳗 菜干煲
船长小屋,https://www.dianping.com/shop/kanxroHNYwV3Utcc,193条评价,人均￥58,生焗河魽煲 鱼丸汤 香煎白水豆腐
W昱,https://www.dianping.com/shop/l9AUOnusRjuVtY9j,1条评价,人均-,
凡塔斯牛排自助餐厅(东源店),https://www.dianping.com/shop/k2WAn8LvJ4HjW6pB,23条评价,人均-,凡塔斯招牌沙朗牛排 火焰牛排 水煮鱼
江边河鲜档,https://www.dianping.com/shop/l18XBP8RFirrScoJ,81条评价,人均￥6o,鲫鱼萝卜丝汤 韭菜炒河虾 砂锅焗鸡
盛鱼湾渔庄,https://www.dianping.com/shop/jDW9A6vVrKoqrSvA,25条评价,人均￥88,客家酿豆腐 蒜蓉蒸河虾 鱼丸汤
快乐牧场海鲜烤肉自助(万达店),https://www.dianping.com/shop/H4MUKnpILxnbsDgz,129条评价,人均￥86,海鲜 小龙虾 精品肥牛
枫,https://www.dianping.com/shop/H2lbnZpsyf7OOBCR,1条评价,人均-,
道湾無二·日料烤肉自助(河源万达店),https://www.dianping.com/shop/k9y3Nqy5ArpJNcxP,52条评价,人均￥81,日料烤肉海鲜自助
新嘉园海鲜,https://www.dianping.com/shop/k2UxDic0AmVGHp2M,26条评价,人均￥236,椒盐濑尿虾 南瓜饼 咸蛋黄焗蟹
旺美小吃店,https://www.dianping.com/shop/H7ezBiHszEXJi2o7,27条评价,人均￥27,
麦当劳(河源万达广场店),https://www.dianping.com/shop/G6oCrdvPD1gBbo8q,48条评价,人均￥22,
ARTEASG鲜奶茶(东源万达店),https://www.dianping.com/shop/l4nZFvJfhkLf2ZJR,46条评价,人均-,
谭鸭血老火锅(东源店),https://www.dianping.com/shop/GaOBE9DxXdHlXY46,55条评价,人均￥116,
凡塔斯自助牛排(河源万达店),https://www.dianping.com/shop/G98KIhIC129jfuMM,2条评价,人均-,
茶百道(万达店),https://www.dianping.com/shop/H8K4sWy2qhm1Ttzo,44条评价,人均-,
文武记啫啫煲,https://www.dianping.com/shop/H7yIqyFVEu6iwHFb,26条评价,人均-,
万绿湖美思威尔顿·翠苑酒楼,https://www.dianping.com/shop/H2KHcZOVIfgnbuTP,61条评价,人均￥2o9,
楼外楼度假山庄,https://www.dianping.com/shop/G5OKczks1DThoG8r,45条评价,人均￥63,
渔醉鲜小院,https://www.dianping.com/shop/l4mYMlvzzB8uIIPH,4条评价,人均-,
新回龙万绿酒家,https://www.dianping.com/shop/k3AE6xBrvmDuro3E,23条评价,人均￥82,客家酿豆腐 罗非鱼 蒸鱼
塔斯汀中国汉堡(河源万达店),https://www.dianping.com/shop/G5BbTmpQ8O4X4aab,1条评价,人均-,上校鸡块 粒粒谷香南瓜露 火爆辣子鸡中国汉堡
渔家河鲜馆,https://www.dianping.com/shop/GaMCPueIUU0dJabx,17条评价,人均￥84,鱼丸汤 手撕盐焗鸡 酿豆腐
彭厨(万达广场店),https://www.dianping.com/shop/k9fkh85avn7Z4bw3,25条评价,人均-,农家小炒肉 虾仁玉米粒 老坛剁椒鱼头
潮正和潮汕牛肉火锅,https://www.dianping.com/shop/k7UaYpQbZir7oDkx,5条评价,人均-,牛骨锅 牛杂小吃 吊龙
雄发河鲜馆,https://www.dianping.com/shop/k6a1uOeSq8kyJxWb,9条评价,人均-,铜盘蒸杂鱼 手工鱼丸 铜盘蒸鸡
必胜客(万达店),https://www.dianping.com/shop/l7yCV2SWuDUfbarU,5条评价,人均-,蜜汁酱烤香骨鸡 人气满满超值小吃拼盘 波纹薯条
庙东排骨(河源万达店),https://www.dianping.com/shop/k4rZtVvrRj6vxUq0,6条评价,人均-,庙东炸肉 酥香掌中宝 留香排骨
万绿湖渔味馆(新港店),https://www.dianping.com/shop/k2kY97BOZvlYwyPO,42条评价,人均￥84,招牌盐焗鸡 沙锅焗鳙鱼 手打鱼丸汤
武记河鲜馆,https://www.dianping.com/shop/Ha0iceIhmhcZBPq5,6条评价,人均-,清蒸莞鱼 酿豆腐 家常茄子
肯德基(东源万达店),https://www.dianping.com/shop/l997ckIalIz3Zzmk,1条评价,人均-,十翅配可乐 汁汁嫩牛堡（经典美式风味） 双层汁汁厚作牛肉汉堡
淼鑫猪肚鸡(万达广场河源店),https://www.dianping.com/shop/k7ZPCHl478uwN40D,58条评价,人均￥63,炸腐竹 草原高钙肥羊 鱼籽福袋
茗家园农庄,https://www.dianping.com/shop/i7pmtDCRAiyXiz1T,11条评价,人均-,红闷猪肉 碌鸭 万绿湖鱼仔干
阿香米线(东源万达店),https://www.dianping.com/shop/G6MMs8drLjD1NsBS,9条评价,人均-,番茄米线 阿香肉夹馍 铁板煎饺
湖畔咖啡厅,https://www.dianping.com/shop/H6niKP5tAssRSVbl,5条评价,人均-,拿铁 薄荷冰咖 招牌柠檬茶
源港海鲜酒楼(东骏花园店),https://www.dianping.com/shop/k5NfWhxAELjzdvB6,25条评价,人均-,鲍鱼 红皮米肠 养生核桃包
大美西北·手工面西北菜(河源万达店),https://www.dianping.com/shop/l2K95OvRxi62IxmP,11条评价,人均-,滋补羊杂汤 金瓜小米粥 西安凉皮
万绿湖美思威尔顿酒店客家文化餐厅,https://www.dianping.com/shop/l6OI1mtIOS2jAZJX,4条评价,人均-,萝卜粄
煌府酒楼,https://www.dianping.com/shop/H3edgsBRjyA3i0bY,3条评价,人均-,一品包 蜜汁叉燒 明爐燒鵝
林香楼酒店,https://www.dianping.com/shop/k3CtErqo1AHXFTCf,137条评价,人均￥1o2,盐焗鸡 客家酿豆腐 万绿湖水库鱼
幸福西饼蛋糕(河源店),https://www.dianping.com/shop/G1r4QKBbSAG7wPVN,367条评价,人均-,榴芒双拼 四重巧克力 幸福西饼捐赠助力
湖边渔家乐,https://www.dianping.com/shop/l4zVTZH9M0z8lqKd,6条评价,人均-,自制腌萝卜 腊肉炒菜花 清煮白哥鱼
绿湖渔坊,https://www.dianping.com/shop/k4wzh4DbGp9pwzi9,36条评价,人均-,五指香鸡 煎酿豆腐 野生大头鱼四味做法
黄村利秀酒楼,https://www.dianping.com/shop/G5ZVanIn32R222i3,4条评价,人均-,三杯鸭 香芋扣肉 咸鱼茄子煲
渔艇河鲜坊,https://www.dianping.com/shop/GaYMwbBoZRvRFdZf,13条评价,人均￥65,清蒸猪肚 清炒菜心 焖钳鱼
luckin coffee瑞幸咖啡(河源万达广场店),https://www.dianping.com/shop/k1wRHygF8GpdRUHE,7条评价,人均-,
碉楼山荘,https://www.dianping.com/shop/l8tyKRzJYQMvO7aP,31条评价,人均￥92,
华记田园农庄,https://www.dianping.com/shop/l7pHFAjHJAgR5KSB,16条评价,人均￥63,
锦记农家菜馆,https://www.dianping.com/shop/G9HXxzfxSj0SPnyW,8条评价,人均-,
旺业土菜馆,https://www.dianping.com/shop/H9EkTzgAHDg4TmRF,41条评价,人均￥61,
