我想静静的小院,https://www.dianping.com/shop/l5E8eI4JG9FV8nap,1725条评价,人均￥76,紫菜饭 小管 清蒸生蚝
小媳妇甜汤,https://www.dianping.com/shop/k8rzJJlRrfQ7t4ic,1987条评价,人均￥9,芋头 甜汤 芋圆
金銮渔家(东山海鲜地标店),https://www.dianping.com/shop/l3T5jQgaJv89fiPz,2653条评价,人均￥1o4,冰镇鲍鱼 油焗小管 白灼东山小管
东山岛打卡果汁冰公司,https://www.dianping.com/shop/FYnrHxKixN0WNUCV,494条评价,人均￥2o,牛油果卡士 莲雾葡萄柠檬 芒果百香果卡士
陈记肉丸(老号店),https://www.dianping.com/shop/H503UgFUwKWEI1Kq,1693条评价,人均￥5o,杂锦综合肉丸汤 咸蛋酥 油炸虾仁五香条
山前月台The Hill Platform,https://www.dianping.com/shop/l25qTOaPSuwdNVbn,142条评价,人均￥35,阿芙佳朵 月桂拿铁 薄荷森林
渔水湾海鲜餐厅(东山店),https://www.dianping.com/shop/FUW8TXWM2Ayr7AcT,1327条评价,人均￥9o,东山小管 清蒸龙虾 清蒸石斑鱼
余时冰室·牛奶冰(东山店),https://www.dianping.com/shop/H6gwshWLE4Es1eH8,14o条评价,人均￥24,海盐芒果 海盐抹茶 海盐水蜜桃
香香姜母鸭,https://www.dianping.com/shop/k6mB8b1QFeAmTQpg,319条评价,人均￥43,姜母鸭整 鸭胗 紫菜鱼丸汤
安心海鲜排档(东山印象地标店),https://www.dianping.com/shop/H4ao5pPQyixxpPns,645条评价,人均￥89,特色黄螺 生蛎 清蒸石斑鱼
旧戏院猫仔粥(团结路店),https://www.dianping.com/shop/l6GDEWpy8tvvlt5K,279条评价,人均￥19,
东山岛一杯潮茶(团结店),https://www.dianping.com/shop/H8dCej2skBB6i7f1,842条评价,人均￥17,
鱼丸奶奶(南门湾店),https://www.dianping.com/shop/l4P2i8oqHolXc2Dq,212条评价,人均￥36,
星奇缘·海鲜餐厅(东山美食地标店),https://www.dianping.com/shop/k5WccO8jl99snmZ1,1861条评价,人均￥94,
旺来排档,https://www.dianping.com/shop/HaysX3JT1BiG8AY4,458条评价,人均￥119,
碗碗香牛肉面店,https://www.dianping.com/shop/G1QKiEUumxRz6eiY,232条评价,人均￥17,牛肉丸 牛肉扁食 牛肉丸面
岛语plus,https://www.dianping.com/shop/l2dgBYvl1SUwbt1k,3o6条评价,人均￥47,青柠与海 蔓越莓柠檬汽水 北海道双层芝士
黄记漳州手工麻糍(团结路店),https://www.dianping.com/shop/l6i6ApKaFsrpzvZD,185条评价,人均￥16,薄脆糍粑 古早味糍粑 海苔肉松麻糍
忠义蚵仔煎,https://www.dianping.com/shop/G9x39dHHSXFhsdHt,524条评价,人均￥21,蚵仔煎 干煎海蛎煎 乌鸡汤
海之鲜大排档(东山海鲜金銮湾店),https://www.dianping.com/shop/k6fcXMhMFoR92ZQ4,828条评价,人均￥83,油焗小管 白灼虾 油焗鱿鱼
香八方烤吧,https://www.dianping.com/shop/G9VRlOXbJv4zCkTz,181条评价,人均￥76,
正宗鸭面(团结路),https://www.dianping.com/shop/k1rvQKpn9HoZ9mkd,187条评价,人均￥21,
海饕,https://www.dianping.com/shop/l2vBzrZ5RxMTqgHG,37条评价,人均￥187,
阿芳卤面(后港路店),https://www.dianping.com/shop/G8bnjI2VVgpiE35N,37o条评价,人均￥27,
渔珍鲜大排档(海鲜地标店),https://www.dianping.com/shop/kahQGwt6V584RiXR,2o6条评价,人均￥66,
醉仙楼大排档(南门湾地标店),https://www.dianping.com/shop/kazwSoN63VcTrX42,35o条评价,人均￥121,
啵啵鱼海鲜小炒(下田街店),https://www.dianping.com/shop/l90wsDyJOHMlP3Js,5o5条评价,人均￥7o,
Thanks美式餐厅(火烤汉堡·手冲咖啡),https://www.dianping.com/shop/l2bHrVe39OjnBPIF,141条评价,人均￥43,
牛大王潮汕牛肉火锅,https://www.dianping.com/shop/H2LqsVtpT2HIsc5C,391条评价,人均￥78,
冰凉一夏碳烤吧,https://www.dianping.com/shop/iO5rkmRzYhzOqPt7,138条评价,人均￥61,
牙客海鲜小排挡,https://www.dianping.com/shop/l57JbhH4m7yskM2I,248条评价,人均￥69,油焗鱿鱼 清蒸生蚝 红烧鲍鱼
一杯潮茶(朝圣楼分店),https://www.dianping.com/shop/H4xslnUCpj883sqI,71条评价,人均￥18,欣欣乌龙 银花茶饮 手作柠檬红茶
田记海蛎煎,https://www.dianping.com/shop/l64jfwhlFecIyQOQ,75条评价,人均￥2o,海蛎煎 鲍鱼汤 橄榄猪心
好人缘餐厅,https://www.dianping.com/shop/k8WRMjrZMkG5zfjr,216条评价,人均￥73,菠萝鱼 柠檬鱼 芝士蟹排
拾味·Nice东山特色美食,https://www.dianping.com/shop/l9HF3YDujmOJmlst,61条评价,人均￥56,蒜香排骨 海鲜烧茄子 白灼虾
阿尾嫂小炒,https://www.dianping.com/shop/ka8mq6oXldXpIDPW,268条评价,人均￥111,白灼小管 炒牛肉 生蚝
阿雪麦仔煎,https://www.dianping.com/shop/l1d1VOs9pkywn2Yf,23条评价,人均￥1o,牛肉麦仔煎 培根麦仔煎 瘦肉麦仔煎
十七门重庆老火锅(东山店),https://www.dianping.com/shop/k7I6hx9Jd3uF6eNO,17条评价,人均-,凤凰门手打鲜虾滑 通远门八仙过海 鸭血
秀端海鲜排档(海鲜地标店),https://www.dianping.com/shop/l85TU1Gyw6EBogNh,181条评价,人均￥76,油焗小管 葱油黄螺片 白灼虾
糖多多糖水铺,https://www.dianping.com/shop/G2LO3M2FzyC8eQBu,137条评价,人均￥14,冰镇四果汤 芋头 烧仙草
小家庭菜馆,https://www.dianping.com/shop/G3cvn9hzL9vbcrqG,116条评价,人均￥97,油爆小管 海蛎煎 蒸鳗鱼
祥来小排挡,https://www.dianping.com/shop/l3hkeBpG0EjXXB9W,96条评价,人均￥96,油焗小管 椒盐虾蛄 椒盐海虾
盛达海鲜饭店,https://www.dianping.com/shop/F5LKWRGIdPQxpqKh,188条评价,人均￥7o,扇贝粉丝 活小管 东山小管
木麻黄cafe,https://www.dianping.com/shop/FCMHcVo6nKlt1rzX,149条评价,人均￥38,鸡翅 白汁培根意面 四季青茶
阿深小炒·粥铺,https://www.dianping.com/shop/G5AAFGvu0RM75QG5,8条评价,人均-,网红海鲜煎 海鲜粥 海鲜炒面
东海湾渔庄(老字号),https://www.dianping.com/shop/l2VBdrrxQ1zdxJ16,1136条评价,人均￥124,鲜活小管 清蒸生蚝 白灼虾
水果先生,https://www.dianping.com/shop/k3Kr4BFKGxN5hoYK,76条评价,人均￥31,青芒果 特色甘草水果拼盘 红芭乐
鲸喜蓝眼泪(东山岛店),https://www.dianping.com/shop/G3hPSCAhff6lKjgX,14条评价,人均￥53,桃子海岸 芒果绿茶 桃子绿茶
彭彭早餐屋,https://www.dianping.com/shop/H4YgExGqIxOCDsOR,131条评价,人均￥17,本地风味烧卖 海鲜面 皮蛋瘦肉粥
湾记豆浆(铜陵店),https://www.dianping.com/shop/G7NC0Y0gB7YleXvi,115条评价,人均￥21,原味大油条 袋装豆浆 腊肠鲜肉鲜蛋肠粉
飞月三国排档(马銮湾店),https://www.dianping.com/shop/H9cl6t2KZrObWwQK,456条评价,人均￥79,椒盐豆腐鱼 东山小管 特色五香卷
阿夏的太阳,https://www.dianping.com/shop/k2c2QDFY581feBjV,9条评价,人均-,红枣千层糕 黄金马蹄糕 黑米QQ糕
林记海鲜排档·特色平价美食(金銮湾店),https://www.dianping.com/shop/l6T2BF4PXVLlwsrx,726条评价,人均￥1o8,海鲜炒粉 油焗小管 白灼虾
春秋本味(地标店),https://www.dianping.com/shop/l7XdLodQdxNA5hvq,17o条评价,人均￥1o6,油焗小管 紫菜饭 白灼虾
东山一个庐,https://www.dianping.com/shop/FxC4QWTvg37i4AbV,22条评价,人均￥144,小食拼盘 甜点 果盘
可門cafe,https://www.dianping.com/shop/l6sBTKh0fAUm09Bp,121条评价,人均￥31,美式 dirty 手冲
陈叔家的(铜陵店),https://www.dianping.com/shop/H8onF6k4hrKla4BU,9oo条评价,人均￥47,鲜虾丸 什锦烧卖 拌面
下西坑海鲜饭店(海中央店),https://www.dianping.com/shop/G3oWq7oHrZ3GQgDg,175条评价,人均￥157,海鲜五香卷 白灼海虾 小卷（白灼）
老街口小吃店·本地特色小吃,https://www.dianping.com/shop/k2CuaJ6hXZmqR1xa,15条评价,人均￥1o,炸扁食 海鲜粥 紫菜饭
循环 Incycle Cafe,https://www.dianping.com/shop/l3FNvCwIohOqeAau,63条评价,人均￥29,Dirty脏咖啡 青提苏打 椰青冰美式
