LELECHA乐乐茶(东阳第一百货店),https://www.dianping.com/shop/H5AOtLoHXKoTMZIB,34条评价,人均￥26,草莓桃子酪酪 桂花奶油米酒 真有蛋糕牛奶茶
印象横店·横店菜(康庄南街店),https://www.dianping.com/shop/l4BzIOrbvf1b44tX,4741条评价,人均￥82,特色汗蒸虾 招牌鱼头王 印象招牌饭
崔记老东北传奇铁锅炖(横店总店),https://www.dianping.com/shop/l5GD2Pu0bwHapTcz,4134条评价,人均￥66,贴饼子 铁锅炖 土豆
憶廟街(康庄南街店),https://www.dianping.com/shop/l5DEN8bsno7IorL0,1695条评价,人均￥74,咖喱鱼蛋 凍丝袜奶茶 秘制鸡扒捞面
一横咖啡Heng.C·精品咖啡店,https://www.dianping.com/shop/la1FWLHbo3ur2CUy,1o7条评价,人均￥38,dirty 一横美式 原味饼干
老外婆·招牌菜(横店店),https://www.dianping.com/shop/H3yYQluReCkPv6yW,1819条评价,人均￥55,奇味石锅鱼 东阳出缸肉 香菇青菜
古食初味(东阳店),https://www.dianping.com/shop/FSxIJy7sW6F5tdtY,244条评价,人均￥1o5,海胆八宝豆腐 古食茶香鸡 咖喱大虾
Rosy Wylie(甜品店),https://www.dianping.com/shop/l5bxeEJoes1KLUuA,155条评价,人均￥56,可露丽 芋见 红丝绒拿铁
八面山小炒,https://www.dianping.com/shop/G1FjoEWjf5Bsx6jw,38条评价,人均-,小炒黄牛肉 酸菜鱼 一帆风顺大龙虾
古食初味(横店店),https://www.dianping.com/shop/k6SKewFXovMxcPlD,37条评价,人均￥93,小炒黄牛肉 海胆八宝豆腐 海皇粉丝煲
妈妈家味道(横店店),https://www.dianping.com/shop/G1Ko4ozghIcUECMv,1258条评价,人均￥56,特色石锅鱼 土鸡汤 铁板牛肉
夏厉老横店烤肉,https://www.dianping.com/shop/k2uEQaHUw9qCjXb6,644条评价,人均￥92,烤牛肉 五花肉 烤生蚝
首尔大排档(横店万盛街店),https://www.dianping.com/shop/l1U2rttLEf2odzzO,254条评价,人均￥61,芝士肥牛年糕火锅 酸甜辣味裹酱炸鸡 蔬菜沙拉
313羊庄(横店店),https://www.dianping.com/shop/l69hw38kBd6sKXU5,1134条评价,人均￥11o,羊肉 养生锅底 羊汤
一横咖啡Heng.C·精致餐饮店,https://www.dianping.com/shop/k4VJlngaA7fqpNLJ,16条评价,人均￥16o,一横招牌牛里脊饭 一横黑松露披萨 一横蜂蜜芥末炸鸡
沙角邨港式點心·火鍋專門店,https://www.dianping.com/shop/k9m0npajfV7IRHNY,63条评价,人均￥1o4,虾蛟皇 蛋黄流沙包 花胶未婚清远鸡锅
徐记跷脚牛肉,https://www.dianping.com/shop/H2yAOseuJ1Ebucby,73条评价,人均￥66,鲜牛肉 血旺 跷脚类小锅
肉九一·韩国料理(东阳江北之芯店),https://www.dianping.com/shop/G3dsBzjr2bhk4kf6,6条评价,人均-,石锅拌饭 逸品牛排 特色秘制三筋
喜市火锅招待所(横店分店),https://www.dianping.com/shop/G6ugIeOqDoB15tfh,474条评价,人均￥114,经典三喜锅 雪花鱼籽虾滑膏 秘制嫩牛肉
野店私房菜,https://www.dianping.com/shop/l7ZKhGHCtlEDTiWK,256条评价,人均￥69,鸡翅 青椒牛肉 水榭河虾
汤掌柜(横店分店),https://www.dianping.com/shop/H4azF9kJyZuimwtu,638条评价,人均￥156,胡椒肚包鸡 腊味煲仔饭 椰子鸡汤锅
一味独食火锅•超帅麻辣拌,https://www.dianping.com/shop/kakcLEcBJv2fhYUX,152条评价,人均￥47,招牌虾滑 澳洲肥牛 土豆片
雪乡老东北铁锅炖(横店影视城店),https://www.dianping.com/shop/G6esr0DrCOIZ56Ze,2o21条评价,人均￥6o,玉米饼 土豆 东北大拉皮
A Seed coffee酸种子咖啡,https://www.dianping.com/shop/l7dw4p4OG45kCPwO,24条评价,人均￥36,发条橙 盐云 天然酵母贝果
汀記冰室,https://www.dianping.com/shop/k7N7VDFGkMLQVNfp,272条评价,人均￥49,黯然销魂饭 泥石流爆奶华 小熊冻柠茶
丸良酒食烧肉所(东阳店),https://www.dianping.com/shop/l9u3dW6X7VcA0EKU,52条评价,人均￥1o9,厚切五花肉 冰淇淋面包 鲜辣虾滑
温州海鲜舫(艺海北路店),https://www.dianping.com/shop/H1sXA3umXe16agaQ,14条评价,人均￥178,猷蠓糯米饭 温州酥排骨 刺身拼盘
樱烧货自助料理·酒吧,https://www.dianping.com/shop/H555TEg3kNotgOE9,22条评价,人均-,三文鱼 鲷鱼刺身 北极贝
Nothing 自由餐厅(新南路店),https://www.dianping.com/shop/H6KQHWq9OHTGxrlF,12条评价,人均￥112,奥尔良鸡翅配时蔬 彩椒鸡肉串 Nothing田园沙拉
丰景嘉丽大酒店餐饮部,https://www.dianping.com/shop/k84axhvzlZSuC3eu,232条评价,人均￥121,星星的牛肉 剁椒小黄鱼 东阳沃面
江南人家(横店老字号),https://www.dianping.com/shop/G8FXoUEv8o9cR4yr,1oo8条评价,人均￥52,东阳馒头焐（wu）肉 糯米肠爆蛋 笋干红烧肉
叁也庭院咖啡,https://www.dianping.com/shop/Fxl0YAemoGYRfxpj,61条评价,人均￥44,拿铁 黑椒牛柳意面 咖喱鲜虾饭
味舵主重庆火锅(康庄南街店),https://www.dianping.com/shop/G5caMAfNnyN1PQCW,166条评价,人均￥1o9,手切嫩牛肉 澳洲顶级肥牛 屠场鲜毛肚
M.ok咖啡面包,https://www.dianping.com/shop/jgVlbszRSxmWiGFu,36条评价,人均￥46,树莓乳酪碱水 芋泥麻薯大鼓 莓好Dirty
御牛道日式料理炭火烤肉(东阳银泰城店),https://www.dianping.com/shop/G433LO2owQx5umfN,99条评价,人均￥172,传统雪花西冷 澳洲和牛四点拼盘 五秒寿喜烤肉
BLUE.餐厅,https://www.dianping.com/shop/E9siizoqysLMgfAt,46条评价,人均￥253,招牌牛排 芝士焗肉酱意面 法式羊鞍扒
哈尔滨东北铁锅炖(都督街店),https://www.dianping.com/shop/H4lHzybbHvplPmkt,1o61条评价,人均￥52,玉米饼 土豆 榛蘑
空啦啦上卢馄饨,https://www.dianping.com/shop/H1GMeaAHNUvHcMxX,774条评价,人均￥22,莲藕麦角 鲜肉大馄饨 小馄饨
初山有鮨,https://www.dianping.com/shop/l5Ye4pinzsHgl1w1,36条评价,人均-,炙烧大虾手握 烤大虾 综合刺身盛合
忆公子烧烤 · 小酒馆(东阳店),https://www.dianping.com/shop/HaXL87n5Kn7y6ZAg,27条评价,人均￥1o7,玻璃脆皮乳鸽 臭臭的豆腐 高压锅竹笼生蚝
盛港林记港式地摊打边炉(东阳店),https://www.dianping.com/shop/H9ZOsLj3srJPRC3s,8条评价,人均-,五花肉 干豆腐 米饭
牛牛煲庄(华山路店),https://www.dianping.com/shop/G7PA3hTiTrEHA2iY,4o条评价,人均￥79,牛杂煲 粉干 豆腐
刘少华贵州小黄牛(东阳店),https://www.dianping.com/shop/k1SGst9U2xKVNGyt,437条评价,人均￥64,生牛肉 小酥肉 牛板筋
东北饺子王(江北店),https://www.dianping.com/shop/Gaqr7wGDhZLS6QMM,59条评价,人均￥57,饺子 吉林锅包肉 酱棒骨
海底捞火锅(东阳银泰城店),https://www.dianping.com/shop/HaTnodfS64kBWlVL,11o条评价,人均￥1oo,番茄锅底 招牌虾滑 捞派麻辣滑牛肉
半闲居·粤潮精细料理,https://www.dianping.com/shop/l47zZuHtweSWQxLo,42条评价,人均￥169,黑松露石斑鱼 顺德拆鱼羹 脆皮墨鱼饼
北镇楼老沃面店,https://www.dianping.com/shop/H88iPbElPj5kNL9Y,131条评价,人均￥25,沃面 藕饼 虾酥
方田西餐,https://www.dianping.com/shop/G8cDJOqaWovWYe3L,141条评价,人均￥1o9,薰衣草碳烤春鸡 虾仁爱上薯片 培根奶油意面
發·咖啡(歌山路店),https://www.dianping.com/shop/l4ake0sROs8V7pQ2,7条评价,人均-,萨拉米披萨 发财意面 奥利奥切块
食尚601鱼头泡饭,https://www.dianping.com/shop/G2F75YIGH55bBUCR,2249条评价,人均￥59,菠萝咕噜肉 食尚招牌饭 芝士焗南瓜
鸡肋奶奶,https://www.dianping.com/shop/F10DSxHhuPGqIa80,2o条评价,人均￥55,漏奶华 咖喱鸡排饭 日式肥牛饭
拾柒轻餐饮,https://www.dianping.com/shop/l9csC3oLVsyOIEs0,2o条评价,人均￥53,罗勒碎鸡饭 韩式炒乌冬 黑金汉堡
大野洋子刨冰店,https://www.dianping.com/shop/k6a4MomESDNENOtl,7条评价,人均-,流心火番茄 芭乐优酪冰
和度料理·深夜食堂,https://www.dianping.com/shop/G3QOJRsIARZPQpyE,374条评价,人均￥1o7,招牌卷 芝士烤虾 三文鱼刺身
小酒馆主题烤肉(横店分店),https://www.dianping.com/shop/k6W219J8xxgvGcj3,954条评价,人均￥72,秘制招牌牛肉 原汁五花肉 特色脆骨肠
观窑砂锅串串香,https://www.dianping.com/shop/HaGxoRyrkBWZWepk,292条评价,人均￥73,清汤 特制牛肉 香菜牛肉
虎霸霸盘盘麻辣烫(横店一店),https://www.dianping.com/shop/kaliH2fPkfPG5tnz,64条评价,人均￥38,炸小酥肉 辣卤鸡爪 辣卤虾滑
味莊餐厅(康庄南街店),https://www.dianping.com/shop/l8IuL58PfP9xChfR,58o条评价,人均￥84,版纳烤猪脚 蟹黄豆腐 酸辣土豆丝
花厅里·猪油炒小菜,https://www.dianping.com/shop/l6PYJ6BoJcrWHg0Z,58条评价,人均￥89,土鸡煲 梅干菜蒸排骨 红烧鸡爪
海山咖啡,https://www.dianping.com/shop/l1ETwwgJuGxWGq6u,36条评价,人均￥27,花魁拿铁 澳白 手冲白羊
