裕鼎鲜·中华小吃·特色菜(东乡店),https://www.dianping.com/shop/ii5d6XtZV4ubm5BX,19o条评价,人均￥131,五常神仙钵饭 柠檬酸菜鱼 重庆小酥肉
老三样(东乡店),https://www.dianping.com/shop/l5bIT8gUjQpLrIQ6,232条评价,人均￥1o3,蟹脚捞粉 洪城烧鸡脚 鲜豆腐牛蛙
豪德亨自助牛排餐厅(东乡龙山北路店),https://www.dianping.com/shop/l2mGQFSSKwsdpA8S,115o条评价,人均￥64,牛排 自助餐 无限烧烤
古乐牛香·鲜牛肉牛杂火锅(东乡店),https://www.dianping.com/shop/H52k5GlRlN3Qmpxs,,人均-,自助酱汁 黄金炸腐竹 手打生牛肉丸
蛙大大(东乡店),https://www.dianping.com/shop/k5Jljgd8vL4BarnF,54条评价,人均-,紫苏味平锅 酸梅汁 牛蛙爱上虾
就恰烤肉·辣烤嫩汁牛肉(东乡店),https://www.dianping.com/shop/G9ecktaDKvH63ujY,6oo条评价,人均￥63,吃不腻的五花肉 辣烤嫩汁牛肉 烤黑椒牛仔骨
米小姐肉蟹煲(东信财富广场店),https://www.dianping.com/shop/l5bY4PqiUgZnMT00,1条评价,人均-,小炒肉 腊肉包菜
老刘烧烤(步行街店),https://www.dianping.com/shop/l8ZDt7T13YKnWYd4,395条评价,人均￥56,烤鱼 金针菇 羊肉串
鼎涮天下重庆火锅(东乡县富丽花苑店),https://www.dianping.com/shop/k3G78PGkLQ2ODhcw,47条评价,人均-,黑鱼片 红糖糍粑 云南豆皮
锅房破店·暴走牛骨(特色牛骨店),https://www.dianping.com/shop/l1Rz6OfLviHWlwZh,111条评价,人均￥74,暴走牛骨 咸蛋黄焗南瓜 冰淇淋大福
悦享来牛排自助餐,https://www.dianping.com/shop/laBnmvjcDB7Zej4t,16条评价,人均-,
黄记煌三汁焖锅(抚州景泰凤凰城店),https://www.dianping.com/shop/H5RY87Y68wdG9M6b,29条评价,人均-,
雾造(抚州东乡商业街店),https://www.dianping.com/shop/l6jEmWYqlyVYbk45,1条评价,人均-,
黄厨探鱼(东乡店),https://www.dianping.com/shop/G4nlO7hD09iBH0ME,7条评价,人均-,
豪渝火锅(东乡店),https://www.dianping.com/shop/H2mKdvZ9n9poxTkr,84条评价,人均￥117,
老街坊(东乡店),https://www.dianping.com/shop/k5BBDiVKhlXU51Us,17条评价,人均￥112,蟹脚捞粉 大盘风味牛骨 鸡爪
肯德基(龙山店),https://www.dianping.com/shop/H3ughJHdcmRSwBXS,68条评价,人均￥57,老北京鸡肉卷 金沙咸蛋黄香辣鸡翅 香辣鸡腿堡
冯记肉饼粉,https://www.dianping.com/shop/G8pfqvCOztPE4TOx,3条评价,人均-,肉饼粉
洞氮胡记羊肉馆(东乡店),https://www.dianping.com/shop/G6dTZ6RbgRBdxZ0k,19条评价,人均-,烫皮山羊肉 羊杂 洞氮胡记羊肉
温州海鲜大排档(荆公路),https://www.dianping.com/shop/k86kppEk7EJQvYnj,1条评价,人均-,
尊品牛排(东乡店),https://www.dianping.com/shop/FiE6zrQ55Ce7Jsay,12o条评价,人均￥73,肉眼菲力牛排 谷饲霜降牛排套餐 浓汤
季季红火锅(龙山大街店),https://www.dianping.com/shop/G909MsDshFRY3ztd,49条评价,人均￥46,火锅竹笋片 鲜美肥羊卷 8秒毛肚片
七掌柜自助火锅(东乡店),https://www.dianping.com/shop/k2UKIouU0pB1KruV,9条评价,人均-,蛋炒饭 清油鸳鸯锅 小肉串
宴·遇螺蛳府,https://www.dianping.com/shop/l2d3xkJUFR9FwcrH,3条评价,人均-,螺蛳烧鸡 红烧鲫鱼 辣椒炒肉
来点烤肉(东乡店),https://www.dianping.com/shop/k7OUwJ26ztn0wAV4,312条评价,人均￥96,招牌五花肉 来点小牛排 蜜汁鸡翅
安妮贝可生日蛋糕(东乡店),https://www.dianping.com/shop/FVLf54oI5vGdlN6M,36条评价,人均-,粉色珍珠冠 豪车好酒 小双层奥特曼
五味川蜀•川派小吃集,https://www.dianping.com/shop/laemxgptfjmNTFTq,92条评价,人均￥3o,网红水果冰粉 武侯酥肉 成都杂酱面
留一手特色烤鱼(东乡总店),https://www.dianping.com/shop/l68LsKgY92Kp4sqC,338条评价,人均￥49,特色烤全鱼 烤五花肉 烤鸡中翅
季季红火锅(东乡东信店),https://www.dianping.com/shop/k9jwSQGlM2igOgFK,57条评价,人均￥44,精品肥牛卷 毛肚片 嫩牛肉片
古茗(东信百货店),https://www.dianping.com/shop/EjjhNmPhwZ0vpOE3,45条评价,人均-,杨枝甘露 芝士莓莓2.0 布雷脆脆奶芙
鲍先生活泼碳烤肉(东乡店),https://www.dianping.com/shop/l80kxHPETLmYB884,99条评价,人均-,招牌五花肉 雪花牛肋条 进口梅花肉
小食候湘(东乡店),https://www.dianping.com/shop/k4XSZcaSRUT1TFOw,32条评价,人均￥1o3,手撕鸡 香辣鹌鹑 口味虾。
荷小馆主题餐厅(东乡店),https://www.dianping.com/shop/l9BYZLgSbBagiPsK,5条评价,人均￥18,油炸香芋红薯丸子 肉末茄子木桶饭 香菇滑鸡竹筒饭
建力烧烤(景泰贵族城东区店),https://www.dianping.com/shop/k2unGI0PcYAusvYh,2条评价,人均-,羊肉 牛板筋 芥末鱿鱼
刘师傅烧烤·老刘烧烤(总店),https://www.dianping.com/shop/G6r4KtujkoPxa2zd,2条评价,人均-,小肉串
塔斯汀(锦绣时代广场店),https://www.dianping.com/shop/G8lw2HpXHnaPbUW4,4条评价,人均-,香辣鸡腿中国汉堡 粗薯 藤椒鸡腿中国汉堡
廖厨(东乡店),https://www.dianping.com/shop/G7muY4YShjfin0fZ,3o条评价,人均￥78,包子 梅菜鸡爪 葛粉蒸肉
嘻唰唰牛排海鲜自助,https://www.dianping.com/shop/G8ltK6GXIh1Unx2P,,人均-,
华莱士·全鸡汉堡(东乡东信广场店),https://www.dianping.com/shop/k4lcVhjnIgUYytnx,47条评价,人均-,蜜汁手扒鸡 薯条 鸡米花
糕材生,https://www.dianping.com/shop/l6lLPNS2sybS467g,,人均-,爆浆麻薯 杏仁酥 肉松面包
在原野露营基地,https://www.dianping.com/shop/k7sj4gVmJNtV48MP,1条评价,人均-,冰柠茶 小火腿 美式培根
佳华士自助牛排餐厅,https://www.dianping.com/shop/H9E0lsjyGlClWVku,6o条评价,人均-,牛排 糕点 水果
玉林串串香火锅(长富大厦店),https://www.dianping.com/shop/H2oqIbDHWZ16KOxZ,28条评价,人均￥39,黑毛肚丝 火锅面 串串
东北烧烤,https://www.dianping.com/shop/H1vEXkHgLJ7gOsQe,1条评价,人均-,蒜蓉小龙虾 牛肉 锡纸金针菇
粉仙(东红路连锁店),https://www.dianping.com/shop/G4S77KftcqxPAHMk,4条评价,人均-,肉饼粉 木耳炒肥肠 木耳拌粉
杨玲小吃,https://www.dianping.com/shop/k8dNz65BzU71u92w,39条评价,人均￥15,特色鸡脚 绿豆汤 炉肉炒粉
小桥人家野生鱼馆,https://www.dianping.com/shop/H1BjyevSkA8mgNEX,2条评价,人均-,
黄记江南宴,https://www.dianping.com/shop/H5qdmxhfD1D0ChGb,8条评价,人均-,黄记特色酱鸭 芋头芽 红烧猪仔肉
铜矿辣鸡,https://www.dianping.com/shop/G699DZAGu6qDUvjt,5条评价,人均-,爆炒脆骨 蛋炒饭 西红柿蛋汤
福至尊鱼羊馆,https://www.dianping.com/shop/k4q84ivoheBPNxoy,16条评价,人均￥1oo,烧豆腐 北京烤鸭 猪脚
米兰西饼生日蛋糕(东乡店),https://www.dianping.com/shop/l7JJ41mTQD1FaU9p,53条评价,人均-,生日蛋糕 玫瑰女王 满天星皇冠
点靓粥市(东乡店),https://www.dianping.com/shop/G8AyZSSQRDw8Pnhu,22条评价,人均-,金牌蒸凤爪 皮蛋瘦肉粥 金牌虾饺皇
下一站烧烤,https://www.dianping.com/shop/l2OQyeKxkQEcrwy7,1o2条评价,人均￥32,鲫鱼 小肉串 烤茄子
小二家酸菜鱼火锅(东乡店),https://www.dianping.com/shop/G6ASFkLlrYjlKXjO,,人均-,黑鱼片单点不送 草鱼片 鲜豆腐
潮汕砂锅粥(东乡店),https://www.dianping.com/shop/G7HeynchwVE8Kj5J,2条评价,人均-,香辣无骨鸡爪 素三鲜春卷 椰汁黄金糕
新疆羊肉串(景泰店),https://www.dianping.com/shop/G4cOgIfCWBxIUQMN,2条评价,人均-,芥末手撕鱿鱼 羊腰子 玉米串
德克士(东信百货店),https://www.dianping.com/shop/H2S3r7LHD5ug7Yn0,882条评价,人均￥31,薯条 菠萝包 咔滋脆皮手枪腿
仁义羊汤馆,https://www.dianping.com/shop/k9bHDuha1C1gm50q,1条评价,人均-,
塔斯汀中国汉堡(龙山南路店),https://www.dianping.com/shop/laReyohBLeOwdLHL,3条评价,人均-,老北京烤鸭中国汉堡 藤椒鸡腿中国汉堡 多汁牛肉中国汉堡
茶百道(街心花园店),https://www.dianping.com/shop/H1BGXKmgVbVLvTTJ,16条评价,人均￥15,杨枝甘露 手剥葡萄冻 西瓜啵啵
