晓玲烧烤(西城店),https://www.dianping.com/shop/HaTgqp0Jb9kN5rHO,12条评价,人均￥75,肥瘦 牛大肉 炭烤碟鱼头
安三胖烤肉,https://www.dianping.com/shop/l5OeNXemm5GHH9Ff,88条评价,人均￥5o,陕西肉夹馍 芝士玉米 核桃炭烤核桃
小天厨民间菜馆,https://www.dianping.com/shop/G50uaiR8V2P89mIT,28条评价,人均￥63,荔浦芋头 蔬菜丸养生子 煎饼盒子
巴卤社老火锅,https://www.dianping.com/shop/H8KSzd5aNMUowOfD,1条评价,人均-,午餐肉 秘卤鸡爪 蟹棒
牛牛烤肉店。  东丰店,https://www.dianping.com/shop/HaySv68vYkMpZSjR,152条评价,人均￥57,黑胡椒牛肉 牛肉粒 牛牛烤肉
山河屯铁锅炖饭店,https://www.dianping.com/shop/G2JToCfy0Isbo6TT,3条评价,人均-,铁锅炖 拔丝地瓜
名厨小馆(东丰店),https://www.dianping.com/shop/k4wtBDtIVxrANyln,6条评价,人均-,锅包肉 秘制烤鱼 麻婆豆腐
si哈辣餐厅(东丰店),https://www.dianping.com/shop/k1madGapgHPyUO52,2条评价,人均-,台湾省卤肉饭 扬州炒饭 儿童小食拼盘
李一手牛排牛尾一锅香,https://www.dianping.com/shop/k4o9QOkFae4fYPMg,4条评价,人均-,炝拌海带丝 筋头巴脑锅 蘸料
二黑老式烧烤,https://www.dianping.com/shop/l4z0PLpQcjn5xDQb,1条评价,人均-,
集安火盆烤肉(东丰店),https://www.dianping.com/shop/G5AXgBQfyH9Jq4Qs,6o条评价,人均￥35,馒头片 烧烤伴侣 面包片
渝江川重庆老火锅,https://www.dianping.com/shop/l8wCq6wdQ9Qkgmmt,2条评价,人均-,
恩熙家韩国料理分部,https://www.dianping.com/shop/kaQLOWvfik05u7JK,2o条评价,人均-,芝士肋排锅 烤牛肉饭团 烤五花肉拌饭
邵汇大虾(东丰店),https://www.dianping.com/shop/H2rHkJiEna2x0Dgd,12条评价,人均-,猪里脊 香辣虾 地瓜丸
福锅记铁锅炖,https://www.dianping.com/shop/lays8w0L9qSx1qGG,3条评价,人均-,铁锅大鹅炖酸菜 排骨炖河鱼 锅包肉
米村拌饭馆(东丰店),https://www.dianping.com/shop/k5EvBv2c2v1qQX79,6条评价,人均-,招牌QQ拌饭 火辣鸡爪 石板金针肥牛
麦香园蛋糕店(西交通岗店),https://www.dianping.com/shop/l9AvqHcrr9VYJVBR,2o2条评价,人均￥43,蛋糕西点 双层蛋糕 蛋挞
孔瘸子烧烤店,https://www.dianping.com/shop/H1hMcSQYBxa3IniT,7条评价,人均-,羊肉串 板筋 干豆腐
姐妹烧烤(建设大街店),https://www.dianping.com/shop/G6AbuAw1fwevOMar,19条评价,人均-,干豆皮 烤土豆 筋皮
五爷拌面(东丰店),https://www.dianping.com/shop/G5YQ2t2v9d8fvORy,,人均-,五爷炸酱面 肉沫烧茄子饭 苏式红汤鸭腿面
素之味美食文化餐厅,https://www.dianping.com/shop/jc2Z5AEUrCd8MoCX,3条评价,人均-,川味老豆腐 锅包肉 干豆腐土豆
80后电烤二部(建设大街店),https://www.dianping.com/shop/HalaM9IOk1aUE9am,2条评价,人均-,心管 肉筋 可乐
有拈头 成都市井火锅(东方明珠店),https://www.dianping.com/shop/lafs1QhHDlDN4u0I,9条评价,人均-,大刀猪肚 麻辣牛肉 精品鲍鱼
英爱烤肉(辽源分店),https://www.dianping.com/shop/l3beRihomdZH2s4F,4条评价,人均-,美肥 煎打糕 拌冷面
李氏汤饭烤肉(东丰店),https://www.dianping.com/shop/G5gRTsGSqBdHiMFe,,人均-,紫菜包饭 米肠 拌桔梗
英兰朝族饭店,https://www.dianping.com/shop/l9UniS9xtOSNPcuC,1o条评价,人均-,锅包肉 年糕鸡爪 拌冷面塑封包装
老钟太太烧烤(丰泽苑店),https://www.dianping.com/shop/l9dgmLjCGUXPo4jI,12条评价,人均-,土豆 鱿鱼 牛心管
半分利五香骨头馆(东丰店),https://www.dianping.com/shop/lauWyRweyPchTDEL,1条评价,人均-,酸菜白肉 酱骨头
水云间咖啡语茶(东丰店),https://www.dianping.com/shop/HaLpSOxmtnG2hYuX,,人均￥3o,果汁 瓜子 奶茶
沪上阿姨鲜果茶(东丰步行街店),https://www.dianping.com/shop/G80KNv8BAU8wtYzo,2条评价,人均-,血糯米奶茶 嫩仙草牛乳冰 谷谷金砖
金聚朝鲜族狗肉馆,https://www.dianping.com/shop/G4PXrZH1Cp9C5EGv,,人均-,大米 10块汤6两饭 冷面
锦顺朝族狗肉馆,https://www.dianping.com/shop/G6ePhROsIvzkVhjy,,人均-,笨尖椒炒肉 辣白菜炒土豆片 冷面
大双烧烤,https://www.dianping.com/shop/jAagcboSNapzJdhe,1条评价,人均-,板筋 黄面 炒方便面
鑫禾小面(东丰店),https://www.dianping.com/shop/H3NFIUg5ujFq0uU4,1条评价,人均-,牛肉 燃面 油泼面
顺发烧烤(新世纪大路店),https://www.dianping.com/shop/l9fOLA0F15iw23Rq,1条评价,人均-,烤干豆腐
老北京胡同涮肉(东丰店),https://www.dianping.com/shop/k4vVJFdkoJ3erTaH,,人均-,葱油干豆腐 丸子拼 鸭血
华夏自助广场,https://www.dianping.com/shop/l1QZMCiVgCgnkdeQ,116条评价,人均-,海鲜丶烤肉 糖醋排骨炖苞米 牛百叶
思汗烤羊腿,https://www.dianping.com/shop/l72cRdfGOf4AKPYp,,人均￥36,羊腿 拍黄瓜 毛豆
林记港式打边炉,https://www.dianping.com/shop/H9BIL40IHFnWNYGB,,人均-,辣炒花螺 糖醋溜肉段 小酥肉
老北京涮羊肉,https://www.dianping.com/shop/H4NEofgBpmA64oDi,,人均-,
1349羊庄,https://www.dianping.com/shop/jjeAKaQ0X9U57tlP,1条评价,人均-,烤羊腿 烤羊排 蘑菇
胜缘抻面,https://www.dianping.com/shop/jqvN2r8n2uEUxlPE,1条评价,人均-,鸡蛋柿子炒面 香辣肉丝炒面 凉拌面
华莱士.全鸡汉堡(东丰西街店),https://www.dianping.com/shop/l3G75LOQq2MiGx8Y,16条评价,人均-,香辣鸡排堡 蜜汁手扒鸡 韩式炸鸡桶
原朝中铭国朝族烤肉,https://www.dianping.com/shop/iuk1TeN0pBPwwC16,,人均-,冷面 米肠 牛舌
汤子馆蒙古王烧烤,https://www.dianping.com/shop/G7byAiO7Wc9ipAEu,2条评价,人均-,尖椒肉炒汤子 实蛋 羊腰子
鸿星源饭店(东丰店),https://www.dianping.com/shop/HapQErTw0Y7o3swe,4条评价,人均￥3o,锅包肉 尖椒干豆腐 酱茄条
即刻领鲜,https://www.dianping.com/shop/k31TOq5Q5DIumI5B,,人均-,酱香豆腐 尖椒烧土豆片 酱炒毛葱鸡蛋
回老六清真小吃,https://www.dianping.com/shop/GaFmfrUPBxk2gWnw,2条评价,人均-,羊杂锅
美国加州牛肉面大王(金鹿大街店),https://www.dianping.com/shop/hmnHavzbWhzHElO6,211条评价,人均￥28,牛肉面 奶茶 咖啡
逗川小郡干串串(药业大街店),https://www.dianping.com/shop/H3iLgSBNEqnLBCPl,1条评价,人均-,刀切面 海兔 干豆腐
刘二郎烤骨头,https://www.dianping.com/shop/H6NWDmfS4wpadG6h,3条评价,人均-,
爱乐米哥(东丰店),https://www.dianping.com/shop/H34HPnjK4Td0M2nr,78条评价,人均￥29,
九月杀猪菜,https://www.dianping.com/shop/F5qTmfwA0fqN6lu5,2条评价,人均-,
农夫烤鱼家常菜(向阳路店),https://www.dianping.com/shop/k2nkSiHGHhxAiNiL,36条评价,人均￥25,
聚缘烧烤(药业大街店),https://www.dianping.com/shop/l7K5VlRog12QCztn,5条评价,人均-,
茉尚花开西餐音乐烤吧,https://www.dianping.com/shop/k1C39Vp1Jj57AmiG,,人均-,
渔当家主题餐厅,https://www.dianping.com/shop/H1k22t2dYauuJXOo,3条评价,人均-,
德克士(东丰店),https://www.dianping.com/shop/G4Y6qaKAE77DcEtQ,21条评价,人均-,
坐满堂涮肚王,https://www.dianping.com/shop/H7SjUrc0wGDTZxwn,5条评价,人均-,
刘炭长牛烧大块烤肉(东丰店),https://www.dianping.com/shop/l8LqDecd1xRg9yVD,1条评价,人均-,
