8090音乐餐吧,https://www.dianping.com/shop/G9j3iT3nQQKJLYwX,,人均-,
正宗川菜馆,https://www.dianping.com/shop/k8RBun0dojJtZEnV,,人均-,
冒大仙冒菜(江嘎中心路店),https://www.dianping.com/shop/l108UpkPku0Hm7aC,,人均-,
定结老齐川菜,https://www.dianping.com/shop/iGAroOWf2xL4TD86,1条评价,人均-,白菜豆腐汤 虎皮青椒 青椒土豆丝
曹记成都饭,https://www.dianping.com/shop/kaxHpFDPNdBqe6kC,1条评价,人均-,
青氏烧烤,https://www.dianping.com/shop/H6RXvycoPnVqEPY3,,人均-,
白螺藏餐,https://www.dianping.com/shop/k9ZLZCeDGX4m3W9u,,人均-,
小四川川菜馆,https://www.dianping.com/shop/l1hbR96vl3SSj9RE,4条评价,人均-,
香满楼饭庄,https://www.dianping.com/shop/G4b9R4MPaIgMiRrJ,1条评价,人均-,
成都饭店,https://www.dianping.com/shop/k2ZBSYF42DJqkFUo,,人均-,土豆烧排骨 绍子蒸蛋 干锅鸡
再回首饭馆,https://www.dianping.com/shop/k1lBBfiUNW1ard08,,人均-,炸酱面 锅贴 梅菜扣肉
木炭遇上肉(日喀则店),https://www.dianping.com/shop/H7NwQZ9HB2ap5mt7,,人均-,龙口粉丝 劲酒 豌豆尖
伊香源手抓美食城,https://www.dianping.com/shop/k9HXA96UUgY8xhIA,4条评价,人均-,羊肉汤 尖椒鸡蛋 番茄炒蛋
兄弟小吃(江嘎中心路店),https://www.dianping.com/shop/G6TsTOTzU79OPsha,,人均-,
正宗兰州牛肉拉面,https://www.dianping.com/shop/l15dUZT5uHdYcIaj,,人均-,
渝仟味火锅串串香,https://www.dianping.com/shop/k3QOtOZYxGJcPghM,2条评价,人均-,
雪莲藏餐(江嘎中心路),https://www.dianping.com/shop/l5QlV6u4WeoZES33,,人均-,
小兔子,https://www.dianping.com/shop/l74mMQx72b8IhiGt,,人均-,
冒大仙冒菜(江嘎中心路店),https://www.dianping.com/shop/l108UpkPku0Hm7aC,,人均-,
曹记成都饭,https://www.dianping.com/shop/kaxHpFDPNdBqe6kC,1条评价,人均-,
青氏烧烤,https://www.dianping.com/shop/H6RXvycoPnVqEPY3,,人均-,
定结老齐川菜,https://www.dianping.com/shop/iGAroOWf2xL4TD86,1条评价,人均-,白菜豆腐汤 虎皮青椒 青椒土豆丝
正宗川菜馆,https://www.dianping.com/shop/k8RBun0dojJtZEnV,,人均-,
白螺藏餐,https://www.dianping.com/shop/k9ZLZCeDGX4m3W9u,,人均-,
香满楼饭庄,https://www.dianping.com/shop/G4b9R4MPaIgMiRrJ,1条评价,人均-,
小四川川菜馆,https://www.dianping.com/shop/l1hbR96vl3SSj9RE,4条评价,人均-,
成都饭店,https://www.dianping.com/shop/k2ZBSYF42DJqkFUo,,人均-,土豆烧排骨 绍子蒸蛋 干锅鸡
再回首饭馆,https://www.dianping.com/shop/k1lBBfiUNW1ard08,,人均-,炸酱面 锅贴 梅菜扣肉
8090音乐餐吧,https://www.dianping.com/shop/G9j3iT3nQQKJLYwX,,人均-,
伊香源手抓美食城,https://www.dianping.com/shop/k9HXA96UUgY8xhIA,4条评价,人均-,羊肉汤 尖椒鸡蛋 番茄炒蛋
兄弟小吃(江嘎中心路店),https://www.dianping.com/shop/G6TsTOTzU79OPsha,,人均-,
木炭遇上肉(日喀则店),https://www.dianping.com/shop/H7NwQZ9HB2ap5mt7,,人均-,龙口粉丝 劲酒 豌豆尖
正宗兰州牛肉拉面,https://www.dianping.com/shop/l15dUZT5uHdYcIaj,,人均-,
渝仟味火锅串串香,https://www.dianping.com/shop/k3QOtOZYxGJcPghM,2条评价,人均-,
雪莲藏餐(江嘎中心路),https://www.dianping.com/shop/l5QlV6u4WeoZES33,,人均-,
小兔子,https://www.dianping.com/shop/l74mMQx72b8IhiGt,,人均-,
正宗川菜馆,https://www.dianping.com/shop/k8RBun0dojJtZEnV,,人均-,
青氏烧烤,https://www.dianping.com/shop/H6RXvycoPnVqEPY3,,人均-,
定结老齐川菜,https://www.dianping.com/shop/iGAroOWf2xL4TD86,1条评价,人均-,白菜豆腐汤 虎皮青椒 青椒土豆丝
冒大仙冒菜(江嘎中心路店),https://www.dianping.com/shop/l108UpkPku0Hm7aC,,人均-,
曹记成都饭,https://www.dianping.com/shop/kaxHpFDPNdBqe6kC,1条评价,人均-,
白螺藏餐,https://www.dianping.com/shop/k9ZLZCeDGX4m3W9u,,人均-,
香满楼饭庄,https://www.dianping.com/shop/G4b9R4MPaIgMiRrJ,1条评价,人均-,
小四川川菜馆,https://www.dianping.com/shop/l1hbR96vl3SSj9RE,4条评价,人均-,
成都饭店,https://www.dianping.com/shop/k2ZBSYF42DJqkFUo,,人均-,土豆烧排骨 绍子蒸蛋 干锅鸡
再回首饭馆,https://www.dianping.com/shop/k1lBBfiUNW1ard08,,人均-,炸酱面 锅贴 梅菜扣肉
8090音乐餐吧,https://www.dianping.com/shop/G9j3iT3nQQKJLYwX,,人均-,
木炭遇上肉(日喀则店),https://www.dianping.com/shop/H7NwQZ9HB2ap5mt7,,人均-,龙口粉丝 劲酒 豌豆尖
正宗兰州牛肉拉面,https://www.dianping.com/shop/l15dUZT5uHdYcIaj,,人均-,
伊香源手抓美食城,https://www.dianping.com/shop/k9HXA96UUgY8xhIA,4条评价,人均-,羊肉汤 尖椒鸡蛋 番茄炒蛋
兄弟小吃(江嘎中心路店),https://www.dianping.com/shop/G6TsTOTzU79OPsha,,人均-,
渝仟味火锅串串香,https://www.dianping.com/shop/k3QOtOZYxGJcPghM,2条评价,人均-,
雪莲藏餐(江嘎中心路),https://www.dianping.com/shop/l5QlV6u4WeoZES33,,人均-,
小兔子,https://www.dianping.com/shop/l74mMQx72b8IhiGt,,人均-,
正宗川菜馆,https://www.dianping.com/shop/k8RBun0dojJtZEnV,,人均-,
青氏烧烤,https://www.dianping.com/shop/H6RXvycoPnVqEPY3,,人均-,
定结老齐川菜,https://www.dianping.com/shop/iGAroOWf2xL4TD86,1条评价,人均-,白菜豆腐汤 虎皮青椒 青椒土豆丝
冒大仙冒菜(江嘎中心路店),https://www.dianping.com/shop/l108UpkPku0Hm7aC,,人均-,
曹记成都饭,https://www.dianping.com/shop/kaxHpFDPNdBqe6kC,1条评价,人均-,
白螺藏餐,https://www.dianping.com/shop/k9ZLZCeDGX4m3W9u,,人均-,
香满楼饭庄,https://www.dianping.com/shop/G4b9R4MPaIgMiRrJ,1条评价,人均-,
小四川川菜馆,https://www.dianping.com/shop/l1hbR96vl3SSj9RE,4条评价,人均-,
成都饭店,https://www.dianping.com/shop/k2ZBSYF42DJqkFUo,,人均-,土豆烧排骨 绍子蒸蛋 干锅鸡
再回首饭馆,https://www.dianping.com/shop/k1lBBfiUNW1ard08,,人均-,炸酱面 锅贴 梅菜扣肉
8090音乐餐吧,https://www.dianping.com/shop/G9j3iT3nQQKJLYwX,,人均-,
木炭遇上肉(日喀则店),https://www.dianping.com/shop/H7NwQZ9HB2ap5mt7,,人均-,龙口粉丝 劲酒 豌豆尖
正宗兰州牛肉拉面,https://www.dianping.com/shop/l15dUZT5uHdYcIaj,,人均-,
伊香源手抓美食城,https://www.dianping.com/shop/k9HXA96UUgY8xhIA,4条评价,人均-,羊肉汤 尖椒鸡蛋 番茄炒蛋
兄弟小吃(江嘎中心路店),https://www.dianping.com/shop/G6TsTOTzU79OPsha,,人均-,
渝仟味火锅串串香,https://www.dianping.com/shop/k3QOtOZYxGJcPghM,2条评价,人均-,
雪莲藏餐(江嘎中心路),https://www.dianping.com/shop/l5QlV6u4WeoZES33,,人均-,
小兔子,https://www.dianping.com/shop/l74mMQx72b8IhiGt,,人均-,
正宗川菜馆,https://www.dianping.com/shop/k8RBun0dojJtZEnV,,人均-,
青氏烧烤,https://www.dianping.com/shop/H6RXvycoPnVqEPY3,,人均-,
定结老齐川菜,https://www.dianping.com/shop/iGAroOWf2xL4TD86,1条评价,人均-,白菜豆腐汤 虎皮青椒 青椒土豆丝
冒大仙冒菜(江嘎中心路店),https://www.dianping.com/shop/l108UpkPku0Hm7aC,,人均-,
曹记成都饭,https://www.dianping.com/shop/kaxHpFDPNdBqe6kC,1条评价,人均-,
白螺藏餐,https://www.dianping.com/shop/k9ZLZCeDGX4m3W9u,,人均-,
香满楼饭庄,https://www.dianping.com/shop/G4b9R4MPaIgMiRrJ,1条评价,人均-,
小四川川菜馆,https://www.dianping.com/shop/l1hbR96vl3SSj9RE,4条评价,人均-,
成都饭店,https://www.dianping.com/shop/k2ZBSYF42DJqkFUo,,人均-,土豆烧排骨 绍子蒸蛋 干锅鸡
再回首饭馆,https://www.dianping.com/shop/k1lBBfiUNW1ard08,,人均-,炸酱面 锅贴 梅菜扣肉
8090音乐餐吧,https://www.dianping.com/shop/G9j3iT3nQQKJLYwX,,人均-,
木炭遇上肉(日喀则店),https://www.dianping.com/shop/H7NwQZ9HB2ap5mt7,,人均-,龙口粉丝 劲酒 豌豆尖
正宗兰州牛肉拉面,https://www.dianping.com/shop/l15dUZT5uHdYcIaj,,人均-,
伊香源手抓美食城,https://www.dianping.com/shop/k9HXA96UUgY8xhIA,4条评价,人均-,羊肉汤 尖椒鸡蛋 番茄炒蛋
兄弟小吃(江嘎中心路店),https://www.dianping.com/shop/G6TsTOTzU79OPsha,,人均-,
冒大仙冒菜(江嘎中心路店),https://www.dianping.com/shop/l108UpkPku0Hm7aC,,人均-,
曹记成都饭,https://www.dianping.com/shop/kaxHpFDPNdBqe6kC,1条评价,人均-,
正宗川菜馆,https://www.dianping.com/shop/k8RBun0dojJtZEnV,,人均-,
青氏烧烤,https://www.dianping.com/shop/H6RXvycoPnVqEPY3,,人均-,
定结老齐川菜,https://www.dianping.com/shop/iGAroOWf2xL4TD86,1条评价,人均-,白菜豆腐汤 虎皮青椒 青椒土豆丝
白螺藏餐,https://www.dianping.com/shop/k9ZLZCeDGX4m3W9u,,人均-,
小四川川菜馆,https://www.dianping.com/shop/l1hbR96vl3SSj9RE,4条评价,人均-,
香满楼饭庄,https://www.dianping.com/shop/G4b9R4MPaIgMiRrJ,1条评价,人均-,
8090音乐餐吧,https://www.dianping.com/shop/G9j3iT3nQQKJLYwX,,人均-,
成都饭店,https://www.dianping.com/shop/k2ZBSYF42DJqkFUo,,人均-,土豆烧排骨 绍子蒸蛋 干锅鸡
再回首饭馆,https://www.dianping.com/shop/k1lBBfiUNW1ard08,,人均-,炸酱面 锅贴 梅菜扣肉
伊香源手抓美食城,https://www.dianping.com/shop/k9HXA96UUgY8xhIA,4条评价,人均-,羊肉汤 尖椒鸡蛋 番茄炒蛋
兄弟小吃(江嘎中心路店),https://www.dianping.com/shop/G6TsTOTzU79OPsha,,人均-,
木炭遇上肉(日喀则店),https://www.dianping.com/shop/H7NwQZ9HB2ap5mt7,,人均-,龙口粉丝 劲酒 豌豆尖
正宗兰州牛肉拉面,https://www.dianping.com/shop/l15dUZT5uHdYcIaj,,人均-,
渝仟味火锅串串香,https://www.dianping.com/shop/k3QOtOZYxGJcPghM,2条评价,人均-,
小兔子,https://www.dianping.com/shop/l74mMQx72b8IhiGt,,人均-,
雪莲藏餐(江嘎中心路),https://www.dianping.com/shop/l5QlV6u4WeoZES33,,人均-,
