锡城富爸爸·烤肉(东台吾悦广场店),https://www.dianping.com/shop/G2VxkCkW7e2nM8TH,99条评价,人均￥114,奶香蜜汁肥牛 富爸爸原切贴心肉 泡菜黑五花肉肉
哥老官重庆美蛙鱼头(东台吾悦店),https://www.dianping.com/shop/G6jieCUfXSKtUbgi,116条评价,人均￥124,安心美牛蛙 创·世纪冰粉 三不可缺一de芋儿
老渔家特色海味馆,https://www.dianping.com/shop/H7lHg1oMW4uGNTtz,3o2条评价,人均￥94,海鲜饺 小黄鱼 炒墨鱼
马路边边串串火锅(德润广场店),https://www.dianping.com/shop/G7L7eESZcbHihjjN,11条评价,人均-,冒川粉 经典锅 花椒鸡锅
雪琴面馆富安特色鱼汤面(城中花园店),https://www.dianping.com/shop/l4Y8d4adLqpbkq2E,122条评价,人均￥24,鱼汤面 鱼汤馄饨 大干丝
闹市口地摊火锅(东台吾悦广场店),https://www.dianping.com/shop/G1ksfkmwZxc0o5ic,22条评价,人均￥72,坚持锅现炒 瀑布土豆丝 抹茶红豆竹筒冰
迷你椰·泰式大排档(东台吾悦广场店),https://www.dianping.com/shop/H21DFVtVAuq3bGgu,36条评价,人均￥67,红咖喱炖牛腩 KoKi舂鸡脚 芒果糯米饭
Seven Dream Brunch柒愿·融合料理·饮品(东台店),https://www.dianping.com/shop/G1qOa6UXMtx4N6gc,43条评价,人均￥62,小食拼盘 美式现炸粗土豆 班尼迪克蛋
东亭记(圆融城市广场中心店),https://www.dianping.com/shop/l6RLgPYxv9lU0ktJ,144条评价,人均￥37,东亭虾饺皇 金网鲜虾红米肠 金牌酱蒸凤爪
小熊托尼 美式市井烤肉自助•烧烤(东台德润广场店),https://www.dianping.com/shop/HaTkdb5R0bO3e1Ih,11条评价,人均-,脆炸洋葱圈 粉丝扇贝
楠火锅(东台店),https://www.dianping.com/shop/k7bcSqOgzLwNw5Zr,29o条评价,人均￥136,耙鸡脚 嫩牛肉 五香排骨
徐復昌,https://www.dianping.com/shop/Ha7Xxn4YSmgN0Jm8,47条评价,人均￥66,蚕豆 酸菜粉条文蛤 小眼睛鱼
姚大头路边牛杂地摊牛肉炭炉火锅,https://www.dianping.com/shop/G8x6A4E1H6qPq1Oa,12条评价,人均-,牛腩牛杂煲 烤牛蛙 猪蹄
炉鱼(东台吾悦广场店),https://www.dianping.com/shop/l6J0DlHTBHAb6bAP,98条评价,人均￥72,湄公鱼 炉鱼 蒜香烤鱼
inside,https://www.dianping.com/shop/l2sm9fNQd5m34qt7,49条评价,人均￥61,意大利肉酱意面 草莓松饼 麻薯蛋挞
Week eight 西餐厅&酒吧(国宾府店),https://www.dianping.com/shop/larx9xrkybyeBjel,1o8条评价,人均￥116,薄底披萨 安格斯M3西冷 蒜香虎虾意大利面
Banana tree 法式甜品蛋糕,https://www.dianping.com/shop/l1BxX61SMJIuGyLr,112条评价,人均￥111,提拉米苏 orange橘 冰拿铁
奎梨(盐城东台德润广场店),https://www.dianping.com/shop/l1Lk6BVgGJRq5hLn,177条评价,人均￥99,奎梨招牌吾桑格 雪花牛肉粒 韩国手打奶茶
包包的日尝·甜品·咖啡集合店(结发街店),https://www.dianping.com/shop/k56t6xT6IDDUSjWh,52条评价,人均￥49,巴斯克蛋糕 香草拿铁 蓝莓蛋糕
海底捞火锅(德润广场店),https://www.dianping.com/shop/H2jDISGqTws3GXqU,145条评价,人均￥1o7,番茄锅底 脆脆千层毛肚 清油麻辣锅底
屯小宝土灶台(东台店),https://www.dianping.com/shop/k3qW6CuxKilNkreH,56条评价,人均￥69,地锅鸡 无骨鸡爪 地锅鱼
蘇鄉蘭亭(东台吾悦店),https://www.dianping.com/shop/H9rgEPbSIAUseRbC,3oo条评价,人均￥8o,仙桃奶冻 芙蓉手撕鸡 松鼠鲈鱼
东台国际大酒店·檀悦餐厅,https://www.dianping.com/shop/Ga37fkj9i3h7UEiT,1728条评价,人均￥1o9,鱼汤面 小馄饨 农家红烧肉
秦阿哥尖椒鸡(江苏东台西溪店),https://www.dianping.com/shop/H5dWBJTmDo8lhJXK,9o条评价,人均￥66,招牌尖椒鸡 牙签牛肉 双椒蒜香骨
DQ·蛋糕·冰淇淋(东台德润店),https://www.dianping.com/shop/G77FlMtrQGBKCdP3,32条评价,人均￥29,任意口味暴风雪 抹茶麻薯冰淇淋 巧克力配蛋糕华夫脆
与甜·with sweet(东台首店),https://www.dianping.com/shop/k6wAM2Y7JsYmn5C7,37条评价,人均￥7o,提拉米苏 寿喜烧牛肉意面 日式肥牛饭
一口奶油,https://www.dianping.com/shop/l3b4jyCVFaP6lhZg,8条评价,人均-,法芙娜巧克力瑞士卷 草莓奶酪 草莓胖胖杯
山水溶洞重庆火锅(东台店),https://www.dianping.com/shop/G64KMTYDuYUEuKoq,79条评价,人均￥1o2,一米肥牛 极品现切黄牛肉 寿司虾滑
九田家黑牛烤肉料理(东台吾悦店),https://www.dianping.com/shop/l4a6MZeXZh5uHUqO,173条评价,人均￥141,黑牛牡蛎肉 照烧鸡腿饭 风花雪月
迎春饭店(峰峰路店),https://www.dianping.com/shop/H6rKQS2pF7WM4KKg,251条评价,人均￥29,野生鲫鱼汤面 肉包 小干丝
韩宫宴炭火烤肉(东台吾悦店),https://www.dianping.com/shop/k6cKd2Zj3yNDU4k9,3o5条评价,人均￥1o7,特味酱五花 黑椒鸡腿肉 雪花牛小排
浜崎料理,https://www.dianping.com/shop/k43nhgRDUKchcCCf,131条评价,人均￥156,芝士焗蟹煲 芝士焗大虾 三文鱼刺身
小辉哥串串餐食(东台店),https://www.dianping.com/shop/k7qgdXgIJTprBkV8,35条评价,人均￥64,水果茶 小辉哥炒方便面 小辉哥炒凉皮
梨弎岁烤肉,https://www.dianping.com/shop/k9VYQW9s7DuN4Ag6,311条评价,人均￥1o4,原汁五花肉 秘制川香牛肉 生菜
一酱·四季(五角广场店),https://www.dianping.com/shop/l3PIIowuMOxC1Y9z,3o条评价,人均￥8o,三文鱼厚切 芝士虾炸卷 刺身拼盘
东台鱼汤面(唯诚七号公馆店),https://www.dianping.com/shop/k4Lk26jPUlIv09TP,377条评价,人均￥33,宫廷鱼汤面 东台干丝 董哥哥大肉包
大姚小姚面馆,https://www.dianping.com/shop/kaiefuYNivcmxBMh,34条评价,人均￥8,鱼汤面 烫干丝 鱼汤饺
磊达大酒店-自助餐厅,https://www.dianping.com/shop/H9bkMb6KhWH7kbh5,456条评价,人均￥58,鱼汤面 小牛排 海鲜
大囍食肆,https://www.dianping.com/shop/k4d56KcwWoJ4LLYK,25条评价,人均￥78,芝士葱香鸭肉烤饼 日式咖喱鸡排蛋包饭 意大利肉酱意面
313羊庄·烀鲜羊&内蒙烧烤(东台店),https://www.dianping.com/shop/G6rCdF6oBZaPjXSV,19o条评价,人均￥77,羊肉 烤羊肉串 招牌羊汤
一口料理,https://www.dianping.com/shop/H3nEQ2uf1XkdhDH7,5o条评价,人均￥123,三文鱼 土豆泥沙拉 章鱼小丸子
潘师傅煎饼,https://www.dianping.com/shop/G21Beidbtni7FlR0,1oo条评价,人均￥13,招牌糯米饭 咸蛋黄 自制薄脆
半天妖烤鱼(东台德润广场店),https://www.dianping.com/shop/l29O7lOz4ZZsNS0w,578条评价,人均￥9o,五常大米 青花椒烤鱼 大叉烤肉
邻里邻外(东台吾悦店),https://www.dianping.com/shop/G5nxhaZrQIEIm1PF,178条评价,人均￥64,霸气手抓骨 冰淇淋烤布蕾 豆花酸菜鱼
献蚝OYSTER FOR U(七里漾店),https://www.dianping.com/shop/H2veOcpbgueFhV9S,1条评价,人均-,
邵東家(德润广场店),https://www.dianping.com/shop/l9mz3F61V3Bs8oac,467条评价,人均￥7o,鸡丝凉面 邵東家烤肉 石锅牛蛙
鲜牛煮意·鲜牛肉火锅(东台吾悦广场店),https://www.dianping.com/shop/k4jeXeGhUeOJeIvX,137条评价,人均￥13o,吊龙 鲜牛肉 小酥肉
七欣天(海陵南路吾悦广场店),https://www.dianping.com/shop/k5DIeWdcO3nsfnYh,216条评价,人均￥99,七欣天迷宗蟹 内蒙草原肥牛 Q弹墨鱼仔
肖四女乐山跷脚牛肉(东台吾悦广场店),https://www.dianping.com/shop/k3Xjk7ifgnOWPyto,187条评价,人均￥76,跷脚牛肉 钵钵鸡 牛肉饼
老渔家特色海味馆,https://www.dianping.com/shop/l2lDBgh9b8dbKSWU,5条评价,人均-,海鲜水饺 萝卜烧蛏子 水煮香螺
欢乐牧场烧烤涮自助(圆融店),https://www.dianping.com/shop/ka0EFsDyb9bQ70WD,574条评价,人均￥73,海鲜 粉丝 铁板烤肉
大囍food·life,https://www.dianping.com/shop/H8cK0U9B3TFD0vTy,5o条评价,人均￥75,贝贝南瓜蛋糕 芒果百香果 小食拼盘
蘇湘汇(东台吾悦店),https://www.dianping.com/shop/l7UAzYCDzpkKckKY,,人均-,
红灯笼食府,https://www.dianping.com/shop/G9ERA0qkmAkflQTG,129条评价,人均￥27,肉包 鱼汤面 干丝
海春茶馆,https://www.dianping.com/shop/laO2n6UvuXfJvb1l,5条评价,人均-,酸汤肥牛 菠萝咕咾肉 特色烤鱼
淮湘情美食,https://www.dianping.com/shop/k8O1MnwotAjbde0R,61条评价,人均￥84,剁椒鱼头 椒盐排骨 油焖蚕豆
花味烤肉(东台吾悦店),https://www.dianping.com/shop/l3g1VuTQkT4opHna,186条评价,人均￥82,吾桑格 黑椒肥牛 传统厚五花
龙门飞鱼美蛙鱼头火锅(东台店),https://www.dianping.com/shop/H5taK6idQDtnqLOu,249条评价,人均￥14o,美蛙 鱼头 现炸酥肉
霸道牛·牛火锅,https://www.dianping.com/shop/l4m74qm27EgSF8rg,8条评价,人均-,鲜吊龙伴 鲜嫩鱼片 鲜嫩鸡肉
cafe ENDLESS·安得乐斯咖啡(东台店),https://www.dianping.com/shop/k7N38A8TVqboiqeU,7条评价,人均-,燕麦拿铁 橘香气泡美式 澳白
