喀秋莎西餐厅,https://www.dianping.com/shop/l9Iy8FP4unhCncRn,21条评价,人均￥86,俄罗斯大肉串 黑椒牛肉意面 鱼肝籽
锦阳鳗鱼烤肉,https://www.dianping.com/shop/k6ZE6Mje3tM5JVij,1条评价,人均-,炭烤活鳗鱼 原味厚切五花肉 鳗鱼鲜活现杀
安得列俄罗斯大肉串(工联街店),https://www.dianping.com/shop/H6CnxrpnLeEfrtKr,15条评价,人均-,大肉串 俄式烤排骨 酸黄瓜
谭四特色菜馆,https://www.dianping.com/shop/GaHqk5vj9Y934XZD,1o条评价,人均-,溜肉段 炸虾仁 锅包肉
阿里郎韩式烤肉,https://www.dianping.com/shop/G8l6UtTKgLWd0WLX,3条评价,人均-,烤牛肉 泡菜饼 肥牛
老船长私房菜海鲜加工店,https://www.dianping.com/shop/l95cGMbx8b1Y7Ic2,5条评价,人均-,金蒜香菇爆秋葵 盐水黄蚬子 鱼香肉丝
海拉尔炭火羊腿,https://www.dianping.com/shop/k4dOefXxfCcuHwB5,4条评价,人均-,羊腰子 烤羊排 羊肉大串
小螺号蒸汽海鲜,https://www.dianping.com/shop/k3nqRx4QYHtUwz3s,,人均-,冰鲜三文鱼
龙丹老石寨筋头巴脑排骨锅(东宁店),https://www.dianping.com/shop/H87HwM7U5ss7uIDA,1条评价,人均-,筋头巴脑中锅 松花蛋豆腐 风味干豆腐丝
九色鹿冷饮厅,https://www.dianping.com/shop/l4wHzt8H14QqalHf,2条评价,人均-,冰治 牛奶冰淇淋 巧拌无骨鸡爪
三千里冷面,https://www.dianping.com/shop/G1OcmGuGlTEYcNtC,3条评价,人均-,
高丽园,https://www.dianping.com/shop/H2kUVWzsPR7xVEqO,3条评价,人均-,
有拈头成都市井火锅,https://www.dianping.com/shop/k94JZrdI1xHTFkOA,2条评价,人均-,
大刚汤饭,https://www.dianping.com/shop/l7CTIwIHxKnUCAOV,1条评价,人均-,
惠食佳粗粮骨头杀猪菜(鸡西大冷面店),https://www.dianping.com/shop/Elq5sopwTeXfjDRt,3条评价,人均-,
绮晟星期天火锅,https://www.dianping.com/shop/l7tzDYgoVnzfUuHo,1条评价,人均-,爆汁鱼丸 草原羔羊卷 美腹肥牛
丹东肥蚬子烤肉烧烤,https://www.dianping.com/shop/k4qBti9F4fabdfCv,6条评价,人均-,炭烤碟鱼头 康师傅面 羊肉串
绮晟九零后成都市井火锅·奶茶,https://www.dianping.com/shop/l8hwIDTCFzjtqfAI,26条评价,人均-,番茄锅 全辣锅 满杯杨梅果茶
汉阳汤饭冷面馆,https://www.dianping.com/shop/G7smurYkpr5p4Nh2,2条评价,人均-,拔丝山药 冷面 溜肝尖
玉江大盘鸡烤鱼,https://www.dianping.com/shop/l5kgqH9juRaNV2t8,,人均-,娃哈哈绿茶 娃哈哈冰红茶 怡宝矿泉水
红房子干锅鸭头,https://www.dianping.com/shop/l6lwYE9JiE6BaA2K,7条评价,人均￥49,精品鸭锅 鸭头 锅包肉
夏家菜馆,https://www.dianping.com/shop/k2OEMd63brChB67E,11条评价,人均-,夏式圆笼包 吊烧肉 南煎丸子
峻祥园蝲蛄豆腐特味鱼,https://www.dianping.com/shop/k2ac5o55vWFc94IG,1条评价,人均-,小河鱼 马板肠 喇咕豆腐
小炭炉韩式烤肉,https://www.dianping.com/shop/H8RZ7m8CWYIW3i6x,11条评价,人均-,韩肠 年糕火锅 五花肉
金祥瑞北京炙子烤肉,https://www.dianping.com/shop/k9czCsO8r9rRPTE8,1o条评价,人均-,黑椒牛柳 牛仔骨 泡菜
春仙小吃,https://www.dianping.com/shop/l5lGbGWkFSKXIO25,18条评价,人均-,锅包肉 溜肉片 特色拌冷面
大嫂铁锅炖鸡西辣菜,https://www.dianping.com/shop/k5yWQg0deVHqDpyN,4条评价,人均￥66,花卷 粉条 凉拌土豆丝
韩村炸酱面,https://www.dianping.com/shop/H9tpjR3QW1RKBAqL,1条评价,人均-,韩式肥牛拌饭 韩式烤肉拌饭 炸酱面
中国兰州牛肉拉面(东宁店),https://www.dianping.com/shop/l6dTEkzwpfSX5DM2,1条评价,人均￥23,鸡蛋炒饭 牛肉刀削面 牛肉炸酱面
川麻婆泥锅涮肚(兴阳街店),https://www.dianping.com/shop/k3Kb9OxhzbQ4y4jI,2条评价,人均-,大红星 小红星 奔楼头小烧
东宁市遇见比萨店,https://www.dianping.com/shop/G7ZVwoyzmaKPL3Ka,,人均-,招牌披萨 韩式烤肉 小烤肠
赵家一品烧烤大冷面,https://www.dianping.com/shop/l9SdkRKK0y6SGanp,,人均-,一品大冷面 面包片 康师傅牛肉面
余记小面,https://www.dianping.com/shop/G904sog1vCsGBSoL,1条评价,人均-,
和记馅饼中式快捷快餐,https://www.dianping.com/shop/G2gpWYJrSu5fGEWN,3条评价,人均-,猪肉馅饼 韭菜鸡蛋馅饼 南瓜粥
大力士牛冰淇淋(西山路店),https://www.dianping.com/shop/G9zsqLYkkzej7UC6,2条评价,人均-,葡萄圣代 草莓圣代 菠萝圣代
双汇冷鲜肉,https://www.dianping.com/shop/ECHz0GZ63ELXjQA6,,人均-,
对酒扒虾(东宁店),https://www.dianping.com/shop/G3hNvjWBdmkpFrsX,,人均-,辣炒小人仙 素拍黄瓜 鸡爪
兴兴烧烤(建政街店),https://www.dianping.com/shop/l4JkDGYwsUYQct2i,1条评价,人均-,鸡胗 羊肉串
土耳其烤肉夹馍(繁荣街店),https://www.dianping.com/shop/l4RKS19isgxbfEVv,32条评价,人均￥1o,经典烤肉拌饭 土耳其烤肉夹馍 鸡汤馄饨
老北京铜锅涮肉(汇功世纪城店),https://www.dianping.com/shop/k6vcuyUy9YaSZUPc,,人均-,
流奶与蜜(芬河雅居店),https://www.dianping.com/shop/l3SfrB4m1kkZVkEw,,人均-,桂花乌龙茶 西瓜绵绵奶盖 白桃乌龙茶
食鸭记,https://www.dianping.com/shop/l5hINaf5zTikVxvC,2条评价,人均-,北京烤鸭整 雪碧听装 两盒鸭肉
青山酒家,https://www.dianping.com/shop/G8cb6CE5GW3BVDfz,2条评价,人均-,
邻家果园,https://www.dianping.com/shop/FJeiDHUIZvIK19la,,人均-,龙须酥 黄油桃 黄柿子
海捞徳火锅(绥阳店),https://www.dianping.com/shop/EJRdyOr8EHh7SeXO,1o条评价,人均-,海带牙 自制土豆粉 现场手切当地鲜羊肉
龙门果蔬超市,https://www.dianping.com/shop/k4Ie3I3oJQ1Zaf66,1条评价,人均-,水晶梨
健晟星期天(东宁店),https://www.dianping.com/shop/G2PRRHD2Rqv68UZh,3条评价,人均￥63,高钙羊肉 山药 虾滑
名厨金翅饺,https://www.dianping.com/shop/G2XFGtaGbUKCYumz,7条评价,人均-,水煮肉片 家常凉菜 水煮鱼
胡同里五毛撸传统烧烤,https://www.dianping.com/shop/l2PfUgPDorrBlj3G,,人均-,黑椒牛肉串 羊肉串 软板筋
米莊拌饭馆,https://www.dianping.com/shop/k7HV0fOZnwu7w83c,,人均-,金枪鱼拌饭 火辣鸡爪 鲜族小吃
锦州特味烧烤,https://www.dianping.com/shop/H5ID6e8isitzuTch,2条评价,人均-,烤猪肉串 蒜香小龙虾 鱿鱼脆
赫氏牛肉汤饭,https://www.dianping.com/shop/H46lMBfkq1q1giu2,,人均-,辣炒豆芽 辣牛肉汤饭 辣白菜土豆片
老万砂锅,https://www.dianping.com/shop/l5AHmukdAwEdzOam,,人均-,排骨小白菜 海带豆腐 冬瓜虾仁
牛鲜生烤肉坊,https://www.dianping.com/shop/k766WmMYzHDLDC8f,,人均-,
让鸭脑壳飞,https://www.dianping.com/shop/H5CnmUf0XwuWzhrq,,人均-,热卤鸭腿 热卤土豆片 热卤肥羊粉
新萝园汤饭,https://www.dianping.com/shop/H7wHbWLuXX3eGQeC,,人均-,
京味火锅(二店),https://www.dianping.com/shop/l4kJC1fKjfnkslza,1条评价,人均-,
欧尼拌饭屋,https://www.dianping.com/shop/G6IyOp2T9d05AVVX,,人均-,
祥源锅烙王,https://www.dianping.com/shop/k66Ky1TsgFZRMftC,1条评价,人均-,
刘炭长牛烧大块烤肉(东宁店),https://www.dianping.com/shop/k9hqzdbFV7l8fJNO,,人均-,
