钱家腥气饭店,https://www.dianping.com/shop/G6qbw8acTiKDWM2z,9条评价,人均-,牛肉汤锅 舂鸡 爆炒鸡胗
华佳饭店(桂峰路店),https://www.dianping.com/shop/H9FRPNI2X4Id4fJV,7条评价,人均-,辣子鸡
鸽宴饭庄,https://www.dianping.com/shop/H5hANiBc2H6jyqRi,5条评价,人均-,炒土鸡蛋 炝炒空心菜 乳鸽稀饭
乡村柴房（鏄嗙(昆磨高速店),https://www.dianping.com/shop/k2p5qqwg1NyWjofM,9条评价,人均￥66,酸菜鱼 水煮肉片 柴火鸡
恋一锅鸭爪爪(峨山店),https://www.dianping.com/shop/G9ByZVQm3uaoscPu,33条评价,人均-,鸭恋虾锅底 鸭爪爪中翅经典Hi锅 毛肚
阿福好运大酒楼,https://www.dianping.com/shop/k9AUZzMhDkwc6pqD,,人均-,酸汤肥牛 红豆焗鲍鱼
茂龙壮家小黄牛,https://www.dianping.com/shop/G82gyFWmvDbs1BtT,1条评价,人均-,干巴洋芋丝炒饭 干锅牛肉单 正宗曲靖沾益无骨辣子鸡
蒙自带皮小黄牛肉米线,https://www.dianping.com/shop/G63A55ZtQkZn5KDW,1条评价,人均-,清汤牛杂米线 红烧牛肉米线 清汤牛肉米线
鱼咚家老坛酸菜鱼火锅店(峨山店),https://www.dianping.com/shop/H20z9XGjEEHyrjv6,36条评价,人均-,外婆家招牌酸汤 红糖糍粑 招牌金汤
师达牛肉汤锅饭店,https://www.dianping.com/shop/H3HvHqmXE7aDwqjW,1条评价,人均-,清汤牛肉火锅 火烧手撕干巴 自腌干巴
清真回印阁小火锅,https://www.dianping.com/shop/H2XcTVd3tzSFYg5n,8条评价,人均￥42,回锅牛肉盖浇饭 牛肉小米辣炒饭 番茄鸡蛋盖浇饭
清真特色小吃,https://www.dianping.com/shop/iHrlxn6qnGiR1vL1,2条评价,人均-,牛肉米线 炒饵丝 腌菜牛肉炒饭
正宗化念烤鹅店,https://www.dianping.com/shop/FUgCiAkpSLNqkAja,3条评价,人均-,烤鸭
峨山鑫鸿饭庄,https://www.dianping.com/shop/k2wnnrvV8KzgTuy3,29条评价,人均￥135,野生菌 舂鸡 香酥鸡纵
云南哈彝风味饭店,https://www.dianping.com/shop/H6FCogpKspmXRsx6,3条评价,人均-,老奶洋芋 白菜猪脚 小米辣炒罗非鱼
坡脚食为天开心饭店,https://www.dianping.com/shop/k3kRKXa6XL5YePNX,7条评价,人均-,炒大肠 坡脚杂菜 小茴香汤
大咖小啡咖啡馆(峨山店),https://www.dianping.com/shop/k3wQS0QmZCYQ20t2,3条评价,人均-,香水泰绿柠檬茶 美式咖啡 美式薯条
小奚老坛酸菜牛肉,https://www.dianping.com/shop/H2RzTCMIvVCBAZon,8条评价,人均-,鲜切嫩牛肉 芹菜 金针菇
川魂冒牌货冒菜(嶍峨时代广场店),https://www.dianping.com/shop/GaWMjQ8lZ6sRJpL0,14条评价,人均-,花园嫩牛肉 酥肉 鹌鹑蛋
开恒羊肉馆,https://www.dianping.com/shop/k1wfZEkO50pH5g8Q,1条评价,人均-,清汤羊肉 炒羊肝
鑫源饭庄(桂峰路店),https://www.dianping.com/shop/l8rrV6S6oADOqYtW,12条评价,人均￥37,小捶干巴 蚕豆炒肉片 凉拌耳丝
贵州烤肉,https://www.dianping.com/shop/G3bNE5a9h9YjUQCu,,人均-,牛膘 油炸人工菌 大红枣李子园
赵记舂鸡,https://www.dianping.com/shop/H94R4UxXHrUkEVPy,8条评价,人均-,赵记舂鸡 特色舂鸡 辣子炒肉
昭通天麻竹荪火腿鸡(峨山分店),https://www.dianping.com/shop/l56H3HwNvZ6UBGdW,1条评价,人均-,
昭通天麻羊肉米线(峨山分店),https://www.dianping.com/shop/H2jj2X6d8wk0lwoi,3条评价,人均-,羊肉米线 羊肉卷粉 卤蛋
川妹羊肉馆,https://www.dianping.com/shop/ErZWoeVQh0r1FLb9,1条评价,人均-,天麻药膳羊肉锅 手撕羊小腿 烤全羊
建水兄弟鸡脚王,https://www.dianping.com/shop/G43BY8cYwISHQJAu,1条评价,人均-,麻辣小龙虾 香辣蟹 炒田螺
永昌农家大院,https://www.dianping.com/shop/G9qlKP38zlT53LZS,1条评价,人均-,
能人居,https://www.dianping.com/shop/FpWTbiI336q0pc2L,,人均-,
榕汐玥自助火锅,https://www.dianping.com/shop/H5QsHpbjYlNBgNtt,,人均-,金针菇 粉丝 洋芋
峨山县大龙潭阿萍黄牛肉汤锅,https://www.dianping.com/shop/H3hqvZDqzqep3Grj,3条评价,人均-,红烧牛肉 猪肉小炒 小炒牛肉
四川风味(老街店),https://www.dianping.com/shop/l8sDzUPISOirgSft,1条评价,人均-,猪脆骨 粉肠 鸡翅中
峨山食全酒美(桂峰路店),https://www.dianping.com/shop/HaKn5G9Fwe0frbkB,1条评价,人均-,酸豆角炒肉 萝卜排骨汤 炒毛奶洋芋
老房子饭庄,https://www.dianping.com/shop/k6XPlIa7vT4u2vDM,,人均-,
张记木桶鱼(峨山店),https://www.dianping.com/shop/FFweL2PAzP9P9U4g,,人均-,清香木桶鱼 木桶酸菜鱼
尚香纸包鱼,https://www.dianping.com/shop/k4lbsLJrmzJCnIDT,,人均-,果汁 番茄炒蛋汤 生菜
老房屋饭店,https://www.dianping.com/shop/l5XlWyP8ucafaMA1,2条评价,人均-,麻婆豆腐 麻辣鱼
峨山隐贤山庄,https://www.dianping.com/shop/H3rHrtT9UE5yVavk,5条评价,人均-,青菜汤 烤羊腿 柠檬鸡
相聚红高粱饭店,https://www.dianping.com/shop/k8yoZ90yZu4QDiwv,1条评价,人均-,烤鹅 小街舂鸡
保山凤溪生态驴肉馆,https://www.dianping.com/shop/l6hCoajot3byHSY6,,人均-,
三大碗,https://www.dianping.com/shop/l3oRD00gWxg3Y6Dg,,人均-,
麦乐基(峨山店),https://www.dianping.com/shop/G1mJ99CJ45GHrQNb,68条评价,人均-,黑椒牛肉披萨 冰淇淋 辣子鸡丁饭
Today今天(峨山店),https://www.dianping.com/shop/H4WKb7pNLt8P2JBX,2条评价,人均-,至尊七虾堡 魔法鸡块 水果之恋披萨
乡下饭店,https://www.dianping.com/shop/l3pkedoG0wWSw49R,1条评价,人均-,本地善鱼 春鸡
清真蜀香串串火锅,https://www.dianping.com/shop/G3ZS72GQI1TwQRXN,17条评价,人均-,石屏臭豆腐 鲜千层毛肚 香菜牛肉
本地风味,https://www.dianping.com/shop/iiWufE4ta17wj5Jh,5条评价,人均-,牛干巴 油炸肥肠 茄子煲鱼
蛙状元(美蛙鱼头峨山店),https://www.dianping.com/shop/G43Sxk1d2nGFcVeZ,,人均-,南瓜饼 嫩毛肚 生菜
三餐四季,https://www.dianping.com/shop/HaxdPsQMxDUPymQS,1条评价,人均-,干巴洋芋丝炒饭 炒方便面 芹菜猪肉炒饭
老房老舍正宗传统火锅(峨山店),https://www.dianping.com/shop/k2Odk5RBYppdns2W,14条评价,人均-,无骨鸭掌 牛牛小聚 泰国糍耙
小斌小吃店(彩虹桥头店),https://www.dianping.com/shop/k8bUeNEQ99UDSejz,,人均-,牛肉帽米线 小锅米线 焖肉帽米线
青三农家饭庄,https://www.dianping.com/shop/G5I1li0PDJlbUzVO,1条评价,人均-,
米诺花园,https://www.dianping.com/shop/H7IFCadJnSwJBpqb,3条评价,人均-,
大灯烧烤,https://www.dianping.com/shop/hEzREteBJAgDSzf6,2条评价,人均-,
QJ老挝咖啡,https://www.dianping.com/shop/H5bncbugeg9DbKES,,人均-,
鱼都饭店,https://www.dianping.com/shop/k6mT83Xxj4nheE0h,12条评价,人均￥25,
老街称盘麻辣烫,https://www.dianping.com/shop/iN6TEyVsTOajdL91,,人均-,
峨山县二老板饭店,https://www.dianping.com/shop/l8slHtxy0BpvNp1d,1条评价,人均-,
牛太牛涮烤牛肉主题餐厅(峨山店),https://www.dianping.com/shop/H1IiHtEOXIwxM0fy,11条评价,人均-,
清真悦梦快餐店,https://www.dianping.com/shop/G9Cu0jDSDAZ4P4Sj,,人均-,
杨大姐二楼卤串火锅,https://www.dianping.com/shop/k1QNqTCWCwrcFpgA,1条评价,人均-,
