格日勒蒙餐,https://www.dianping.com/shop/H2aXiXKLHtDSlQMl,936条评价,人均￥97,奶茶 手抓肉 锅茶（小）
寻味蒙餐,https://www.dianping.com/shop/l3grkNc79O5cn7Qj,31条评价,人均￥78,麻叶 锅茶 牛窝骨
喜来顺(悦合店),https://www.dianping.com/shop/H5UWd6OznfMhFgfS,16o条评价,人均￥1o7,小料 涮肉 澳洲雪花牛肉
灶座小锅烀饼,https://www.dianping.com/shop/H7ljefF2LwW4y7Ww,13条评价,人均-,特色排骨烀饼锅 牛排烀饼锅 农家笨鸡烀饼锅
冰煮羊(多伦店),https://www.dianping.com/shop/G958OfnancHw75yj,3条评价,人均-,
九田家黑牛烤肉料理(多伦龙泽店),https://www.dianping.com/shop/k1zEGBFMix1kmUb0,15条评价,人均-,照烧鸡腿饭 黑牛牡蛎肉 锡盟羊排
狼部落,https://www.dianping.com/shop/H6vMxVYWyAkZB4iR,11条评价,人均-,狼部落原生态烤全羊 烤大串 鞭宝锅
喜来顺经典涮肉坊(会盟大街店),https://www.dianping.com/shop/G8Aao3f2NIOxtdog,218条评价,人均￥118,羊肉 金牌肋腹肉 澳洲肥牛
斡尔多蒙餐店,https://www.dianping.com/shop/ka1SoJyPBsS3G0ZY,231条评价,人均￥5o,手把肉 奶茶 大锅茶
德克士(多伦店),https://www.dianping.com/shop/Ha2rz2AqdK36Jg26,21条评价,人均￥36,超级鸡腿堡 咔滋脆皮手枪腿 椰香咖喱鸡腿饭
麦趣尔西餐厅蛋糕屋(府前街店),https://www.dianping.com/shop/l4xXSghzEJw0APLS,8条评价,人均-,脏脏蛋糕 新奥尔良烤翅 咖啡拿铁
欢聚一堂餐饮,https://www.dianping.com/shop/l3Eu0L6RTEAPJajM,21条评价,人均￥67,烤鸭酱 糖醋鸡柳 脆皮炸酸奶
福满楼灶台鸡灶台鱼,https://www.dianping.com/shop/G42ZGYGScPvR7pVa,2条评价,人均-,多伦湖野生鱼
好声音烧烤城,https://www.dianping.com/shop/l1EtPFNmT2XyBfFa,5条评价,人均-,大羊腿 自制酸奶 明太鱼
三米粥铺(多伦店),https://www.dianping.com/shop/H71rIiKW6jdiwqks,,人均-,虾仁干贝粥 红糖红枣发糕 黄金芝麻鸡柳
0479海鲜烧烤,https://www.dianping.com/shop/H9Uk5DSMibYHWZQX,1条评价,人均-,海螺丝 麻辣扇贝 辣炒牛蛙
艾啃羊棒骨,https://www.dianping.com/shop/k2RkuZ84iw21EkFT,3条评价,人均-,羊棒骨 羊蹄 羊拐筋
牧羊客火锅(多伦店),https://www.dianping.com/shop/k9y9o1rbHqSH93MT,41条评价,人均￥1oo,羊肉 毛肚 沙葱
东盛斋莜面馆(二分店),https://www.dianping.com/shop/GalOIZJgXNxEZDJ8,3条评价,人均-,烧茄子 哈拉海炖土豆 红烧鲫鱼
黄泥烧鸽子(上都路店),https://www.dianping.com/shop/l9C0QzOo1ilZM0lQ,7条评价,人均￥85,原味烧鸽子 干烤馒头片 黄泥烧鸽子
木火炖鱼一锅鲜,https://www.dianping.com/shop/k3qsCrmJf6aInwwY,52条评价,人均￥52,多伦湖野生鲤鱼 贴饼子 自制的土豆粉
小拜年,https://www.dianping.com/shop/G4ESWybpeBgiW7ip,1条评价,人均-,梅菜扣肉 小馅饼 疙瘩汤
小牛章鱼水煎肉,https://www.dianping.com/shop/l5CpOGSYIBtuBTkN,,人均-,辛拉面 什锦炒饭 炸小油条
老白全羊·铜锅涮肉羊蝎子·棒骨,https://www.dianping.com/shop/j5o6Nh0g5kzCYejh,78条评价,人均￥6o,羊蝎肉 相间肥牛 涮肉
一口猪东北粗粮杀猪菜木火铁锅炖(龙泽湖路店),https://www.dianping.com/shop/H6V7rYb3xNmWXmPz,2条评价,人均-,猪排骨锅 贴饼子 土豆
酸小七(内蒙古店),https://www.dianping.com/shop/FcNcRUcwOxYurvIm,1条评价,人均-,
厨艺小灶,https://www.dianping.com/shop/HadLopWbI7wjVcmg,38条评价,人均￥16,
蒙格勒蒙餐酒店,https://www.dianping.com/shop/G2QLdNLCRu5k1czy,2条评价,人均-,
广源火烤牛肉干,https://www.dianping.com/shop/i3AstWIvWwuAzaas,87条评价,人均￥198,
喜运来蛋糕面包世界,https://www.dianping.com/shop/l1CPNdh6rGrMON1O,3条评价,人均-,
阿斯尔金帐蒙餐,https://www.dianping.com/shop/H6ESeQoTBfZGUPBU,6条评价,人均-,手把肉 爆炒羊杂 锅茶
龙栖湾印象餐厅,https://www.dianping.com/shop/l9xK3quvQKrR6kH9,,人均-,
香万福,https://www.dianping.com/shop/G5GBBdrDU2iUbTAf,3条评价,人均-,香菇板栗烧山药 西芹炒虾仁 鱼香肉丝
小萌羊涮坊,https://www.dianping.com/shop/k69phi8QZ5a0C36V,229条评价,人均￥71,苏尼特羔羊肉 A级上脑肥牛 鸳鸯锅
妈妈菜坊,https://www.dianping.com/shop/G3zGgbS3iv6bX7av,5条评价,人均-,传统锅包肉 香拌鸡蛋干 石锅豆腐
大榆树饭庄,https://www.dianping.com/shop/H7phqTcYx2plPZBE,9条评价,人均-,手把羊 血肠 肉肠
蜜雪冰城(多伦店),https://www.dianping.com/shop/iMscpYhUHnRB0yLR,1条评价,人均-,草莓雪王大圣代 红豆 黑糖珍珠大圣代
御尚花仟骨,https://www.dianping.com/shop/ka80VookTidx3TKX,61条评价,人均￥6o,酱骨 吊起来的茄子 烤排骨
甜啦啦(多伦二中店),https://www.dianping.com/shop/l9RofVQaRynPNJ06,4条评价,人均-,无敌全套奶茶 水蜜桃晶丸子 柠檬水
陈二饭店,https://www.dianping.com/shop/l6lcBotvlkamiUIR,3条评价,人均-,葱爆羊肉 羊肉面
古城骆驼肉饼,https://www.dianping.com/shop/l6FMQIuyMQrt4bh3,8条评价,人均-,骆驼肉饼 骆驼里脊肉 蒜烧骆驼肚丝
阿卜都烧麦,https://www.dianping.com/shop/G2YdTRt4G9K3N8oM,8条评价,人均-,羊肉手切烧卖 豆腐粉条汤 尖椒豆皮
知味家宴,https://www.dianping.com/shop/H4jqvlSIUOmSG276,2条评价,人均-,炒莜面 干炸黄花鱼 宫爆鸡丁
粥公粥婆,https://www.dianping.com/shop/H6pqXPJfXEAnNHfh,3条评价,人均-,皮蛋瘦肉粥 小米金瓜粥 炸小黄鱼
杨铭宇黄焖鸡米饭,https://www.dianping.com/shop/k16ko9wsMbuyhMcn,1条评价,人均-,本店特色黄焖鸡 招牌黄焖鸡 招牌豆皮
宜家乡味,https://www.dianping.com/shop/k2Vao60opLBDoLnc,,人均-,家常炖黄金鲤 大鹏青菜
王金山饭店,https://www.dianping.com/shop/G9sY3GAoaFKzR5pt,6条评价,人均-,红烧牛尾 烧茄子 芥菜缨炖豆腐
锦一味烧烤涮,https://www.dianping.com/shop/k8xJpPhexBUnjiTN,7条评价,人均-,散养乌鸡肉卷 火焰山炸酥肉 黑糖豆花
刚刚烧烤城,https://www.dianping.com/shop/H8KlOKMy7sDNbCUL,6条评价,人均-,热销羊肉串 烤鸡爪 炭烤整鱿鱼
醒狮沙龙,https://www.dianping.com/shop/H7vN6AbqybFO53WM,8条评价,人均-,清蒸鱼 拌葫芦丝 葱爆羊肉
十贰咖啡,https://www.dianping.com/shop/l39G4l2lOkSkJBiw,,人均-,樱桃奶昔 蓝莓奶昔 水蜜桃奶昔
嘉客来餐馆,https://www.dianping.com/shop/G6KXE7db4ysGcWIJ,,人均-,炒饼 宫保鸡丁 葱爆羊肉
马有礼骆驼肉饼,https://www.dianping.com/shop/k3GLDFxAcTEOid4y,24条评价,人均￥56,驼肉饼 拌莜面 锅茶
传统铁锅焖面,https://www.dianping.com/shop/l4NIDuelxCR5X6ZC,1o7条评价,人均￥36,单人焖面 巴盟烩菜 自拼小凉菜
金钱豹烧烤城(龙泽湖路店),https://www.dianping.com/shop/G5aQDaF9sgctaxqx,6条评价,人均-,羊腿 烤方便面 奥尔良烤翅
碗碗香快餐,https://www.dianping.com/shop/l2hgQOo5XwJw7Sk8,2条评价,人均-,
旮旯碳火烤肉,https://www.dianping.com/shop/H7DfKJCLHSV7dEn3,,人均-,
何姐莜面馆,https://www.dianping.com/shop/l5yHVIhlCgTwa22N,1条评价,人均-,
老城食光饭店,https://www.dianping.com/shop/H5CAYLU7QgaR4fmG,,人均-,
金库音乐烤吧,https://www.dianping.com/shop/l6qQK3oEKNbVxNUd,,人均-,
