满氏爆炒牛肉,https://www.dianping.com/shop/k2aawp47zvJLwIzK,5条评价,人均-,爆炒牛肉 腌猪肉烩小白菜 水煮肉片
名羊天下(西鄂尔多斯街店),https://www.dianping.com/shop/G9NrhYWiOT7vBogA,5条评价,人均-,炖羊肉 娃娃菜 小酥肉
九田家黑牛烤肉料理(棋盘井店),https://www.dianping.com/shop/H2lFaxtRrxRFBno2,34条评价,人均-,谷饲黑牛肋条 风花雪月 照烧鸡腿饭
珍爵丛林狼酱骨头(棋盘井店),https://www.dianping.com/shop/k4q1daIRfsFQXoM2,18条评价,人均￥44,酱骨头 麻辣精选酱骨 五香酱骨
建建川菜(棋盘井东街店),https://www.dianping.com/shop/laebZszcONjc0Snp,1条评价,人均-,新疆大盘鸡 尖椒肉丝盖浇饭 香辣鱼
欢乐牧场,https://www.dianping.com/shop/G81UXW0iMlS1kIsW,6条评价,人均-,
老四川平价川菜,https://www.dianping.com/shop/l9bHcQEBKpALxGO0,1条评价,人均-,辣子鸡丁盖浇饭 莴笋肉片 洋葱拌木耳
毛毛音乐烧烤餐厅,https://www.dianping.com/shop/l8L4NHrySw5szjNe,1条评价,人均-,羊肉串 烤鸡翅 烤馒头片
兰州老马牛肉面(宏达路店),https://www.dianping.com/shop/H7gUTFIrDptXRhlC,3条评价,人均-,红烧鸡块盖面 牛肉面 新疆大盘鸡
小红牛特色牛肉馆(天誉天城店),https://www.dianping.com/shop/H9sKX6my2pzEG5m1,,人均-,
牛九水浒烤肉内蒙古总店,https://www.dianping.com/shop/k50u2RxY432TTNx3,3条评价,人均-,炒方便面 武大郎烧饼 锡纸麻辣牛肉
花茗里火锅餐厅,https://www.dianping.com/shop/G8NuMGMiUcu1fCvk,1条评价,人均-,羔羊 鸭肠 鲜羊肉
尚吾家蒜瓣鱼(鄂托克店),https://www.dianping.com/shop/l3KYo84wH00vMGWO,1o条评价,人均￥59,蒜瓣鱼 干炸鲜菇 素盒子
藏牦牛额吉火锅,https://www.dianping.com/shop/G5w4XZ6qKsCUSrhU,2条评价,人均-,牛羊全拼 北京烤鸭
姚丽饭店,https://www.dianping.com/shop/G2NoMzGTxqRT5MGR,,人均-,玉米粥 小米粥 素包
回乡餐厅,https://www.dianping.com/shop/G2wJqPTHSHDOPdk2,1条评价,人均-,清炖羊肉 炒烩肉 大盘鸡
秀花羊头店,https://www.dianping.com/shop/G9WH3BYRNQxGlrou,,人均-,爆炒羊头 羊蹄 铁锅炖羊肉
宋海清羊肉店,https://www.dianping.com/shop/H8OZowl5DHGqgeuA,2条评价,人均-,
德克士(棋盘井店),https://www.dianping.com/shop/G9aJwBCPfarg2ddi,172条评价,人均￥5o,超级鸡腿堡 照烧鸡腿饭单人餐 孜然鸡柳
乡村大妈美食村,https://www.dianping.com/shop/H9PrTPrgloa9JTSr,1条评价,人均-,鱼香肉丝 猪骨头烩酸菜 五花肉铁锅焖面
满氏西北人家,https://www.dianping.com/shop/H5fjZzJPy7ey7zMZ,2条评价,人均-,
伟记四川饭店(乌兰镇店),https://www.dianping.com/shop/k6FyTJo6EerLIhTC,7条评价,人均-,
华莱士·全鸡汉堡(鄂托克旗店),https://www.dianping.com/shop/G621TBm0UmJhEam9,1条评价,人均-,
大团圆小炒肉饺子馆,https://www.dianping.com/shop/k3fijEfwfz7eQliI,,人均-,
味道好烧烤城,https://www.dianping.com/shop/EW4rRXU4KA4KxHca,2条评价,人均-,
源禾音乐餐吧,https://www.dianping.com/shop/FDSTWqZM1ulSfhUG,,人均-,
麦尚烘焙,https://www.dianping.com/shop/H7JHxNu1WpP3Uine,195条评价,人均￥38,
聚满楼饭店,https://www.dianping.com/shop/kaz4OVNXeWMdY0Iy,,人均-,
养生鼎·鲍汁捞饭·燕窝·鱼翅(鄂尔多斯店),https://www.dianping.com/shop/G37ByA6ps47nCs4h,,人均-,
马师傅农家餐馆,https://www.dianping.com/shop/H8CZTnG3WPq1ps9U,,人均-,
夜猫夜宵,https://www.dianping.com/shop/H9LnkIl5k0KeW0Ro,,人均-,
辣婆婆麻辣烫,https://www.dianping.com/shop/HajO2145tAF1Dzk3,1条评价,人均-,燕面揉揉 麻辣饺 啤酒
四川饭店(棋盘井店),https://www.dianping.com/shop/F4ouIiWgU5X7GeiP,1条评价,人均-,鱼香肉丝盖浇饭 干煸土豆片。 香菇肉片盖浇饭
惠乐多蛋糕屋,https://www.dianping.com/shop/H4H1eUuhkFEFwDuv,,人均-,
家之味早餐店,https://www.dianping.com/shop/H7GQ2p5677upuqs4,,人均-,素包 地软包 肉包
真好味烩菜馆,https://www.dianping.com/shop/l1vj4D9MX7vtXWSM,,人均-,干炸鲜蘑 干炸五花肉 鸡蛋泡泡
杨妈火锅,https://www.dianping.com/shop/GaoyMugL78GIr5bE,6条评价,人均-,杨妈火锅 凤爪虾大锅 番茄炒鸡蛋
阿阳宫兰州往事私房牛肉面,https://www.dianping.com/shop/k2l3SfEupWntZcW1,2条评价,人均-,牛肉拉面 番茄鸡蛋拌面 酸菜牛肉面
川阿婆水煮鱼麻辣香锅,https://www.dianping.com/shop/hfJiJO9PO1TqhYJh,,人均-,炒油麦菜 水煮鱼 肉炒豆腐
开口笑饺子馆(乌珠尔路店),https://www.dianping.com/shop/G2dqpts0GXJxPqH7,,人均-,鱼香肉丝 韭菜豆芽 猪肉韭菜水饺
狼诱惑川菜坊,https://www.dianping.com/shop/G2H87CYSSYDexzFF,1条评价,人均-,麻辣酱骨头 酸菜龙利鱼 辣子鸡丁
团圆果蔬,https://www.dianping.com/shop/G4XWzOMkwhPqO4Al,,人均-,
定边换霞麻辣烫,https://www.dianping.com/shop/k9qMRpKzxoOWSftL,1条评价,人均-,麻辣烫 烫菜 麻辣饺
肖记熟食店,https://www.dianping.com/shop/l3msjqDZmws8mBmM,1条评价,人均-,
一品鲜爆炒牛肉,https://www.dianping.com/shop/l9NK2AqZTn2siOCA,6条评价,人均-,牛大骨头 爆炒牛肉 排骨焖面
锅圈食汇火锅烧烤食材(棋盘井镇店),https://www.dianping.com/shop/k9rACc82im8fj6Np,,人均-,
明珠品湘阁,https://www.dianping.com/shop/Ga9EYw1krH1voJhc,,人均-,小炒黄牛肉 过油肉土豆片 萝卜干炒腊肉
肥羊爱上大嘴鱼,https://www.dianping.com/shop/k7i40yT3nKcUPHEv,1条评价,人均-,丽江黑鸡爪 花仁菠菜 土豆泥拌莜面
煮饺先生东北菜,https://www.dianping.com/shop/l355UvHZQg50cFVk,1条评价,人均-,溜肥肠 辣爆鱿鱼 毛血旺
川味香(富康街店),https://www.dianping.com/shop/laG9fGr03k0svXC6,,人均-,酸菜粉条 尖椒肉丝盖浇饭 酸辣土豆丝
乡村牛大骨烩菜,https://www.dianping.com/shop/H5So5OYGBPj6vN9z,,人均-,
茶姐海鲜楼,https://www.dianping.com/shop/EoUMeJYoR0rFNr3J,,人均-,辣爆蛏子 酱肘花 香芹白玉菇
回香居风味菜馆,https://www.dianping.com/shop/k8IXgwUgxX4415On,,人均-,毛血旺 牛腩炖土豆 牛腩炖萝卜土豆
淮南牛肉汤,https://www.dianping.com/shop/kaOSp7qnCKgW9zNn,,人均-,特色油酥烧饼 白切牛排 凉拌花生
东权杭州小笼包子馆,https://www.dianping.com/shop/G3R0AMnBHE0q3EFw,,人均-,牛肉小笼包子 馄饨 酸辣米线
腾云阁农家宴,https://www.dianping.com/shop/jYWqmBHfxbVlK5ri,,人均-,
二青饭店,https://www.dianping.com/shop/G1vNQfoDRT2nuEUe,,人均-,
福莱德北京片皮烤鸭,https://www.dianping.com/shop/H37pt6vfnFAeTnbu,,人均-,
佰香三鲜馆,https://www.dianping.com/shop/k7Pofw057Vjqux4R,1条评价,人均-,
小馋猫,https://www.dianping.com/shop/laTGDQVGifGGEiSk,,人均-,
