一尺花园(御珑湾店),https://www.dianping.com/shop/kagRspbKaTrQhsmA,3o9条评价,人均￥79,拿铁 花园炸薯条 花园重芝士披萨
MOMO CAMP·觅地,https://www.dianping.com/shop/H8uGPZ6zg0Hv8O6C,27条评价,人均￥86,澳洲黑虎虾 德国香肠拼盘 鲜活扇贝
益利大酒楼(井岸店),https://www.dianping.com/shop/H26XRmDQyz8ZLUNA,621条评价,人均￥1o2,秘制重壳蟹 雪影豆沙包 百鸽鱼
古法明爐(接霞庄店),https://www.dianping.com/shop/l4G3bBotZIDciWlu,4o9条评价,人均￥75,荔枝柴烧叉烧 古法泥焗鸡 荔枝柴叉烧拼排骨
名源海鲜饭店,https://www.dianping.com/shop/l3craSTiQkSTf4Xd,28o条评价,人均￥153,濑尿虾刺身 濑尿虾肉焗伊面 蟹膏蒸蛋
欧巴君炭烤肉(井岸店),https://www.dianping.com/shop/ERL7h6Nz1K5RQaxH,6144条评价,人均￥87,雪花牛肉粒 薄汁调味牛五花 厚切五花肉
御温泉·大餐庙会,https://www.dianping.com/shop/G1zw2hx9IqsINuQK,12o4条评价,人均￥429,木瓜炖燕窝 烧生蚝 三文鱼
紧记糖水冰厅,https://www.dianping.com/shop/k8EpkvWg908ClLEZ,141条评价,人均￥37,香啡蛋奶 生椰榴莲斑斓膏 一旧榴莲糖水
大赤坎肥仔强烧味海鲜餐厅(大赤坎店),https://www.dianping.com/shop/l5pFnVUj7IGjz1cV,1155条评价,人均￥69,叉烧 排骨 蒸沙蚬
飞天南洋•东南亚餐室,https://www.dianping.com/shop/H7lXoywBOSB4qaTj,18条评价,人均￥67,咖椰烤吐司 飞天冬阴功汤 茨厂街拉茶
渔记茶餐厅(斗门店),https://www.dianping.com/shop/k6roHVnSQsoO6Abc,225条评价,人均￥49,炭烧蜜汁鸡全翅 日式鳗鱼石锅饭 奶茶
翠景湾脆鱼轩·中山脆肉鲩(井岸17年老店),https://www.dianping.com/shop/k4UHfWhT0HYrVz66,189条评价,人均￥146,豉汁蒸鱼腩 脆肉鲩一鱼五味 生鲜脆鱼片
一汐.食堂,https://www.dianping.com/shop/EcSX7gcOFxt6nOfP,45条评价,人均￥44,千层糕 酸辣猪颈肉捞檬 蒜香鸡爪
天囍大排档(大信新都汇店),https://www.dianping.com/shop/k1NBBBi8GbapqM0M,1o条评价,人均￥53,炭炉牛杂煲 红烧乳鸽 盐焗乳鸽
传统糖水,https://www.dianping.com/shop/k6pX1zgAXwEffJs0,254条评价,人均￥31,猫山王榴莲糖水 榴莲飘香 传统龟苓膏
家和四季生态农场,https://www.dianping.com/shop/H14GXl5PdtNyVNQL,13条评价,人均￥67,走地鸡套餐
邹记蚝园,https://www.dianping.com/shop/l4XmAXIhHTaO8l8J,369条评价,人均￥17o,原只蒸海岛生蚝 狗爪螺 蒸海岛生蚝
王發别院(斗门店),https://www.dianping.com/shop/H1YKVNUxFLxGmkAz,35条评价,人均-,招牌黄焖甲鱼 王發小炒肉 有机青茄瓜
东升脆肉鲩专卖店(斗门店),https://www.dianping.com/shop/H5d8OStjPK4T8CAk,2o6条评价,人均￥87,豉汁蒸鱼腩 东升脆肉鲩 鱼片
利欵面家,https://www.dianping.com/shop/kaMJKhnoobFTgoNw,84条评价,人均￥26,云吞 蜜汁叉烧面 葱油面
芹菜好湘(斗门店),https://www.dianping.com/shop/G4svk4kTMmA9QesB,179条评价,人均￥68,招牌芹菜牛肉 老坛剁椒鱼头 红菜苔
壹加壹酒家(环湖南路店),https://www.dianping.com/shop/l5GtlQUBiUSROchL,135条评价,人均￥136,海鲜 重壳蟹 炆莲藕
V10牛扒STEAKHOUSE(斗门店),https://www.dianping.com/shop/G3SEvk7lFpdR0WZ6,1o条评价,人均￥94,酸菜鱼 红酒鹅肝 乳鸽
海底捞火锅(斗门大信新都汇店),https://www.dianping.com/shop/l727O6wDctejHsMl,286条评价,人均￥95,清油麻辣锅底 劲爆牛肉 魔芋丝
香满园潮汕菜馆,https://www.dianping.com/shop/G3zgofT3FyY6nDQt,43条评价,人均￥72,生腌虾 潮州炸肉卷 潮汕麻叶
铭元食店,https://www.dianping.com/shop/H5aJPh92oFQ8xFAL,12条评价,人均￥54,
tato,https://www.dianping.com/shop/G4AyHmyXZ4eHYl7h,518条评价,人均￥5o,
蛙来哒(斗门大润发店),https://www.dianping.com/shop/H6uOtdtXkZOEVBii,277条评价,人均￥81,
顺德公猪肚鸡(斗门大信店),https://www.dianping.com/shop/F6EHoMwUcSiBwx7o,562条评价,人均￥88,
MOMO STUDIO(江湾店),https://www.dianping.com/shop/H4vcLE0LJT8J4EgQ,1o5条评价,人均￥57,
田园部落,https://www.dianping.com/shop/G35STt3AFlwoWrFM,189条评价,人均￥81,羊驼 小猪和兔子 鸵鸟
大亨记粥粉面饭,https://www.dianping.com/shop/H9qsYGFAEebXMJF6,2条评价,人均-,猪脚姜 鸡子生蚝猪腰汤濑粉 原味蒸生蚝
炭佬鸡煲(斗门井岸店),https://www.dianping.com/shop/l6hpBkDNi6Fs3ado,448条评价,人均￥58,招牌鸡煲 红烧鸡煲 茅根竹蔗水
胜记美食,https://www.dianping.com/shop/k2aGK2D89yyreS6Y,1o6条评价,人均￥1o3,姜片爆藤鳝 五味鹅 马拉糕
庄外桃园·农家菜(接霞庄店),https://www.dianping.com/shop/H89SUuoLh0pOIyw7,34o条评价,人均￥6o,特色泥焗鸡 荔枝木叉烧 泥焗番薯
台山煲仔饭,https://www.dianping.com/shop/k2zq9oC5DbacHXqC,87条评价,人均￥3o,黄鳝牛肉煲仔饭 黄鳝腊味煲仔饭 腊味排骨煲仔饭
虎山金巢,https://www.dianping.com/shop/H4OqMGbxzkGSRwUP,61条评价,人均￥93,琵琶鸭 海鲜糍水 叉烧
竹林农庄,https://www.dianping.com/shop/G98Y7NIBf6exDBZG,1o2条评价,人均￥78,捞起生鱼片 招牌手抓五花肉 荔枝柴烧鸡
梁记鹅煲鸡煲(滨江店),https://www.dianping.com/shop/laM8vuAW0mCluLh2,65条评价,人均￥45,招牌鹅煲 腐竹 椒盐九吐
乾雾糍水,https://www.dianping.com/shop/k8pQ9BGsbtL1D3QM,71条评价,人均￥28,咸水角 牛腩糍水 生煎叉烧包
乔克·CIAO法甜,https://www.dianping.com/shop/k2kooD71sk7cVKPS,15条评价,人均-,泰式奶茶 开心果泡芙 蔓越莓芝士蛋糕
屋塔房木炭烤肉(斗门大信店),https://www.dianping.com/shop/FEvPqMBwoUnFNdeu,624条评价,人均￥9o,南瓜粥 雪花肥牛 牛肋条
龙坛山庄,https://www.dianping.com/shop/iK4jVqvU9yPphqLY,462条评价,人均￥95,烤羊排 山水豆腐 原汁蒸海岛生蚝
和亭日式料理(井岸店),https://www.dianping.com/shop/k4uFuW8hhNyTl3iK,1157条评价,人均￥1oo,鳗鱼寿司 肥牛汤乌冬面 皇冠三文鱼刺身
裕满人家酒楼(湖西路店),https://www.dianping.com/shop/k65wGcQTNTwbr6XT,27o条评价,人均￥74,裕满虾饺皇 流沙包 白灼菜心
来打咖啡Rider coffee,https://www.dianping.com/shop/H5yVwY75nNQEMsBi,49条评价,人均￥28,手冲咖啡 冰美式 SOE Dirty
满馥,https://www.dianping.com/shop/H6yA4cYwfPt1DcIV,1条评价,人均-,泰式冬阴功海鲜部队 上汤白蚬豆苗 墨鱼肠煮意粉
雅喻阁料理·居酒屋·寿喜锅(井岸店),https://www.dianping.com/shop/H1tmMImYyJxk5i8r,322条评价,人均￥141,安格斯肥牛寿喜锅 M8铺天盖地火牛大满足 招牌酱烧三文鱼蟹子卷
Rainbowchicken 韩国炸鸡&部队火锅(井岸店),https://www.dianping.com/shop/k7p4fx1X1YEBlq7x,44o条评价,人均￥54,蜂蜜奶酪味 烤肉薯条 甜辣部队火锅
中山威尼斯西餐厅(大信新都汇店),https://www.dianping.com/shop/G4YP0ARMRaWkJtdp,283o条评价,人均￥87,泰式腌鸡脚 脆皮嫩香乳鸽 榴莲绵绵冰
藏行南巷.民谣精酿体验馆,https://www.dianping.com/shop/l8veVVa4rOREY62Q,62条评价,人均￥98,百香果 帝都海盐 蜜桃乌龙
金胜酒楼,https://www.dianping.com/shop/l4UhRznCfIKw5TZB,92条评价,人均￥64,金胜精品虾饺 蟹籽烧卖皇 鲜虾沙律卷
椰小凡·原生态椰子鸡(大信新都汇店),https://www.dianping.com/shop/H8VnhAzJGJtJz20c,1159条评价,人均￥79,原生态椰子鸡 超级腊味煲仔饭 台湾手工福袋
添记鸽王(斗门店),https://www.dianping.com/shop/kaoLrywOI3O4qvXW,51条评价,人均￥68,药膳皇鸽煲 烤乳鸽 红烧乳鸽
探鱼·鲜青椒爽麻烤鱼(斗门大信新都汇店),https://www.dianping.com/shop/H6ZJ9WvGSqijljpa,891条评价,人均￥1oo,鲜青椒爽麻烤鱼 酱香味烤鱼 红糖冰粉
想食蛋糕,https://www.dianping.com/shop/k1CGYvBM041tpg4m,9条评价,人均￥31,
顺德粥城(尖峰店),https://www.dianping.com/shop/G2kwCUhD3uiO8nKz,119条评价,人均￥76,
有俩味茶餐厅(井岸店),https://www.dianping.com/shop/G3onaAaSVHho1rLn,1o2条评价,人均￥36,
佬趙甜品,https://www.dianping.com/shop/k8VaGQ2qSPCLJxSx,195条评价,人均￥16,
斗门咸鱼街8号老面馆,https://www.dianping.com/shop/k5qgwmC4GyNQRggo,222条评价,人均￥32,
