大伟羊汤馆,https://www.dianping.com/shop/Fy0POGoOglwlyUvs,28条评价,人均-,羊排 羊肉馅饼 羊血肠
寿山领头羊,https://www.dianping.com/shop/k5dmTmmqrDIbXhQz,52条评价,人均￥57,手把羊肉 香辣羊蝎子锅套餐 羊肉串
海龍鱼馆,https://www.dianping.com/shop/k1PZoAA6sp5Pxh0G,16条评价,人均￥56,酱炖鲫鱼 小酥肉 鱼皮土豆丝
私厨烤肉,https://www.dianping.com/shop/l2rsxZ45XDm4KFKC,12条评价,人均￥56,冷面 特色油边 鲜羊肉串
燚香烤肉,https://www.dianping.com/shop/G7BnhSxpzlv8gJaW,3条评价,人均-,牛肉 山楂罐头 金针菇
四海涮肚(泰康店),https://www.dianping.com/shop/l7ItWgiV0ORS38L3,9o条评价,人均￥48,
齐家泡鱼馆,https://www.dianping.com/shop/laoYzVygi8wvb72d,29条评价,人均-,
聚福盛烤吧,https://www.dianping.com/shop/GaTcu9cExk0cD7GB,21条评价,人均￥45,
图图烤羊腿,https://www.dianping.com/shop/k68uRlRitXGiGRKK,19条评价,人均-,
梵糕Fangao,https://www.dianping.com/shop/G8kCAQzS2rilqaGX,1条评价,人均-,
1+1烤肉,https://www.dianping.com/shop/k4llyphy3XtFCTFj,3o条评价,人均￥71,
丽晶特色食府,https://www.dianping.com/shop/H3ZjbQEaYBX2OhWw,7条评价,人均￥39,
状元阁特色烤猪手,https://www.dianping.com/shop/H7ZuO2vFOSonNKWT,1条评价,人均-,
泥锅麻辣串,https://www.dianping.com/shop/k4gRC1o6jeQwWrC0,,人均-,
川味饭馆,https://www.dianping.com/shop/l2MhQsJD07ZZTJd8,2条评价,人均-,
向阳朝鲜屯,https://www.dianping.com/shop/l2AWRa0Kpjaqwr1f,1条评价,人均-,
蒙古烤羊腿(泰康店),https://www.dianping.com/shop/l772a3f8AR6cyqt3,5条评价,人均-,生烤西旗羊排 烤羊腿 鸡翅
德克士(泰康店),https://www.dianping.com/shop/k6EiOmP1i7d1k0It,348条评价,人均￥28,原味超级鸡腿堡餐 咔滋脆皮手枪腿 德士鸡块
名都晓荷塘主题火锅(杜尔伯特路店),https://www.dianping.com/shop/l72WvoZBLqQEsRd9,13条评价,人均￥73,羊肉 毛肚 蘑菇
铜顺祥老北京炭火锅,https://www.dianping.com/shop/kalMXbvT6ak7RwSR,7条评价,人均-,青菜拼 毛肚 丸子拼
五爷拌面(杜尔伯特店),https://www.dianping.com/shop/H41w6HSKUaQGrmax,1条评价,人均-,麻酱鸡丝拌面 虾仁葱油拌面 香炸小酥肉
春城饭店火锅,https://www.dianping.com/shop/jrFoxCmxFwOcarZr,6条评价,人均-,羊肉 木耳 炸辣椒油
加州牛肉面,https://www.dianping.com/shop/k27AUjylDe981MNF,3条评价,人均-,加州牛肉面 鸡丝面 牛肉炒面
草原蒙古人家,https://www.dianping.com/shop/k94siTbeWODLaHTS,6条评价,人均-,手把肉 拔丝奶皮 烤羊排
小鱼儿海鲜港,https://www.dianping.com/shop/Ga3REsD1SDojG8mx,,人均-,
鸭头鸭麻辣干锅鸭头,https://www.dianping.com/shop/H79njYl40TKvt8i0,11条评价,人均-,
连环湖野生鱼,https://www.dianping.com/shop/k4fatmYdaVFkYAxi,3条评价,人均-,
美食乐,https://www.dianping.com/shop/H3YZsX8ScajHHiHy,3条评价,人均-,
羊一二铜锅涮肉,https://www.dianping.com/shop/G5EOQ4R1SiLNGVPX,1条评价,人均-,
蜀签仟砂锅串串香,https://www.dianping.com/shop/H3OkE0ci6caXtuzO,1条评价,人均-,
刘影四公里烤肉,https://www.dianping.com/shop/l32BVnCuevRUjHaJ,2条评价,人均-,韩式烤肠 牛柳 黑胡椒牛排
煮动力时尚火锅,https://www.dianping.com/shop/H3KkLHnIPPW4laRS,9条评价,人均-,鲜虾 菠菜 海带片
福高福麻辣烫(泰康店),https://www.dianping.com/shop/H1LoFSnVzqv9DvsV,2条评价,人均-,全素麻辣烫 鸡丸子 海带扣
胖鸽炭烧小串,https://www.dianping.com/shop/H1mR7agjurAJ5oxY,1条评价,人均-,石锅拌饭 望京牛腰 锡纸宽粉
鑫丽华盛蛋糕新语(南湖店),https://www.dianping.com/shop/l9uU16ZzLHQwnmBx,136条评价,人均￥24,蛋挞 手工曲奇 南瓜脆皮吐司
蒙古馅饼店,https://www.dianping.com/shop/l7YRMNi4XM0hw6z3,1条评价,人均-,
老青松家乡鱼馆中国菜,https://www.dianping.com/shop/G1fVkP103Hx32MiS,9条评价,人均-,
叫了个炸鸡(杜尔伯特店),https://www.dianping.com/shop/G1om3etIgLYABLFK,,人均-,
丽晶铁锅炖,https://www.dianping.com/shop/l2bsLZZk0W8CUT77,5条评价,人均-,
小媳妇海鲜店,https://www.dianping.com/shop/H1W3A10R48CgrWqj,,人均-,
902号水煮鱼辣鸭头(南湖国际城店),https://www.dianping.com/shop/H5K6GmgHXgHF3Z8S,1条评价,人均-,
丽晶全家福,https://www.dianping.com/shop/G2PYP0Sfhp7AUOgg,5条评价,人均-,
香满村木火铁锅炖,https://www.dianping.com/shop/k6FrLpApSkOphkLk,3条评价,人均-,
金韩城炭火烤肉,https://www.dianping.com/shop/H9mmdBiZYg7eysrw,1条评价,人均-,
鑫半岁羊木炭火锅店,https://www.dianping.com/shop/HaYaPMGQIoHs7x9h,1条评价,人均-,
大耳朵烤羊腿,https://www.dianping.com/shop/k3QfmrRJEXotS4zP,8条评价,人均-,碳烤羊排 牛肉筋 烤猪手
百姓粗粮炖菜馆,https://www.dianping.com/shop/iBWmYl3VPhLysrU6,1条评价,人均-,油蘑白菜 玉米饼 白菜炒油磨
面包狼蛋糕城(呼格吉乐街店),https://www.dianping.com/shop/G5w5P7al08n109bz,6条评价,人均￥27,千层宝宝 巧克力麻薯 紫薯早餐包
名羊天下鲜羊火锅(让杜路店),https://www.dianping.com/shop/k5bMSJNtp0bXrzes,4条评价,人均-,手工虾滑 金胖娃糍粑 宽粉
潘记土窑坑烤,https://www.dianping.com/shop/k6yPqVddf72ZrEEM,,人均-,坑烤鸡蛋 坑烤大鹅 坑烤公鸡
石人鲜鱼馆,https://www.dianping.com/shop/k33sOKADCvC0kP40,1条评价,人均-,一鱼两吃锅包鱼
忘不了烧烤,https://www.dianping.com/shop/l363acU3Gubhiy85,8条评价,人均-,羊肉串 烤面包片 珍珠汤
刘炭长牛烧大块烤肉(杜尔伯特店),https://www.dianping.com/shop/k8vpXxma1IxjMie2,,人均-,汇源果肉多 汇源果汁百分百 青岛奥古特
1+1小腰(伟业景苑店),https://www.dianping.com/shop/G66cuBQ9pmoLeFBM,7条评价,人均-,羊肉串 大片肉 冷面
小鱼儿海鲜烧烤(南湖国际城店),https://www.dianping.com/shop/G7xinSOM2d2PWxZ8,,人均-,
粥先生营养早餐,https://www.dianping.com/shop/l5QbQv2Z5WxpvyLl,,人均-,土豆丝卷饼 油条 猪肉蒸饺
面掌柜(阿拉腾街店),https://www.dianping.com/shop/H9RSZDUjc7yniBs7,5条评价,人均-,海带丝 腐竹 大冷面
雪儿烘焙店,https://www.dianping.com/shop/k1aDJWi8aOQhAhNi,2条评价,人均-,雪媚娘 虎皮卷 酥皮泡芙
小山洞烤骨头,https://www.dianping.com/shop/H1nlA2h0Fc3kov3c,1条评价,人均-,辣炒小花蚬子 压肘花 蒜香毛豆
铭发圆笼包子铺,https://www.dianping.com/shop/l3myFmlPcxVALbqj,5条评价,人均-,
