东兴黄鳝饭店,https://www.dianping.com/shop/l70hO5pqUfctTcH8,377条评价,人均￥72,东兴黄鳝饭 鲫鱼簕菜汤 陈皮骨
和平饭店,https://www.dianping.com/shop/k6XKMaOMIw8SCocL,87条评价,人均￥4o,煲仔饭 枸杞汤 咸鸡粒煲仔饭
和胜•顺德人家•粤菜 茶点(君汇上城店),https://www.dianping.com/shop/l6gZhWECrQiLhlSw,678条评价,人均￥7o,山泉粥水火锅 招牌炒面 招牌油条
团圆啫啫煲(御锦珑湾店),https://www.dianping.com/shop/l6Dx5GktHqQDOaTg,8条评价,人均-,豆豉鲮鱼啫莴笋 团圆炒米粉 冰梅桂花啫排骨
布兰克(簕菜奶茶创始店),https://www.dianping.com/shop/jQepkprbH4HBDA8v,314条评价,人均￥12,簕菜奶茶 布兰拿铁 桂花琉璃
仙河渔村酒家,https://www.dianping.com/shop/GaD7CFxWPi9UPCiM,389条评价,人均￥76,黄鳝饭 纯手打墨鱼饼 炆鹅
仙龙肠粉,https://www.dianping.com/shop/G4WhgU8aD3bNnM1d,4条评价,人均-,肠粉 猪杂酒粉 煎蛋
财记老牌濑粉(批发街店),https://www.dianping.com/shop/G7GwUGteB3XHdy3W,41条评价,人均￥16,老鸭药材汤粉 牛腩药材粉 莲藕猪骨河粉
一起莱(国际新城店),https://www.dianping.com/shop/H9udaIU4JMXDv8US,9条评价,人均-,arepa carne Tequeno combo 海鲜饭
三号农场美食,https://www.dianping.com/shop/l63n0Ii3qfd7sqL4,1o7条评价,人均￥62,香煎墨鱼饼 陈皮排骨 黄鳝饭
喜记肠粉,https://www.dianping.com/shop/k6apto6DbnbLfHC8,64条评价,人均￥11,一笼瘦肉玉米布拉肠 布拉肠粉 猪杂汤
泉林大河小筑,https://www.dianping.com/shop/H7aGYdlHnUfC0nWL,1o9条评价,人均￥79,招牌烧鹅 炭烧猪颈肉 紫苏豆角茄子
庖丁(昌大昌店),https://www.dianping.com/shop/l3cHF5KaqrhvWL96,28条评价,人均￥28,猪肠碌粉卷 牛脚皮 牛鞭炖汤
云香阁,https://www.dianping.com/shop/G3YO6n7oCyNF8zgC,67条评价,人均￥57,霸王饭 芋苗芋头煲 黄鳝饭
石山石蛤饭酒楼,https://www.dianping.com/shop/G2nJ9YgFwabJ2Mnj,61条评价,人均￥91,石蛤饭 黄鳝饭 簕菜鲫鱼汤
今晚食乜餸•港式大排档(小岛店),https://www.dianping.com/shop/l8CUySygvBhfHFGj,1条评价,人均-,辣炒蛏子 鸡蛋炒粉 螃蟹
玫瑰园农家乐,https://www.dianping.com/shop/k5QUiSzhY8yuHkIi,17o条评价,人均￥63,黄鳝饭 墨鱼饼 山坑螺焖鸡
豐食农家乐,https://www.dianping.com/shop/k7v1JvhlYbEkBf84,172条评价,人均￥71,黄鳝饭 沙姜鸡 烧鹅
良西豆角粉,https://www.dianping.com/shop/G8gTudEinYiBCJUb,22条评价,人均￥9,豆角粉 豆角糍 豆腐花
如轩•海鲜砂锅粥•粤菜(恩平店),https://www.dianping.com/shop/G7PROdJF3rUmkRcI,872条评价,人均￥61,【招牌】淮山元贝烧骨粥 黑椒雪花牛肉 上海灌汤包（6个装）
凤江农庄,https://www.dianping.com/shop/l2NaYbrCwRCGZfDI,367条评价,人均￥63,凤江烧鸡 黄鳝煲仔饭 私房豆腐
墨厨(恩平店),https://www.dianping.com/shop/Fjgot5yTPhQR9lXA,6o条评价,人均￥91,经典墨家炒饭 烤猪扒卷 招牌冰啡
澳莱超级牛扒(恩平侨星店),https://www.dianping.com/shop/kaOXSiudFHyqNsLw,295条评价,人均￥123,顶级牛小扒 果木烤孜然羊腿扒 焦糖炖蛋
Bamboo 竹野,https://www.dianping.com/shop/G5bhwHXUQLkFPNBK,3条评价,人均-,墨鱼丸 陈皮柠檬菜 爆打柠檬茶
小新厨房(簕菜创意园店),https://www.dianping.com/shop/l5nZsoUI7Na4p2eN,56条评价,人均￥63,风生水起簕菜捞鸡 簕菜墨鱼饼 簕菜捞鸡
山泉湾温泉·福园中餐厅·黄鳝饭·农家菜·簕菜,https://www.dianping.com/shop/laQaX5bhCkl1uqX3,317条评价,人均￥56,黄鳝煲仔饭 特色蒸农家鸡 簕菜滚鲫鱼汤
非烤勿扰自助烤肉海鲜火锅(恩平金沙店),https://www.dianping.com/shop/k6DgerRn74ISf08R,1234条评价,人均￥66,牛排 海鲜 烤鸡翅
凹口益记烧饼糕点,https://www.dianping.com/shop/H6Z1uUYteETlS9e9,36条评价,人均￥15,圣堂凹口益记烧饼 金桔陈皮烧饼 叉烧烧饼
宾记碳火牛蛙(荣誉市民大道店),https://www.dianping.com/shop/laQXvZTgmuyKOhcp,3条评价,人均-,
财记老牌礼粉店(环市路店),https://www.dianping.com/shop/H3k9WMixT0vT9jfS,163条评价,人均￥16,莲藕猪骨粉 鸭血 猪尾龙药材粉
㥭惦·东南亚融合料理(恩平店),https://www.dianping.com/shop/H7tzFHNK2FmNpzdR,114条评价,人均￥53,椰香泰芒糯米饭 黄咖喱大虾 喷火岩浆烤泰奶
MO·FUSION FOOD西泰菜(恩平店),https://www.dianping.com/shop/G42pztBPdFoXlmSD,149条评价,人均￥64,芒果椰汁糯米饭 炭烧猪颈肉 椰汁咖喱鸡
臻享無招牌铁锅烤蛙(昌大昌店),https://www.dianping.com/shop/H4KIDjJfzOugMFf0,5条评价,人均-,黑椒牛油味 青椒紫苏味 芝士泡菜味
侨乡小镇,https://www.dianping.com/shop/H6IvWNWQshB0jYgT,98条评价,人均￥32,猪肠碌 恩平特色银针粉 热狗
火星撞月球烤肉空间站(御锦珑湾店),https://www.dianping.com/shop/H7vgNrgapJ8ALs42,43条评价,人均-,招牌极嫩肥牛 （松板猪）猪颈肉 特香猪五花肉
竹园农庄,https://www.dianping.com/shop/G1zBZWvJsUWYDTVm,9o条评价,人均￥56,好正走地鸡 黄鳝饭 香芋芋苗煲
欢聚地•新派美食 FortuneDay(恩平店),https://www.dianping.com/shop/k2xLxFeBl9C3U1WT,2o8条评价,人均￥92,烤鸡牛油果沙律 欢聚厚烧大杂扒 龙利鱼青酱意大利面
仙河农庄,https://www.dianping.com/shop/l6d9yN6ohmWvT5oV,34条评价,人均￥57,簕菜鸡 恩平特色炆鹅 白切鸡
娟姑芋头糍,https://www.dianping.com/shop/G6L1vERyjaHvy3kB,4条评价,人均-,花生肠粉 绿豆沙 生地麦冬糖水
丰食坊(恩平店),https://www.dianping.com/shop/G1aE9bOaUwe3vWGj,28条评价,人均￥53,黄鳝饭 皮蛋瘦肉粥 牛腩面
芳华年华餐饮店(恩平店),https://www.dianping.com/shop/k8q2B6Opn01X4gA2,4条评价,人均-,鸡爪 炒河粉 油条
巨龙鸡饭店,https://www.dianping.com/shop/G1G9tn3zl7G2XD1H,113条评价,人均￥68,黄鳝饭 鸡粒饭 五味鹅
太子农庄,https://www.dianping.com/shop/k8qQoyw9RwsNH3cI,142条评价,人均￥48,特色黄鳝饭 紫苏炒山坑螺 窑鸡
浅山Doris·咖啡·简餐·西餐(幸福蓝湾店),https://www.dianping.com/shop/l1DLmbIXYzrsuV0D,1o2条评价,人均￥49,岩烧豆腐 拿铁 玫瑰荔枝千层
大田宵夜,https://www.dianping.com/shop/H9IX2Zf0p6EO6GnD,16条评价,人均￥57,黄鳝饭 石蛤饭 秘制猪腰汤
歪叔咖啡(小岛店),https://www.dianping.com/shop/l87KcPqXBNg2hdQB,6条评价,人均-,冰美式 老华侨咖啡 柠檬茶
朝九晚四(大乡里饭店),https://www.dianping.com/shop/l9OTzzupcoqoml4G,18条评价,人均￥53,浸猪杂 芋头芋苗煲 薯仔包
华洋盛宴(御景湾店),https://www.dianping.com/shop/G7ncxOQXZXPSxy7w,8条评价,人均-,黑椒烧鹅皇 翡翠靓金果 虾饺皇
老林糖水店,https://www.dianping.com/shop/H5HvmnZJttDyJEp6,22条评价,人均￥15,生地茯苓炖排骨 绿豆沙 生地麦冬糖水
牛哥农家菜,https://www.dianping.com/shop/H1WNJNN4d0MDZLVs,198条评价,人均￥51,恩平木柴碌鹅 黄鳝焗饭 芋仔芋苗煲
Louis,https://www.dianping.com/shop/k5UzH6CJTCUb3Y1y,9条评价,人均-,
君愉农庄,https://www.dianping.com/shop/H4KPqJAfL162PvjM,116条评价,人均￥51,
I wish cafe,https://www.dianping.com/shop/k3aHWA5468gDDEk9,3条评价,人均-,
冲口柴火煲仔饭,https://www.dianping.com/shop/iftVW9gGIjipaHvD,35条评价,人均￥23,
百乐门喜宴(恩平店),https://www.dianping.com/shop/F5QQuF7pHWRDzpAI,1o6o条评价,人均￥64,
云水间山庄,https://www.dianping.com/shop/k6TMJUG5jPaRq2EB,48条评价,人均￥71,
榕情缘农庄(泉林店),https://www.dianping.com/shop/G6YYmeKhqX85V68B,6条评价,人均-,
恩平恒大酒店•大三元中餐厅,https://www.dianping.com/shop/l2yij8fmxAhio9bJ,1o9条评价,人均￥78,
光记豆角粉,https://www.dianping.com/shop/EbFktZZnGFDwGNCD,2条评价,人均-,
佰道素食自助餐厅(鳌峰商业步行街店),https://www.dianping.com/shop/G50O4XLQL9uwIdlQ,2o条评价,人均-,
