乡土菜馆,https://www.dianping.com/shop/l8ADDb0Z6elEByzP,8条评价,人均-,腌猪肉烩小白菜 香菇油菜 铁板鲤鱼
重庆德庄(哈图路店),https://www.dianping.com/shop/G7Md1EQga5BWVFm6,5条评价,人均￥84,特色拼盘 麻辣锅底 梅林午餐肉
一五八烧烤城,https://www.dianping.com/shop/l4lbpqZ5jBAlNHsS,1条评价,人均-,蛋炒饭 麻辣小龙虾 冰橙
聚膳堂私房菜,https://www.dianping.com/shop/G1dnMxbybIPDeD8O,5条评价,人均-,炸豆腐 麻辣鱼 手撕包菜
野人部落生态涮烤店(察盖陶勒干东街店),https://www.dianping.com/shop/l3Csd4Fvmx4H6hyB,,人均￥38,
小百羊简餐吧,https://www.dianping.com/shop/G8eknGQYMRqAHstC,1条评价,人均-,鱼香肉丝 太阳饼 腌猪肉烩小白菜
小尤烩菜馆,https://www.dianping.com/shop/H6aj3ezAIghbQDQr,2条评价,人均-,细烩菜 小尤烩酸菜 风干猪排
德克士(鄂托克前旗店),https://www.dianping.com/shop/k5gaWdAJWRlcm9Ul,15o条评价,人均￥32,椰香咖喱鸡腿饭 超级鸡腿堡 德士鸡块
眉山川菜,https://www.dianping.com/shop/G4F9a2CrMluZU7T3,2条评价,人均-,木须肉 辣爆羊头 香辣手撕骨
东霞美食城,https://www.dianping.com/shop/H1suA0ZQmAWWF3w8,,人均-,鱼香肉丝 鱼香肉丝盖浇饭 大窑酸梅汤
扯面郎一碗陕西面,https://www.dianping.com/shop/l9VBE5GCo37OSpCf,,人均-,秘制四合一 油泼剁椒面 精品二合一
福祥烩菜馆,https://www.dianping.com/shop/GahXBqMuURvOaE6J,1条评价,人均-,肉片土豆粉 洋葱木耳 蒜泥海带丝
清源炖肉馆,https://www.dianping.com/shop/G3Egb0eM965wAKN3,6条评价,人均-,纯草原羊肉 牧区草羊肉 乡村笨鸡
醉湘月正宗川湘特色炖菜馆,https://www.dianping.com/shop/H7T4PAOt6IWed7VX,,人均-,糖醋排骨 干锅虾 干锅排骨
华莱士·全鸡汉堡(鄂托克前旗店),https://www.dianping.com/shop/l3GoZh11o5Wom21U,9条评价,人均-,川蜀酸辣鳕鱼堡 葡式蛋挞 wm鲜虾堡
那些年音乐会所,https://www.dianping.com/shop/k7rFaRMFAC10tWxF,1条评价,人均-,牛板筋 鸡脆骨 凉拌豆芽
圣多斯西餐吧,https://www.dianping.com/shop/H8P2LI6tjV6PpaEn,1条评价,人均￥5o,巴图塔红酒 薯条 爆米花
伟姐肘子馆,https://www.dianping.com/shop/H6LOfRCP0kA4JjfV,,人均-,橙汁 辣子鸡丁 辣子鸡块
宾源家常菜馆,https://www.dianping.com/shop/FiZl0fojoihTdobb,,人均￥36,干锅鱿鱼虾 八爪鱼干锅 清汤拉面
熊猫爱上辣,https://www.dianping.com/shop/jZwctZtyk9r1Os5s,,人均-,鲜豆腐 冻豆腐 午餐肉
甜圆西点蛋糕,https://www.dianping.com/shop/ka2qrD2E7IAImVa0,,人均-,
麦优蛋糕.连锁店(吉拉东街店),https://www.dianping.com/shop/H5IuaL4PugBFrmmy,1条评价,人均-,
喜梅美食城,https://www.dianping.com/shop/HaHuq40SgEhNnBxS,1条评价,人均-,
魔石咕噜鱼烧烤城,https://www.dianping.com/shop/jTQ6gtskFzGndWCb,,人均-,
道道鲜小吃店,https://www.dianping.com/shop/H49Sa1VYQuIUD4NC,,人均-,
汁味御烤坊,https://www.dianping.com/shop/k6EDhne3G1WkSctj,,人均-,
菁香原牛肉馆,https://www.dianping.com/shop/H5ZuJGPCqave1uJG,,人均-,
旺家九味,https://www.dianping.com/shop/H5nVDLFabdcmROtA,,人均-,
徐胖子烤吧,https://www.dianping.com/shop/l3FiSpQIW4BrEfKc,6条评价,人均-,
川渝美食城,https://www.dianping.com/shop/H8ySQ0O6uswj7VMC,1条评价,人均-,
沸腾砂锅居,https://www.dianping.com/shop/H9BT0kiRwGl6ymJ4,,人均-,砂锅饺 饭伴儿 酸菜排骨
刘氏干崩羊肉馆,https://www.dianping.com/shop/DlF3BfW4JB3TzQdc,,人均-,
嗨好吃重庆小面,https://www.dianping.com/shop/laiMPQfVkiBxVkED,,人均-,红烧肥肠面 火腿肉松寿司 白皮饼
鄂托克前旗牛肉兰州拉面店,https://www.dianping.com/shop/lamQd1PsFk2f2G6V,,人均-,牛肉拉面 鸡蛋炒拉面 鸡蛋炒刀削面
书亦烧仙草(玛拉迪西街店),https://www.dianping.com/shop/ka1V7ixBICoHBnVv,9条评价,人均-,黄金珍珠奶茶 金桔柠檬 橙漫山茶花
大锅台农家味铁锅炖鱼村,https://www.dianping.com/shop/GatLsyRLS7qn96Pv,,人均-,面筋 香菇 茼蒿
丰利来蛋糕(陶仑南路店),https://www.dianping.com/shop/ElArY5oI7VCK74gl,3条评价,人均-,水果蛋糕 蓝莓水果蛋糕 鲜奶油蛋糕
开碗笑早餐馆,https://www.dianping.com/shop/EGhdGdzzzmkElnHT,,人均-,千层饼 油饼 肉包子
牛九水浒烤肉,https://www.dianping.com/shop/k50ZuC4PN15MPufH,,人均-,招牌孙二娘五花肉
淼鑫饭店,https://www.dianping.com/shop/G4p3VC5fOmeKIIZ9,,人均-,
鲜味麻辣烫,https://www.dianping.com/shop/k7rJTxEIma50MgJI,,人均-,柠檬果肉 炸韭菜 炸青椒
冬梅饸饹馆,https://www.dianping.com/shop/FfC8ePGDCgsRV6n4,,人均-,康师傅绿茶 臊子饸络 炒刀削
有意思绝味擀面皮,https://www.dianping.com/shop/H1im1hrn8tdpIfJB,,人均-,绝味擀面皮 茶叶蛋 红茶
碗碗香饸饹馆,https://www.dianping.com/shop/H3D6iKzHY05tWwVG,,人均-,
三千茶业·茶间玖屋,https://www.dianping.com/shop/kaPvBwTV1EmPpzdZ,,人均-,
鑫进三鲜汤馆,https://www.dianping.com/shop/k2hZ1iG33e7AP8TE,,人均-,大窖饭伴儿冷藏 羊杂碎 原味烙饼
嘉年华音乐酒吧,https://www.dianping.com/shop/H3oPjGqewlGC18dS,,人均-,
瑙泯坛苏阁食品销售部,https://www.dianping.com/shop/H6M4MVRRqqavppCm,,人均-,
方记盖饭馆,https://www.dianping.com/shop/k5AmsTtlQ3qt633V,,人均-,猪肝土豆条盖饭 过油肉土豆片 杀猪烩菜盖饭
孙丽韩式炸鸡,https://www.dianping.com/shop/HauuLrVmTazS22uC,,人均-,台式卤肉饭 老北京炸酱面 火腿鸡蛋炒饭
麦芒汉堡店,https://www.dianping.com/shop/k9EyY5aLb1ecgvKN,,人均-,
李永熟肉店,https://www.dianping.com/shop/k18bHyLhifBnh0gm,,人均-,
牧马人,https://www.dianping.com/shop/H3MRQNF7yjrqgdfF,,人均-,
凯陇排骨炖鱼馆,https://www.dianping.com/shop/k7TF5j8kNzdexd0u,,人均-,
赵氏牛大骨头馆,https://www.dianping.com/shop/G794LdnM9cdmyP5S,4条评价,人均-,
上海庙标准化菜市场,https://www.dianping.com/shop/l2lxUOTLZ8ut6VWo,,人均-,
乌托邦麻辣烫店,https://www.dianping.com/shop/jfjNQRvl42GutgWL,1条评价,人均-,
乐缘聚美食城,https://www.dianping.com/shop/H75thj97LI8P9fnh,,人均-,
茶绘休闲吧,https://www.dianping.com/shop/l4sc1UOdY8M7WMCZ,,人均-,
佳味饸饹馆,https://www.dianping.com/shop/G7Xr22cPM7l4bIQ5,,人均-,
