新光明家宴,https://www.dianping.com/shop/G5eBbfRmAQv0i6E0,33条评价,人均￥7o,鱼头炖豆参 红烧龙虾 乡味豆折皮
新鄱湖渔鱼馆,https://www.dianping.com/shop/jiLiMl3tEDjn3lZu,34条评价,人均￥69,鱼杂丶鱼翅 鱼头汤 鱼泡
裕鼎鲜·中华小吃·特色菜(都昌景程店),https://www.dianping.com/shop/GaVUv29FpEdx6iJ3,116条评价,人均￥54,五常神仙钵饭 红烧凤爪 重庆小酥肉
德克士(都昌店),https://www.dianping.com/shop/EEDLVOqwVM4aZK3W,1o7条评价,人均￥44,超级鸡腿堡 脆皮炸鸡 咔滋脆皮手枪腿
君享来香焗鱼头(东风大道店),https://www.dianping.com/shop/G2epL9OQrp2awdKG,32条评价,人均￥55,香焗鱼头 水煮肉片 蒜香鲈鱼
洞氮胡记羊肉馆(都昌景程店),https://www.dianping.com/shop/H1DQ3T6uCcVkJenn,,人均-,羊骨 烫皮羊肉锅 羊肉汤
领蟹祥记·螃蟹脚(都昌店),https://www.dianping.com/shop/k3Ics1N30CQwBLoH,28条评价,人均￥72,牛气爆棚锅 欢乐爆富锅 祥记香辣蟹
老三样(都昌店),https://www.dianping.com/shop/HaepokOpgUXXn3nf,65条评价,人均￥65,洪城烧鸡爪 蟹脚捞粉 网红茄子
季季红火锅(都昌新天地店),https://www.dianping.com/shop/k1WfTCyrEfx5UVBj,73条评价,人均￥57,芝士年糕 乌鸡卷 海带芽
新光明,https://www.dianping.com/shop/H34qqsjuR1Cpc2V3,3条评价,人均-,红烧肉 鱼头煮豆参 都昌八大碗
院子里土菜王(鲜鱼馆),https://www.dianping.com/shop/ladGni7AVsXQjBs1,1条评价,人均-,
么喱烤肉(景程新天地店),https://www.dianping.com/shop/H174eAviQEwcuMpM,48条评价,人均￥51,
海天盛宴海鲜自助,https://www.dianping.com/shop/H2wG9Vqb3SPdZKIo,23条评价,人均-,
肥牛之家(都昌店),https://www.dianping.com/shop/G796Z5SU8rtziaDJ,563条评价,人均￥82,
小吙记火锅(都昌店),https://www.dianping.com/shop/H17kPFO9KkqY1nhD,96条评价,人均-,
地锅传奇烧烤(芙蓉南路店),https://www.dianping.com/shop/H1d5JbWwBoLgAd59,2条评价,人均-,牛肉炒粉 小腊肠 牛肉串
豪渝火锅（都昌店）(都昌景程新天地购物中心店),https://www.dianping.com/shop/H7D3jJzPKo7IwhNX,71条评价,人均￥89,豪渝至尊毛肚 麻辣牛肉 美味虾肉滑
橹人•食集(景程店),https://www.dianping.com/shop/HaUVRRAHojJLsfMC,2条评价,人均-,北极甜虾刺身 地狱拉面 牛肉泡菜寿喜锅
优壹朵(东风大道店),https://www.dianping.com/shop/k7NjiCuefqLG8LuK,2条评价,人均-,水果蛋糕 芒果提拉米苏 手工蛋挞
汉釜宫韩式自助烤肉,https://www.dianping.com/shop/l86cXOubK3e7CJYv,4条评价,人均-,假培根
丛记东北烤肉(都昌店),https://www.dianping.com/shop/G9nq4GDcqtjyEMuc,1条评价,人均-,特色五花肉 孜然牛肉粒 招牌牛肉
老屋里饭店,https://www.dianping.com/shop/H9p4RY49uApEgXXt,2条评价,人均-,奶黄包 都昌米粑 油淋小白菜
金筷子麻辣小吃宫(景程店),https://www.dianping.com/shop/lawoGB6ssUdee3yY,4条评价,人均-,鸡蛋炒饭 方便面 葱油饼
铁头烧菜馆,https://www.dianping.com/shop/k5SM5f1KqLGGGu9B,1条评价,人均-,臭桂鱼 老师傅红烧肉 菠萝咕咾肉
肯德基(东风大道店),https://www.dianping.com/shop/l9VHalNYvVO8tGAe,32条评价,人均￥53,车厘子蛋挞装兑换券 新奥尔良烤翅 香辣鸡翅
luckin coffee瑞幸咖啡(都昌新天地购物中心店),https://www.dianping.com/shop/k9eau5trbJTDKXgy,,人均-,偷心西梅拿铁 生酪拿铁 椰云葡萄
舌尖派对串串火锅(景程新天地店),https://www.dianping.com/shop/kaw08kIPJaMDDe7e,3条评价,人均-,香炸小香肠 成都担担面 双味糍粑
牛男手造(都昌店),https://www.dianping.com/shop/G1fS2A44B2PU1DRH,9条评价,人均-,铁盘黑椒鸡排 牛油果冰冰乐 小丸子小食拼盘
周真真南昌粉面(都昌县府路店),https://www.dianping.com/shop/GadxdAJ1NzVQqSua,2条评价,人均-,皮蛋肉饼汤 青菜蛋汤 香辣牛肚汤粉
斯味特烧烤,https://www.dianping.com/shop/k1Numxsvfq7rBZZq,7条评价,人均-,大鱿鱼 鸡腿 三鲜粉丝煲
南山书院咖啡馆,https://www.dianping.com/shop/G7Arr9Iui8w1y07Q,1o条评价,人均￥1o,普洱奶茶 北冰洋汽水 岩茶奶茶
塔斯汀中国汉堡(东风大道店),https://www.dianping.com/shop/H4z9tz6lOU70ZJQi,6条评价,人均-,香辣鸡腿中国汉堡 香辣鸡腿堡中国汉堡 藤椒鸡腿中国汉堡
正宗湖南特色米粉面,https://www.dianping.com/shop/H6VgR2doggV0Ibu3,1o条评价,人均-,红烧牛杂粉 红烧排骨面 红烧牛肉粉
古茗(景程新天地店),https://www.dianping.com/shop/G48Ea3GxtiZip3I7,27条评价,人均-,杨枝甘露 芝士莓莓2.0 酒酿麻薯豆乳茶
优壹朵(景程新天地店),https://www.dianping.com/shop/H9Rmtzk7tkknd8XV,,人均-,奶酪包 香肉芝士 日式乳酪
鄱阳湖大闸蟹,https://www.dianping.com/shop/H5u1cCmAc4LdXlds,3条评价,人均-,
喜姐炸串(新天地店),https://www.dianping.com/shop/G9z6PMcWkEEzxCmI,3条评价,人均-,
麦屯子专业烘焙(景程新天地购物中心店),https://www.dianping.com/shop/l4Vs6hAXnS0eHdnw,,人均-,
胖子烧烤,https://www.dianping.com/shop/l2lhSvfqveA1m6CS,2条评价,人均-,
聚思味蛋糕店,https://www.dianping.com/shop/H9wfonsKhYpfaxpK,16条评价,人均￥13,
英雄鱼庄,https://www.dianping.com/shop/G3GWNF5kP5saDTD6,2条评价,人均-,
农家大碗菜(东风店),https://www.dianping.com/shop/l8pqAPMBPZX6EcaC,7条评价,人均-,
新食代主题餐厅,https://www.dianping.com/shop/GaFIboIQq3ifxxrb,19条评价,人均-,
同志们好(东风大道店),https://www.dianping.com/shop/H7HMLXxvgZgI7XZm,12条评价,人均￥27,
遵义羊肉馆(景程店),https://www.dianping.com/shop/k5fTpJFZV7yjFdNe,4条评价,人均-,
楼中楼饭庄(万里大道店),https://www.dianping.com/shop/k45jie0fosoTVU2U,16条评价,人均-,油炸花生米 农家小炒肉 香辣海蜇
书亦烧仙草(景程新天地店),https://www.dianping.com/shop/H5dVN1sosUjgKl0T,44条评价,人均-,书亦烧仙草 生椰烧仙草 黑糖小芋圆奶茶
小刘水煮,https://www.dianping.com/shop/G72NDzljHVeseZfB,1条评价,人均-,
雷米尔牛排(景程新天地购物中心店),https://www.dianping.com/shop/k1MHqfVQ2hzH3KZI,16条评价,人均￥72,牛排 薯条
汕头牛鲜牛肉(景程新天地购物中心店),https://www.dianping.com/shop/k9Mf7dq1fIRjXhhI,4条评价,人均-,牛舌 羊尾油
快可立(云住路店),https://www.dianping.com/shop/YEdpJr8wsG5Vk5Py,1条评价,人均-,红豆冰沙 芒果冰沙 草莓冰沙
四季红蛋糕(三汊港店),https://www.dianping.com/shop/H4AZmltC6ZxvQy4I,,人均-,搞怪手绘款水果夹心生日蛋糕 抹茶小蛋糕 粉玫瑰
资溪人家四季红蛋糕(三汊港店),https://www.dianping.com/shop/H7WoRzwp2nhR83Yv,1条评价,人均-,温柔康乃馨 鲜果多拼 搞怪手绘款水果夹心生日蛋糕
重庆麻辣小面(都昌店),https://www.dianping.com/shop/k1MtJgUBke5ciip6,1条评价,人均-,酸辣粉 杂酱面 麻辣小面
唯一香糕点房,https://www.dianping.com/shop/H3NfS14wxAtd2b3b,47条评价,人均-,方形水果 水果之夏 小兔子
锅圈食汇火锅烧烤食材超市(天昊商城店),https://www.dianping.com/shop/FUXqM4sWnxAzGIsM,,人均-,
都昌米粑(西湖路),https://www.dianping.com/shop/l4abeqvibnu5S3DW,,人均-,
都昌县新一品香蛋糕店(东风店),https://www.dianping.com/shop/H9CPt2vcHpnlEH6N,1条评价,人均-,
派乐汉堡·炸鸡(景程新天地店),https://www.dianping.com/shop/G6iJayRiIlqaB7Wu,29条评价,人均-,
一闻香迷宗蟹,https://www.dianping.com/shop/E9iZ1E2kTp9bzUD6,12条评价,人均-,
