农家乡村地锅鸡,https://www.dianping.com/shop/G2aleUFtGLf6HbBX,23条评价,人均-,地锅鸡 大盘鸡 平菇
守望青藏自助火锅城,https://www.dianping.com/shop/k53NQLOmH92ueFkz,1o条评价,人均￥62,羊肉卷 牦牛肉
九香石锅鱼,https://www.dianping.com/shop/H39W36WI9umrJeai,2条评价,人均-,黄辣丁
柠檬树西餐咖啡,https://www.dianping.com/shop/k4Q0jZGLnoG7Jyjl,,人均-,超级至尊披萨 黑椒牛柳炒意面 香甜红薯条
巧媳妇小炒馆,https://www.dianping.com/shop/k8ZjD9NtC1PzXl1C,1条评价,人均-,虎皮尖椒回锅肉 冰糖湘莲 双色剁椒蒸豆干
河东排骨面,https://www.dianping.com/shop/H5S7JkQ6qSLthie4,2条评价,人均-,砂锅米线
凡仔汉堡,https://www.dianping.com/shop/H5IAUicZdqLPrs3r,,人均-,港式奶茶 爆浆芝士汉堡 墨西哥鸡肉卷
老王瓜果蔬菜,https://www.dianping.com/shop/H6V36pNl5PE0tYZf,,人均-,
贝壳姑娘,https://www.dianping.com/shop/H9IuS3Pk3QcGqPDP,,人均-,土豆丝 香辣钉螺 香辣贵妃虾
艾斯嘉酒吧,https://www.dianping.com/shop/G8VXrq45O2Q3YrTv,,人均-,
巴隆新鲜大肉铺,https://www.dianping.com/shop/G6AwMfwjKp8Y3Hu1,,人均-,
乐乐新鲜干果干菜,https://www.dianping.com/shop/l6BPMho3EpotEjZh,,人均-,
兰州登峰饭馆,https://www.dianping.com/shop/H9WW0EWkR1MC2Q6U,,人均-,炒面片 炸酱面 饺子
川味包子店,https://www.dianping.com/shop/H3cNy0FgK1xkFYn8,,人均-,鲜肉包 胡萝卜包 小米粥
雪婷水果蔬菜店,https://www.dianping.com/shop/k2r3ttvMvJeK2oS5,,人均-,
品味家常菜,https://www.dianping.com/shop/k8IXNlCP1TB0vdCp,,人均-,干锅肥肠 米粉 水煮肉片
东乡高原手抓王,https://www.dianping.com/shop/l49nFpQNz2SswdvA,1条评价,人均-,番茄炒蛋盖浇饭 汤面片
南京小笼包,https://www.dianping.com/shop/k4MOMWHrz8RiV5Nn,,人均-,红萝卜包 无矾油条 鸡蛋汤
龙江一品,https://www.dianping.com/shop/G60WLEWslAeQpy7E,,人均-,
海红馄饨,https://www.dianping.com/shop/l9gUdO9DKSIRQ0sr,1条评价,人均-,馄饨 茶叶蛋 咸鸭蛋
穆尔杂碎羊肠面,https://www.dianping.com/shop/Hae28xf5HjYM2mPq,,人均-,烩饺 干饺 凉拌肚丝
老巷杂碎馆,https://www.dianping.com/shop/l20JQibj5wEjLjkT,,人均-,羊肉汤 粉汤 牛肉汤
天翼美食城,https://www.dianping.com/shop/G7AUFtg0nMUnURwP,,人均-,
霁月阁茶餐厅,https://www.dianping.com/shop/H6k10CPXCn9n5uYN,,人均-,金钱菇爆鸡丁 桃桃养乐多 原味奶茶
开心小炒,https://www.dianping.com/shop/G1MEL5amUefl1Fkg,,人均-,
川香小炒,https://www.dianping.com/shop/l6vor863BxnGsYRX,,人均-,砂锅面 肥肠砂锅 青椒肉丝盖浇饭
新升米面行,https://www.dianping.com/shop/l2UPoNf2YKBLrEJl,,人均-,
快餐店粗茶淡饭农家院,https://www.dianping.com/shop/l3hLVFcsKo3MsKf3,,人均-,葱爆羊肉 水煮肉片 炖土豆
尹师傅牛肉干,https://www.dianping.com/shop/HapVA3uhpPSj8MWE,,人均-,
阿姐荣姆藏餐馆,https://www.dianping.com/shop/k96Qc004LTa9RnES,,人均-,家常回锅肉 香飘飘原味 泰牛饮料
老李家酵头馍馍铺(锦都广场店),https://www.dianping.com/shop/G55OmP37hFZz4riR,,人均-,馒头 大饼 花卷
东乡手抓餐厅,https://www.dianping.com/shop/G9VFrWCtGrj5HSmf,,人均-,
和平蔬菜瓜果店,https://www.dianping.com/shop/H7xCD7dsHoWi1DBs,,人均-,
谷味香馍馍店,https://www.dianping.com/shop/Ec0s2KBhFTWqbkdo,,人均-,葱油饼 花卷 馒头
川渝新派菜馆,https://www.dianping.com/shop/G7hSw1GOEziKkpP8,,人均-,青椒肉丝 酸辣土豆丝 新一代水煮鱼
晋汇丰小吃,https://www.dianping.com/shop/G8mUAuVsRKCtY4YI,,人均-,
家乐面食馆,https://www.dianping.com/shop/k9n9g4Oss9BimCnv,,人均-,
宁夏海原穆斯林餐厅,https://www.dianping.com/shop/G4h5Wh6mv1uvdwz7,,人均-,
自助火锅啃牛骨,https://www.dianping.com/shop/k2DLqqwtgqaeWLAu,,人均-,
杭州小笼包,https://www.dianping.com/shop/FYchFfxoBjHz5kHy,,人均-,
红红蔬菜水产,https://www.dianping.com/shop/G5biupITfT4YOOag,,人均-,
伊碗香牛肉面,https://www.dianping.com/shop/H5yIYidWoWfqcLbW,,人均-,
家乐面食馆,https://www.dianping.com/shop/iOd9PsNGghGV6vqb,,人均-,
锦都兴酒店(新华街店),https://www.dianping.com/shop/EfcGa4oCJoqHTmSq,,人均-,
蜀一蜀二原汁冒菜,https://www.dianping.com/shop/jLympuc1oVEiGdUH,,人均-,
伊隆牛肉面(京拉线店),https://www.dianping.com/shop/G5Bz9rXfgUSRbrrU,,人均-,牛肉面 臊子面 干拌
都兰县大团结柴火鸡,https://www.dianping.com/shop/l9yedsFwXgtX3BAs,,人均-,豆腐 玉米 手工花卷
穆斯林美食城,https://www.dianping.com/shop/G4gyXVN3rY2esuKS,,人均-,
相约奶茶店,https://www.dianping.com/shop/H9hcelZiLUP012kY,,人均-,肉排 烤肠 南瓜饼
谷之味甜品,https://www.dianping.com/shop/i2ielw7KAvNgZBR5,,人均-,两层蛋糕 巧克力 蓝莓汁
清真马金龙麻辣烫,https://www.dianping.com/shop/H1WI0Kb8KUXPCu6Z,1条评价,人均-,九叶粉 金针菇 油豆皮
辣么拽干锅火锅鸭爪爪(都兰店),https://www.dianping.com/shop/G20aTjErqO0UDyXD,,人均-,招牌鸭掌干锅 香辣蹄花干锅 葡口果粒果汁
鲜面条,https://www.dianping.com/shop/k9EY68NhgDRvkGUS,,人均-,土豆丝 麻婆豆腐 炒面
川味居(109国道店),https://www.dianping.com/shop/H8jQ3GWjGZ9xSG5d,,人均-,
西宁老地方烧烤城(都兰购物中心店),https://www.dianping.com/shop/H3nz7tqoMiZJUw3G,,人均-,
快乐饼屋(京拉线店),https://www.dianping.com/shop/G6boIlODayy32ppO,,人均-,
祥和饭店,https://www.dianping.com/shop/k5OxixcOM8VinsHW,,人均-,午餐肉麻辣香锅 鱼丸麻辣香锅 香菇麻辣香锅
李记面馆(和平街店),https://www.dianping.com/shop/G7HrPdpnyIqpGikj,,人均-,
临夏星月餐厅,https://www.dianping.com/shop/k3UoKiw5IK5X9JIs,,人均-,鹌鹑蛋 莲藕片 菠菜
重庆小炒,https://www.dianping.com/shop/GazFG3WSZQz7yh7x,,人均-,
