LIFE无国界料理店,https://www.dianping.com/shop/l5U5sf7xd786ZieK,2条评价,人均-,原切西冷牛排 招牌拿铁 德式烤猪肘
湘遇疆来烧烤(洞口店),https://www.dianping.com/shop/k9M34Qzh6vdyIpyj,4条评价,人均-,羊肉串 烤羊排
郝大姐乌龙山铁板烧,https://www.dianping.com/shop/H9iCGkzSRXrWXhNw,,人均-,蛋炒饭 椰汁 凉拌黄瓜
背篓人家(洞口店),https://www.dianping.com/shop/H7n7pPy6VVu8nXxD,5o条评价,人均￥67,嗲嗲鱼头 拆骨肉焖荷包蛋 酸辣肥肠
地锅传奇(洞口店),https://www.dianping.com/shop/G6C62vniKROgSqfK,26条评价,人均-,玉米龙骨汤 五花肉 土鸡
肯德基(新桔城店),https://www.dianping.com/shop/j6NQgUIjOKv5VOca,24条评价,人均-,中薯 新奥尔良烤翅 肯德基避风塘大虾鸡腿双层堡
古茗(好又多店),https://www.dianping.com/shop/l7CbFuPqGYxNJt6I,48条评价,人均-,超A芝士葡萄 布雷脆脆奶芙 龙眼桂花琉璃冻
呙家园文化主题餐厅,https://www.dianping.com/shop/k8JIgwCmPUFmGFwK,31条评价,人均￥45,煲仔香辣牛蛙 外婆菜炒鸡蛋 花菜炒肉
万利隆(洞口店),https://www.dianping.com/shop/l3id1iHVx7jS3YSr,281条评价,人均￥18,青提爆爆珠班戟 迷你红豆包 提拉米苏蛋糕
米兰西饼生日蛋糕(洞口店),https://www.dianping.com/shop/l8FOgC80ey4KJfG5,67条评价,人均￥153,星选佩琪蛋糕 鲜果物语 数钱蛋糕
家味食府,https://www.dianping.com/shop/l8WakmcjqMnIC1XT,7条评价,人均-,梅菜扣肉 剁椒鱼头王 香煎鲫鱼
蜜雪冰城(高沙店),https://www.dianping.com/shop/k8AiwoHm4xNyqSUy,,人均-,魔天脆脆冰淇淋 芒果雪王大圣代 草莓摇摇奶昔
粤港烧腊,https://www.dianping.com/shop/l1pAujNcNu2Rzvi9,,人均-,烧鸭拼盐鸡饭 烧鸭拼叉烧拼排骨 盐焗鸡
益禾堂(邵阳洞口高沙好又多店),https://www.dianping.com/shop/l56qnXWZ0ue29fHe,7条评价,人均-,杨梅冰盏 益禾烤奶 海盐嘿凤梨
塔斯汀·中国汉堡(雪峰广场店),https://www.dianping.com/shop/k5rLwUMkS3ek5jZ7,2o条评价,人均-,香辣鸡腿中国汉堡 培根煎蛋中国汉堡 蜜汁手扒鸡
湘乡小明粉庄,https://www.dianping.com/shop/l7qKdq8d6BifmF1r,2条评价,人均-,香干炒五花肉 手工玉米水饺 秘制猪蹄
牛佰碗粉面馆(文昌店),https://www.dianping.com/shop/GaY9j2wtn3m2gdeC,1条评价,人均-,邵阳米粉 北大荒东北豆奶 生炒牛肉
果惠乐(佳和店),https://www.dianping.com/shop/H3Fg10WlrtENSrlz,,人均-,
古茗(洞口山门店),https://www.dianping.com/shop/G4a3logRoDbxwYnD,1条评价,人均-,超A芝士桃桃 青提油柑 秋月芝士红石榴
香辣跳跳蛙(洞口店),https://www.dianping.com/shop/k1kqioPO1P1NTKBa,25条评价,人均￥51,香辣跳跳蛙 香辣蟹 剁椒鱼头
洞氮胡记羊肉馆(洞口店),https://www.dianping.com/shop/l6BGWfhpGxlSvCqA,,人均-,
古茗(高沙镇店),https://www.dianping.com/shop/k9DSnLGJP67TXuWo,15条评价,人均-,
麦嘉乐炸鸡汉堡(X060店),https://www.dianping.com/shop/HaI7flnanWqd709u,1条评价,人均-,
洞口县研磨时光咖啡店,https://www.dianping.com/shop/jQZvOkfkoDca8vrQ,2条评价,人均-,
yellow野佬饮品甜品寿司店,https://www.dianping.com/shop/FnFMGgmTbZkNmzzw,7条评价,人均-,
酒拾烤肉(洞口店),https://www.dianping.com/shop/k7foq6vQmXtYaSne,382条评价,人均-,
十七門重慶老火鍋(洞口店),https://www.dianping.com/shop/l9AkPZafT8ngnVnw,4条评价,人均-,
尚品龙虾(洞口旗舰店),https://www.dianping.com/shop/j4vcqkjUyOLHMaYQ,,人均-,
醉有味,https://www.dianping.com/shop/k1fgMWvMQg7s3Mkc,,人均-,
N多寿司(洞口店),https://www.dianping.com/shop/G7jbERnXRMdnMpEQ,2条评价,人均-,
谢氏泡菜(步步高店),https://www.dianping.com/shop/j1BUtcRcgnQZHp7t,,人均-,毛肚丝 花生米 莲藕
堕落小龙虾(洞口店),https://www.dianping.com/shop/G9IK4uAJkQF6detV,,人均-,蝴蝶鸡腿 玉米香肠 鸡柳
竹市战友酒家(沪瑞线店),https://www.dianping.com/shop/k8Xv5ofAwKtiTUPK,1条评价,人均-,豆角茄子
三友农庄,https://www.dianping.com/shop/kai9VpzM0t2cwzX0,1条评价,人均-,
书亦烧仙草(黄桥镇店),https://www.dianping.com/shop/l2gA8jLVjzup8bl9,5条评价,人均-,书亦烧仙草 椰椰烧仙草 芒椰小丸子
肥味叉烧腊菜馆(全国连锁洞口店),https://www.dianping.com/shop/Ha1YwM20wtiqpAfn,2条评价,人均-,青椒荷包蛋 叉烧饭 卤菜拼盘
福临门百姓餐饮会所,https://www.dianping.com/shop/l93QPEIpRH5wmtqH,2条评价,人均-,酸豆角肉沫 家常豆腐炒肉 酸辣鸡杂
盈旺面馆,https://www.dianping.com/shop/H3eHCCowm7voNB0F,,人均-,
谢氏泡菜,https://www.dianping.com/shop/G9LYJv3D85BkvaAO,4条评价,人均-,凉拌面 鸭爪 柠檬酸甜萝卜皮
香他她煲仔饭(洞口楴燃大厦店),https://www.dianping.com/shop/k990Yu8jpEosVEU1,1条评价,人均-,东安鸡煲仔饭 小炒黄牛肉煲仔饭 台湾卤肉煲仔饭
洞古佬,https://www.dianping.com/shop/G8LTbEPW7OtAC7Fx,1条评价,人均-,笋干炒肉 丝瓜炒肉
古茗(雪峰广场店),https://www.dianping.com/shop/iWQplHowmvfn3iCH,4条评价,人均-,超A芝士葡萄 桃气麻薯小丸子 椰乳芋泥芒芒
华莱士·全鸡汉堡(洞口店),https://www.dianping.com/shop/k8KxzNzIHsCd3dAX,87条评价,人均-,全鸡 薯条 鸡米花
川聚蜀麻辣香锅(洞口县店),https://www.dianping.com/shop/H8GUvZ62734Q1yS6,,人均-,肥牛单点不送 窝笋 豆芽
螺鼎记螺蛳粉(洞口店),https://www.dianping.com/shop/k7hYOTbPBkJFTuoM,7条评价,人均-,螺蛳粉 煎蛋 牛腩
华莱士炸鸡汉堡(高沙店),https://www.dianping.com/shop/k1kutcAGtfyvEafF,44条评价,人均-,蜜汁手扒鸡 薯条 华香脆骨串
MUSANG KING猫山王,https://www.dianping.com/shop/k1mRdECXiwDhHEXi,6条评价,人均-,榴莲泡芙 苏丹王榴莲千层 水果盒子
锅圈食汇火锅烧烤食材超市(雪峰广场店),https://www.dianping.com/shop/G6EU9yXD7EanGy3X,,人均-,
爱特罗烘焙坊,https://www.dianping.com/shop/k8rACHY9DJwmKYpu,4条评价,人均￥21,迷你蛋糕 水果蛋糕 北海道吐司
锦绣江南,https://www.dianping.com/shop/ExyhYHGur74IBxMr,1条评价,人均-,啤酒老鸭
锅圈食汇(雪峰广场店),https://www.dianping.com/shop/H5yev5Hjszp22jTM,,人均-,
八戒酱猪蹄(湘运服装中心市场店),https://www.dianping.com/shop/jTaKhoP1AyJwlnaf,1条评价,人均-,招牌酱猪蹄 鸡腿 八戒凉拌面
煲仔之约,https://www.dianping.com/shop/l9NKAg3wMpVtKhw9,6条评价,人均-,酸辣鸡杂 青椒排骨 小炒牛肉
小胖龙虾,https://www.dianping.com/shop/k7OuztFB76AhVo2q,,人均-,蒜蓉大闸蟹 麻辣大螃蟹 卤鸭头
珍品牛八宝(洞口店),https://www.dianping.com/shop/GaoYVNf8edXyKD2b,,人均-,碳烤鱿鱼须 炒米粉 碳烤鸭胗
零食很忙(邵阳洞口雪峰广场店),https://www.dianping.com/shop/l6K9ekupwRoo1gt2,1条评价,人均-,
宝庆醉鹅,https://www.dianping.com/shop/k2ZFFuZxOLGKimSQ,2条评价,人均￥35,粉蒸鹅 宝庆醉鹅 酸辣肉沫
鱼季家料理,https://www.dianping.com/shop/GalerCQALc8S8LeL,,人均-,泡菜五花肉饭 黑椒牛仔骨 蟹棒手握
书亦烧仙草(洞口山门镇二店),https://www.dianping.com/shop/jQZARXPHGNAsa0iR,3条评价,人均-,书亦烧仙草 芋泥全家福 葡萄芋圆冻冻
锦绣江南锦瑟店,https://www.dianping.com/shop/HalZC9ibVyYBaWW5,4条评价,人均-,荔枝虾球 罗氏虾 桃胶炒鸡蛋
