NANA炭火燒鳥居酒屋,https://www.dianping.com/shop/G6CVL8VPjjMF3LHR,15条评价,人均￥96,鸡肉脆骨丸 鸡皮（2串） 日式煎饺
眉山烧烤,https://www.dianping.com/shop/H2Jo2CwXEIIg7QFY,1o条评价,人均-,毛豆 豆皮 鸡皮
张太婆老妈蹄花·川菜馆(拉萨柳梧店),https://www.dianping.com/shop/H40aUk5gpG9KmgZV,233条评价,人均￥55,老妈蹄花 鲜椒蹄花 连山回锅肉
Puff Box 甜品·蛋糕·面包(柳梧店),https://www.dianping.com/shop/Ha7nvcnSgkg4nGQw,3条评价,人均-,玫珑蜜瓜 好运蛋糕 花束蛋糕
谭鱼头(柳梧店),https://www.dianping.com/shop/k3Z4uQrkjDavLxUN,82条评价,人均-,鲜椒锅（小锅） 谭式手磨豆花 养生鱼汤锅
N多寿司(柳梧店),https://www.dianping.com/shop/l8zmREk1njZnmUkI,1条评价,人均-,
晓秧锅鲜货火锅(中鹰黑森林店),https://www.dianping.com/shop/H1LavxoCGU6MpQbo,68条评价,人均￥99,
屋头串串(柳梧店),https://www.dianping.com/shop/G3gQi0uQrAqKfmBh,7o条评价,人均￥71,
雷记老陕面庄,https://www.dianping.com/shop/FkKqhREHtntEkUkO,22条评价,人均￥32,
福瑞德岐山农家(柳梧新区店),https://www.dianping.com/shop/Ga4mkb4yKyDNxdqc,38条评价,人均-,
袁记云饺(海亮世纪新城店),https://www.dianping.com/shop/k8WLgxJZXFC2C6DK,1o条评价,人均-,
迎缘阁王婆大虾,https://www.dianping.com/shop/H5q38r413RohotoU,1o6条评价,人均-,
眉山凯凯烧烤,https://www.dianping.com/shop/l4IiD2QgX2i8Vecy,5条评价,人均-,
彭厨(奇圣店),https://www.dianping.com/shop/H7ZYNISs3bcjWKXZ,34条评价,人均￥1o9,
刘记翘脚牛肉,https://www.dianping.com/shop/k93XCytMVA7K45xy,39条评价,人均-,
天兴阁东北菜,https://www.dianping.com/shop/G7zBQh7cnOsn16NO,13条评价,人均￥64,锅包肉 地三鲜 韭菜炒蛋水饺
德家湘(柳梧店),https://www.dianping.com/shop/k5VFmoJcPZNB5fLn,6o条评价,人均￥9o,小炒牦牛肉 小炒肉 荷包蛋黄骨鱼
麦思家水饺,https://www.dianping.com/shop/la4KgE420AKgGjxP,122条评价,人均￥63,白菜猪肉水饺 韭菜鸡蛋水饺 鲜肉香菇水饺
味之纯美蛙鱼头(柳梧店),https://www.dianping.com/shop/G9NhuNmWV36oFq12,7o条评价,人均-,特色麻辣锅
袁记云饺长兴都汇店,https://www.dianping.com/shop/la5yEmqmsGN41VJP,1条评价,人均-,韭菜鲜肉饺 香葱饺子 藤椒豆腐丝
岐山哨子面(百益南岸分店),https://www.dianping.com/shop/G3uvWwZI4yqF08Xd,14条评价,人均￥43,陕西老潼关肉夹馍 三合一干拌 擀面皮
高毛肚老火锅,https://www.dianping.com/shop/k99UYHH2bQ89xXUh,2条评价,人均-,清油毛肚
邑起地摊子打边炉(柳梧店),https://www.dianping.com/shop/H8IneDBScozUSlP7,9条评价,人均-,凉拌鸡 泡椒酸汤牛肉 卤牛骨
广府人家·食禾坊(柳梧店),https://www.dianping.com/shop/Fn30BwAbBFu5s2nF,4o条评价,人均-,白切鸡 荷芹炒广东腊味 广式腊味煲仔饭
小糖沫沫全味吐司(泰玺华庭店),https://www.dianping.com/shop/k9Ukx6PeSFWwFKSv,5条评价,人均-,全麦三明治 猫山王榴莲吐司 彩虹芝士慕斯
竹俏龙山日式烧肉,https://www.dianping.com/shop/l4cGzPebeMsQgMUj,18条评价,人均-,
面包新语(花花世界奥特莱斩店),https://www.dianping.com/shop/l7ZtifXrgKsa9o7F,6条评价,人均-,
德福毛肚火锅(泰玺华庭店),https://www.dianping.com/shop/G5zrB7BTyM9EH0WG,217条评价,人均￥146,
拉萨空港佰翔花园酒店-雅江中餐厅,https://www.dianping.com/shop/k3BbcKwqTXBCO8cO,49条评价,人均￥93,
干一锅,https://www.dianping.com/shop/l9BM3P9TYMJ5pU33,4条评价,人均-,
全粤德肠粉,https://www.dianping.com/shop/G3inMKPEEWEzB9ev,3条评价,人均-,虾皇鸡蛋肠 肉沫玉米肠 牛肉肠
kakimo cafe,https://www.dianping.com/shop/H1ISACm6AHDEZqNM,36条评价,人均￥39,澳白 奥利奥法布奇诺 薄荷拿铁
蛙兔鸡特色江湖菜小酒馆,https://www.dianping.com/shop/GaE5SOy63zHIEWD0,35条评价,人均-,鲜锅兔 轰炸鸡 丝瓜荷包蛋
陕八怪biangbiang面(海鑫国际店),https://www.dianping.com/shop/G6J9KKmcd6w7zPzG,9条评价,人均-,红烧牛肉面 豆角蒸卤面 陕八怪biangbiang面
娘炉川菜,https://www.dianping.com/shop/H8muVuaMH9DAAHTq,3o条评价,人均-,口水鸡 砂锅鸡汤萝卜 招牌咸烧白
凌锦老北京铜锅涮肉馆,https://www.dianping.com/shop/H72jcNr5uY7CmAxi,96条评价,人均-,内蒙精品肥牛卷 草原羔羊卷 手工肉丸子
热木岗藏餐馆(青铁小区店),https://www.dianping.com/shop/G8avIB4wbb40h5Un,1条评价,人均-,胡萝卜烧牛肉 白菜粉丝肉丝盖浇饭 蒜苗回锅肉盖浇饭
灯城盆盆菜,https://www.dianping.com/shop/kay8SDlMYCCqcqXc,4条评价,人均-,仔姜牛蛙 干锅兔 仔姜鸡
蜀皇全牛宴,https://www.dianping.com/shop/l8UtbDK36Vj7nwHC,5条评价,人均-,烤玉米馍 红糖糍粑 娃娃菜
德克士(奇圣广场店),https://www.dianping.com/shop/k4tCACjDOM028xpv,19条评价,人均-,咔啦脆香辣鸡翅 脆皮炸鸡两块 鸡腿堡辣翅三件套
蛙蛙叫美蛙鱼火锅(柳梧店),https://www.dianping.com/shop/k3V1a47UyrUxEUX7,1o条评价,人均-,
鲁欧嘎商务酒店餐吧,https://www.dianping.com/shop/H1GRH0KNatHxG8PH,,人均-,
八方包子(柳梧店),https://www.dianping.com/shop/l6cYYpeEc9OQo4m6,1条评价,人均-,
酸叔老坛酸菜鸡(奇圣广场堆龙店),https://www.dianping.com/shop/H3g5otPdvaA2FnuS,98条评价,人均￥148,
初荟糖先生手工吐司面包(柳梧店),https://www.dianping.com/shop/k6z5l4K2NTTF1FkA,3条评价,人均-,
墨驹驴肉火烧(锦地广场店),https://www.dianping.com/shop/l30idl3L28ElKSFt,3条评价,人均-,青笋 香辣驴肚 精品驴肉汤
炸鸡旗兵(柳吾店),https://www.dianping.com/shop/GaHY8FeQ8cGv3hDb,4条评价,人均-,豆角肉片焖面 鲜嫩里脊肉串 赠可乐
岷山天瑞大酒店-西餐厅,https://www.dianping.com/shop/H1phHFi7njcPWQ5W,414条评价,人均￥197,生蚝扇贝 鲍鱼 三文鱼
老牛车蒸汽牛肉拉面,https://www.dianping.com/shop/l5X3zfGMpNrceZGl,7条评价,人均-,小白菜豆腐汤 水煮牛肉 鱼香肉丝
SMALI思慕蛋糕(拉萨店),https://www.dianping.com/shop/l322iUDYRrDdo58H,,人均-,简约款鲜花蛋糕 大白玫瑰鲜花蛋糕 网红ins风鲜花蛋糕
清真广河俩西饭馆,https://www.dianping.com/shop/G29yu9CPsn5R299k,28条评价,人均￥87,手抓羊肉 羊肉串 椒麻鸡
谭鸭血老火锅(柳梧店),https://www.dianping.com/shop/l8vKc5U6CcqamnvA,119条评价,人均￥113,谭公鸭血 谭鸭血经典红锅 卤水肥肠
写给某人咖啡,https://www.dianping.com/shop/FWnMI7nDKEjoAx99,12条评价,人均-,生椰拿铁 椰青美式 生椰dirty
泉满德 江湖菜,https://www.dianping.com/shop/l5ap0UtjlK0XMFiq,6条评价,人均-,鲜椒牛蛙 回锅肉 羊肉串
朝天骄泡菜鸭火锅(堆龙店),https://www.dianping.com/shop/G5ap5cse6l2uBaKH,25条评价,人均￥95,特色泡菜鸭火锅 老冰棍蟹柳 全家福
九街淑芬掌中宝串串公司(经开区店),https://www.dianping.com/shop/laJ0rVwR17hrfKNJ,362条评价,人均￥123,冲上云霄好味蟹柳 蒜香味掌中宝 椰子冰汤圆
祥姐妹餐厅,https://www.dianping.com/shop/l8A7lwSFzLMPQw6w,9条评价,人均-,手撕卷心菜 清炒时蔬 松茸土鸡
添顺老北京涮肉坊,https://www.dianping.com/shop/ka5sgUqxCtb5MSa9,55条评价,人均￥18o,极好肥牛 内蒙古羊肉 蘸酱
奇渔夫烤鱼烧烤,https://www.dianping.com/shop/H8Nn0Tt4n0KoWy0K,3o条评价,人均-,烤黔鱼 烤小黄鱼 草鱼
鲁润卤肉店,https://www.dianping.com/shop/G8nN70r3fGtUEupA,,人均-,麻辣鸭头 炸花生米 麻辣鸭翅
