凤凰山斑鱼馆,https://www.dianping.com/shop/joaQrjHW29D469Cf,289条评价,人均￥77,招牌绿茶包 手工油茶 斑鱼
瑶宴,https://www.dianping.com/shop/H62Q7N0pEip8cwlO,13条评价,人均-,瑶山老南瓜 招牌柠檬鸭 芦笋花腩卷
百川油茶馆,https://www.dianping.com/shop/k1OUgaYzvWkbAHVL,48条评价,人均￥48,油茶火锅宴 芋头仔 三色粑
铭新油茶,https://www.dianping.com/shop/H3l3qEjwZzpi0smA,12条评价,人均￥4o,油茶 炒水浸粑 竹笋炒腊味
瑶家小院油茶馆,https://www.dianping.com/shop/k8TNC66U2zrAXk1h,39条评价,人均￥44,炒水晶粑 大饼 油茶鸡
阿三饭店,https://www.dianping.com/shop/k5UR1gzWHhUBoput,14条评价,人均￥32,
芳芳正宗柳州螺蛳粉,https://www.dianping.com/shop/G9CKjUm1whOy9gTB,16条评价,人均-,
阿里兄弟烧烤,https://www.dianping.com/shop/H1t9Yo4bcW2xxqvc,11条评价,人均-,
恭城红岩村新强酒楼,https://www.dianping.com/shop/l1TwWkiUailr1fYE,7条评价,人均-,
小辣椒(恭城恭王府店),https://www.dianping.com/shop/H4R7LhPcNkbVjjMx,32条评价,人均￥57,
百川油茶分店,https://www.dianping.com/shop/l6Tcx4HlWFC3WlNJ,13条评价,人均-,
鱼米蛙乡(恭城店),https://www.dianping.com/shop/l8sUt86TsrMZnCVf,121条评价,人均-,
马仔酒楼(广场店),https://www.dianping.com/shop/ka8Uo6BkTLsuJQsF,26条评价,人均￥57,
肥妹烧烤油茶店,https://www.dianping.com/shop/l9C0YzeCInQGAxwC,87条评价,人均￥33,
犇腾牛八宝,https://www.dianping.com/shop/k2ppHqmFHM7nedTS,33条评价,人均￥35,
元气蛙,https://www.dianping.com/shop/k81ckwoYplCS5iCJ,237条评价,人均￥58,青椒紫苏味 元气蛙 香蕉飞饼
一家人鱼店(滨江苑分店),https://www.dianping.com/shop/izeNpVI9DIBnaPia,5条评价,人均-,鱼片 羊排
重庆老火锅（民乐路）(恭城店),https://www.dianping.com/shop/jQnxAHJmkhgZww75,1o条评价,人均-,鸳鸯锅 麻辣牛肉 老肉片
瑶王寨,https://www.dianping.com/shop/H9V8fGlJIcMI1gY9,3条评价,人均-,蒜香排骨 红烧茄子煲 凉拌云耳
意浓世界咖啡西餐厅(滨江西路店),https://www.dianping.com/shop/k9ukxvaXqDJwhW7E,36o条评价,人均￥33,牛排套餐 意浓特色牛扒 柳橙汁
河畔咖啡,https://www.dianping.com/shop/H9Tf12zcPf1zLxDv,4条评价,人均-,榴莲飘香 双层芝士蛋糕 伯爵红茶千层
蜀香记纸包鱼,https://www.dianping.com/shop/G2l0PDfzPTgqFjgS,1条评价,人均-,蒜香味纸包鱼 酸菜炒魔芋
洪荒老桂林米粉(恭城店),https://www.dianping.com/shop/G1vJpIPKrQzZz5H3,2条评价,人均-,凉拌粉
梁记柳州螺蛳粉,https://www.dianping.com/shop/G5BoBlYbTlIKDRpa,4条评价,人均￥21,螺蛳粉 海带结 生菜
简鹿糖水铺(粤华世纪鑫城店),https://www.dianping.com/shop/G2QoAVUvhgvN11az,2条评价,人均-,椰奶小方砖 咖喱鱼蛋车仔面 咖喱鱼蛋乌冬面
鱼卤江湖,https://www.dianping.com/shop/l8UYmpvRdvOlWtY1,,人均-,
婵娟健康烘焙馆,https://www.dianping.com/shop/H22ddIkYe2sBAPMB,6条评价,人均-,松仁金沙奶黄月饼 生日蛋糕 鲜花饼
味之源(滨江苑店),https://www.dianping.com/shop/l38yHyFkehWtCXjT,3条评价,人均￥3o,脆皮香蕉 拔丝芋头 田螺酿
马仔餐馆,https://www.dianping.com/shop/H184XjCcYYFcR3mX,23条评价,人均￥5o,炒水浸粑 田螺酿 手撕鸡
欢乐聚牛菜馆,https://www.dianping.com/shop/k3UrGBWfw2QIedVc,,人均-,雪花鸡柳 酸辣猪杂 肉末炒河粉
秦记香辣蟹,https://www.dianping.com/shop/k1WaL4PNYHlNNrIf,4条评价,人均-,跳水蛙（中） 烤生蚝 自酿水果酒
五福春大酒家,https://www.dianping.com/shop/G1alBgDeXSBMMsp8,6条评价,人均-,油茶 茄子豆角 香芋鸭
红胖子重庆老火锅恭城店,https://www.dianping.com/shop/k5KLFDfXO4hyHXru,5条评价,人均-,猪脑 牛肉 酸梅汁
欢仔大排档,https://www.dianping.com/shop/l4pHtWLVOdE9QRK1,1条评价,人均-,青椒肉丝 牛杂煲
三门牛肉(城中西路八巷店),https://www.dianping.com/shop/H55TIj24K7lEn0WE,7条评价,人均-,半筋半肉 牛舌 奶泡肉
喜阁里茶,https://www.dianping.com/shop/l4LxUx9DfBCb9FpN,,人均-,鲜果捞 芒果酸酪 草莓酸酪
田螺姑娘馄饨·面·米粉,https://www.dianping.com/shop/G79OaP2UilKGTepd,9条评价,人均-,锡纸花甲粉 螺蛳粉 炒东莞粉
果子狸烧烤店,https://www.dianping.com/shop/G5FFWEWwhPMEcMEq,1条评价,人均-,炒莲花粉 虾饼 豆沙包
三碗油茶,https://www.dianping.com/shop/G6vOW474BuOZslnr,3条评价,人均-,凉拌鱼皮 麻婆豆腐 红烧腐竹
田园水乡休闲山庄,https://www.dianping.com/shop/G30iGhf93ICkUuQY,1条评价,人均-,
大宝小锅油茶店,https://www.dianping.com/shop/l8IFscf8sfEg03JC,2条评价,人均-,恭城油茶 炒粉利 三色粑
山水阁美食餐厅,https://www.dianping.com/shop/H6iGuGejgKQftp23,2条评价,人均-,玫瑰花包
油茶街坊菜,https://www.dianping.com/shop/laO9zOK22ZKURmXR,,人均-,
小不点米粉(壹店),https://www.dianping.com/shop/H1JoOaNcsJxmdj0K,3条评价,人均-,哇哈哈纯净水 统一鲜橙多 统一绿茶
原味三门牛肉(莲花分店),https://www.dianping.com/shop/k7TcIf4fU30moslD,,人均-,
肖仁发熟食,https://www.dianping.com/shop/G9Xw86Xt7XbeykCK,,人均-,
黄记烧烤城(拱辰西路),https://www.dianping.com/shop/HaRuDCD7Ij4gMuRT,1条评价,人均-,
美味酸屋,https://www.dianping.com/shop/H8VpzsSRFhy0mgvq,4条评价,人均-,八宝粥 凉拌莲藕 凉拌有骨鸡爪
好运来蛋糕店,https://www.dianping.com/shop/G8fRzGaNZkb17iCB,85条评价,人均￥2o,水果蛋糕 栗子蓉蛋糕 提拉米苏
养身汤吧,https://www.dianping.com/shop/l5NbKoTJ7r65VEea,2条评价,人均￥2o,冬瓜排骨汤 天麻猪脑汤 山药排骨汤
广式烧鹅,https://www.dianping.com/shop/G86xVEAPevpkeCNC,2条评价,人均-,广式烧鹅饭 烧鸭拼卤脆耳饭 卤五花肉饭
瑶妹子油茶馆(恭城店),https://www.dianping.com/shop/G7CAeBORfg5yjnNl,,人均-,
姐妹酸菜鱼,https://www.dianping.com/shop/k70gqeCVQv0VjJuO,,人均-,
亦可烧仙草,https://www.dianping.com/shop/k8GyMMwwbuQMuAnL,,人均-,蜂蜜柚子茶 柠檬百香果 鲜水果茶
书亦烧仙草(恭城天和百货店),https://www.dianping.com/shop/l2IzKw0MsNBnNJBY,,人均-,西米芋泥轻乳 草莓奶云麻薯 葡萄干
隆江猪脚饭,https://www.dianping.com/shop/H872MShlprLKqHMm,1条评价,人均-,
欣艺一品轩牛八宝(滨江西路店),https://www.dianping.com/shop/H8VpthEj1SZCsYjT,,人均-,
兰州拉面,https://www.dianping.com/shop/H1cIF8srWe7As3uV,,人均￥23,
书亦烧仙草(拱辰店),https://www.dianping.com/shop/H3xpP2IXP8IcpbbL,51条评价,人均-,
大广场生蚝,https://www.dianping.com/shop/k2ZQZXdbjUUrN8JV,,人均-,
