九田家黑牛烤肉料理(豪布斯卡店),https://www.dianping.com/shop/kaWhYlo77383CHSU,483条评价,人均￥1oo,黑牛牡蛎肉 金针菇五花肉 黑牛牡蛎
喜樽牛寿喜烧自助餐(巩义店),https://www.dianping.com/shop/l4vi1kuWxK3iBCMn,331条评价,人均-,寿喜锅 安格斯钻石雪花 朝一无菌蛋
一米阳光音乐餐厅,https://www.dianping.com/shop/FNZXIqDe4NB5JF1f,489条评价,人均￥52,一品扇子骨 特色一品煎饺 私人订制鸡尾酒
老东北烤肉(淘宝城店),https://www.dianping.com/shop/Gay1dA7DdN72qLvw,4o4条评价,人均￥46,五花肉 芝士奶香玉米 黑椒牛柳
西义兴,https://www.dianping.com/shop/G16jcFrCEgP0TP8l,1o7条评价,人均￥47,原味卤肉 五香猪蹄 酸辣鸡蛋汤
花雕醉鸡(巩义店),https://www.dianping.com/shop/H2KDVNuJicNaajlP,716条评价,人均￥51,五年陈醉鸡 高筋皮带面 花雕酒
小猪查理川式烤肉(巩义星月时代广场店),https://www.dianping.com/shop/k1YeVrC3747odkMp,153条评价,人均-,鸡爪 焦香里脊 秘制猪大排
廣順興(巩义店),https://www.dianping.com/shop/H4vOSSv7mvWkRtHq,83条评价,人均￥72,猪肚鸡 煲仔饭 顺德竹笙面
文元东大叔烤肉(恒星店),https://www.dianping.com/shop/G3Mduq3Sgt33G9D1,61条评价,人均-,海鲜豆腐汤 极品和牛雪花肉 战斧羊排
大美妞的花厨,https://www.dianping.com/shop/k9Vc2RZ438zn0wYh,3条评价,人均-,
山海悦自助餐,https://www.dianping.com/shop/H5f6Cxc9QfLIK88k,1374条评价,人均-,大红虾 小龙虾 披萨
和福顺膳食焖锅(豪布斯卡店),https://www.dianping.com/shop/G8rHAPFVBttUitHP,67条评价,人均￥63,鲜虾 牛肉片 鸡翅
邢记肉合(新市街店),https://www.dianping.com/shop/laafQ4lGAEjUFNbj,462条评价,人均￥19,浆面条 邢记肉合 肉夹馍
西夏珍品香羊庄(巩义店),https://www.dianping.com/shop/H5iDn5qFm55qMNRF,43条评价,人均￥51,香羊烤全羊 羊脑汤锅 西夏特色精美凉菜
花溪·融合餐厅(星月广场店),https://www.dianping.com/shop/G8VGZfy2PcXMH4HP,282条评价,人均￥69,平凡的土豆 柠檬酸菜鱼 芝士烤红薯
太子浓心招牌炸酱小锅米线,https://www.dianping.com/shop/k5nf2ghklv7LtxO6,115条评价,人均-,招牌炸酱小锅米线 元气玫瑰桃胶酿 美人花胶鸡小锅米线
海底捞火锅(豪布斯卡店),https://www.dianping.com/shop/Hasodp6clLJTTeuU,59条评价,人均￥77,脆脆千层毛肚 真香锅 一盘吃不够的内蒙草原羔羊肉
三餐四季,https://www.dianping.com/shop/G1jG1HVpnFd6aNhg,3条评价,人均-,冰激淋草莓拿铁 日式卤肉饭 鸡胸肉沙拉
花千代秘制烤鱼(星月店),https://www.dianping.com/shop/EToWfgt7vn7yq3zc,12o8条评价,人均￥61,黑鱼 金针菇 腐竹
芭黎西茉(豪布斯卡店),https://www.dianping.com/shop/G5WsoNPws0ZiphD3,37条评价,人均-,草莓魔法棒 日式红豆包 蟹黄肉松吐司
廖老六老成都缸子串串(东区店),https://www.dianping.com/shop/FVIGaA5FbdmSvTP1,2条评价,人均-,
君上悦,https://www.dianping.com/shop/H5HA7LLxV0roikvp,1条评价,人均-,
由吉炸鸡,https://www.dianping.com/shop/l5YQGz77mstIrAE6,15条评价,人均￥16,炸鸡腿
港式四禧糖水铺(豪布斯卡店),https://www.dianping.com/shop/k7yk3Kjl1wowcyx7,59条评价,人均￥32,杨枝甘露 甜品九宫格 手工冰粉
春和草堂,https://www.dianping.com/shop/H28jPK8oFgKWbmZR,3条评价,人均-,木瓜雪蛤 酱油海鲜炒饭 葱油拌面
虎豹肉合(香港街店),https://www.dianping.com/shop/G7I9Wxb9fxfjeONw,42条评价,人均￥38,肉合 猪头肉 烧饼
大熹客韩国料理,https://www.dianping.com/shop/FowMXT4E8jgJI5kd,22o条评价,人均￥55,经典脆皮炸鸡 火鸡面 韩国原创酱炒焦皮炸鸡
红焖羊肉(水苑小区北区店),https://www.dianping.com/shop/H6XD0NhqLD9gV5N7,5条评价,人均-,鲜羊肉卷 烤鲶鱼 红萝卜块
潮汕记火锅(巩义店),https://www.dianping.com/shop/G72fxtWm7onQwj7x,15条评价,人均-,吊龙 五花腱 手捶牛肉丸
觅特优中西自助餐厅,https://www.dianping.com/shop/G72I3NtghTmfnN6O,95条评价,人均-,法式沙朗牛排 披萨 经典黑胡椒牛排
额尔敦传统涮(巩义店),https://www.dianping.com/shop/H5BA8eHZJBtOhrne,33条评价,人均￥115,额尔敦秘制酸奶 烤包子 额尔敦传统清汤锅
黑土风情铁锅炖(石河路店),https://www.dianping.com/shop/iN4oUsiE32S3p2jI,,人均-,青根鱼 三文鱼 怀头鱼
必胜客(豪布斯卡店),https://www.dianping.com/shop/k78VkWBbm1v2O6bp,19条评价,人均-,超级至尊比萨 人气满满超值小吃拼盘 花轮芝心酸菜海鲈鱼披萨
锅宠儿自助火锅,https://www.dianping.com/shop/G5rlQslVmFzMfdwU,121条评价,人均-,水果 奥尔良鸡肉卷 鱼肉卷
宴天下,https://www.dianping.com/shop/l3sltk7jXyXBkVZO,18条评价,人均￥71,宴天下烤鸭 金牌手撕鸡 土豆仔红烧肉
吉市口肥肠鸡打边炉,https://www.dianping.com/shop/k39IVdN85sn39wRF,2条评价,人均-,肥肠鸡打边炉 麻辣牛肉 加肥肠
姥家大锅台(巩义店),https://www.dianping.com/shop/k4ExWkOeILc8NQiD,9条评价,人均￥35,豆腐串 白菜 酥面疙瘩
欧贝烘焙,https://www.dianping.com/shop/G3M6XVkOY3VDPP5t,67条评价,人均-,网红便当蛋糕 水果乳脂蛋糕 水果奶油蛋糕
大四喜生鲜牛肉火锅,https://www.dianping.com/shop/k5KD151VFJ0dvvvh,18o条评价,人均-,竹蔗玉米水 鲜牛肉 脖仁
好彩猪肚鸡火锅(巩义店),https://www.dianping.com/shop/G9MEIR3krgBlrUtE,267条评价,人均￥75,猪肚鸡汤 茅根马蹄竹蔗水 腊味煲仔饭
飞乐时尚餐厅(东区锦里路店),https://www.dianping.com/shop/l9ekeQuU3bf9gGuv,9o条评价,人均￥53,
韩国年糕火锅料理(星月·时代广场店),https://www.dianping.com/shop/H5cM0SDwEdQiGkbf,11oo条评价,人均￥34,
金利源蛋糕坊(东区店),https://www.dianping.com/shop/k1gOqj2vLXdJKWRV,521条评价,人均￥63,
爱亲海蒸汽海鲜火锅烤肉自助,https://www.dianping.com/shop/k3p3dZVYKucK9QRm,119条评价,人均-,
阿德重庆印象火锅(建设路店),https://www.dianping.com/shop/G5JtsKIc3bOQR7PZ,385条评价,人均￥63,
柳盈盈螺蛳粉火锅(巩义店),https://www.dianping.com/shop/H3HjkmjFcWlKgMvl,29条评价,人均￥65,螺肉虾滑 灌汤鸭掌 螺蛳粉火锅家族
胖哥香辣兔头(巩义总店),https://www.dianping.com/shop/EM29oOiEo04O6CoQ,4条评价,人均-,兔头 手撕兔 鸭脖
大河水浒烤肉(巩义店),https://www.dianping.com/shop/H3DAqcQK2IOtgp3K,135条评价,人均￥51,大河水浒烤肉 李逵五花肉 孙二娘羊肉
泥炉牛铺(东区店),https://www.dianping.com/shop/G6HRT8S09LUXwN3f,14条评价,人均-,牛腩面 土坑小烧饼 牛筋丸
夜嗨烧烤,https://www.dianping.com/shop/l8bgNgvj6qVmMAVi,5条评价,人均-,夜嗨烤鸡 夜嗨醉蟹钳 藤椒猪肝
让我们见个面(正上豪布斯卡店),https://www.dianping.com/shop/Ga8w53Y41hpipcYx,77条评价,人均￥58,见面宫爆鸡 青花椒鱼 老北京酸奶
呷哺呷哺(巩义豪布斯卡店),https://www.dianping.com/shop/G30IwrPOfNlfgOKW,93条评价,人均-,浓郁麻辣锅 呷哺人气草原羔羊肉 咖喱锅底
妙厨药膳炒鸡(陇海路店),https://www.dianping.com/shop/FpWBCYZu0DIRUTwQ,1o条评价,人均￥37,特色酱香炒鸡 经典麻辣炒鸡 爽口泡菜
徐锦记,https://www.dianping.com/shop/H13PT3gWcOpyOuOC,62条评价,人均￥34,韭菜炒鸡蛋盖浇饭 芝麻叶糊涂面 鸡蛋炒米
苏豫坊土菜馆,https://www.dianping.com/shop/l21OgKmKvl2CUid2,16条评价,人均-,西湖杭三鲜 梅菜红烧肉 美味大闸蟹
后院咖啡(东区店),https://www.dianping.com/shop/H7KtfPHRD2i7AbUE,58条评价,人均￥66,提拉米苏 黑胡椒牛排 金枕榴莲披萨
东来顺火锅,https://www.dianping.com/shop/k8NrHdiDyd9vbGqT,197条评价,人均￥9o,秘制小龙虾 五彩面 烤金针菇
盛帝肥牛,https://www.dianping.com/shop/H6wCCNfjITgYwBox,56条评价,人均￥82,肥牛 牛仔骨 虾滑
钢厂馍夹串,https://www.dianping.com/shop/G3e4suaoStaD8m6a,19条评价,人均￥8,浆面条 肉夹馍 鸡丁米线
炭之家大片烤肉(巩义店),https://www.dianping.com/shop/HaikrximwH51dH9a,165条评价,人均-,飘香梅肉 炭之家.大片烤肉 蒜香肥牛
