悦享来,https://www.dianping.com/shop/H2UR4Mh1Zk0g7ULL,4条评价,人均-,
竹屿肉亭和食(光泽店),https://www.dianping.com/shop/GadogFpFbzzAZjPK,6条评价,人均-,七阶烤肉天梯拼盘 土豆泥色拉 九宫格烤肉拼盘
沈记牛肉火锅,https://www.dianping.com/shop/G2Sl184ScHPruUXX,3条评价,人均-,
涨格重庆老火锅,https://www.dianping.com/shop/G5UmVLb2hEUlxPWB,5条评价,人均-,澳洲精品肥牛 豆皮 豆干
福至尊鱼羊馆(光泽店),https://www.dianping.com/shop/GaSUBy8FTZSdafMz,6条评价,人均-,葱油饼 网红牛蛙煲 小米椒炒牛肉
朝天门,https://www.dianping.com/shop/l8spTUik7IBQicbo,18条评价,人均￥113,手工鲜虾滑 麻辣牛肉 麻辣鸡胸肉
马路边边,https://www.dianping.com/shop/H3PvEWHclfrqaofZ,15条评价,人均￥82,毛肚 油条 虾滑
蜜悦士鲜牛肉火锅(华府店),https://www.dianping.com/shop/FaxKcZjFucqj6d1L,2条评价,人均-,五花趾 毛肚
无胜境文体创意生活馆,https://www.dianping.com/shop/l7yOUazMVgRfcGBe,8条评价,人均-,105咖啡 奥利奥脏脏杯 多肉综合莓莓
无名小店,https://www.dianping.com/shop/G3f0JXKxXXuvdVsC,13条评价,人均￥66,炒鸭下水 糖醋排骨 油爆肥肠
大眼睛小吃,https://www.dianping.com/shop/jUiuzk2KaCC1aGoT,29条评价,人均￥13,小笼包 清汤 泡粉
.合和自助烤肉餐厅,https://www.dianping.com/shop/G9trZKAxMbxDBmmA,3条评价,人均-,带子
梅宝菜馆,https://www.dianping.com/shop/G20NFW1jQUU3CM42,5条评价,人均-,炒笋片 莴笋干炒肉 蛋炒梭子蟹
台湾红烧牛肉面(武装部店),https://www.dianping.com/shop/l1BzskK2fvTITfp1,12条评价,人均-,牛肉面 鸭胗 卤蛋
胖妞烧烤,https://www.dianping.com/shop/H1jh7sKnoBxn34sg,4条评价,人均-,空心菜 裹粉鸡爪 牛板筋
周麻婆(南平光泽文昌路店),https://www.dianping.com/shop/l7U7t3nj0PlOQ90Z,49条评价,人均-,麻婆豆腐 周麻婆泡菜鱼 农家小炒肉
君悦一品,https://www.dianping.com/shop/H1025DYVHyEy8E9O,1条评价,人均-,三文鱼手握 手鞠寿司 希鲮鱼
客家牛肉店(二一七路店),https://www.dianping.com/shop/G7elYECRrFtmEn0e,7条评价,人均￥17,牛肉面 牛百叶
阿英永安小吃,https://www.dianping.com/shop/l9VuAPoeEa2TjTxE,3条评价,人均-,高汤粿条 永安活肉 黄椒猪血
可可浓情手工烘焙,https://www.dianping.com/shop/k83sOljnMIJiC4i9,2条评价,人均-,鸡米花 鸭骨架 骨肉相连
来恰烤肉(光泽店),https://www.dianping.com/shop/kadQxEMcmaAukImY,4条评价,人均-,经典黑椒牛肉 秘制孜然羊排 秘制香辣牛肉
浅岛·料理,https://www.dianping.com/shop/l5Z2ui0i9zIbp4IY,1条评价,人均-,蟹柳肉松卷 藤椒牛腹肉串 照烧扇贝
佳客来(光泽店),https://www.dianping.com/shop/k9UrXSoVkjRWWOtY,17条评价,人均￥6o,耗牛肉排 新西兰香嫩牛排 东海鱼排
肯德基(光明大道店),https://www.dianping.com/shop/l4LLLtYov2eRwrAb,4条评价,人均-,双层安格斯牛堡单人餐 香脆薯饼 秘制鲜香鸡排
曙光菜馆(文昌东路店),https://www.dianping.com/shop/k7U0FnEsedEgGY3P,2条评价,人均-,回锅肉 白切鸡 土鸡蛋汤
重庆y火锅,https://www.dianping.com/shop/G25qmJSghBKRUdpU,12条评价,人均￥88,
欧沪国际大酒店·餐饮部,https://www.dianping.com/shop/H9kIMhTfbh6UtROz,8条评价,人均-,
烘焙快车(二一七路店),https://www.dianping.com/shop/G432oBFph6GC125j,2条评价,人均-,
夸父炸串(文昌路店),https://www.dianping.com/shop/H5ZKo7xCC4rrnuZe,1条评价,人均-,
九龙捞吧,https://www.dianping.com/shop/k3yzAtEK8GwH1K3l,1条评价,人均-,
食粉香,https://www.dianping.com/shop/k3Krzd4TvYx4r4FY,1条评价,人均-,炒白果 豆腐竹 鸡翅
蓉姐钵钵鱼,https://www.dianping.com/shop/k6P7AXnHidCY3HKZ,6条评价,人均-,黑椒牛柳饭 海带丝 柠檬钵钵鱼锅
蜀签签成都特色串串香,https://www.dianping.com/shop/iHCkvDGhSzXupPZw,1条评价,人均-,特色拌面 猪脑 蛋菇
林氏一品锅旋转小火锅(二一七路店),https://www.dianping.com/shop/k2gb3ckNFlzSKTRl,,人均-,
大拇指美食(二一七路店),https://www.dianping.com/shop/H6KOUV3JPIzAoyjd,5条评价,人均-,口袋饼 鸡爪煲 小炒肉
资溪面包(光泽店),https://www.dianping.com/shop/G8iSbVFFxXWjizqf,5条评价,人均-,
绿园酒家,https://www.dianping.com/shop/G8iauiCYaWslMRSS,1条评价,人均-,
圣农假日酒店-中餐厅,https://www.dianping.com/shop/H7zQsgD7UgzolBmh,1条评价,人均-,
闽兴菜馆,https://www.dianping.com/shop/ExkeBwMdfpdW5huX,,人均-,
竹屿光泽店,https://www.dianping.com/shop/jxKT6mMOM5qHE9CV,1条评价,人均-,
潮正和潮汕牛肉火锅(文昌路店),https://www.dianping.com/shop/latYS80yGf5aKqfl,1条评价,人均-,
老陈瘦肉羹(华府店),https://www.dianping.com/shop/H2LYfmUvp6rSz0KF,2条评价,人均-,
茶研功坊,https://www.dianping.com/shop/iK7QFSpWm1lXhklv,1条评价,人均-,
Polar咖啡形象店,https://www.dianping.com/shop/H6CKCU71DkWkwual,1条评价,人均-,
老塞咖啡,https://www.dianping.com/shop/H9RqBrF6KUTvej8j,4条评价,人均-,
春风菜馆,https://www.dianping.com/shop/l8CA87OmJL4kiO5a,7条评价,人均-,青椒鱿鱼须 干锅豆腐 马蹄糕
草本汤(光泽一中店),https://www.dianping.com/shop/k3sphXlyqMy3UnEj,2条评价,人均-,土鸡腿汤 牛肉面 拌米线
傅小姐的猫主题音乐吧,https://www.dianping.com/shop/G5Vt2bKiqNKdSWjB,3条评价,人均-,咪咪薯条 盐酥鸡块 柚见你
南昌特色砂锅,https://www.dianping.com/shop/H9GBVzZcstFUAsGU,1条评价,人均-,鲜鱿鱼丝饭 红烧带鱼 油炸炒饭
金燕小吃,https://www.dianping.com/shop/iKdumAyFrZS02HXP,1条评价,人均-,鸭腿 拌面 卤蛋
林氏小吃店,https://www.dianping.com/shop/H2x61qDV5sPOlvI6,1条评价,人均-,肉丝粉 炒粉 扁肉
湘之味·江湖菜,https://www.dianping.com/shop/k6haLa2c8dWHBhrE,,人均-,
陈龙烧烤,https://www.dianping.com/shop/k2cePyGh5lMD7jH4,1条评价,人均-,小龙虾 白果 喜力
凌晨烧烤吧,https://www.dianping.com/shop/Ga1L9ZOijP89AfQM,1条评价,人均-,小龙虾 炭烤牛蛙 鸡心
小兵锡纸烧烤,https://www.dianping.com/shop/G5jhG2KWp8qqUBfa,1条评价,人均-,茄子 小龙虾 骨肉相连
中洲菜市场,https://www.dianping.com/shop/EGdBjlP1V4ChemCS,1条评价,人均-,
制家小炒夜宵(中山路店),https://www.dianping.com/shop/H5ZaWvaOTsAFMFVx,1条评价,人均-,
面包心语(二一七路店),https://www.dianping.com/shop/l54EXd1IDIjAv2YN,6条评价,人均￥28,
添缘菜馆,https://www.dianping.com/shop/k3JNiteYlaVqS9ND,2条评价,人均-,
墨玉人乃比新疆烧烤(文昌路店),https://www.dianping.com/shop/kaWLP0ft4B3yJKuB,1条评价,人均-,
