燥牛牛串串公司(灌云南京中路店),https://www.dianping.com/shop/F5ulgacPGSlyJZew,46条评价,人均-,荤素自选串串 椰子年糕雪冰 红糖串串糍粑
民间粮仓·重庆菜(灌云南京路店),https://www.dianping.com/shop/l2uZxO69v4d5Tppm,22条评价,人均￥73,上瘾辣子鸡 山城泡椒兔 重庆毛血旺
奎梨(连云港灌云民安中路店),https://www.dianping.com/shop/H5z3j97AdLT5zHr9,388条评价,人均￥78,韩国手打奶茶 玫瑰女神红 生牛乳冰淇淋
老粮票大食堂(灌云店),https://www.dianping.com/shop/G8MjJDuTRwAASVNW,1o1条评价,人均￥79,特色脆薄饼 西红柿蛋汤 北京烤鸭
元泰烧烤(东圆豪庭总店),https://www.dianping.com/shop/k5o0hREbDAR3sjPj,24条评价,人均￥72,猪肉串 特色小饼 羊肉串
蘭北·西北小馆(灌云店),https://www.dianping.com/shop/l2abCA9xpqckd292,38条评价,人均￥35,沙洲小盘鸡面 腊汁肉夹馍 部队酸奶
小小河边鱼(灌云店),https://www.dianping.com/shop/G4l76ifZbzW9QKAQ,11条评价,人均-,鲜活黄辣丁 大饼 地锅豆腐
百承领头羊(溢彩馨都店),https://www.dianping.com/shop/H7vNRWu07gg9EhHF,8条评价,人均-,孜然羊肉 徐州地锅鸡 孜然羊排
外婆·融合川菜,https://www.dianping.com/shop/G8IJ9yQ6UrVR6dC2,27条评价,人均￥94,小炒汤圆 当红辣子鸡 泰椒土豆丝
农家大锅台,https://www.dianping.com/shop/G52gjVYrC2eZdQFV,65条评价,人均-,五花肉 排骨 贴饼
老北京铜锅(南京路店),https://www.dianping.com/shop/kaH72UR6D925Yo2i,434条评价,人均-,
梨弎岁炭火烤肉(南京中路店),https://www.dianping.com/shop/G8yMd9fHRYZWTddd,152条评价,人均￥78,
老员外骨头汤馆(灌云店),https://www.dianping.com/shop/H3wiIdBUUEixKOD2,3o8条评价,人均￥75,
大象和他的朋友们(灌云店),https://www.dianping.com/shop/k146K5vZvp54DNWF,36条评价,人均-,
唧唧哇哇·小锅烀饼,https://www.dianping.com/shop/H4CNz40yzuTqFHPm,7条评价,人均-,
大王·水浒烤肉(和盛怡景苑店),https://www.dianping.com/shop/k66Ho9L34sfjZX8F,134条评价,人均-,李逵五花肉 大口吃肉 阮小二大虾
老北京疙瘩汤(金榜华府店),https://www.dianping.com/shop/k1DZOsfwArEp2FSR,7o条评价,人均￥99,西红柿疙瘩汤 虾仁萝卜疙瘩汤 老北京烤鸭
纤纤面府(溢彩馨都东区店),https://www.dianping.com/shop/kaHvXb58RxkRZk3e,6条评价,人均-,葱油荷包蛋拌面 北冰洋汽水 红烧狮子头拌面
东门韩国传统烤肉(灌云店),https://www.dianping.com/shop/k8kCsZDcSMY7Znnh,111条评价,人均￥85,辣鸡爪 南瓜粥 東門吾桑格
面菜粥泥巴小院(和盛店),https://www.dianping.com/shop/H2QPfFoDG6Iqx0wy,24条评价,人均￥62,招牌酸菜鱼 糖醋里脊 铁板大虾
吉味居酒屋(灌云店),https://www.dianping.com/shop/l8eM0EqhVlDZlQh5,62条评价,人均￥81,
肯德基(灌云店),https://www.dianping.com/shop/H3XImwtdK4RqPFh5,96条评价,人均￥42,
大白鲨海鲜牛排自助餐厅(灌云店),https://www.dianping.com/shop/l9HdSIUwfvZ0QT5E,3544条评价,人均￥46,
真牛烤肉(灌云店),https://www.dianping.com/shop/G8tTzGyZCRbHUMvP,397条评价,人均￥53,
森山烧烤(灌云店),https://www.dianping.com/shop/kadDg8CxfH8i0LZE,38条评价,人均￥75,
梧桐树咖啡＆书店,https://www.dianping.com/shop/l2YC8VMdc5nJ8QN1,17条评价,人均-,
小奴羊老北京海鲜铜火锅(东圆豪庭店),https://www.dianping.com/shop/G9X2Da6w7CdQJMvg,12条评价,人均￥199,
轩于鲜旋转小火锅(南京路店),https://www.dianping.com/shop/kagsA6aazTNpJ5rT,19条评价,人均-,
匞火火麻辣烤鱼(灌云店),https://www.dianping.com/shop/laV0OqIOINjZTJy2,27条评价,人均-,
韩舍春川芝士锅,https://www.dianping.com/shop/l8UvlnNAgCRo5H8J,14条评价,人均-,
渝胖子老城区炭火蛙锅连锁加盟店(灌云店),https://www.dianping.com/shop/k95aHx02oSI1Ox01,145条评价,人均￥67,老城区炭火蛙锅 蛙哥虾妹 美牛蛙排骨
新岗·牛排海鲜烤肉自助餐厅,https://www.dianping.com/shop/l5AekRPCmO6xNSA8,231条评价,人均￥7o,蒜蓉小龙虾 希菱鱼籽 对虾
零点缘烧烤全国连锁(总店),https://www.dianping.com/shop/G1RkMV2DU6iiqIsZ,3o条评价,人均￥112,猪肉串 羊肉大串 豆腐干
重庆刘一手火锅(溢彩馨都店),https://www.dianping.com/shop/EG2zAm5g5hsnfZ1y,154o条评价,人均￥1o4,手打虾滑 刘毛肚 肥牛一号
鲸之屋日本料理(灌云店),https://www.dianping.com/shop/GaGXgF21fcZayGQN,6o条评价,人均￥72,三文鱼刺身 烤鳗鱼 法式鹅肝
吉藤家·日式烤肉 料理,https://www.dianping.com/shop/l8U7WLUu2zkfN1Gt,7条评价,人均-,炸虾天妇罗 飞鱼籽牛油果沙拉 精品牛排
老成老火锅(灌云店),https://www.dianping.com/shop/l95pkavHt8hoaQEa,3条评价,人均-,
CoCo都可(新民店),https://www.dianping.com/shop/l65Ly1em3HRqJHIr,36条评价,人均￥11,沁夏杨梅 鲜百香双响炮 奶茶三兄弟
贤合庄卤味火锅(灌云店),https://www.dianping.com/shop/k1zdrE5DEUVXkvvL,256条评价,人均￥9o,番茄鸳鸯锅 摇摇小酥肉 老街冰汤圆
古茗(新民中路店),https://www.dianping.com/shop/laj7I7462734y7AJ,78条评价,人均￥15,芝士多肉葡萄 大叔奶茶 布雷脆脆奶芙
九龙港海鲜楼(世纪明珠店),https://www.dianping.com/shop/H2FPBeE338e85XDH,9条评价,人均￥1o6,丝瓜龙虾仁 蒜蓉小青龙 爆炒花蚬
旺炉火锅(大伊山店),https://www.dianping.com/shop/k6i8I2j6PBsHMWRm,43o条评价,人均￥111,番茄鸳鸯锅 至尊肥牛 龙利鱼
luckin coffee瑞幸咖啡(灌云新民中路店),https://www.dianping.com/shop/lakiXFkHRXed49yp,4条评价,人均-,耶加雪菲拿铁 桃桃瑞幸卷 圣诞初雪丝绒拿铁
二当家牛肉串串火锅(灌云南京路店),https://www.dianping.com/shop/G1C5I8rBL1we3k5i,99条评价,人均-,番茄鸳鸯锅 虎皮凤爪 竹荪虾滑
小龙坎老火锅(金榜华府店),https://www.dianping.com/shop/G3R4xFiQVt2TkXqD,333条评价,人均￥74,草原肥牛 双椒牛肉 茴香油条
可口熹料理(南京中路店),https://www.dianping.com/shop/H6ztJAlJ6KYZJHcq,173条评价,人均￥54,浪漫脆卷 芝士烤虾 炸虾天妇罗
屋头串串火锅(灌云南京路店),https://www.dianping.com/shop/H8y1vGmVgjY8jBD8,3条评价,人均-,哈儿牛肉 毛肚 十秒郡霸
舒禾小院,https://www.dianping.com/shop/H9yigmUoRlMETF57,1条评价,人均-,清炒河虾 生呛花生米 芹菜炒牛柳
零点烧烤(南京中路店),https://www.dianping.com/shop/k132WhvJjIT72QWA,15条评价,人均-,猪肉串 牛蹄筋 牛板筋
面菜粥小酒馆(溢彩馨都店),https://www.dianping.com/shop/laxok3NlSmNOKWyd,7条评价,人均-,土豆丝 特色豆丹 砂锅鸡爪
杨集镇烤猪蹄,https://www.dianping.com/shop/l3LCPN7uSst8YGMr,239条评价,人均￥15,杨集镇烤猪蹄 五香味猪蹄 孜然粉猪蹄
深海烤鱼(灌云店),https://www.dianping.com/shop/k2K2QdNrq7KuKJJW,767条评价,人均￥67,深海龙利鱼 蒜蓉烤鱼 金针菇
裕禧·日式拉面(灌云店),https://www.dianping.com/shop/G16ONS8HrR4sS7Wc,,人均-,秋田雪花肥牛日式拉面 销魂麻辣叉烧日式拉面 中华叉烧豚骨日式拉面
谭鸭血老火锅(灌云店),https://www.dianping.com/shop/k74g6c0aTJqppg4S,17o条评价,人均￥1o9,谭公鸭血 精品鲜毛肚 胶原肥牛
岳家·水浒烤肉(嘉天下财富金街店),https://www.dianping.com/shop/l9NQNi1cLEtHx7CR,4o条评价,人均-,秘制蒜香鸡翅 李逵五花肉 潘金莲烤肠
爪先生•肉蟹煲,https://www.dianping.com/shop/k9YtLOzDqikk6yDK,2条评价,人均-,墨鱼丸 牛蛙 虾滑煲
鱼汤焖肉面(南京中路店),https://www.dianping.com/shop/Ejw1RiHHZ8O0REsr,11条评价,人均-,鱼汤焖肉面 炒花蛤 红烧马鲛鱼
汉堡王(连云港花果山国际机场店),https://www.dianping.com/shop/H3ezebDqTJSVUNqm,5条评价,人均-,皇堡套餐 盐酥香骨鸡 杏鲍鱼菇皇堡
可可特色小吃,https://www.dianping.com/shop/l4hlPe4xC7POmLa3,2o8条评价,人均￥18,刀鱼锅贴 特色肚肺汤 炒凉粉
颜小蛮盘盘麻辣烫(灌云店),https://www.dianping.com/shop/G7jS2fPTstbiUJhr,9条评价,人均-,锅巴土豆 颜小蛮盘盘麻辣烫 颜小蛮盘盘毛肚
