田饭·湘院子田园湘菜(光山店),https://www.dianping.com/shop/k7fzWv0sIe0il2Bs,38条评价,人均￥57,辣椒炒肉 干锅小肥肠 铁盘蒜蓉虾
味派菜园子(光山店),https://www.dianping.com/shop/H4hlTGjS6Msc6MTv,21条评价,人均-,程氏毛血旺 剁椒鱼头 手撕包菜
锅大侠市集火锅(光山店),https://www.dianping.com/shop/G18qEnfj99tnwF0f,752条评价,人均￥51,脆毛肚 乌梅汁 传统鸳鸯锅
朝天门火锅(光山新西亚店),https://www.dianping.com/shop/k7TRiLXEm0aYeauQ,4o3条评价,人均￥74,精品肥牛 手打鲜虾滑 深海巴沙鱼
袁记串串香(九龙国际城店),https://www.dianping.com/shop/G7gG4wuw0bsTxDua,13条评价,人均￥5o,黑椒牛肉 火焰牛肉
明洞·韩盛家(新西亚5楼店),https://www.dianping.com/shop/H3QZxs1OJyaiD4bJ,24o条评价,人均￥98,
食尚百味(光山店),https://www.dianping.com/shop/l1lBF3VEGmNnY91A,3256条评价,人均￥59,
廣順興(光山店),https://www.dianping.com/shop/iRQb2gskJqZ317As,35条评价,人均-,
慕巴夫鲜花主题蛋糕(光山惠民店),https://www.dianping.com/shop/kahxTAQJBPbMWopM,417条评价,人均-,
功夫怪兽·烧烤工场(光山店),https://www.dianping.com/shop/G1KTnpHWJs52AQNv,82条评价,人均￥68,
湘遇时尚餐厅(新西亚店),https://www.dianping.com/shop/G9eh0oiaw1XjUozC,448条评价,人均￥63,
塔斯汀中国汉堡(日升购物广场店),https://www.dianping.com/shop/G5xCPT4eIeIptvBZ,3条评价,人均-,
小山羊,https://www.dianping.com/shop/H5Me9d8RXQf5I9Bs,4条评价,人均-,
巴庄重庆火锅(光山店),https://www.dianping.com/shop/kan7MdMNjPnOcvmF,63条评价,人均￥9o,
全食记海鲜烧烤,https://www.dianping.com/shop/l3esJCeLDSXbSvu5,15条评价,人均-,
台湾巴豪牛排,https://www.dianping.com/shop/H2Rum4qxfNv8A6Ik,2o条评价,人均￥59,巴豪儿童牛排 黑椒牛肉炒意面 巴豪特色孜然牛排
虾吃虾涮·虾火锅(西亚店),https://www.dianping.com/shop/H8dRLUnp5vdNC5W6,22条评价,人均-,桂馥兰馨 全虾干锅 手工面
王婆大虾·纸包鱼(日升广场店),https://www.dianping.com/shop/kahuM4C1GIMyqkpW,32条评价,人均-,王婆大虾 乌鸡卷 纸包鱼
一品围炉海鲜牛排涮烤自助,https://www.dianping.com/shop/l5f0vVFcuGDS5ZDN,41条评价,人均-,
韩盛家·黑牛烤肉(光山店),https://www.dianping.com/shop/k8I605XoHiNt6MTx,315条评价,人均￥87,幸福的猪五花 韩式小烤肠 黑牛肥牛
宁夏羊排烧烤火锅复合餐厅,https://www.dianping.com/shop/G5aKw2qu2rcgtGAu,78条评价,人均￥3o,
luckin coffee瑞幸咖啡(光山日升购物广场店),https://www.dianping.com/shop/k8rXoQXGrPFkA9Us,2条评价,人均-,
车厘子蛋糕(新西亚店),https://www.dianping.com/shop/HaLkIEAyDlQjY3k0,133条评价,人均-,
鸡公虾婆(新西亚光山店),https://www.dianping.com/shop/G7wqsdCZrj5XJw0k,151条评价,人均￥69,
花雕醉鸡(光山尚城国际店),https://www.dianping.com/shop/k6RlNJDwwQfE4z2N,218条评价,人均￥49,
光头同,https://www.dianping.com/shop/G7bzjdpd6etAjNS7,11条评价,人均-,
高老庄生态农家菜,https://www.dianping.com/shop/k7Hj7ZXle0OKZBY7,2条评价,人均-,
刘备私房菜,https://www.dianping.com/shop/l1w7TWed0tI5nLoq,13条评价,人均￥48,
巴爷香辣鸡公煲,https://www.dianping.com/shop/l90rsiBsFnDj6vM2,1o条评价,人均-,
光州印象,https://www.dianping.com/shop/H5wC8q5Mkkj1IFPM,1条评价,人均-,
韩一馆黑牛烤肉料理(光山日升店),https://www.dianping.com/shop/FkwTk2JOhfeGUoud,123条评价,人均-,黑牛雪花牛肉 果香牛肋片 芒果寿司
仟味一鼎自助小火锅,https://www.dianping.com/shop/l8DLx5Trl8szXyOW,14条评价,人均-,蔬菜鸡肉饼 波波肠 包心鱼丸
王婆大虾(新西亚店),https://www.dianping.com/shop/G2ISabsUYxzxAvHv,8o条评价,人均-,地锅馍 招牌纯虾锅 土豆
韩喜家·黑牛烤肉全国连锁(光山店),https://www.dianping.com/shop/iqepCeu9MKhEKBY6,143条评价,人均￥75,双椒肥牛 酱汁五花肉 太阳五花卷
夏埠村桃酥(新西亚店),https://www.dianping.com/shop/G6iEvwMdjUHTZaWS,35条评价,人均-,桃酥 泡芙 黑森林蛋糕
超级椰·泰式大排档,https://www.dianping.com/shop/H50MaICW6UowcGDS,2条评价,人均-,老挝冰咖啡 干锅千叶豆腐 干锅花菜
马路牙子兰州牛肉面,https://www.dianping.com/shop/G46ovVOS9IrBX3eJ,,人均-,
金皇冠蛋糕店(一小店),https://www.dianping.com/shop/l7mnMV3ycJe68lZb,1322条评价,人均￥31,欧式盛装水果蛋糕 大蛋糕 皇冠双层蛋糕
鼎尊肥牛(光山店),https://www.dianping.com/shop/l2VkB753146W6GNW,12o条评价,人均￥61,虾滑 澳洲肥牛 精品羊排卷
姐弟俩土豆粉(光山新西亚4楼店),https://www.dianping.com/shop/G44UfOWD0erXr47r,63条评价,人均-,经典原味土豆粉 泡椒肥牛土豆粉 鸡米花
西亚胖哥肉蟹煲,https://www.dianping.com/shop/H81cEuyoyOTopUZc,2o条评价,人均-,招牌肉蟹煲 火烧馍 解馋脆骨串
平房螺蛳粉(福乾新城店),https://www.dianping.com/shop/H6Br1n50cyT5NVIX,1条评价,人均-,招牌原味螺蛳粉 螺肉 煎蛋肉夹馍
白总管·藤椒豆花鸡(光山新西亚4楼店),https://www.dianping.com/shop/kaLHV479n5WyeK2V,99条评价,人均￥7o,藤椒豆花鸡 萌甜大福小团团 现调饮品
古茗(公安街店),https://www.dianping.com/shop/k878lZc1O4X8NmNs,15o条评价,人均￥16,古茗奶茶 大叔奶茶 醇奶可可
肯德基(金博大店),https://www.dianping.com/shop/l2i7BPgh9Epj4xsj,64条评价,人均￥37,超级外送全家桶 新奥尔良烤翅 香辣鸡腿堡
味在小龙崁老火锅(新西亚店),https://www.dianping.com/shop/G2adPHz616rFNk7H,199条评价,人均￥75,香脆小酥肉 太极虾滑 雪花肥牛
小小河边鱼(光山店),https://www.dianping.com/shop/l6qyOVv50ML6kAV1,2o条评价,人均-,黄辣丁 招牌锅 黄金地锅馍
鑫泰蛋糕(正大街店),https://www.dianping.com/shop/l3hevFUWoOJyXBhW,119条评价,人均￥1o,彩虹分享蛋糕 大寿桃 乳酪吐司
鑫泰蛋糕(新西亚店),https://www.dianping.com/shop/l7Ct6srzaReLFdpg,28条评价,人均-,花漾年华 迪士尼小飞象 水果盛宴
摩登经典(光山店),https://www.dianping.com/shop/G3IqEFNvxqgmvIl1,29条评价,人均￥35,精选雪花牛排 信阳毛尖 红豆刨冰
昌源酒楼,https://www.dianping.com/shop/G96D8LYq8daGawM8,1条评价,人均-,粉蒸肉 焖猪尾 爆炒鸡杂
川遇·煲来汇肉蟹煲(新时代广场店),https://www.dianping.com/shop/G6mMC8HwGj5MXelb,2o8条评价,人均-,肉蟹煲 明虾煲 香辣鸡煲
信阳红家常菜,https://www.dianping.com/shop/l5hNNGJMZZLvP78l,4条评价,人均￥3o,拌木耳 炒时蔬 卤鸭掌
小蛮螺螺蛳粉,https://www.dianping.com/shop/G3IAqTNyTEzNSjG1,18条评价,人均-,煎蛋 特色炸蛋螺蛳粉 草莓汁
贤合庄卤味火锅(光山店),https://www.dianping.com/shop/Ga43eUNX6gEIrVSV,45条评价,人均-,卤水鹌鹑蛋 卤猪蹄 贤家鲜鸭肠
懒胖子肉蟹煲(光山店),https://www.dianping.com/shop/k7eOxhxlQMZH5qwZ,13条评价,人均-,肉蟹煲 勇闯天涯 欢乐家椰子汁
金麦田蛋糕(光山店),https://www.dianping.com/shop/k3jD5ZvS9hLmQjlm,122条评价,人均-,水果蛋糕 可爱芭比娃娃 水果缤纷
味来主角时尚餐厅(惠民步行街店),https://www.dianping.com/shop/G4WeeaZOhOnIAhXX,39条评价,人均￥61,小油条胡辣汤 金针菇 现炸小酥肉
蜀井老街牛肉串串火锅(光山店),https://www.dianping.com/shop/EPJaSxov90AcUd65,65条评价,人均-,红糖糍粑 网红奶茶 鸳鸯锅
姚厨老坛酸菜鱼,https://www.dianping.com/shop/H9vcO2YMtyKLlyl3,12条评价,人均-,大耳巴子 姚厨椒麻鸡中锅 小酥肉
