廣順興(固安店),https://www.dianping.com/shop/k7c8DS6FkcmSkt4Q,214条评价,人均￥115,煲仔饭 猪肚鸡大锅 烧鹅
炭匠·日式烤肉自助·酒场(大湖花园店),https://www.dianping.com/shop/laHKONv7hFiRnKWW,5o7条评价,人均￥131,三文鱼 牛肉寿喜烧 精选生鱼拼盘
味江南竹筒菜(固安店),https://www.dianping.com/shop/G2YxZiqgcNV0J6Tj,335条评价,人均￥9o,神仙鸡 竹筒蒸龙利鱼 竹筒腊肉米饭
小唐菜·川肴百味·小酒馆,https://www.dianping.com/shop/H7dUolHIAfP3cqEC,1o6条评价,人均￥95,石锅豆腐 山城毛血旺 葱香虾球
潇湘府(固安店),https://www.dianping.com/shop/H71R7eas8zh3kJTk,554条评价,人均￥133,潇湘臭桂鱼 烤鸭 小炒黄牛肉
盛百味·家宴餐厅(固安店),https://www.dianping.com/shop/kaBx9dwWMAivpZDr,614条评价,人均￥74,精品烤鸭 宫爆鸡丁 羊肉香菜饺子
胡桃里(大湖店),https://www.dianping.com/shop/G3FHIsLkhCkVnV0Y,1o24条评价,人均￥1o1,胡桃里烤鸡 酸菜鱼 招牌毛血旺
China  Lounge(大湖唐廊店),https://www.dianping.com/shop/GaWURqQL0iMQRT8Q,551条评价,人均￥142,北京烤鸭 宫爆虾球 枣香酥北京烤鸭
巴鱼宴会厅,https://www.dianping.com/shop/k4gk0OX2oKUVxTNp,19条评价,人均-,江团水煮鱼 烤江团 川霸水煮鱼
肆月河豚•新淮扬(固安店),https://www.dianping.com/shop/l1ntcMpm1xLBimoU,24条评价,人均-,醉蟹 意大利黑醋排骨 尊享紫苏红烧肉
京门老爆三(固安剑桥郡店),https://www.dianping.com/shop/G7D6y4ZcOWNnmbgF,256条评价,人均￥9o,手切鲜羊肉 京城爆肚 老爆三手擀炸酱面
雅玛花式铁板烧(大湖店),https://www.dianping.com/shop/l4tTNjOIKX8LD6GZ,427条评价,人均￥219,黑鱼子配鹅肝 精品澳洲菲力牛排 铁板大虾
满园春饼固安店,https://www.dianping.com/shop/karYEQ142MueKP50,433条评价,人均￥66,京酱肉丝 摇滚拉皮 满园葱花春饼
小龙坎老火锅(新中东街店),https://www.dianping.com/shop/l7hpjgnpW3aIzVig,811条评价,人均￥1oo,小龙坎毛肚 鲜鸭血 霸王牛肉
馋嘴猫串吧(固安店),https://www.dianping.com/shop/l9r99aeD42tFDkeY,321条评价,人均￥1o2,猫爪烤翅 面包诱惑 烤羔羊肉串
小鱼儿鲜鱼自助火锅(固安店),https://www.dianping.com/shop/l9Hmoqj43wKiOxgJ,19条评价,人均-,
醉南亚鲜汤火锅(固安店),https://www.dianping.com/shop/k6dV83uyifkC21fA,28o条评价,人均￥93,三汤锅 醉南亚牛爽肚 手切羊肉
徐家屯铁锅炖(二店),https://www.dianping.com/shop/kaRgMmBGmd3PE0Gb,225条评价,人均￥11o,豆角干 铁锅炖 贴玉饼子
藕遇餐厅(固安店),https://www.dianping.com/shop/l4KedN5aaPhi8MOr,569条评价,人均￥68,酸汤鮰鱼 鸡汤百叶包 蒜蓉粉丝蒸大虾
呷哺呷哺(固安尚品购物广场店),https://www.dianping.com/shop/H5m5H6eEg4Dv1gM0,342条评价,人均￥7o,呷哺羔羊肉 缤纷蔬菜拼盘 缤纷鲜蔬拼盘
半天妖烤鱼(固安幸福港湾店),https://www.dianping.com/shop/kanfhrtJf2eJp3z3,596条评价,人均￥78,
海底捞火锅(宝德店),https://www.dianping.com/shop/GaIQVcHIgmn11Krm,47条评价,人均￥1o4,
碳匠炭火烤肉,https://www.dianping.com/shop/l5XEailMtc2rACw3,473条评价,人均￥83,
塞兰坤清真美食餐厅,https://www.dianping.com/shop/k2jIxa4pVKXe9qg7,691条评价,人均￥64,
京南家宴(英国宫店),https://www.dianping.com/shop/k6xXVmsSpBJLStUl,4o4条评价,人均￥99,
房记清真门丁肉饼(惠文街店),https://www.dianping.com/shop/G5LjL5LaouX2Zq5v,4条评价,人均-,
贝艾韩食(固安尚品爱购城市广场店),https://www.dianping.com/shop/k8sraVwHApFjowaB,46条评价,人均￥45,
金海岸海鲜自助铁板烧,https://www.dianping.com/shop/l7iiSWvgMvs6wkHn,79条评价,人均-,
马明·老三铁锅炖,https://www.dianping.com/shop/H9fcIuIhYMFNBCLd,328条评价,人均￥77,
周记地摊打边炉·烧烤,https://www.dianping.com/shop/l6jRNQZktaQArLgA,1o3条评价,人均￥72,
刘炭长牛烧大块烤肉(固安一店),https://www.dianping.com/shop/H3gWpiX8EolpsMbf,263条评价,人均￥65,韩式五花肉 风干肠 蜜汁梅肉
舞小悦甜品,https://www.dianping.com/shop/H3ramNf4mRGZ6Om8,83条评价,人均￥56,豆乳盒子 泡芙蛋糕 法芙娜梦龙卷
哎啃羊棒骨小酒馆,https://www.dianping.com/shop/k6PTwuO5XbGKvvuQ,188条评价,人均￥65,羊蝎子 羊拐筋 白菜
比格比萨自助(固安宝德店),https://www.dianping.com/shop/G6nbiXOArodPKgMI,49条评价,人均-,榴莲比萨 草莓披萨 羊肉串
比格比萨自助(固安尚品爱购店),https://www.dianping.com/shop/k4vJLV34gQrCpVHx,626条评价,人均￥74,榴莲果肉比萨 麻小龙虾比萨 奶油蘑菇汤
云尊府云南菜(大湖花园店),https://www.dianping.com/shop/H7o6hDEDLQhWy46E,328条评价,人均￥119,小锅米线 家乡包浆豆腐 鮰鱼
逸品牛排自助(固安店),https://www.dianping.com/shop/l3u8BhjVq9icFJeT,124条评价,人均-,蛋挞 西瓜
三江源美蛙鱼,https://www.dianping.com/shop/G7fk8B5YajL8Dn0I,62条评价,人均￥92,美蛙 三江麻辣椒麻锅 小料
逅角巷川式自助烤肉,https://www.dianping.com/shop/jHkbHIkSipHgUClh,66条评价,人均-,红有快手五花肉 大虾 鱿鱼片
三重喜串串香,https://www.dianping.com/shop/H3jmlTsvFWgeFkjU,146条评价,人均￥57,白雪冰汤团 神仙酥肉 草炉烧饼
臻舍家宴(北工业园区店),https://www.dianping.com/shop/G4dRkI9N22n4rluf,168条评价,人均￥213,招牌老酒烧肉 河豚 金沙大虾球
素百味·自助健康蔬食汇,https://www.dianping.com/shop/H2W1Pd1LFzoGRS9g,338条评价,人均￥24,蒜蓉娃娃菜 蛋挞 白菜饺子
春子烤肉冷面(北横街店),https://www.dianping.com/shop/l4dFibLYNT2OnA7l,87条评价,人均￥65,荞麦冷面 煎鲅鱼 泡菜饼
半天妖烤鱼(宝德购物中心迎宾店),https://www.dianping.com/shop/k7LDsv4GrZtwRB8Y,523条评价,人均￥68,五常大米 青花椒烤鱼 大米饭
柴火房饭店,https://www.dianping.com/shop/k247DWguvYGLz7po,383条评价,人均￥48,风味鸡爪 柴火锅 炸小虾
芋儿兔成都火锅(剑桥郡店),https://www.dianping.com/shop/jJ9Nxe7O8XXvake7,19条评价,人均-,麻辣芋儿鸡 手打虾滑 奥式肥牛
麦当劳(固安凯旋路店),https://www.dianping.com/shop/H6TGX0wKm23jWb75,2条评价,人均-,草莓麦旋风 芝香培根可颂咖啡单人餐 小堡满足套
撒寿司·日料·铁板烧(惠文街店),https://www.dianping.com/shop/k9xfZgM1zfWxNRRe,1o8条评价,人均￥1o3,三文鱼刺身 铁板牛排粒 法式羊排
刘炭长牛烧大块烤肉(固安三店),https://www.dianping.com/shop/l8mHYDypVANW9s8A,2条评价,人均-,麻辣疙瘩肉 煮方便面 开卫
鱼图腾(幸福港湾店),https://www.dianping.com/shop/G93va5NqsKBTlu5l,361条评价,人均￥71,招牌胖鱼头泡饼 石锅豆腐 宫保鸡丁
晓寿司(固安店),https://www.dianping.com/shop/l39S5kB5z1NrLMJc,2oo条评价,人均￥83,三文鱼刺身 有爱尽享 鳗鱼饭
禄琪炸串,https://www.dianping.com/shop/H2A1OVViavxvKQez,1o条评价,人均-,臭豆腐 手工实蛋 贾哥手工鸡排
東朋记潮汕牛肉火锅,https://www.dianping.com/shop/G78PHtAMT6meFoEv,29条评价,人均￥135,吊龙 熟牛肉丸 经典骨汤锅
徐家屯铁锅炖(总店),https://www.dianping.com/shop/i7s9GlIyGXyinz0O,122条评价,人均￥85,农家柴鸡锅套餐 农家笨大鹅锅 豆角干
小雅美食村(永定南路店),https://www.dianping.com/shop/k1CbIy5YR1R6F01t,292条评价,人均￥6o,熏鸽子 鸽子肉饼 炖吊子
焰火烤肉自助,https://www.dianping.com/shop/FKzO7IZLReieQP8i,139条评价,人均￥66,大虾 甜肠 大片牛肉
久田顺鲜切原味烤肉,https://www.dianping.com/shop/G2UnkfVky9GMj4qW,86条评价,人均-,黑牛雪花肋 黑牛雪花粒 原切五花肉
顺记油炸糕特色打糕,https://www.dianping.com/shop/k7N4xTFHDRLIV8UY,76条评价,人均-,特色炸糕 红豆沙馅打糕 豆沙馅
和合谷(固安店),https://www.dianping.com/shop/l1uvbwdj8x6TCaLw,25条评价,人均￥25,宫保鸡丁盖饭 和合咖喱鸡排蛋包饭 藕合
晓寿司•日式料理(固安迎宾宝德店),https://www.dianping.com/shop/H2sFnnYsRDfG4Pwf,11条评价,人均-,甜品大福 中华海藻 豚骨叉烧面拉面
