林四喜·闽南传家菜(鼓浪屿店),https://www.dianping.com/shop/G726H5yKIlTnE6vM,4769条评价,人均￥93,四喜沙茶锅 鼓浪屿林家薄饼 闽南炸醋肉
厚生林·应时甜汤,https://www.dianping.com/shop/G18oJdq7Ryp7JQxp,377条评价,人均￥2o,招牌自选甜汤 古田银耳汤 建宁莲子汤
卢阿嬷的手艺·私房手作闽南甜品,https://www.dianping.com/shop/l5K1J690po5DBgFM,6o22条评价,人均￥23,闽南烧仙草 厦门花生汤 秘制凉茶烧仙草
上屿水产·闽南焗海鲜(鼓浪屿店),https://www.dianping.com/shop/l9ztchVv4Ft86dpX,14594条评价,人均￥151,南洋凤梨饭 上屿煎蟹 波士顿龙虾
蛋满灌(龙头路175号店),https://www.dianping.com/shop/l2WxwIMEwbQNPvX6,12648条评价,人均￥19,蛋满灌 闽南烧肉粽 阿春五香卷
渔铺私厨(鼓浪屿一定要吃的店),https://www.dianping.com/shop/l6dVBz2pJ6aRgeik,43o2条评价,人均￥93,
二分之一咖啡馆(大德记店),https://www.dianping.com/shop/l30XHd4Gx4tkP5AY,247条评价,人均￥65,
龙头鱼丸店只卖手工鲨鱼丸,https://www.dianping.com/shop/G6AdqMrTCt6GxAMk,3o82条评价,人均￥15,
六年私厨,https://www.dianping.com/shop/l9tbFtOAsKXGIYxr,5291条评价,人均￥82,
那私厨｜红砖老别墅餐厅(鼓浪屿店),https://www.dianping.com/shop/laQxrmGGai6ZC99L,49o9条评价,人均￥94,
沈家闽南肠粉,https://www.dianping.com/shop/H1Fb9w6eSCOZF4JL,6747条评价,人均￥12,
叶氏麻糍(鼓浪屿店),https://www.dianping.com/shop/H9sGoCl9ZvYquoZc,7966条评价,人均￥11,
二三丛·闽地风土茶,https://www.dianping.com/shop/kaFtv7vjWQBxNIyW,179条评价,人均￥136,
林秉记饼铺·秉承闽南饼艺(鼓浪屿店),https://www.dianping.com/shop/l2bpMkAvTR9w6aso,193条评价,人均￥77,
莫奈花园cafe(鼓浪屿店),https://www.dianping.com/shop/GaL4M5TTHYclJB3D,182o条评价,人均￥65,
林氏沙茶面(鼓浪屿街心公园店),https://www.dianping.com/shop/k4v8vdsOsjB4Ecqo,1431条评价,人均￥36,招牌蟹黄汤包 鲍鱼海鲜沙茶面 五香卷
六号私房菜·连锁品牌(福建路店),https://www.dianping.com/shop/l3N8mkQIUWCX3ZBS,3772条评价,人均￥85,白灼红虾 清蒸老虎斑鱼 香辣花蛤
老宅·原住民沙茶面(精品小吃)(龙头路店),https://www.dianping.com/shop/k6pfkR3dCvIGmRRD,3849条评价,人均￥37,沙茶面 花生汤 炸五香
褚家园花园餐厅(鼓浪屿店),https://www.dianping.com/shop/H2SlDMAOSDopQQiP,34o9条评价,人均￥83,提拉米苏 香草拿铁 黑椒牛肉饭
南韵屹品餐厅·私房菜,https://www.dianping.com/shop/H4y2ActxKK9A9Iww,281条评价,人均￥79,金莎椒盐虾 冬瓜沙蛎汤 挂花松子鱼
范馨福州肉燕(鼓浪屿店),https://www.dianping.com/shop/H6JXNPsqTUzkakkP,135条评价,人均￥16,范馨肉燕 阿春五香卷 鲍鱼烧肉粽
再生海海鲜闽菜馆(鼓新路店),https://www.dianping.com/shop/l1BU75z55XiBnGtV,4o51条评价,人均￥71,黑松露木匠海鲜饭 海蛎一口酥 三花海鲜烙
徐佳味·海鲜私房菜,https://www.dianping.com/shop/G7fb0vlPGKNL8W0b,3247条评价,人均￥1o1,青青椒麻海鱼片 鱿鱼蒸芋丝 清蒸石斑鱼
八婆婆烧仙草(鼓浪屿店),https://www.dianping.com/shop/l5w8S63Ef0oZC1o0,251条评价,人均￥1o,奶茶烧仙草 蜂蜜烧仙草 八婆婆烧仙草
六号私房菜·连锁品牌(龙头路店),https://www.dianping.com/shop/H8vdBtPZWf0yvSo0,4o22条评价,人均￥76,清蒸老虎斑 招牌清蒸龙虾 白灼红虾
小马哥起司马铃薯(鼓浪屿店),https://www.dianping.com/shop/k3M1otJKM0Fm2k7E,835o条评价,人均￥24,招牌海陆起司 豪华起司马铃薯 海陆空豪华起司
老挝冰咖啡&泰式奶茶(菜市场店),https://www.dianping.com/shop/G45n2eyWfKmwypzF,57条评价,人均￥2o,老挝冰咖啡 泰式红奶茶 香水椰子冰沙
林氏龙头·手工鱼丸(鼓浪屿龙头路店),https://www.dianping.com/shop/k7sYZC8Cz4gmYeWr,11条评价,人均-,林氏手工鳗鱼丸 招牌虾丸 招牌蟹黄汤包
小敏沙茶面,https://www.dianping.com/shop/HaW4bj03ssAvKmnt,564条评价,人均￥19,招牌沙茶面 海蛎 海鲜沙茶面
海怪先生西餐厅(鼓浪屿美食地标),https://www.dianping.com/shop/H9ZSxFQGrIyRpICi,3894条评价,人均￥8o,柠檬金枪鱼意面 台湾香肠花枝丸咖喱饭 海怪咖啡
林氏沙茶面(福州路店),https://www.dianping.com/shop/H6yNCqxOwwgVWlxx,1oo6条评价,人均￥34,鲍鱼海鲜沙茶面 招牌蟹黄汤包 林氏双拼鱼丸汤
味友·厦门味(鼓浪屿店),https://www.dianping.com/shop/FjmJ5k0efoLFwBr7,913条评价,人均￥64,味友鸭肉面线 姜母鸭 沙茶面
虫洞1876·下午茶,https://www.dianping.com/shop/k4Q85VdGBQcnaNT6,58o条评价,人均￥53,鼓浪屿式下午茶 英伦风下午茶 凤梨酥
CITIARK COFFEE城岸(鼓浪屿店),https://www.dianping.com/shop/G7elPecyz8au6tcw,1278条评价,人均￥41,零度拿铁 海盐柠檬 波浪·斑斓菠萝
金兰饼店,https://www.dianping.com/shop/k85y8E8TK1ZPntRA,339条评价,人均￥11,椰子饼 红豆馅饼 绿豆馅饼
sweet life,https://www.dianping.com/shop/k7ufar4vyWlH2owM,1437条评价,人均￥63,
张三疯猫式奶茶&杂货铺(三友店),https://www.dianping.com/shop/k2zzfVskUwVk9IMv,11926条评价,人均￥21,
班沙客Banshake,https://www.dianping.com/shop/G8z9Zk3wOHNBSI9n,224o条评价,人均￥4o,
1980烧肉粽(鼓浪屿店),https://www.dianping.com/shop/k8SHiUmlbvdjNfgC,229o条评价,人均￥34,
HUMBLE DINER 红猪餐厅,https://www.dianping.com/shop/H1qZc5qIwaHCSj55,99条评价,人均￥97,
绿皮火车泡芙(鼓浪屿店),https://www.dianping.com/shop/HakFDT4bcosGmoXU,2173条评价,人均￥2o,
35号私厨,https://www.dianping.com/shop/l9e8POyoaS6huF49,179o条评价,人均￥1oo,
捞海坞餐厅(鼓浪屿店),https://www.dianping.com/shop/l6c0bMsOoyou2nFB,4552条评价,人均￥71,
范馨闽菜馆,https://www.dianping.com/shop/l1QlEuvFVnSN1kX1,2o4条评价,人均￥71,
泰南喝•老挝冰咖啡(小吃街店),https://www.dianping.com/shop/H77Qp6cJTBl8auwB,114条评价,人均￥22,
海隐记(·闽菜·海鲜·地标店),https://www.dianping.com/shop/HaTP62Esk2RNTMbs,27o4条评价,人均￥1o7,蟹肉石锅豆腐 清蒸石斑鱼 绝味龙胆鱼
黄家花园餐厅,https://www.dianping.com/shop/l4qjlLNlEjnjo1wq,2o14条评价,人均￥84,干煎膏蟹 蜂窝拌饭 竹荪干贝汤
六号私房菜·连锁品牌(鼓浪屿内厝澳店),https://www.dianping.com/shop/E2yMkoXPnlye7IJk,4127条评价,人均￥82,白灼红虾 招牌香辣蟹 扇贝
AMOY62号精品咖啡,https://www.dianping.com/shop/H6qckiuARvV2uy7w,98条评价,人均￥37,手冲咖啡 拿铁咖啡 蛋糕卷
小柔私房菜(龙山洞店),https://www.dianping.com/shop/i4QCCXofXFfZQPoO,2866条评价,人均￥79,吮指鲜辣蟹 海鲜炒面线 酱油水小黄鱼
阿婆春卷(市场路店),https://www.dianping.com/shop/G7IxMzvSlanQC1el,19o条评价,人均￥5,阿婆春卷 酸梅汤 金包银
赵小姐的店(鼓浪屿三友店),https://www.dianping.com/shop/H6zXuI2kp4oEUDMw,4786条评价,人均￥42,凤梨酥 绿豆饼 红豆饼
挑食|海鲜私厨(鼓浪屿老店),https://www.dianping.com/shop/l6gVeYcYqbWUmnYB,688o条评价,人均￥1o2,挑食豆腐 海鲜泡饭 清蒸石斑鱼
林记木担鱼丸汤(鼓浪屿店),https://www.dianping.com/shop/ESadXSeksNPkv6Tu,4498条评价,人均￥18,招牌鲨鱼丸汤 炸五香 墨鱼丸汤面
小酒馆·居酒屋,https://www.dianping.com/shop/H8bPYkwPB930uqAh,284条评价,人均￥97,梅子酒 豚骨拉面 鸡肉串
朱荣启饼铺丨梅干菜光饼(街心公园店),https://www.dianping.com/shop/k1foBVvAFR1lVpUd,54条评价,人均￥4,招牌猪肉光饼 传统梅干菜饼 牛筋丸
正宗龙头209海蛎煎,https://www.dianping.com/shop/H7KSxffKc7W7rbs9,9o8条评价,人均￥23,老厦门海蛎煎 蚵仔煎 甜辣酱
季茉山丘·Garden Drink,https://www.dianping.com/shop/G84Q1QpBtS42Kt0l,18条评价,人均￥34,芝士蛋糕
鼓龙小吃店麻辣烫(鼓浪屿店),https://www.dianping.com/shop/l7AxaFMjwQj5XlxC,197条评价,人均￥34,麻辣烫 招牌爆炒肥肠 大肠头
黄胜记鼓浪屿肉松店,https://www.dianping.com/shop/k9h8C2ZacXDKTaYJ,18386条评价,人均￥64,猪肉脯 猪肉粒 油酥肉松
