马有川机场羊羔肉(北京路总店),https://www.dianping.com/shop/l3hjUSBwu1RKriPq,164条评价,人均￥91,手撕羊肉 饼子 烩菜
赵九记呱呱老火锅,https://www.dianping.com/shop/l96yvaQYceLxeKGS,13条评价,人均-,毛肚 手工苕皮 黑虎虾滑
海底捞火锅(新华百货店),https://www.dianping.com/shop/laC9O9VFGIZP9bJk,31条评价,人均￥8o,番茄锅底 招牌虾滑 捞派鸭肠
德克士(西吉餐厅店),https://www.dianping.com/shop/l1y5CXiVAiYI6ZlN,9o条评价,人均￥33,脆皮炸鸡 香酥双鸡堡 咔滋脆皮鸡腿
余家牛排骨,https://www.dianping.com/shop/jcDFi0GbE0nmpNLM,17条评价,人均￥62,牛排骨 烩菜 洋葱
荣味斋涮烤自助广场(六盘山路店),https://www.dianping.com/shop/G3uqokJ5ZaT7g5FO,1617条评价,人均￥62,冰淇淋 螃蟹 牛羊肉
茶百道(新华百货店),https://www.dianping.com/shop/laWzVgCpYKi0AvJq,96条评价,人均-,茉莉奶绿 超级杯杨枝甘露 超级杯水果茶装
万香农家乐,https://www.dianping.com/shop/H4G2H0Hr97aWQsOb,1条评价,人均-,泾源特色蒸土鸡 凉拌醋粉 红烧红棕鱼
聚丰源(彭阳店),https://www.dianping.com/shop/H112PcXB3SYiL7cJ,5条评价,人均-,牛掌系列 大麻鱼 有机菜花
凯明宫开锅羊肉(西吉分店),https://www.dianping.com/shop/G9xQZyjjVyTusCRk,15条评价,人均￥1o9,凯明宫特色羊排锅 毛肚 涮羊肉
龙城暖锅,https://www.dianping.com/shop/k2H2PSCGyIDT5Afh,31条评价,人均￥65,暖锅 滩馍馍 花卷
张虎娃烧烤,https://www.dianping.com/shop/l5M53Pyk3WiBxehd,17条评价,人均￥35,烤肉 牛肚肉筋 烤馕
九街淑芬掌中宝串串公司(荣华锦汇购物中心店),https://www.dianping.com/shop/G4l6hAf0h5KTJjIt,14条评价,人均-,麻辣味掌中宝串串 杨枝甘露冰汤团 蒜香味掌中宝串串
福苑饭庄,https://www.dianping.com/shop/l9qql9u093MCw5gi,18条评价,人均-,燕面揉揉 手抓肉 三鲜气锅
张记木桶鱼,https://www.dianping.com/shop/G5LYA13YeKfIfw8E,582条评价,人均￥51,玉米饼 清香锅底 黑鱼
马德祥五香羊头(六盘山路店),https://www.dianping.com/shop/l7EWOz9l4BVMxanb,27条评价,人均￥55,五香羊头 五香羊肉 马德祥五香羊头
小龙坎老火锅(超级社区店),https://www.dianping.com/shop/l1kcHi0ryD4UMUGi,733条评价,人均￥9o,奔驰锅 定西宽粉 红糖糍粑
老念想手工炒面,https://www.dianping.com/shop/G7FzsCI3GHbM9C4U,3条评价,人均-,辣子炒肉拌面 番茄鸡蛋拌面 生汆面
聚和升酒楼,https://www.dianping.com/shop/k38PwD1OP8KPJtkZ,2条评价,人均-,自制皮冻 回锅肉 红烧肉
凯明宫开锅羊肉(总店),https://www.dianping.com/shop/Ga3IMEHQkgMw9yFd,5条评价,人均-,干锅鸡翅虾 鲜羊排 鱼籽寿司
泾源牛黄牛火锅,https://www.dianping.com/shop/k51pifRBjLVlet9b,41条评价,人均￥73,黄牛里脊肉 麻辣牛肉锅 酱牛骨头
杨志和泡馍(固原总店),https://www.dianping.com/shop/H5BuniSEqCCVcGTO,28条评价,人均￥4o,牛肉小炒 牛肉泡馍 羊肉泡馍
一缕炊烟,https://www.dianping.com/shop/l9oqjG3AyMA0XEQd,68条评价,人均￥51,黄豆焖牛腩 酱香牛骨 捞汁莲花菜
永禄羊羔肉,https://www.dianping.com/shop/H1eDGxUZDhiLgJUm,49条评价,人均￥68,手抓羊肉 羊羔肉 永禄蒸碗羊羔肉
宇坤韩式自助烤肉(新华百货店),https://www.dianping.com/shop/G9il1Jwfz1Gr0kZT,37条评价,人均-,菠萝
袁记串串香(新区景园店),https://www.dianping.com/shop/k4ybL1QwEzbPgyzc,12条评价,人均-,
米师汆面,https://www.dianping.com/shop/G4ZsTKtbRYuwrLHu,7条评价,人均-,
川云阁食府,https://www.dianping.com/shop/G21euOTw1TLh7GQ4,27条评价,人均-,
秦家手工扯面,https://www.dianping.com/shop/H489r2zMayk5ynjw,1条评价,人均-,
德克士(固原2店),https://www.dianping.com/shop/k6dLrdDbSFhC1LWO,346条评价,人均￥39,
眉山川菜,https://www.dianping.com/shop/l7R08i69eE0Ye419,33条评价,人均￥5o,鱼香肉丝 辣子炒肉 猪蹄子
德克士(固原三店),https://www.dianping.com/shop/G88ADbfbXPADzqVL,41条评价,人均-,圣代配薯条 微笑趣泡椒香单人餐 草莓圣代
老白师泡馍烩肉(东海店),https://www.dianping.com/shop/joAAFcADB7ASWhZN,116条评价,人均￥34,牛肉泡馍 烩肉 羊肉泡
乐汉堡一只烤鸭(新百店),https://www.dianping.com/shop/G8Y7nGN98wyAieXG,2条评价,人均-,章鱼小丸子尝鲜装 黄瓜丝 烤鸭酱
登元生汆面(总馆),https://www.dianping.com/shop/l2O9ArOJThIxxHRN,25条评价,人均￥14,生汆面 凉拌牛肉 小菜
红柳枝滩羊烧烤,https://www.dianping.com/shop/l97mhx5bjWbG3fqz,6条评价,人均-,
老铺铜锅涮羊肉_,https://www.dianping.com/shop/G6uXuV0S2OMl3mnl,3o8条评价,人均￥82,
德克士(帝豪广场店),https://www.dianping.com/shop/H4JzRGkN1jIxZDPn,514条评价,人均￥34,
味苑暖锅,https://www.dianping.com/shop/G5ttH6UzXL5WcY4l,4条评价,人均-,
左左香老潼关肉夹馍,https://www.dianping.com/shop/H9oLVxtpWh1MUtXb,1条评价,人均-,
红柳枝滩羊烧烤,https://www.dianping.com/shop/H2KnXIP05VjvGKbc,37条评价,人均￥82,
强氏喜阿婆粥饼店(吉强中路店),https://www.dianping.com/shop/l75EQJ41uOXzL8lv,1条评价,人均-,
青禾茶餐厅,https://www.dianping.com/shop/k10HOFN8LAB6mZvd,4条评价,人均-,
马元小笼包水饺(泰合第二分店),https://www.dianping.com/shop/l7Jrt7EicXDMMMHV,1o条评价,人均-,
恒荣牛排馆,https://www.dianping.com/shop/l6T5s3fZKZq4Wp92,2条评价,人均-,
朱光玉火锅馆(固原店),https://www.dianping.com/shop/k8KcTa5w8brsiyq8,,人均-,
独一味牛排牛骨,https://www.dianping.com/shop/l5zZI41L1uOfp4Ai,,人均-,牛排 手抓羊肉 羊肉泡馍
原州梁巷和烧烤总店,https://www.dianping.com/shop/iceuB1yC2vIIq8L9,2条评价,人均-,辣爆鸡爪 烤板筋 烤鸡翅
新疆烤包子烤馕店,https://www.dianping.com/shop/l8URaDerHoeTqkDv,,人均-,
马德国羊头名小吃(彭阳店),https://www.dianping.com/shop/H3I7wtjYMK4erC0P,1条评价,人均-,五香羊头
天天烧烤(北京路店),https://www.dianping.com/shop/l2laUVhwfCMduiYS,67条评价,人均￥76,辣爆龙虾尾 香辣鸡翅 羊肉串
新疆楼兰饭庄,https://www.dianping.com/shop/k9XqqVCYD4Vp9ZaL,41条评价,人均￥79,新疆大盘鸡 裤带面 新疆豪华拌面
纯汤牛肉拉面,https://www.dianping.com/shop/k1P7ChZ0l1YDEIJu,1条评价,人均-,韭菜炒鸡蛋盖饭 土豆烧牛肉盖浇饭 干煸炒面
泰福饭店,https://www.dianping.com/shop/H1pcPBENEoS2CPfx,3条评价,人均-,素杂拌 烤花卷 青椒肉片盖浇饭
石小沫煎饼果儿(西城街店),https://www.dianping.com/shop/l8EZil15KfKzm9Ip,1条评价,人均-,烤冷面 骨肉相连 原味杂粮煎饼双蛋双烤肠
家味苑饭店(西吉店),https://www.dianping.com/shop/l3YVDGTj4GLSI1RZ,1条评价,人均-,
雪莲饭庄(西吉店),https://www.dianping.com/shop/G2T5v4L2n2f89NNI,11条评价,人均-,
眉山川菜(西吉店),https://www.dianping.com/shop/H4KoYINR9UbFhZEm,5条评价,人均￥61,
丁记牛排,https://www.dianping.com/shop/H3wVASx4LLVHxSyz,3条评价,人均-,
一亩三分甜,https://www.dianping.com/shop/HaivJ7DrrXVpaHz3,5条评价,人均-,
