小吙记火锅固镇工厂店,https://www.dianping.com/shop/i5gIzxANwQL7hjcP,7o条评价,人均￥7o,毛肚 生菜 葱花
酒拾烤肉(汇金美食街店),https://www.dianping.com/shop/k4ixYsOVKpRFpZ4N,116条评价,人均￥94,招牌五花肉 招牌香辣牛肉 爆汁巴沙鱼
御乃香烧肉居酒屋,https://www.dianping.com/shop/G3lV61wcL5gf3wNd,1o7条评价,人均￥89,黑毛牛五花 黑毛牛肋条 烤肉九点拼盘
吴明家地锅鸡农家大锅台(吴家一店),https://www.dianping.com/shop/k7S1v8bkpHDhjEVy,49条评价,人均￥74,三年老公鸡 地锅鸡 干豆角
月照烧肉料理(固镇店),https://www.dianping.com/shop/G6Nwm7BO7qUeFyB3,14条评价,人均-,豚骨拉面 牛排炒饭 麻酱
铭香韩式烤肉(固镇店),https://www.dianping.com/shop/EBmJwNBCamTzWuUO,94条评价,人均-,火辣鸡爪 铭香韩猪排 铭香鸡排
古集小镇(固镇店),https://www.dianping.com/shop/G1EjUGY00EVHJiFT,15条评价,人均-,麻酱 香辣酱 紫薯丸子
口口椰(蚌埠固镇汇金美食街店),https://www.dianping.com/shop/G4CPA2zRaIsP9emK,33条评价,人均-,招牌爆珠马蹄椰子水 桃气乌龙生打椰 生椰拿铁
川西坝子老火锅(汇金国际店),https://www.dianping.com/shop/Ga99drwkWL3bxJMN,91条评价,人均￥86,极品肥牛 屠场鲜毛肚 番茄鸳鸯锅
莽子火锅【固镇店】,https://www.dianping.com/shop/k9E3GFlGBm3CWVM3,1o4条评价,人均￥5o,麻辣秘制牛肉 极品肥牛 嫩鸭血
老任桥马记牛肉锅,https://www.dianping.com/shop/jWXFsPoMejOrcK23,25条评价,人均￥1o8,
豪巴斯海鲜牛排自助,https://www.dianping.com/shop/H3iGImGyARCk0Uhr,241条评价,人均￥72,
王婆大虾(浍河路店),https://www.dianping.com/shop/G6AynvTWEWbuFF82,31条评价,人均-,
徐二庆湖沟烧饼,https://www.dianping.com/shop/HaAje8bd2FojInlQ,2条评价,人均-,
老三样酒店,https://www.dianping.com/shop/H9xaV4KuPdmwwF9U,1条评价,人均-,
如在蜀毛肚老火锅(固镇店),https://www.dianping.com/shop/l5zOw1aYpy5nEbTy,91条评价,人均-,铺盖毛肚 鱼籽虾滑 奔吃三味锅
桂花藕时尚餐厅(新天地店),https://www.dianping.com/shop/H4UO4pFX1duCirW2,42条评价,人均￥53,桂花藕 肉粒炒饭 剁椒鱼头
luckin coffee瑞幸咖啡(固镇楚汉步行街店),https://www.dianping.com/shop/l9CeKtXzg8Z8iylY,7条评价,人均-,三拼霸霸茶 抹茶奶昔 奶盖乌龙茶
汐喆小串,https://www.dianping.com/shop/jVvZ6QrvsF8G6mqG,5条评价,人均-,黄金糕 鸭舌串 特色掌中宝
吉姆大师傅,https://www.dianping.com/shop/H2ah6JDpIC7P4fO4,4条评价,人均-,古早味原味蛋糕 古早味咸蛋黄夹心蛋糕 古早味芝士夹心蛋糕
鼎尚粤煲猪肚鸡火锅,https://www.dianping.com/shop/H5yiJ2pUhjM8fCUo,4o条评价,人均￥73,煲仔饭 粤煲猪肚鸡火锅 小料
全喜回味地锅鸡(尚达新天地购物广场店),https://www.dianping.com/shop/l3p3QxkccDlDWE9S,1条评价,人均-,鸡血 手工饼 茶树菇
任桥吴迟牛肉馆(闸北路),https://www.dianping.com/shop/l16yGEmI7JNC9AJd,3条评价,人均-,牛排 牛头 牛窝骨/个
齐褀渔锅,https://www.dianping.com/shop/l6oL0IUFSAyqycVv,75条评价,人均￥12o,招牌麻辣 酸菜鱼锅 鸳鸯鱼锅
老蚌埠面馆,https://www.dianping.com/shop/l8NofRczr8jeiPME,5条评价,人均-,牛肉酱 麻酱 红烧牛腩面
重庆刘一手火锅(固镇店),https://www.dianping.com/shop/G3WQhHaCvzThIeOZ,66条评价,人均-,
孟记牛肉汤(土产巷店),https://www.dianping.com/shop/G37UWcyOZ1hXk3n4,4条评价,人均-,
牛府卤味牛肉锅(香樟苑店),https://www.dianping.com/shop/k2NdAzCX9MmV6CMC,18条评价,人均￥7o,
CoCo都可(白马店),https://www.dianping.com/shop/l1SyznLYIdKGUmNj,22条评价,人均-,
芭比擀面皮,https://www.dianping.com/shop/laiKG1bB5T47KoTE,8条评价,人均-,
所图咖啡,https://www.dianping.com/shop/H6NZuR3HJe9In3Ku,4条评价,人均-,绿茶 美式 西冷牛排
北木南烤肉和酒,https://www.dianping.com/shop/kaPLFIxAgycykCc3,6条评价,人均￥63,杂烩蛋炒饭 五花肉 和牛肉
武十七牛排,https://www.dianping.com/shop/k1Ir2IbjyTHBVBRF,38条评价,人均-,秘制黑椒牛排 黑椒牛柳意面 盐酥鸡
张记酸菜鱼时尚餐厅,https://www.dianping.com/shop/G7ylHM563zubTszg,25条评价,人均￥92,张记酸菜鱼 酸辣土豆丝 干锅鱿鱼须
爱斯琳(白马店),https://www.dianping.com/shop/k3u5WJeO1YrPp55G,469条评价,人均￥7,提拉米苏 奶香橙酥 水果杯
张家小吃(黄桥路步行街店),https://www.dianping.com/shop/H9B8KE95NlCS69Xq,3条评价,人均-,五仁酱 菌王酱 麻酱
鷄星高照·烤鷄王(固镇店),https://www.dianping.com/shop/k8v11IyE6mvv4wee,2条评价,人均-,外酥里嫩 红豆解相思 开心一刻莓味十足
五味草堂五谷渔粉,https://www.dianping.com/shop/k6wamv0pr7rAOcCw,2条评价,人均-,香辣肥肠面 生菜 毛肚
小猪小牛(固镇大润发店),https://www.dianping.com/shop/k2JigznBhsDzlpbG,125条评价,人均￥75,芝士玉米粒 霜降雪花肉 和牛雪花肉
塔斯汀中国汉堡(楚汉步行街店),https://www.dianping.com/shop/GaLxszcQoN5t5SiE,,人均-,田园脆鸡中国汉堡 蜜汁手扒鸡 塔塔香鸡腿
甜啦啦(楚汉步行街店),https://www.dianping.com/shop/H9xkEsf4jMN4Rk4f,58条评价,人均-,无敌烧仙草 黑糖珍珠奶茶 百香果大满贯
泡菜鱼馆,https://www.dianping.com/shop/l1sRy35nmfZGnpbu,1条评价,人均-,螺蛳 凉拌变蛋 凉面
古茗(楚汉步行街店),https://www.dianping.com/shop/l1rEOoIrXVcoFcad,41条评价,人均-,布雷脆脆奶芙 超A芝士葡萄 杨枝甘露椰奶
天津小笼包,https://www.dianping.com/shop/l7R00HAOHWPMKIup,1条评价,人均-,麻酱 牛肉酱 豆腐乳
回味牛肉煎包(汇金首府店),https://www.dianping.com/shop/G7r2qyOW0iWlOzB0,15条评价,人均-,土豆丝 李子园酸奶饮品 苏打气泡水
肯德基(浍河新天地店),https://www.dianping.com/shop/k6g2nDqjhM5gklwo,46条评价,人均￥43,香辣鸡腿堡 金沙咸蛋黄云朵蛋挞装兑换券 老北京鸡肉卷
铁板饭(土产巷店),https://www.dianping.com/shop/k4Punwwr2FGiyoJX,3条评价,人均-,肉沫鱼香茄子 铁板蜀香回锅肉饭 铁板西红柿鸡蛋
驴油烧饼,https://www.dianping.com/shop/G2y4n7McFAp0PD4o,4条评价,人均-,麻酱 牛肉酱 香辣酱
蓉小宝串串火锅(固镇店),https://www.dianping.com/shop/l7r7ypeTPM9VTpR6,9条评价,人均-,鸳鸯锅 紫薯丸子 豆芽
香百味重庆鸡公煲(白马环球港店),https://www.dianping.com/shop/H2RIkX82VbcrWtqg,,人均-,冬瓜 黄豆芽 蟹排
老街映象,https://www.dianping.com/shop/k2PDzWOOLQRZsjmU,3条评价,人均-,牛肉酱 麻酱 紫薯丸子
千江月百味烤鱼(金鹏·珑璟台店),https://www.dianping.com/shop/G5xRZCYQU8A1mBfl,4条评价,人均-,麻辣烤鱼 青花椒烤鱼 麻酱
西塘天下第一面,https://www.dianping.com/shop/Fq1Sa9NKdkCF7AUZ,4条评价,人均-,雪菜肉丝面 青菜肉丝面 大肠面
川味麻辣烫烧烤(新天地金街店),https://www.dianping.com/shop/H11MARiRXNhNYyOk,1条评价,人均-,三鲜麻辣烫 乳酸菌 秋刀鱼
北纬九度(汇金美食街店),https://www.dianping.com/shop/H6hQyIpbb5MJsZD4,1条评价,人均-,草莓麻薯大福 北纬奶茶 芋泥芋圆牛奶
麦香村蛋糕店(振亚华门店),https://www.dianping.com/shop/k2dxCqpxImpqVxNV,174条评价,人均￥22,
稻古捞面(固镇店),https://www.dianping.com/shop/l7HWgZrUk5NxR07C,,人均-,
新珠城鱼坊(新天地店),https://www.dianping.com/shop/k6N1IXaCOw63CFzY,1条评价,人均-,
刘玉华Cake(东风路店),https://www.dianping.com/shop/H93fWKhWHj1vc5ri,96条评价,人均￥1o,
李龙酒楼(凯祥时代广场店),https://www.dianping.com/shop/k9rGCQVpaVJPb2mF,,人均-,
