楠火锅(固始店),https://www.dianping.com/shop/H2JbX9ipZL4s6sJB,4条评价,人均-,特色九宫格 九宫格特色菜拼盘 火箭鱿鱼
大蜀壹品鲜货火锅店,https://www.dianping.com/shop/l8CpckWm0HrbABlQ,663条评价,人均￥76,鲜椒牛肉 大蜀小酥肉 芝士虾滑
楚老三特色鹅块(总店),https://www.dianping.com/shop/G76MKjwMxAuIgYiT,34条评价,人均￥42,鹅块鹅杂 鹅块火锅 萝卜丸子
宽窄巷子·成都串串香,https://www.dianping.com/shop/ka2XlTVE4LdqNc3l,479条评价,人均￥48,串串 四川冰粉 冒肥牛
三搭火市井火锅(固始店),https://www.dianping.com/shop/G2PoY4ok78fZy9Sx,524条评价,人均￥65,鸳鸯锅底 肥羊卷 虾滑
韩风源烧烤涮自助餐厅(固始恒太店),https://www.dianping.com/shop/G6NufEJ6ebm3Cg9W,1o21条评价,人均￥62,日式寿司 甜辣牛肉 精品五花肉
功夫怪兽烧烤工场(固始店),https://www.dianping.com/shop/k4jExmbFqf1oEj0g,7o条评价,人均-,怪兽吃鸡 特色石锅凉粉 爆炒花甲
北木南烤肉和酒(固始县店),https://www.dianping.com/shop/G5oHzEgLg9DM5xmc,8o2条评价,人均￥74,麻辣五花肉 长不胖鸡胸肉 秘制牛排
小熊托尼美式市井烤肉自助·烧烤(固始红苏大道店),https://www.dianping.com/shop/k4vUZsPiXJApzGxa,35条评价,人均-,芝士玉米粒 毛肚小串 肉骨茶五花
西小串(固始店),https://www.dianping.com/shop/G82ezVL5PW3qJ68x,4条评价,人均-,干油碟 特色牛肉 一根酥肉
甜也,https://www.dianping.com/shop/k3OrDfRiF3a1Jza2,13条评价,人均￥41,
小猪查理川式自助烤肉(固始红苏路店),https://www.dianping.com/shop/HasOez9bsZUbxiSd,137条评价,人均-,
青年音乐餐厅,https://www.dianping.com/shop/G4WpvV0gaJxUrwAM,69条评价,人均￥59,
槐店王婆大虾(固始店),https://www.dianping.com/shop/GaQXQFE1LSEi37Zz,3条评价,人均-,
臭爸爸·螺蛳粉鲜货火锅,https://www.dianping.com/shop/la1RDQOpZUtbnD0c,4条评价,人均-,
虾吃虾涮虾火锅(固始店),https://www.dianping.com/shop/G8lF7oD5PEFRBxqL,1oo3条评价,人均￥57,香辣虾 清香虾锅 虾滑
荷塘月色(光明路店),https://www.dianping.com/shop/l3zyvo6K7cLGFUUa,5o8条评价,人均￥99,蟹黄粉丝煲 铁板鱿鱼丝 馍夹肉
烧江南烤肉(固始店),https://www.dianping.com/shop/H3BI83RKCNDTWSEV,134条评价,人均￥126,本日牛排五拼 和牛五拼 雪花牛肉
花雕醉鸡(固始店),https://www.dianping.com/shop/HaWjRnxUjvyi8Xyw,58o条评价,人均￥64,五年陈醉鸡 花雕鸡 枣花蜜酒
九田家黑牛烤肉料理(红苏路店),https://www.dianping.com/shop/H2mM9pnzrtEvzDYv,266条评价,人均￥117,调味五花肉 炸虾鳗鱼卷 秘制肥牛
全烤尚·融合烤肉,https://www.dianping.com/shop/l2YDHugY4fkqUPl3,68条评价,人均-,
良巷鹅块,https://www.dianping.com/shop/k8cX8FVRT1REYoT7,18条评价,人均-,
春莱·老挝冰咖啡·泰式奶茶,https://www.dianping.com/shop/G40m1XbrBphLM1tS,1条评价,人均-,
风和,https://www.dianping.com/shop/k7gnESFO4HpCnGGO,4条评价,人均-,
luckin coffee瑞幸咖啡(固始西亚生活广场店),https://www.dianping.com/shop/k56NdSD9KmYNzAZO,5条评价,人均-,
渝城味都重庆火锅(西亚丽宝5楼店),https://www.dianping.com/shop/H8KeGOQj9l18r8l6,1o4条评价,人均-,
锅大侠火锅(固始店),https://www.dianping.com/shop/k7XhVsSYCVEXfIAS,4258条评价,人均￥1o3,
百姓家宴楼,https://www.dianping.com/shop/l1Oc3EYuCMa1mOQX,6条评价,人均￥43,
阿泽家韩式烤肉店(陈元光店),https://www.dianping.com/shop/H3e7Yu2MxDgooAwz,234条评价,人均￥8o,
味来·美蛋糕坊(固始店),https://www.dianping.com/shop/l7m69VxyrsYm6gi6,941条评价,人均￥64,
老乡鸡(固始秀水万象城店),https://www.dianping.com/shop/G4OSr8NlwLjtBp5Q,78条评价,人均￥19,梅菜扣肉 农家蒸蛋 农家小炒肉
锦城大院鱼火锅,https://www.dianping.com/shop/l6qRqV3uSrSPIXvg,2条评价,人均-,脆嫩鲜毛肚 经典乌鸡肉卷 紫薯川粉
元光酒店中西餐厅,https://www.dianping.com/shop/k1eCC8XCsWhqmEKX,11条评价,人均-,黑椒牛肉粒 大黄鱼烧年糕 翡翠鲍鱼片
川戏餐厅,https://www.dianping.com/shop/H5ubBxLFn1qoQslw,236条评价,人均￥6o,香锅鸭头 西湖牛肉羹 香辣羊排
锅圈食汇火锅烧烤食材超市(红苏路店),https://www.dianping.com/shop/H7F6geHElMVCTsKh,3条评价,人均-,大吉大利乌鸡肉卷 锅圈食汇火锅川粉 包心鱼豆腐
重庆龙门阵(河南固始店),https://www.dianping.com/shop/l5Jj2ZXhLju3CC3R,26条评价,人均-,鲜鸭汤 冰镇巴沙鱼 坨坨耙牛肉
杨记地锅鸡(黄河路店),https://www.dianping.com/shop/G9Hwq1ND487IADTK,379条评价,人均￥62,地锅鸡 地锅饼 秘制地锅鸡
火锅摆在川西坝子(固始店),https://www.dianping.com/shop/kaCSYdmNmt1s6Htv,195条评价,人均￥163,手工虾滑 锅底 川西毛肚
小龙坎老火锅(陈元光店),https://www.dianping.com/shop/l2rRoQbngCisPDOl,44o条评价,人均￥131,极品鲜毛肚 红糖糍粑 绝美虾滑
李记北京烤鸭(固始店),https://www.dianping.com/shop/G6tEQaQOBbz2YRbi,262条评价,人均￥25,老北京烤鸭 烤鸭肉 荷叶饼
川贝火锅(固始店),https://www.dianping.com/shop/G6VOaNGsKWsfIIuR,6o条评价,人均-,毛肚 虾滑 秘制牛肉
贤合庄卤味火锅(固始店),https://www.dianping.com/shop/H8567P8MFeMfsVTS,64条评价,人均￥122,绿色脆毛肚 美颜牛蹄筋 番茄鸳鸯锅
尚品宫海鲜烤肉火锅自助餐厅,https://www.dianping.com/shop/k7izWnv5U9j8ixru,143条评价,人均-,自助海鲜烧烤一体化 原味猪肉 乌鸡肉卷
巴庄重庆火锅(固始一店),https://www.dianping.com/shop/kaiunwLOZYNd7pkK,67条评价,人均￥151,德清虾滑 巴庄脆毛肚 巴庄鲜鸭血
流金岁月中西餐厅(固始店),https://www.dianping.com/shop/H75dTc59qf8WO0vg,9条评价,人均-,牛排 烤鱼 山城大盘鸡
妙旺角·生日蛋糕(固始店),https://www.dianping.com/shop/FqmKdkFW0kDzOWY8,11条评价,人均-,巧克力淋面双层水果生日蛋糕 双层网红吃鸡蛋糕 篮丸子双层男生生日蛋糕
荷塘月色主题餐厅(根亲名都店),https://www.dianping.com/shop/G4U0rDjaNGTgzhzz,29条评价,人均￥9o,烤鸭 蟹黄粉丝煲 口袋馍夹牛肉
小肥牛自助火锅,https://www.dianping.com/shop/G8IFFnxuWk7ZqzyI,2条评价,人均￥32,酸菜鱼 优酸乳 杏鲍菇炒肉片盖浇饭
东方伯爵酒店(信合店),https://www.dianping.com/shop/HamEt8jkrEg3kNtr,62条评价,人均-,香葱椒麻鸡 平桥豆腐羹 翅汤有机时蔬锅
红房子(西亚丽宝广场店),https://www.dianping.com/shop/l50dOapOBXxxV4Y9,11条评价,人均-,生日蛋糕 草莓罐子蛋糕 草莓丹麦
古茗(恒太太平洋店),https://www.dianping.com/shop/G6CWaUPFKlVVNt3y,2o条评价,人均-,超A芝士葡萄 超A芝士桃桃 爆有料水果桶
桃花园记主题餐厅,https://www.dianping.com/shop/Ft5iPfAejL47R1qj,34条评价,人均￥9o,老北京果木烤鸭 北京烤鸭 鸡汤鱼元
谭鸭血老火锅(固始店),https://www.dianping.com/shop/H5bb69sqOsc7atin,76条评价,人均￥92,谭公鸭血 特色干贡菜 谭公酥肉
漫滋烧肉居酒屋(固始店),https://www.dianping.com/shop/l4S3AA63tgKfDJeO,328条评价,人均￥89,杏仁豆腐 漫香特选牛五花 漫香厚切牛舌
鲜洋城新蒙式鲜火锅,https://www.dianping.com/shop/k2qovmfl8cMxRoNs,449条评价,人均￥76,鲜洋城大片肉 蒙古烤包子 毛肚
清宴莊园大酒店,https://www.dianping.com/shop/H2TXzcSqA6jdrUiC,26条评价,人均￥5o,
虾吃虾涮(恒太太平洋店),https://www.dianping.com/shop/GazPhQjoCBZcdW10,14条评价,人均-,
有滋有味川派小吃,https://www.dianping.com/shop/kaR5p4LkWSUHXOL1,19条评价,人均-,
拉妃娜海鲜牛排自助餐厅(固始店),https://www.dianping.com/shop/GaT1DgbW46qBT3kV,2o8条评价,人均-,
必胜客(固始西亚店),https://www.dianping.com/shop/H4tV7VvnQe2HBJgK,67条评价,人均￥93,
