康庭玉铁板烧,https://www.dianping.com/shop/k6uUDqcPuE5WnX1e,23条评价,人均￥43,豆腐 铁板烧 鸡光油
谭鸭血老火锅(古丈店),https://www.dianping.com/shop/l3GVrvZpXL8DxPwk,19条评价,人均-,鸭血 大刀五花肉 番茄太极鸳鸯锅
红星土菜馆,https://www.dianping.com/shop/k6vzE9OvEvENJ0Pu,5条评价,人均-,烧鸡公 土匪猪肝 农家小炒肉
苗家长龙宴,https://www.dianping.com/shop/l3GTsHigJNcMRcIh,2条评价,人均-,猪油渣炒肉 辣椒炒鲜笋 米酒
李记餐馆(茶城路店),https://www.dianping.com/shop/H578W9KgXVDW7klK,,人均-,
古茗(河街店),https://www.dianping.com/shop/l9xfBB9dJ9xdr1QK,17条评价,人均-,布雷脆脆奶芙 桃气乌龙奶芙 超A芝士葡萄
墨戎苗寨长龙宴,https://www.dianping.com/shop/k41cIsUjN0kZBaIh,46条评价,人均￥56,土豆丝 老腊肉 煮南瓜
鸿翔酒店,https://www.dianping.com/shop/l8JOrUzKB2yMtog9,,人均-,芹菜炒牛肉 爆炒牛肚 清炒油麦菜
阿珍火锅店,https://www.dianping.com/shop/H364NJcoDRWMe37k,,人均-,
陈记三和纸包鱼,https://www.dianping.com/shop/H7tECf2o86NM6k4B,88条评价,人均￥44,黔鱼 土豆片 牛栏山
满口香早餐店,https://www.dianping.com/shop/G19P0BfMxlwSCxdt,,人均-,排骨粉 牛肚粉 木耳肉丝粉
书亦烧仙草(古丈古阳路店),https://www.dianping.com/shop/G4DzxVgvUhuScKkg,27条评价,人均-,刺梨白月光 芋泥全家福 山茶花燕麦拿铁
苗家土菜馆,https://www.dianping.com/shop/l21HvIkqyubkOcA6,2条评价,人均-,
老字号砂钵饭,https://www.dianping.com/shop/G5c3p2LC0Hae1zsi,,人均-,鸡蛋 芹菜炒肉煲仔 湘味猪头肉
老街厨房(红太阳购物中心店),https://www.dianping.com/shop/H1L4KPQV544VfdC2,1条评价,人均-,转转牛肉锅 剁椒鱼头王 吊锅鸭
朋友圈早餐店,https://www.dianping.com/shop/H3FWpwr25LDTv57d,,人均-,干拌木耳肉丝面 老面小笼包 馄饨
龙鼻嘴阿嘎旱鸭子店,https://www.dianping.com/shop/H5KvxlOZncJWq9CH,4条评价,人均-,黄辣丁烧豆腐 野葱炒鸭蛋 辣炒肚条
正新鸡排(供销大厦店),https://www.dianping.com/shop/l33LzLX68ED2NjW0,1条评价,人均￥1o,香辣大鸡排 香辣鸡腿 拉丝芝士棒
益禾堂(河街店),https://www.dianping.com/shop/H7JnInCNg0EKn4TX,1条评价,人均-,蜜桃乌龙 益禾烤奶 红沙醉蓬莱
向记烧烤,https://www.dianping.com/shop/k5EJ4Us2ZlbOLjt8,,人均-,烤猪肝筋 韭菜肉蛋炒粉 烤面筋
云雾山庄,https://www.dianping.com/shop/layv5NgcYncjNHpy,2条评价,人均-,
太阳城瑞源米粉店(茶城路店),https://www.dianping.com/shop/lakOWlrCcO1N3F5V,1条评价,人均-,木耳肉丝粉 番茄肉沫粉 小笼包
佳乐冷饮批发部,https://www.dianping.com/shop/H5TgI3dIRkqTwa0d,,人均-,
市场平价水果超市,https://www.dianping.com/shop/G5Rn36U84U1RQ4KR,,人均-,
彭记川卤味,https://www.dianping.com/shop/HaM8By8QdLqvwII2,,人均-,
大嘴巴,https://www.dianping.com/shop/l2uEBCXxQYllDQrb,,人均-,茄子豆角盖码饭 手扒鸡 香肠蛋炒饭
岭南喷泉牛杂,https://www.dianping.com/shop/l3eL2HASIdqHrWK5,,人均-,炸花菜 牛肉丸 炸馒头
好又多蔬菜店,https://www.dianping.com/shop/laCo2whQ49IkGmBp,,人均-,
童童餐饮店,https://www.dianping.com/shop/l5ydxTRxKPHKjSDg,,人均-,
吉鑫现卤,https://www.dianping.com/shop/H9Tr6UTyAYD14prF,,人均-,卤蛋 鸡爪 鸭脖
正街米粉店,https://www.dianping.com/shop/jW7ie7WY3Ui81kAX,,人均-,肥肠粉 木耳肉丝面 番茄肉沫粉
壁烽烤肉(古丈店),https://www.dianping.com/shop/k9YOuNAJARONJ6Ep,6条评价,人均-,迷你五花砖 五花肉砖 招牌火山牛肉
梁辉餐馆,https://www.dianping.com/shop/G1AYiQulCzOj5J7C,,人均-,肉丝粉 猪肚粉 牛肉粉
鲁老三羊肉串,https://www.dianping.com/shop/EfSrPgwluxYiGzGQ,,人均-,猪肝串 掌中宝 蒜蓉茄子
逮一碗饺子馆,https://www.dianping.com/shop/l7c7mDnNXfMGfTDe,,人均-,甜酒鸡蛋汤圆 排骨粉 木耳肉丝粉
老坛脆皮鸡(文苑路店),https://www.dianping.com/shop/H8gUfqZ0jdkldgJk,,人均-,萝卜干炒肉 单点米饭 肉沫茄子饭
百姓砂钵饭馆,https://www.dianping.com/shop/k4bpMdN4lzGVNqWT,,人均-,牛肉 回锅肉 酸辣肥肠
香果园(文苑路店),https://www.dianping.com/shop/E4RMVmNjTBcgFNMP,,人均-,
丸子姐姐(古丈店),https://www.dianping.com/shop/l7rzGkx8tnCf3UII,,人均-,海鲜意面 奥尔良烤鸡 黑椒牛排意面
炅爸爸紫砂煲拌饭(吉首古丈店),https://www.dianping.com/shop/l85KQT095c1YFzdu,,人均-,泡椒拆骨肉 干豆角红烧肉 柠檬水
星期八美食,https://www.dianping.com/shop/G9txzO2MWztCJ7hA,1条评价,人均-,
车站餐馆(茶城路店),https://www.dianping.com/shop/k46rLj51YKxfNV5U,,人均-,
四川小.吃,https://www.dianping.com/shop/H88gQTaip0geoyEz,,人均-,
叶梅砂钵饭馆,https://www.dianping.com/shop/laHfvsmmeBWP01QA,,人均-,
向记鲜味坊,https://www.dianping.com/shop/H5IsT6ihr6OvvZlr,,人均-,
粮油副食批发部,https://www.dianping.com/shop/k84JJmbBOfhZ6Qop,,人均-,
重庆鸡公煲(古丈店),https://www.dianping.com/shop/EiTkW9scRyWvOrU4,,人均-,牛肉丸 鹌鹑蛋 莴笋片
买卖虫早餐店,https://www.dianping.com/shop/l5pak2F7PSsW2Jw5,,人均-,老面鲜肉包 油条 木耳肉丝粉
三茶六礼,https://www.dianping.com/shop/l70ZH6xuBVrOckpp,4条评价,人均-,芝士多肉葡萄 百香养乐多 芒果养乐多
坐龙峡常红农家乐,https://www.dianping.com/shop/G3G11eqvjuolevwH,1条评价,人均-,
蚝贝鱿鱼烧烤,https://www.dianping.com/shop/k81Xzl4l2kLbT9lS,,人均-,蛋炒饭 螺丝 肉丝炒饭
特色猪头排,https://www.dianping.com/shop/k9sP6E97h6zqkjef,,人均-,西红柿鸡蛋 香干炒肉 麻辣豆腐
姐妹米粉店,https://www.dianping.com/shop/H3a47Eig1vhZPUO5,,人均-,猪肚粉 排骨粉 肉丝粉
柠季·手打柠檬茶(湘西古阳河街店),https://www.dianping.com/shop/G7knGM78VR50s925,,人均-,斑斓椰奶茶 白桃乌龙椰奶茶 大桶茉莉手打柠檬茶
德祥熟食,https://www.dianping.com/shop/HayGrXscKgiom8YK,,人均-,酱板鸭 木耳 腐竹
友之味,https://www.dianping.com/shop/G98OR2B8ZiDTT2ME,,人均-,酸辣肥肠盖码饭 干锅肥肠 青菜豆腐汤
二姐粉店,https://www.dianping.com/shop/FL6wg7S1ZihzkJqY,,人均-,黄豆肉沫粉 馄饨 麻辣牛肉面
古丈红沙溪大碗饭木桶板餐店,https://www.dianping.com/shop/H38tju4zWxU14vl5,,人均-,
风味鸭霸王,https://www.dianping.com/shop/k6QezVMRD8VyTaOv,,人均-,干鸭脖 招牌鸭架 怡宝矿泉水
鸿翔大厦一期桥边米线,https://www.dianping.com/shop/GaTFES8YhPNmd5xX,,人均-,
