聚鲜牛肉传奇石板烤肉,https://www.dianping.com/shop/l6qiLD6tWugUGvu2,2o4条评价,人均￥58,牛肉传奇 芝士玉米粒 大酱汤
郭庄煊饼(故城店),https://www.dianping.com/shop/H3oQvrXEuNUUtkDi,24条评价,人均￥33,猪肉煊饼 羊肉宣饼 炝土豆丝
图们江烤肉主题餐厅(中华街店),https://www.dianping.com/shop/kaN1b7799TEOkU3k,157条评价,人均￥52,图们江秘制肥牛 石锅拌饭 烤鲜五花肉
高兴一锅潮汕鲜牛肉火锅,https://www.dianping.com/shop/H816iYnm9QQKe6cc,1条评价,人均-,现打牛肉丸 牛骨高汤锅 清炖牛腩
半天妖烤鱼(衡水故城双隆店),https://www.dianping.com/shop/G2uBQwMHE3NzZzaU,648条评价,人均￥51,五常大米 半天妖烤鱼 青花椒烤鱼
喵鲨豆花鱼火锅(故城店),https://www.dianping.com/shop/G2DZziQdPu8V63n1,128条评价,人均-,金汤酸菜豆腐花鱼 滋养金汤豆腐花鱼 藤椒麻辣豆腐花鱼
松兰斗牛家的烤肉,https://www.dianping.com/shop/l19hNpw19QPa0y3o,6o条评价,人均-,芝士土豆泥 石锅肥牛拌饭 韩式炸鸡
茂东私家菜,https://www.dianping.com/shop/H6G3rCNeF75W4P6T,8条评价,人均-,糖醋里脊 梅菜扣肉 五谷丰登
庄里焰小炉子烧烤烤肉铺,https://www.dianping.com/shop/G7kgJHwP5BO9keXP,2条评价,人均-,咖喱鸡排饭 圣代 香芋派
牛哇牛蛙炭火蛙锅,https://www.dianping.com/shop/l1f5HQU3YqLp4zuT,2条评价,人均-,芝士玉米 麻辣乌鸡爪 茴香小油条
巴鼎火锅(京杭大街店),https://www.dianping.com/shop/jrKPvzCdTR5vcnuB,39条评价,人均￥84,菌汤 冰心毛肚 本地羊肉
侯氏火锅(工业路店),https://www.dianping.com/shop/k8XJFPj4TLRjPWnr,242条评价,人均￥58,招牌私房牛肉 养生虾滑 鸭血
燕赵美食园,https://www.dianping.com/shop/k5it1FRwy5rIhP49,33条评价,人均￥71,蝴蝶烧饼 驴肉泡饼 白菜咯喳
辣莊重庆老火锅(故城店),https://www.dianping.com/shop/H4bJhWFbiIfX3hN1,2o条评价,人均￥51,嫩牛肉 秘制小酥肉 肥牛
串门儿,https://www.dianping.com/shop/EBYVO1hD0UqH4uvb,15条评价,人均-,猪肉大葱 羊腰子 青岛白啤
煮烤馆自助餐厅,https://www.dianping.com/shop/k3sdaqMTe40O88k8,4条评价,人均-,麻辣花蛤 辣炒田螺
老灶头原味铁锅炖,https://www.dianping.com/shop/F8ymEqeMFoTiX2FN,5条评价,人均-,秘制五花肉 花生 黄瓜
辣小二毛肚火锅(故城店),https://www.dianping.com/shop/H43fU9rjvxTVh3Or,41条评价,人均-,有飞鱼籽的虾滑 招牌脆毛肚 招牌卤味鸭血
谷养元粥铺(故城店),https://www.dianping.com/shop/l9hI8KTQ2MIVENy8,9条评价,人均-,八宝粥 小米金瓜粥 牛肉洋葱包
御府饺子城,https://www.dianping.com/shop/H1pDGJDZsoix4mJT,1条评价,人均-,爆摇奶捞 尖叫 酸奶山楂球
双成羊蝎子涮烤院,https://www.dianping.com/shop/G4lXV6hjZ7KFAMpZ,3条评价,人均-,
山中居料理屋,https://www.dianping.com/shop/l2ji1coNK2G2ftLr,2条评价,人均-,
沸腾鱼乡(运河丽景小区店),https://www.dianping.com/shop/l3YDUDXNUhzDk39r,1条评价,人均-,
沧州成老灶火锅鸡(故城店),https://www.dianping.com/shop/k4lGZoC5FXDvk6S7,4o条评价,人均-,
食韵家正宗武官寨羊肉大饼,https://www.dianping.com/shop/k5uRYrFvgOiHdFWV,1条评价,人均-,
小木火烤肉海鲜小排档,https://www.dianping.com/shop/laDEomYYqTzTiboG,,人均-,
北京味香园饭店(故城店),https://www.dianping.com/shop/G213JR7RDUuutFeL,38条评价,人均￥33,
雪乡铁锅炖(幸福路店),https://www.dianping.com/shop/H6m1k4ZIMKj1ttFB,7条评价,人均-,
麻辣江湖海鲜烧烤,https://www.dianping.com/shop/G441jsFtgV8Dmbdp,1条评价,人均-,
沪上阿姨鲜果茶(故城昌明购物中心店),https://www.dianping.com/shop/H4CJYBBckgpbRrgZ,59条评价,人均-,
大水牛重庆火锅,https://www.dianping.com/shop/lauGJh30DVViIFDi,1条评价,人均-,圆生菜 娃娃菜 千叶豆腐
宝国烧烤(顺达路店),https://www.dianping.com/shop/k1H9K8bWu2i0sHrE,6条评价,人均￥38,猪肉大串 生烤鸡蛋 烤烧饼
东北饭店(顺达路店),https://www.dianping.com/shop/l2rooZ2LhbnkrJRb,2条评价,人均-,红烧鱼杂 尖椒干豆腐 鱼香肉丝
意大利披萨主题餐厅,https://www.dianping.com/shop/l4ZUjkKbV9YqrmbI,34条评价,人均￥3o,意大利餐厅肉酱面 双拼汉堡 火腿披萨
老里街·烤骨头,https://www.dianping.com/shop/H2UvHpx6TehPcgqA,1条评价,人均-,勇闯天涯 份烤骨 青岛啤酒
焱羊楼火锅店,https://www.dianping.com/shop/EVu5EcSrRWMIhb8W,7条评价,人均￥42,呷口虾锅 精品羔羊肉 麻酱料
虾吃虾涮(衡水故城店),https://www.dianping.com/shop/laAAAfDJ2Ep9d5Rm,3条评价,人均￥57,桂馥兰馨清香口 鸳鸯锅 炸馒头片
魏家羊汤(广交路店),https://www.dianping.com/shop/H2sebsx8MSRgaBpa,8条评价,人均-,全羊汤 猪肉饼卷 尖椒炒羊肚
老北京,https://www.dianping.com/shop/G22571cilN2EkoDO,8条评价,人均-,皮蛋豆腐 杭椒炒牛柳 菜心炒金针菇
信誉私房菜,https://www.dianping.com/shop/G3zYInOFidsun3W8,,人均-,
牧场能量·酸奶茶饮(故城店),https://www.dianping.com/shop/kaWChFTqqz2fkDS7,1条评价,人均-,元气手打橙 芋泥椰椰 黑芝麻糯糯牛乳茶
八零公社铁锅炖,https://www.dianping.com/shop/GavG5wgzr3L5u1Kb,,人均-,特色香辣炒鸡 烤茄子 羊小腰
韩国料理•汉江烤肉(工业路店),https://www.dianping.com/shop/ka8aGjwPwpy7M6J0,2条评价,人均-,泡菜炒饭 鱿鱼盖饭 荞麦冷面
花榕稻青花椒烤鱼,https://www.dianping.com/shop/l5aFHUsFmwyMJMPH,6条评价,人均-,荔枝香辣味 凌波鱼片 高钙羊肉卷
梅氏串吧,https://www.dianping.com/shop/l5AkmnT6uo2EKHa8,1o条评价,人均￥66,烤羊肉串 烤面包 烤排骨
兴奥嘉宴,https://www.dianping.com/shop/H2UbX630R9vetQ4h,12条评价,人均￥4o,黑椒牛肉粒 酱焖海鲈鱼 蝴蝶火烧
幸运咖(大昌明店),https://www.dianping.com/shop/EGPFdhKlx2ycj5Tn,9条评价,人均-,香草拿铁咖啡 鸳鸯拿铁 阿华田酷脆冰
熊家无二·韩式炸鸡(故城店),https://www.dianping.com/shop/k1Qgt27C0PFiMumW,7条评价,人均-,招牌粗薯 炸鸡装 韩式汉堡
蓝风车私奢烘焙甜品,https://www.dianping.com/shop/l1SlkZ9knuvk0ZLR,,人均-,杨枝甘露暴浆蛋糕 冰激淋麻薯球 虎皮麻薯肉松卷
谷满天粥铺(故城店),https://www.dianping.com/shop/k8yPqqN2ipVH6dSq,1条评价,人均-,三菌包 糖醋里脊 小米金瓜粥
大伟烧烤(京杭大街店),https://www.dianping.com/shop/k3LSjrNbW6jcCeZK,3条评价,人均-,烤尖椒 烤咸鱼 烤羊肉串
杨国福麻辣烫(广交路店),https://www.dianping.com/shop/k3SMnyfCi0UyhkdM,12条评价,人均￥13,金针菇 鱼豆腐 海带扣
味香园饭店,https://www.dianping.com/shop/l7M7uRpF5p7RD7zy,3条评价,人均-,手切羊肉 羊丸 鱼丸
蜜雪冰城(丽景名城店),https://www.dianping.com/shop/lapJq3w5zZCXNEPK,11条评价,人均-,满杯百香果 珍珠奶茶 芝芝桑葚
体委包子城(体育街店),https://www.dianping.com/shop/HafkxXkBrFy3TRbY,7条评价,人均-,大葱猪肉包子 韭菜三鲜包 鱼香肉丝盖饭
二个人蛋糕,https://www.dianping.com/shop/k4ZFveVImBXF71rc,12条评价,人均-,生日蛋糕 鲜奶蛋糕 肉松卷
金香缘云南过桥米线(故城店),https://www.dianping.com/shop/ExxEvrLVyLWmt95r,192条评价,人均￥17,过桥米线 番茄米线 酸辣金汤米线
稻香园(丽景店),https://www.dianping.com/shop/HaHPt9bk7E8mvOMS,37条评价,人均￥15,日进斗金蛋糕 天鹅湖蛋糕 水果暴富蛋糕
诸喜面庄(六岔路口店),https://www.dianping.com/shop/H2tYH6oWimpKN5w2,1条评价,人均-,韩国冷面 肥牛担担面 红烧小炖肉
华莱士·全鸡汉堡(故城信誉楼店),https://www.dianping.com/shop/k9hklgqvp6eJAI39,,人均-,川味脆脆鸡小食餐 小食套 川蜀酸辣鳕鱼堡
