鸿泰川菜火锅城,https://www.dianping.com/shop/l3hYlLRCU8DWJ8OD,5条评价,人均-,五花肉 丸子 午餐肉
丰泽轩酒店,https://www.dianping.com/shop/l9Vv07bXXOKqpVML,3条评价,人均-,芸豆 土豆片
清真马荷哲餐厅,https://www.dianping.com/shop/G58v97rLwLl1ACVZ,,人均-,大窑橙诺 白皮面 西凉姜饮
六口水,https://www.dianping.com/shop/H6OJSVVls7LAM4FI,1条评价,人均-,
清真哈三餐厅,https://www.dianping.com/shop/H9lGGVBCPXDarjrM,,人均-,
清真杨二安蒸碗羊羔肉,https://www.dianping.com/shop/k2p3VpsJeSY8TLkZ,,人均-,手抓羊肉 黄焖羊羔肉 酸辣牛肚
甄火锅古浪店,https://www.dianping.com/shop/k5lvxaicXpeUeV70,1条评价,人均-,功夫土豆片 甄程刀叉牛肉 金针菇
厨先生水晶焖锅,https://www.dianping.com/shop/k5KNTPTdFvDwxdwj,2o3条评价,人均￥5o,土豆 涮宽粉 鲜豆皮
麦淇卡烘焙坊,https://www.dianping.com/shop/EzFJWae1xnaW47bj,9条评价,人均-,水果蛋糕 鲜奶蛋糕
百味烧烤,https://www.dianping.com/shop/l1IIk7wTsHPA4d5b,,人均-,淀粉肠 武昌鱼 茄子
烤肉拌饭(古浪店),https://www.dianping.com/shop/k9PSAW664rfzAveM,,人均-,黑椒味烤肉拌饭 酸豆角 虎邦辣酱
跨时代自助火锅,https://www.dianping.com/shop/k9YbheuekynN3SLP,,人均-,
煜轩埕肴烤吧,https://www.dianping.com/shop/G4qBhQLBMgNRDKH1,,人均-,酸梅汤 原味奶茶 蓝莓奶茶
小朱麻辣烫砂锅,https://www.dianping.com/shop/H2Pynt1yethv06uZ,,人均-,什锦砂锅 砂锅饺子 鸡丁米线
奥尔良烤鸡,https://www.dianping.com/shop/H9UR04Y6cIwQynA8,,人均-,杏皮茶 里脊扒饼 烤鸡腿
滋一味烤吧,https://www.dianping.com/shop/Ftv6f3YVnbwWOzAp,,人均-,
乐口福烤吧,https://www.dianping.com/shop/k34OjZcdoeg2hDud,,人均-,
芙蓉烧烤,https://www.dianping.com/shop/HaoaLKKxiQoJvEaL,,人均-,
赵记青稞面搓鱼,https://www.dianping.com/shop/k4tvoZuu7fuLeC9c,,人均-,鸡蛋拉条 炒面片 炒拉条
牛大哥快餐烧烤,https://www.dianping.com/shop/H4twDrXP99Jviui2,,人均-,青椒肥肠 韭菜炒鸡蛋 清炒油麦菜
重庆齐齐火锅(文化路店),https://www.dianping.com/shop/kaekVSR2mEN4IHTg,2条评价,人均-,丸子 茼蒿
麻辣烫烧烤,https://www.dianping.com/shop/l5ZgfJVqSQ6YMSpx,,人均-,杏皮茶 牛肉丸子 豆皮
韩家粥铺饺子馆(金地店),https://www.dianping.com/shop/FCIKuvRxZPfWb3vI,1条评价,人均-,油条 大肉水煎包 炸麻团
面皮子,https://www.dianping.com/shop/l6FoWgzV58RlIt6R,,人均-,
夜猫烧烤(昌松路店),https://www.dianping.com/shop/G8CbwMT6SYj67cmp,,人均-,香辣毛豆 油炸花生米 香辣虾尾
重庆酸辣粉,https://www.dianping.com/shop/k4Z9eGLMgO2qavC7,,人均-,
广福记冒菜馆(昌灵路店),https://www.dianping.com/shop/l3Dc2EdqF0Nd5ZEe,,人均￥15,
鸿泰餐馆,https://www.dianping.com/shop/l8qHriwkSHlgFx2b,,人均-,
食为天餐厅,https://www.dianping.com/shop/FkTLWuxY9DLD9Us9,,人均-,
瑞锦海鲜火锅,https://www.dianping.com/shop/G1LGgQe5WXwsJeN9,,人均-,
军华苑蔬菜百货超市,https://www.dianping.com/shop/G2Xbkv4Fe1R210ZV,,人均-,
食为天餐厅,https://www.dianping.com/shop/GaGUSZpYBzzfC0NH,,人均-,
喜洋洋农家食府,https://www.dianping.com/shop/Ha3r0vEfJeJoD3yH,,人均-,
羊肉面片,https://www.dianping.com/shop/G3v9SD8A55Z0S1GM,,人均-,羊肉面片 特色炒河粉 炒面片
狗娃串串香(绿城山水店),https://www.dianping.com/shop/GaQSxNZ6n31ucIIk,,人均-,
三多炒面馆,https://www.dianping.com/shop/G6lDk166vnOQxwht,,人均-,
无名缘米粉(文化广场店),https://www.dianping.com/shop/H1MLHIC1Fu5BL3cq,,人均-,
大靖服务区餐厅,https://www.dianping.com/shop/H56aHM9iC2wQ6AlP,3条评价,人均-,番茄炒蛋 青椒炒肉
串口令串串火锅,https://www.dianping.com/shop/kaXjOmXhGPW8fLbg,,人均-,
靖远老拜炒肉片餐厅,https://www.dianping.com/shop/k5YiOoTcPjKQlpJ6,,人均-,
咱们约会吧奶茶店,https://www.dianping.com/shop/H6DQQsjhujn9n93v,,人均-,
蜜雪冰城(廊坊东头店),https://www.dianping.com/shop/G8dhTn1H9ybFlVvv,,人均-,满杯百香果 珍珠奶茶 蜜桃四季春
裕都山庄,https://www.dianping.com/shop/k5SPR5gAVuVwr2eb,,人均-,
康康零食批发,https://www.dianping.com/shop/E4JlFestTfDfIGdf,,人均-,
幸福小馆,https://www.dianping.com/shop/H1p5I5UAx4awrAmA,,人均-,胡萝卜素包 油条 玫瑰鲜花饼
黑碗碗古浪砂锅分店,https://www.dianping.com/shop/H9qwD5vz1UgL9TXQ,,人均-,火腿砂锅 素砂锅 丸子砂锅
火焰山音乐烤吧,https://www.dianping.com/shop/l5HPK4COQIzW2ANi,,人均-,
锦雅铜锅涮肉烧烤,https://www.dianping.com/shop/G8gs0gFihvXfFgDU,,人均-,
好客人文茶楼,https://www.dianping.com/shop/G1nGOQdtJQK61T2N,1条评价,人均-,
润达火锅城,https://www.dianping.com/shop/jW6IDu2yN2PU3Pvo,,人均-,
卤肉凉菜,https://www.dianping.com/shop/k6EeIlONFu5IA5FJ,,人均-,
绿洲百味水产,https://www.dianping.com/shop/l4dH2mrdEySRItfA,,人均-,
靖远老祥羊羔肉餐厅,https://www.dianping.com/shop/G7kH9Sud3wnvlSfq,,人均-,
大靖供销大酒店,https://www.dianping.com/shop/H7Tn1eN6UhBvQmKn,,人均-,
牛香源纯汤拉面(古浪店),https://www.dianping.com/shop/H7HNM6vVbI8LBGcH,2条评价,人均-,
清雅春食府,https://www.dianping.com/shop/H5blwCKiqV268Kgl,,人均-,
延云瓜果蔬菜调味品超市,https://www.dianping.com/shop/lakLKWTz3ToYcLVg,,人均-,
爱心蛋糕房(靖兴路店),https://www.dianping.com/shop/H14cUJPEGH6sFwM1,,人均-,
翠香浓饮品,https://www.dianping.com/shop/H9ftxEfb6fpNY7cY,,人均-,
老友记,https://www.dianping.com/shop/H1TMyZhXjyXPezhd,,人均-,
