小二烧肉(古田店),https://www.dianping.com/shop/G9x4gAx9CLOMkzrd,266条评价,人均￥99,灵魂猪油拌饭 小二烧肉 烤肉大拼盘
食牛,https://www.dianping.com/shop/l7XtUOVj4EU8aO68,6条评价,人均-,超美味虾滑 无敌牛上脑 最靓寿司
小云海自助牛肉火锅烤肉,https://www.dianping.com/shop/k3H9rXtj3VnQk1oT,5条评价,人均-,
小村烧肉(古田店),https://www.dianping.com/shop/k6OIvJzVNgPPmj3F,37条评价,人均￥97,招牌牛肉粒 四味猪五花大满足 小村九品烧肉大拼盘
大家食府(城东店),https://www.dianping.com/shop/G586oNshevwEcbpv,42条评价,人均￥1o1,古田炒面 金锅鱼头 草香猪蹄
牛犟匠,https://www.dianping.com/shop/G2eNm7q2sbtPTUD8,4条评价,人均-,
皇牛阁潮汕牛肉火锅(古田店),https://www.dianping.com/shop/H1J0fzEKdgvzEWxb,35条评价,人均-,熟手捶打牛肉丸 肥牛 特色牛肉炒河粉
重庆火锅(德莊中央广场店),https://www.dianping.com/shop/G4IPzdkBOlZNGSMN,111条评价,人均￥87,红糖糍粑 至尊虾滑 香香小肥牛
朝天门火锅(古田店),https://www.dianping.com/shop/G2DcNbcDU5WnjhsA,49条评价,人均￥1o3,鲜鸭血 屠场鲜毛肚 肥牛
牛特荟,https://www.dianping.com/shop/l3aVtTKAuJpoCWHf,4条评价,人均-,牛骨高汤锅底 雪花肥牛 肥拼
骨王家·无限量自助酱大骨加烤肉(古田店),https://www.dianping.com/shop/k4dFutys3QBHi0oO,27条评价,人均-,猪大骨 雪津啤酒 豆奶
牛道潮汕牛肉火锅(古田店),https://www.dianping.com/shop/kaNANGRSaXWQTlf5,2条评价,人均-,
谭鸭血老火锅(古田店),https://www.dianping.com/shop/l96WhtqNZ1QiQpnB,1oo条评价,人均￥94,谭鸭血经典红锅 卤水郡把 谭公小酥肉
鲜境海鲜自助餐厅(古田中央广场店),https://www.dianping.com/shop/G64hISb7sbLA2zQY,25条评价,人均￥123,冰淇淋 螃蟹 草虾
又青的店,https://www.dianping.com/shop/G26scU2wR4gxHdAF,3o条评价,人均￥47,牛油果寿司 蒲烧鳗鱼饭 土豆泥
花匠铁板烧(古田店),https://www.dianping.com/shop/G4QuL4G3ZY51K5UF,15条评价,人均-,法式鹅肝 安格斯纹理牛小排 蒜香大鱿鱼
藤原料理,https://www.dianping.com/shop/l5FIMdDQxMgP5Mik,1条评价,人均-,
周麻婆(古田锦绣名城店),https://www.dianping.com/shop/iuPjJr3jbWUw8Lw3,25条评价,人均￥42,酸辣土豆丝 麻婆豆腐 米饭及自助
楚农商地锅鸡(古田店),https://www.dianping.com/shop/G3YXnigpVTcE2ZhF,,人均-,一锅端 玉米贴饼 农家豆泡
三不牛腩(中央名城店),https://www.dianping.com/shop/H7p1cXM2iazHdege,9o条评价,人均￥119,秘制土黄牛腩 养生虫草花菌王锅底 手工虾滑
好味牛餐厅,https://www.dianping.com/shop/k9IDof7LVzK59DxL,,人均-,
百年鱼庄(古田大世界店),https://www.dianping.com/shop/k2bDXolqEbbLPHw0,564条评价,人均￥78,脆鱼拼鱿鱼虾锅 金椒脆鱼 酱香排骨虾锅
百年鱼庄鱼先生餐厅(中央广场店),https://www.dianping.com/shop/lazaI68maJ92ioLZ,58条评价,人均-,黑鱼拼鱿鱼虾 生蚝 本店特色无骨烤鱼
蜀签签冷锅串串香,https://www.dianping.com/shop/G7ONWzXJ0B9FShJW,21条评价,人均-,串串 肥肠酸辣粉 鸭血
德克士(古田店),https://www.dianping.com/shop/l9Czcx27ARE3zARr,585条评价,人均￥26,咔滋脆皮手枪腿 菠萝鸡腿堡 咖喱鸡排饭
上上囍牛腩煲(古田店),https://www.dianping.com/shop/H9HQjb44niaQXaLM,9条评价,人均-,精品肥牛 农家五花肉 上上囍手切秘制嫩牛肉
老古田传统小吃(古田店),https://www.dianping.com/shop/k6D8I4KqcLysXlt3,11条评价,人均-,拌面 青草小肠汤 青草兔肉汤
钟记蚝門甲魚火锅(城东店),https://www.dianping.com/shop/H1Iq74MLwgKPVStT,18条评价,人均-,生蚝 甲鱼 炸豆皮
古田蘭粤自助牛排餐厅,https://www.dianping.com/shop/k3oTLtab8sIAv54B,17条评价,人均￥8o,精品谷饲沙朗牛排 蛋糕糕点 沙朗牛排
全汁全味驴庄(古田店),https://www.dianping.com/shop/j6zHX6faPhHm1i4B,13条评价,人均-,驴皮 烤驴排 驴肉片
宁海海鲜城,https://www.dianping.com/shop/G77MLgHnawM1MWIq,4条评价,人均-,炒黄粿 水煮三国 香辣蟹
印象江南,https://www.dianping.com/shop/H4TNCMJ2izbtqfpN,14条评价,人均-,泡椒田鸡 黑椒铁板牛肉 爆炒莴笋干
云南草帽蒸汽鱼(古田店),https://www.dianping.com/shop/k4AHTDdecFd5yLmR,14o条评价,人均￥93,云南滋补原汤 超值午餐 生菜
蛙太太(古田店),https://www.dianping.com/shop/Evsa4ZMbC1FnuoBv,36条评价,人均￥82,泡椒田鸡 口水鸡 开胃萝卜
古田县南洋小聚餐厅,https://www.dianping.com/shop/H5ciAZopLnR0DIEA,23条评价,人均-,招牌咖喱虾 酸菜肥牛 西米糕
小江月韩式自助火锅烧烤(古田店),https://www.dianping.com/shop/H4ZKuvT7PWQIW0V2,1o3条评价,人均￥65,现烤生蚝 时令海鲜区 自助餐
天福饭店,https://www.dianping.com/shop/l7m8R56EJduLoKd7,6条评价,人均-,黄沉鱼汤 酸辣白菜 青椒肉丝
渔霖坊,https://www.dianping.com/shop/H4uoAbpass9TwgZd,14条评价,人均￥48,蒜蓉鸡爪 网红烤鱼 椒盐鸭头
煲掌柜(滨河东路店),https://www.dianping.com/shop/l4uml96ZW8iirkJ1,1条评价,人均-,鱼头煲 鱼脆肠
等一个人咖啡(古屏路店),https://www.dianping.com/shop/H8SvaJJPezMtuUyn,4条评价,人均-,冷萃咖啡 手冲咖啡 台风咖啡
茶百道(古田店),https://www.dianping.com/shop/FSLnoKFx60QE3BNy,2o条评价,人均￥14,豆乳玉麒麟 杨枝甘露 茉莉奶绿
特色青草吃补店(古田店),https://www.dianping.com/shop/G7tTZVR9k8Dm1Cgv,22条评价,人均-,青草新鲜兔腿汤 青草猪肚汤 青草鱿鱼汤
鲜切牛肉 牛匠匠(古田店),https://www.dianping.com/shop/kaIu7EW2bOSQz8ny,17条评价,人均￥1o8,现切牛肉 胸口油 冰淇淋
肯德基(古田DT店),https://www.dianping.com/shop/H1uqh4XtgMvhjKvZ,33条评价,人均￥22,香辣鸡腿堡 奥尔良烤翅 热辣香骨鸡
蛮爷铜锅涮肉,https://www.dianping.com/shop/H1Y6XrkCbE6WiamB,2条评价,人均-,沙茶酱 陈醋 生抽
炒面老店,https://www.dianping.com/shop/laz1Bc02TJr98BWn,3条评价,人均-,豆沙味麻花 炒羊角豆 青草新鲜兔肉汤
天香园餐厅,https://www.dianping.com/shop/H6KVYw30ud2dZjCd,7条评价,人均-,茶树菇老鸭汤 火爆腰花 干煸荷兰豆
湖上人家,https://www.dianping.com/shop/l9RCp68arKPAsW3C,3条评价,人均-,铅笔菇
叶记发师傅,https://www.dianping.com/shop/ipVeuQFsepgLu1tm,1条评价,人均-,鱼丸汤 包子 鱼肉汤
大咖私厨,https://www.dianping.com/shop/G2CvHgAwJi9UQvhD,1条评价,人均-,豆花鱼 泡椒田鸡王 酸菜鱼
稻香大酒楼,https://www.dianping.com/shop/l5nhm8Y0mqE8kcuD,4条评价,人均-,干蒸走地鸡 清蒸鱼 小米煨海参
农家饭店(古田店),https://www.dianping.com/shop/is3cKKK4paC0Pozl,3条评价,人均-,水煮牛肉 水煮田鸡 水煮肉片
EGG·DROP爆蛋吐司(中央名城店),https://www.dianping.com/shop/k7OTVm0aWQOsfn2J,2条评价,人均-,黑椒牛排 太阳蛋肥牛爆蛋吐司 香嫩鸡扒爆蛋吐司
亲仁大酒楼(古田店),https://www.dianping.com/shop/H6TAxTB3g8Zf6itW,5条评价,人均-,干锅茶树菇 炸鱼块 糯米饭
豪享世家,https://www.dianping.com/shop/k976X1enxBMYjqep,466条评价,人均￥56,安格斯特制牛排 科尔泌精品牛排 水果
锅边糊(教堂店),https://www.dianping.com/shop/kai8Q0hZPKeQmuML,6条评价,人均-,锅边糊 罗汉肉 大肠头
好心情牛肉店(古田店),https://www.dianping.com/shop/k2mKDNHa7l6Dqx5j,5条评价,人均-,猪油拌线面 牛肉滑 沙县扁肉
塔斯汀中国汉堡(中央名城店),https://www.dianping.com/shop/k2VfRzcrBVd2QKH5,32条评价,人均-,香辣鸡腿中国汉堡 粗薯 北京烤鸭中国汉堡
重庆鸡公煲(民主路店),https://www.dianping.com/shop/H5UaEdmhw6BZn6UT,3条评价,人均-,炒线面 炒粉干 可乐
老牛店(建设路店),https://www.dianping.com/shop/l6h4caP56Tu9qO0A,17条评价,人均￥15,牛肉滑 拌面 牛肉面十荷包蛋
