正宗襄阳一桥陈家牛肉面,https://www.dianping.com/shop/G5eanOubZidBXlcx,27条评价,人均￥17,牛肉 豆奶 黄酒
半天妖烤鱼(裕丰世纪广场店),https://www.dianping.com/shop/k6T7hep3ZaDBfeUs,115o条评价,人均￥49,青花椒烤鱼 大叉烤肉 时蔬拼盘
花禾洋风料理(裕丰世纪广场店),https://www.dianping.com/shop/k3Pjm2I2ex9ehA2X,8o条评价,人均-,浓香番茄肥牛锅 芒果加州大虾卷 爆浆土豆丸子
塔斯汀中国汉堡(裕丰广场店),https://www.dianping.com/shop/l1fqQylbQMbIE80W,1条评价,人均-,板烧凤梨中国汉堡 培根煎蛋汉堡 北京烤鸭中国汉堡
福哥潮汕牛肉丸,https://www.dianping.com/shop/k7FEsS8Gq7nCVGd4,1条评价,人均-,原味汤锅 猪肉饼 河源米粉
深海渔场•海鲜•火锅•烤肉•寿司•自助餐厅(裕丰世纪广场...,https://www.dianping.com/shop/jzvZR5p8fwwZ3cGp,346条评价,人均-,火锅 疯狂烤翅 大虾
李二鲜鱼村(谷城店),https://www.dianping.com/shop/k26HGtDmCQMWUgBN,152条评价,人均￥55,扬州炒饭 草鱼中锅 炝拌生菜
古茗(裕丰世纪广场店),https://www.dianping.com/shop/k2kvs5D8avbPVeSH,41条评价,人均￥14,布雷脆脆奶芙 桃气麻薯小丸子 芝士莓莓
小猪查理川式烤肉(裕丰世纪广场店),https://www.dianping.com/shop/Gad6mEKbLVOs9Z1m,242条评价,人均￥64,鸡翅 香辣牛肉粒 霸王五花肉
郭场鸡总店,https://www.dianping.com/shop/G9mrl1MGI2U4A6z0,274条评价,人均￥22,郭场鸡 牛杂火锅 锅盔馍
菜湘园·湖湘小馆(谷城裕丰店),https://www.dianping.com/shop/l7yYwsJLgv5R3m2X,54条评价,人均-,摔打牛肉 农家土老母鸡汤 铁锅鱿鱼
香遇,https://www.dianping.com/shop/k7WORbqi0ju4Gq0q,9条评价,人均-,红颜花胶鸡汤 香遇特供肥牛 招牌特色毛肚
蛙大大铁锅牛蛙(裕丰世纪广场店),https://www.dianping.com/shop/l1gKtC2LjRtJRuev,128条评价,人均-,牛蛙爱上虾 经典紫苏味 秘制小酥肉
月满大江(谷城店),https://www.dianping.com/shop/k83wUDtLGO07BUZh,144条评价,人均￥85,红酒牛肉 鲜切牛肉 草原千层肚
袁妈串串香(旺恒店),https://www.dianping.com/shop/k3cf51TiuO3qtV3l,8o条评价,人均￥44,串串 嫩牛肉 筷子牛肉
Nunu妞妞(谷城粉阳店),https://www.dianping.com/shop/H2RYW8dwibOnsnjz,693条评价,人均￥31,冰雪奇缘 水果巧克力 乳酪鲜莓
王氏特色烤牛肉(谷城店),https://www.dianping.com/shop/Fd9SQq4OmpN731QP,67条评价,人均-,王氏秘制牛肉 精品土猪五花肉 小炒牛肉
欧意风情西餐厅,https://www.dianping.com/shop/G4yPCPgLb3SdVnRv,693条评价,人均￥65,西冷牛扒 黑森林 黑椒牛肉炒意粉
刘成江湖菜,https://www.dianping.com/shop/laPBu6AhFgEoa1a1,1条评价,人均-,卤羊脚 谢湾墨鱼
味之绝美蛙鱼头火锅(谷城店),https://www.dianping.com/shop/H2secEq27ACHFkd4,163条评价,人均-,味之绝美蛙 味之绝鱼头 秘制锅底
定中街牛杂火锅,https://www.dianping.com/shop/l1OG1jBA9f6V4emW,1条评价,人均-,特色牛杂火锅 小炒脆肠 襄阳粉蒸肉
豪客嘉族火焰牛排(裕丰世纪广场店),https://www.dianping.com/shop/H94Xu7RoaaSjnIFZ,1262条评价,人均￥51,经典菲力牛排 黑椒牛柳意面 小炒黄牛肉煲仔饭
潮味旋转自助小火锅(裕丰世纪广场店),https://www.dianping.com/shop/H2ixcR6y41uYeMDR,2o条评价,人均-,潮汕牛肉丸 腊肠 小火锅
董氏烤牛肉,https://www.dianping.com/shop/k61Bqkr6mCkv1O4O,2条评价,人均-,鲜牛肉 现切香辣牛肉 高山娃娃菜
韩记牛肉面,https://www.dianping.com/shop/G6LDBwceVOYnPgsX,1条评价,人均-,维他柠檬茶 维他桃茶 热干面
茶百道(裕丰广场店),https://www.dianping.com/shop/k2X84KQbnEIWydOy,33条评价,人均-,
佰人王串串香(谷城店),https://www.dianping.com/shop/l9g2BTwcwFr4qLpz,114条评价,人均￥76,
小任大骨面,https://www.dianping.com/shop/k8bIKOAMD7zEiaMm,1条评价,人均-,
神寿鱼 全鱼宴(谷城店),https://www.dianping.com/shop/H2Al8Srp63Om5xDX,18条评价,人均-,
荆门杜家鸡(银城大道店),https://www.dianping.com/shop/l1P7gyJiW8hBYijj,1条评价,人均-,
和福顺(好焖锅)(裕丰世纪广场店),https://www.dianping.com/shop/k9OGuU5OPqDY3cOL,14条评价,人均-,焖锅 鱼虾戏水 现炸小酥肉
柴火鸡(城关镇中华街店),https://www.dianping.com/shop/H1ihO54RbWaBhqxG,1条评价,人均-,
谭家私房菜馆,https://www.dianping.com/shop/HacP6zC0gm64cMpt,1条评价,人均-,啤酒鸭 炒花饭 鱼香肉丝
嘿哈秘制烤牛肉(谷城店),https://www.dianping.com/shop/k7vfiRcg4u2kLts6,61条评价,人均￥83,精品五花肉 香辣鸡翅 碳烤猪排
澳喜爆椒肥肠牛肉(裕丰世纪广场店),https://www.dianping.com/shop/kakLdJIPgE92t5Ta,3o条评价,人均-,非常牛气爆炸锅 爆椒肥肠牛肉 花胶鲍鱼肥肠鸡
老三样现拌烤肉,https://www.dianping.com/shop/G6cIcS5yNrKI29hV,4条评价,人均-,五花肉 芝士玉米 土豆片
肯德基(粉水路店),https://www.dianping.com/shop/l2LJqP2DvAL7pTDc,73条评价,人均￥38,六味小吃桶 香辣鸡腿堡 红豆派
凉山好汉羊肉汤·龙虾,https://www.dianping.com/shop/H9qejKanyiBH9yD4,2条评价,人均￥25,虾丸子王 羊肉汤 高压锅生蚝
味甲天下谷城店,https://www.dianping.com/shop/k8vwXLsDgxFyNXtV,12条评价,人均-,酱烧鸡 味甲天下酱烧鸡 水煮肉片
遇见你很开心城市漫生活时尚餐厅,https://www.dianping.com/shop/k5N4gdcJWQJbqQXW,2o条评价,人均￥67,外婆干锅鸡 水煮肉片 豆腐
桥头排骨(谷城世纪广场店),https://www.dianping.com/shop/kaRfrqCgbAn9J5hx,1583条评价,人均￥25,桥头排骨 桥头排骨大鸡排 藕夹
琚记教门街牛肉面,https://www.dianping.com/shop/k5jLpPthJooY5HBF,12条评价,人均-,牛肉面 牛杂面 豆浆
塔斯汀中国汉堡(群兴店),https://www.dianping.com/shop/k6CNJ6QB3MaXtlgj,9条评价,人均-,尖叫翅尖 粗薯 劲BOOM小龙虾中国汉堡
广东第一煲(谷城店),https://www.dianping.com/shop/H6RY2N5cAHtsyO3O,42条评价,人均-,蔬菜拼盘 乌鸡褒 清远鸡煲
佰人王串串香(石花店),https://www.dianping.com/shop/k22P3VYEveHyCAgR,21条评价,人均-,鸳鸯骨汤锅 美生菌汤锅 麻辣锅
柴火味道大灶台,https://www.dianping.com/shop/k9W8IMGMdzbv6Ohr,4条评价,人均-,五花肉 金针菇 土豆
金枪鱼料理,https://www.dianping.com/shop/k7Pm2UlgLDWvlfoE,27条评价,人均-,芝士一口虾卷 招牌纳豆 天妇罗虾
北京老胡同烤鸭店,https://www.dianping.com/shop/l4SGLZits2Kc540G,16条评价,人均-,干锅有机花菜 清炒时蔬 精品烤鸭
曹家小院,https://www.dianping.com/shop/H5P4Q4KalVNlLgPj,1条评价,人均-,凉拌莴笋丝 粉蒸肉 红烧羊蹄
北京粥王府(谷丰街店),https://www.dianping.com/shop/l3fMtKlgM4rqH1tr,319条评价,人均￥61,海鲜粥 皮蛋瘦肉粥 青菜粥
韩釜15元自助,https://www.dianping.com/shop/H5BOs1pnPAfnRSqW,6o条评价,人均-,
古情浓意生日蛋糕(谷城店),https://www.dianping.com/shop/G4EIs7fEDLI299Eb,6oo条评价,人均￥29,
鱼头泡饭(谷店),https://www.dianping.com/shop/G5SGEFw7uNzkOi0b,2条评价,人均-,
博禧酒家,https://www.dianping.com/shop/G8O2IPEkXJ9Gthlp,5条评价,人均-,
谭鸭血老火锅(谷城店),https://www.dianping.com/shop/G30QiMTBHoeQcSda,45条评价,人均-,
老四川火锅,https://www.dianping.com/shop/l65uxVhHp8dcagXI,16条评价,人均￥34,
捞旺猪肚鸡私房菜(谷城店),https://www.dianping.com/shop/H67Wo2aaKwG39rRz,13条评价,人均-,
和顺府私房菜,https://www.dianping.com/shop/H8x6tKUY09DF7VFt,,人均-,
袁老四老火锅(谷城店),https://www.dianping.com/shop/l5YQzDBZwD3yb2RX,83条评价,人均-,
幸运咖(星悦茂店),https://www.dianping.com/shop/GapSg7ZZPTqZGkBq,1条评价,人均-,
