马有布牛肉面(瓜州店),https://www.dianping.com/shop/k8tevJ4fU6VSuzcW,37条评价,人均￥13,凉拌牛肉 二细 清汤面
瓜州县天府惠串串香,https://www.dianping.com/shop/G41utsJec9JUZ1ZN,195条评价,人均￥61,秘制卷肉 全辣锅 荤素串串
汗王火锅(榆林宾馆),https://www.dianping.com/shop/G43OjoOHWwM0iqV1,21条评价,人均￥1o6,手切鲜羊肉 香豆油饼 卤水豆腐
北京烤鸭,https://www.dianping.com/shop/l4DPp11cDKMS5F6K,117条评价,人均￥51,糖醋里脊 田园大拌菜 鸭架
锁阳城饭店,https://www.dianping.com/shop/laW8dCZ6hpG4ab0T,32条评价,人均￥43,黄焖羊肉 大盘鸡 杂酱面
东北虎餐厅,https://www.dianping.com/shop/H4wpszVIfK1cjUjY,15条评价,人均￥45,
驴肉黄面,https://www.dianping.com/shop/G7RfARnfMW8I6jGT,3条评价,人均-,
华莱士·全鸡汉堡(丽晶店),https://www.dianping.com/shop/G23XlcyUbdNUCRQn,6条评价,人均-,
德克士(天地时代店),https://www.dianping.com/shop/EoOMd5zL0GyHIxVQ,47条评价,人均￥35,
盛爱家烤肉,https://www.dianping.com/shop/G61R83OSn7tmyrUZ,1条评价,人均-,
毛氏湘菜馆,https://www.dianping.com/shop/l2tUxCQ7DmExLEoK,1条评价,人均-,
巴蜀辣爆小火锅,https://www.dianping.com/shop/l7MRVbUb2Ua2ZtiD,,人均-,
特色酱面,https://www.dianping.com/shop/G5BMus7oXKbCIDPs,2条评价,人均-,
小孔烤肉店,https://www.dianping.com/shop/k5vrrQg22k0nOe8V,38条评价,人均￥49,
巷遇美食,https://www.dianping.com/shop/l4ArnQMDgBcIuy9L,,人均-,
湘鹅庄火锅餐饮店(瓜州店),https://www.dianping.com/shop/k5YefWNYiogFwBHE,3条评价,人均-,法式焗牛 南瓜饼 杏鲍鱼菇
馋私猫香天下中餐厅(常乐路店),https://www.dianping.com/shop/H4HUtKDGafqs8k0J,1条评价,人均-,猪蹄 木耳炒肉 糖醋里脊
御膳阁面馆,https://www.dianping.com/shop/l9gywhvx4Wdb3yIe,1条评价,人均-,肉炒拨疙瘩 排骨焖拨疙瘩 红烧肉拨疙瘩
大龙焱火锅店(瓜州店),https://www.dianping.com/shop/H2jP8X6gP1c3IG5C,1条评价,人均-,麻辣牛肉 鸳鸯锅 红糖冰粉
有点甜蛋糕店,https://www.dianping.com/shop/l9A5EmnW49SvGQ06,,人均-,黑森林 芒果波波杯 肉松小贝
团圆锅贴饺子(中心嘉园店),https://www.dianping.com/shop/G3xXV5G1VrITg0Nz,16条评价,人均￥21,锅贴饺子 紫菜汤 紫菜蛋花汤
忆青春主题餐厅,https://www.dianping.com/shop/k7VtmOgu1GGn75Od,,人均-,火锅鱼 黄瓜蘸酱 肉沫炒饭
樊家腊汁肉夹馍(柳园店),https://www.dianping.com/shop/G9qpG0Hb5PynsCKj,4条评价,人均￥16,肉夹馍 老干妈炒饭 素砂锅
瓜州迎宾酒楼,https://www.dianping.com/shop/k91gvKTMM8m2GKPD,,人均-,毛辣子肉沫窝窝头 特色梭边鱼 灯笼烧汁茄盒
瓜州县牧徉人铜锅涮涮火锅餐饮店,https://www.dianping.com/shop/G3SQduDoE69HbsSo,,人均-,
三有堂龙虾海鲜烤肉餐厅(瓜州店),https://www.dianping.com/shop/k6UShyXLMXEEtZdN,3条评价,人均-,孙二娘五花肉 武松秘制牛肉 香辣毛豆
重庆桃花源串串火锅(瓜州店),https://www.dianping.com/shop/HaSWcwL2Yo4Vrkyx,5条评价,人均-,鸳鸯锅 韭菜 茼蒿
丝路寻味,https://www.dianping.com/shop/G3UP1gpcO6JAP744,1条评价,人均-,当归牛肉面 牛肉面三细 辣子炒肉拌面
华莱士·全鸡汉堡(光明印象店),https://www.dianping.com/shop/FnYNT9AXTm80OxBl,1o条评价,人均-,中可乐 川蜀酸辣双层鳕鱼堡 双层香辣鸡排堡
陈氏胡辣羊蹄,https://www.dianping.com/shop/k27IEZZm5pUxEocG,,人均-,油炸花生 五香花生 韭菜拌黄豆芽
米记包子铺(一分店),https://www.dianping.com/shop/k80DAPxaQpFew5Kd,,人均-,特色水煎包 胡萝卜包 小米南瓜粥
宽窄巷子市井火锅,https://www.dianping.com/shop/F3JYHW2N77ZZ3cU2,2条评价,人均-,冰粉 豆腐竹 红糖糍粑
小猪查理火盆自助烤肉,https://www.dianping.com/shop/k9CmMuEgAsy8kiOf,,人均-,
小两口特色烤炉鸡蛋灌饼,https://www.dianping.com/shop/l1jgJ8qrcNui7Pct,,人均-,菜花 白水饼 鸭血
三道沟王红油坊直销店,https://www.dianping.com/shop/G8Keui3OrgsUXPGr,,人均-,
清真大饼,https://www.dianping.com/shop/k2m0CmvEWtve4gov,,人均-,
舜云粥铺,https://www.dianping.com/shop/H7Gw6vFaFK4ZQJGq,,人均-,
正新鸡排(一中店),https://www.dianping.com/shop/G6KLtluMrqSFsSSN,2条评价,人均-,正新鸭肠 小牛肉串 薯条
好再来饭馆,https://www.dianping.com/shop/H59VkCNVQK76j0nx,,人均-,
今世缘海鲜自选火锅,https://www.dianping.com/shop/k8pKnWqEl9GRrJjU,,人均-,平菇 胡萝卜汁 娃娃菜
馍馍哒肉夹馍,https://www.dianping.com/shop/l1UAc1iaU1saH6me,,人均-,偏肥肉夹馍 偏瘦肉夹馍 蓝莓奶茶
馥源火锅,https://www.dianping.com/shop/k5Svw7iFAz5Msozr,2条评价,人均-,麻辣虾尾
福怡轩餐厅,https://www.dianping.com/shop/k9zsEZGK22RmTMTH,,人均-,豆角炒肉盖浇 青椒肉丝盖浇 黄瓜炒蛋盖浇
红辣椒麻辣烫(瓜州大道店),https://www.dianping.com/shop/k47oXC9enxBYb4ma,,人均-,豆腐皮
新马路边边烧烤餐厅,https://www.dianping.com/shop/k2kGjw0bwcXB9WcK,,人均-,
陕味风米皮(龙泽园店),https://www.dianping.com/shop/l6MSwtH2yeA5VPpG,3条评价,人均￥12,陕西擀面皮 陕味风肉夹馍 陕西凉皮
酱大骨,https://www.dianping.com/shop/l4h1p5FfSvfh3TCk,1条评价,人均-,酱排骨 浆水面 白皮面
台联豆腐坊(张芝路店),https://www.dianping.com/shop/l2tMSpZcIF7jUP0c,,人均-,
时尚煲仔饭,https://www.dianping.com/shop/G19C9x9XNcvCwfS0,,人均-,酸辣粉 煲仔饭 大窑橙诺
甲侍郎元宝水饺,https://www.dianping.com/shop/H97kpQsth4opQiRK,,人均-,鸡肉虾仁汤饺 大肉芹菜 馄饨
美食城,https://www.dianping.com/shop/HajK1yVGRjjEn06d,1条评价,人均-,鸡肉小花卷 排骨焖饼子
吴记鱼庄冷锅鱼,https://www.dianping.com/shop/l1tFwat3tNi2dMAX,,人均-,
天林水果店,https://www.dianping.com/shop/k3KOndOoxw1gTg0i,,人均-,
汇源调料(瓜州市场店),https://www.dianping.com/shop/H8wOU9WPd78084XI,,人均-,
潘氏砂锅面麻辣烫,https://www.dianping.com/shop/k3w7TUZ0KtTN9hBG,,人均-,鲨鱼片 浆水面 脆皮蛋卷
四方拨鱼子,https://www.dianping.com/shop/Ev96hF5lfPPuvh95,,人均-,大盘鸡 红烧鸡肉盖浇饭 红烧排骨盖浇饭
瓜州酿皮砂锅麻辣烫,https://www.dianping.com/shop/k4ST6vnO3jyM4L4u,,人均-,酸辣粉 灰豆汤 擀面皮
秀荣水产粮油店,https://www.dianping.com/shop/G9bRvmA6F1LPKYsg,,人均-,
味香馍馍店,https://www.dianping.com/shop/k87LPIFo7HsTQtqJ,,人均-,豆瓣酱饼 豆沙饼 菜夹莫
兰州牛肉面,https://www.dianping.com/shop/iz5wokBOGCKebBF5,,人均-,
