石锅日记,https://www.dianping.com/shop/ESixH5YridYbdkdm,4条评价,人均-,酥皮椒无骨鱼 西湖牛肉羹 石锅土豆
签牛签王串串香火锅(馆陶店),https://www.dianping.com/shop/G2MIDsQPU3RuypqN,5条评价,人均-,
七番地日式料理,https://www.dianping.com/shop/k1B2pNj6l4bo3ot0,8条评价,人均-,炙焰综合手握拼盘 刺身拼盘 精品蒲烧鳗鱼
靠山屯铁锅炖(陶山街店),https://www.dianping.com/shop/G2je8LYqbXovqwyx,6条评价,人均-,
喜相逢烤肉火锅自助,https://www.dianping.com/shop/G8i1mqbK383mQN0X,1条评价,人均-,高烧山药 鱼香肉丝 炝锅鱼
爱辣啵啵鱼(285连锁店),https://www.dianping.com/shop/G7tWGQpKYXmCxI8V,12条评价,人均-,拉面 玉米肠 乳酸菌
玛黎娜铁板牛排(馆陶新天地店),https://www.dianping.com/shop/G7qVb1JkS8UvsrNM,12条评价,人均-,妙脆腿排 金枪鱼沙拉 香浓蘑菇汤
北木南烤肉和酒(馆陶店),https://www.dianping.com/shop/l8V8JjSKEzvpuzk3,148条评价,人均￥52,厚切牛排 麻辣五花肉 长不胖鸡胸肉
桃源大酒店餐饮部,https://www.dianping.com/shop/H2W9GenNA1wVTuHl,34条评价,人均￥37,菠萝咕老肉 酱肉杂粮包 酥口袋鸭丝
瑞程大酒店餐饮部,https://www.dianping.com/shop/G6TY7NANfPHxlchF,18条评价,人均-,牛柳杏鲍菇 大厨排骨 清蒸海龙鱼
安姬酸奶•DIY水果捞(馆陶筑先广场店),https://www.dianping.com/shop/G5y6q5EaAcWQXP2O,2条评价,人均-,全家桶盲盒 芒果拉丝酸奶水果捞 黑五谷拉丝酸奶水果捞
李二鲜鱼火锅(馆陶店),https://www.dianping.com/shop/G1QF1sea8irz9OTy,6条评价,人均-,特色鸳鸯锅 蔬菜拼盘 特色火烧馍
巴捞毛肚火锅,https://www.dianping.com/shop/H292RMk5hmyTSUJJ,4条评价,人均-,鲜切牛板腱
虾的诱惑,https://www.dianping.com/shop/H4ZtFWT6fH7URRJY,7条评价,人均-,排骨虾大锅送菜 金针菇 粉丝
武圣羊汤,https://www.dianping.com/shop/k5zT93uhB03qnrHL,2条评价,人均-,鲜虾馄饨 牛肉馅饼 烧饼夹肉
大清花饺子(政府街店),https://www.dianping.com/shop/k5sf7dx2sU2quwNg,5条评价,人均-,松仁玉米 清花小炒 腰果虾仁
重庆鸡公煲(馆陶旗舰店),https://www.dianping.com/shop/k3ZT2lRnowC27c6m,31条评价,人均￥2o,鸡腿煲小煲 鸡公煲小煲 冬瓜
禾谷元道火锅,https://www.dianping.com/shop/l8k40gMG8W1KNqGg,16条评价,人均￥75,鸳鸯锅 秘制羊肉 内蒙羔羊肉
川仆毛肚火锅(馆陶店),https://www.dianping.com/shop/G4jLhnDdVKrPe9nr,15条评价,人均￥94,毛肚 虾滑 肥牛
大年三十饺子楼,https://www.dianping.com/shop/k4lqik7jHTJhTCl0,4条评价,人均-,西葫芦鸡蛋饺 压锅鲤鱼 木桶豆腐汤
左岸西餐厅(馆陶店),https://www.dianping.com/shop/l9cLGIiBJUASKyJb,3条评价,人均-,
北京牛街铜锅涮,https://www.dianping.com/shop/k1PzSjjwtSyn1Obt,2条评价,人均-,
重庆江湖菜巫山烤鱼(陶山街店),https://www.dianping.com/shop/G3tS5Pro87H1B81d,,人均-,
兰州正宗牛肉拉面(馆陶总店),https://www.dianping.com/shop/l9UeeamXBvS4EgiX,3条评价,人均￥23,
京炉北京烤鸭,https://www.dianping.com/shop/k554bz5C5pbGis9H,,人均-,
尚尚签自助小火锅(馆陶分店),https://www.dianping.com/shop/ju4WWA88mqhk416t,,人均-,
袁记串串香(馆陶店),https://www.dianping.com/shop/l4lyHPCp0JvR1pWQ,1条评价,人均-,
华莱士·全鸡汉堡(馆陶店),https://www.dianping.com/shop/l2H9oNOkEtGxkBBD,84条评价,人均￥14,
欧尼家.韩式炸酱面,https://www.dianping.com/shop/H5RJ1BjYB5k7HODs,4条评价,人均-,
马氏老外婆餐厅(馆陶店),https://www.dianping.com/shop/H4vnQD8XbqSKsQKS,9条评价,人均-,
槐店王婆大虾(馆陶分店),https://www.dianping.com/shop/G6E6GE77JJBkNwNs,35条评价,人均-,王婆大虾 精品羊肉卷 精品鸭血
河间驴肉火烧,https://www.dianping.com/shop/G7a9UAabjNZB7jun,1条评价,人均-,西红柿炒鸡蛋 疙瘩汤 紫菜汤
晟和馅饼(中式快餐店),https://www.dianping.com/shop/k1sS3ZPDgMzuDtwO,3条评价,人均-,韭菜盒 南瓜粥 蛋炒饭
好味道野菜肉包(竹翠园店),https://www.dianping.com/shop/H70Kltuj1J6eoOl5,1条评价,人均-,野菜素包 香菇肉包 猪耳朵拌黄瓜
特色牛骨头炝锅鱼,https://www.dianping.com/shop/H8vwwuaLxGbWuf8a,,人均-,
虾巢香辣虾(陶山街店),https://www.dianping.com/shop/l2UIZLRJ8N0DHzir,1条评价,人均-,鸡翅虾锅 虾巢香辣虾
小放羊烧烤(馆陶店),https://www.dianping.com/shop/H8DzUvN1AI72v4oU,1条评价,人均-,
源禾包子铺,https://www.dianping.com/shop/k7ax1O5IzqSLlHBg,,人均-,
蛋糕地带·小郑蛋糕(馆陶店),https://www.dianping.com/shop/l2vzQ2I5IGT7zJM4,62条评价,人均￥68,坚果水果蛋糕 网红草莓炸弹蛋糕 葡式蛋挞
北方水饺馆,https://www.dianping.com/shop/H4T71OhxQO5XdBoJ,,人均-,猪肉藕丁水饺 花卷小公鸡 大葱木耳
赵家羊汤馆(聊城总店),https://www.dianping.com/shop/k35qsrZ8M2BFWyYW,7条评价,人均-,大饼 羊肉汤 全羊汤
抹茶皇后鲜果炒酸奶,https://www.dianping.com/shop/l1bgeBO2Kelcv0Gj,2条评价,人均-,杨枝甘露厚切 朗姆酒葡萄厚切 坚果炒酸奶
二兵肉夹馍,https://www.dianping.com/shop/H9yj2sfXcqzHDfRe,,人均-,肉夹馍烧饼皮 今麦郎苏打水 崂山啤酒
重庆朝天娇火锅麻辣烫(馆陶店),https://www.dianping.com/shop/l6k2c6bHc4bLvWXd,2条评价,人均-,麻辣烫
蓬莱仙阁饭店,https://www.dianping.com/shop/H1DdTVDLc5RDx28u,,人均-,
阡园武陵山珍(养生菌汤),https://www.dianping.com/shop/HaxEQrc9yvxOgnET,1条评价,人均-,乌鸡锅底 鹅肝立方 咸蛋黄虾滑
尚品羊汤馆,https://www.dianping.com/shop/l8CAvAyoHm913E4U,,人均-,青梅绿茶 香甜燕麦 悦活
东北烧烤,https://www.dianping.com/shop/H9ZXi3yTgzqH6oTc,,人均-,
老黄水煎包,https://www.dianping.com/shop/FXxO5vZllyH629mB,,人均-,
天方包子(陶山街店),https://www.dianping.com/shop/k10c5iNtX9YL2qVx,,人均-,
李先生(馆陶筑先路店),https://www.dianping.com/shop/H2FtzcMkFeKtfFPj,11条评价,人均-,李氏梨汤 香菇鸡块饭套餐 豆腐脑
尖庄豆腐脑,https://www.dianping.com/shop/HayR5RdTTs4JU0Eu,,人均-,牛肚汤中 牛肉汤中 发面饼
山东卤肉大包,https://www.dianping.com/shop/FJUjW1N6X5XnknW7,,人均-,鸡蛋炒饼 肉炒饼 素炒饼
精酿鲜啤坊(文卫街店),https://www.dianping.com/shop/l2xxQwMEYdMrLX7d,2条评价,人均-,百香果小麦鲜啤 白啤 劲仔小鱼
秘制羊骨火锅,https://www.dianping.com/shop/H4WWzLTgM4AgQEPR,,人均-,
三旺烧烤百味厨房,https://www.dianping.com/shop/G5EkaIvETbNF2wfk,,人均-,
阿水大杯茶(河北邯郸馆陶新天地店),https://www.dianping.com/shop/k4Je6APD2luiqT4a,1条评价,人均-,
西部湾老诸板面(馆陶店),https://www.dianping.com/shop/l8ao9mcoCYN8PxaU,2条评价,人均-,
津味包子王,https://www.dianping.com/shop/k6j8m2pAnmLchqez,1条评价,人均-,
天竹渔村纸包鱼(NO.0533店),https://www.dianping.com/shop/H5dtSv3E0lzXUepN,6条评价,人均-,
