老四川炒菜纸包鱼,https://www.dianping.com/shop/H9NwOFVtqEwGRrN0,16条评价,人均-,鱼香肉丝 回锅肉 干煸四季豆
川湘阁私房菜(树贵路店),https://www.dianping.com/shop/H7Lhbc7puZiVqVpK,21条评价,人均-,黄焖羊肉 金牌炝锅鱼 沙葱炒蛋
侯师傅特色羊肉馆,https://www.dianping.com/shop/k2nAx54vNIC2gTJW,12条评价,人均￥71,手抓羊肉 烤羊排 冷菜三拼
巴音蒙格乐餐厅,https://www.dianping.com/shop/k9lS5FzYoJ5hUGPV,62条评价,人均￥58,爆炒驼肉 沙葱风干羊肉 锅仔羊杂
金鼎饭庄,https://www.dianping.com/shop/izDypwn6xutVllsV,2条评价,人均￥84,红烧肉 鱼香肉丝 番茄炒鸡蛋
湘鸭村鱼府,https://www.dianping.com/shop/k2YfWXwPLztPmvZP,3条评价,人均￥3o,手切羊肉 龙虾尾 蟹钳
铁蛋烤吧,https://www.dianping.com/shop/H8P0b67WbNinYaP0,,人均-,椒盐大虾 烤红柳羊肉串 烤鸽子
天香阁私房菜,https://www.dianping.com/shop/k7rTPCv3KDtMHUTW,7条评价,人均-,风干羊肉条 沙葱炒鸡蛋 香辣虾尾
红辣椒大排档,https://www.dianping.com/shop/H65HNyZ4F4boKYpv,,人均-,麻辣小龙虾 火爆鱿鱼 麻辣豆腐
可百可(阿拉善右旗店),https://www.dianping.com/shop/G5vZpsnbd4zKEakz,,人均-,
孟根贝拉蒙古餐厅,https://www.dianping.com/shop/l5UtLtz63u5KTksw,8条评价,人均-,羊肉垫卷 牛肉 蚂蚁上树
阿果豆腐坊,https://www.dianping.com/shop/G3S70VhdOFY5kwuw,1条评价,人均-,千叶豆腐 烤翅 臭豆腐干
人和居饭庄(树贵路店),https://www.dianping.com/shop/G2ouCaeLYcKgheF5,3条评价,人均-,羊肉垫卷
砂锅美食坊,https://www.dianping.com/shop/l9XPp6Ihrje9AtJW,1条评价,人均-,牛柳 红烧肉砂锅 三鲜砂锅
山丹·俭朴寨辣子鸡(阿右旗店),https://www.dianping.com/shop/k1TJjbPGz5e3LbBo,1条评价,人均-,姜汁菠菜 洋葱拌木耳 香辣耳丝
海鲜妹捞汁小海鲜,https://www.dianping.com/shop/H7IUC6y1IaV9WQtl,,人均-,爆款无沙花甲肉 麻辣海鲜面 惊艳赤贝边
kk家常饭(阿拉腾路店),https://www.dianping.com/shop/H9FqBLvj7ZZvxpX4,1条评价,人均-,回锅肉盖浇饭 羊肉炒粉 苜蓿肉
小谢馍馍店,https://www.dianping.com/shop/G15anRQzFNgFiDvu,,人均-,
绿色屋瓜果蔬菜店折扣店,https://www.dianping.com/shop/Ga1iK6xY3QZSRkXn,,人均-,
谢记馫旺旺煎饼果子店,https://www.dianping.com/shop/k75oUGbZFjhpjE4O,5条评价,人均-,焖面 馅饼 咖喱饭
巧凤包子店,https://www.dianping.com/shop/la2r0bJEScdkaGbd,5条评价,人均-,梅菜扣肉包 韭菜鸡蛋子 雪菜肉丝面
白氏兄弟粗粮御米面,https://www.dianping.com/shop/l9YHefsYK2DcMpev,,人均-,猪肉水饺 孙志鹏麻辣烫单人餐 香菇
好又鲜蔬菜水果超市,https://www.dianping.com/shop/k1iDI2CHEpYPxUgw,,人均-,
贝乐汉堡,https://www.dianping.com/shop/k4j3IIXcqj0rUyAw,13条评价,人均￥1o,鱼香茄子盖饭 奥尔良鸡腿堡 薯条
武威特色酿皮店,https://www.dianping.com/shop/Gaca8O1MKOXO63D9,,人均-,凉面 凉皮 柠檬水
一鸡两吃,https://www.dianping.com/shop/k86tYRL4tj432I1S,,人均-,
过把瘾,https://www.dianping.com/shop/H2TB58LjaRAhcEHo,,人均-,锡纸土豆片 烤香肠 奥尔良鸡翅
乐滋味麻辣烫,https://www.dianping.com/shop/H3482ceYBHkMnV7C,,人均-,
万事兴饭馆,https://www.dianping.com/shop/G2voEEynI7zw8PSK,,人均-,
炖烤部落店,https://www.dianping.com/shop/k1sIUpoB4RyM0ZRj,,人均-,粉丝娃娃菜 酸辣厥根粉 青椒炒肉
V8烤吧,https://www.dianping.com/shop/l5HbC45ORmx934Yj,,人均-,菜花 千页豆腐 鸡胗
六块九休闲食品,https://www.dianping.com/shop/k6jANwqfBqzWOH26,,人均-,
杨铭宇黄焖鸡米饭,https://www.dianping.com/shop/H6Ooyg0OdZNxqU4z,2条评价,人均￥2o,黄焖鸡 黄焖红烧肉 红薯粉
王大厨烧烤店,https://www.dianping.com/shop/k54qFDU7MPLJWTRs,,人均-,炒年糕 蘑菇 金针菇
好媳妇辣糊糊,https://www.dianping.com/shop/G37S5wpSugSp2EZM,,人均-,土豆 平菇 韭菜
样样鲜蔬菜瓜果超市,https://www.dianping.com/shop/G9wDGOu3qAJ3Hzzz,,人均-,
温州骨里香熟食城,https://www.dianping.com/shop/H5sPH0FofNhzXGKU,2条评价,人均-,猪蹄
曹状元烧饼,https://www.dianping.com/shop/k7w3JY9y1cIGJyoP,,人均-,鲜香肉饼 奥尔良鸡肉饼 火腿鸡蛋夹饼
胡氏馒头店,https://www.dianping.com/shop/k3yKvYKnZJMzFJaN,,人均-,
幸福饭店,https://www.dianping.com/shop/G6rnbnunbTv6xE4y,,人均-,
仟锅王火锅城,https://www.dianping.com/shop/l58nX8CCT2mZnT5G,3条评价,人均-,香辣蹄花虾 香辣鱿鱼虾 金银馒头
百味轩,https://www.dianping.com/shop/la8c4BC0XM8eQYP8,2条评价,人均-,鱼香肉丝盖浇饭 杏鲍鱼茹炒肉 水煮肉片
疯狂烤兔,https://www.dianping.com/shop/G2oRj7HEXHB5NQ2n,1条评价,人均-,鸡腿 骨肉相连 王中王火腿肠
老地方餐馆,https://www.dianping.com/shop/G7Abu8VU9LqRHNQ9,,人均-,木耳肉木桶饭 油泼面 韭菜鸡蛋木桶饭
鑫磊饭店,https://www.dianping.com/shop/k7rSaRQtBndiyzNS,2条评价,人均-,鲍鱼 面包 粉丝
寿隆昌疯狂烤翅,https://www.dianping.com/shop/k7yojMX0Lrj34oFo,1条评价,人均-,烤鱼 烤玉米粒 烤大虾
小南街烧烤,https://www.dianping.com/shop/k8EnDsEFjeKCHPsQ,1条评价,人均-,烤中翅 烤鱿鱼 烤鸡胗
何五牛肉面,https://www.dianping.com/shop/H8vJiauiXubhrUth,2条评价,人均-,牛肉面
巧凤羊汤馆,https://www.dianping.com/shop/l6ybQHVUMeFgq6C1,,人均-,鸡蛋面 大素包 酸菜肉丝面
佳味砂锅店,https://www.dianping.com/shop/iLHfr861a2v8Me58,1条评价,人均-,什锦砂锅 排骨砂锅 丸子砂锅
美味小厨,https://www.dianping.com/shop/l7kHe9MQskJVJXso,1条评价,人均-,
东北饭店,https://www.dianping.com/shop/l44fMc5neGnVSucR,,人均-,
三合苑川菜,https://www.dianping.com/shop/l10xgcknMRuAMYxD,,人均-,糖醋鲤鱼 特色大盘鸡 辣子鸡块
鸡锁骨小吃分店,https://www.dianping.com/shop/k3ri4FQtR69ufKUM,,人均-,牛肉串 掌中宝 鸡胗
梁未羊肉馆,https://www.dianping.com/shop/k8tkJ5wpzpWRgYby,4条评价,人均-,清炖羊肉 葫芦丝 凉拌辣椒
乐沣美味包子,https://www.dianping.com/shop/k8WpnsZFQjrLu5N4,,人均-,胡萝卜木耳包 手工臊子面 紫菜蛋花汤
川湘饭馆(万客隆商城店),https://www.dianping.com/shop/k2g8MiUHy3SnkXNU,3条评价,人均-,红烧肉 春卷 辣子肉拌面
裴氏老字号,https://www.dianping.com/shop/EhvmkiOkKtDwjdSw,,人均-,
小郡肝火锅串串香(树贵路店),https://www.dianping.com/shop/k9ZDJDzJ57u20gAV,1条评价,人均-,韭菜 羔羊 鸡肉
黑子餐馆,https://www.dianping.com/shop/k4QSjfuob1RgT2Ii,,人均-,香菇青菜包 包子 臊子面
