菌王府汤锅,https://www.dianping.com/shop/G7vTcbuTwfypPATE,99条评价,人均￥81,菌汤鸡 羊肚菌 竹荪
楠火锅(阿里店),https://www.dianping.com/shop/G5OIPVR5AKKbZ8yw,2条评价,人均-,嫩牛肉 鲜鸭肠 耙鸡脚
川蜀饭店(日土店),https://www.dianping.com/shop/H51b07P2Som1r6Hk,7条评价,人均-,麻辣香锅 烤鱼 土豆烧牛肉
日喀则扎西相聚茶馆,https://www.dianping.com/shop/H69B5wtct3moEpox,33条评价,人均￥29,甜茶 咖喱饭 牛肉饼
石锅牛羊鸡烤吧,https://www.dianping.com/shop/k1wmslQXUjNgN8Qj,76条评价,人均￥137,羊杂汤锅 养生锅 猪五花
跷脚牛肉,https://www.dianping.com/shop/G12Z5ILpu04bOWAf,41条评价,人均￥5o,翘脚牛肉中锅 红糖糍粑 拍黄瓜
重庆人家,https://www.dianping.com/shop/G2F74GDLy6wpgYPi,3o9条评价,人均￥68,干锅鸡 手撕包菜 手撕猪蹄
家常饭店(阿里地区革吉县盐浮路),https://www.dianping.com/shop/ikdCZVKut3aLRlTr,8条评价,人均￥74,番茄鸡蛋 凉拌黄瓜 蒸扣肉
草原风情餐厅,https://www.dianping.com/shop/G9Ab1M3lOkoLB4ra,114条评价,人均￥87,红柳烤肉 烤包子 孜然羊肉
开元米粉,https://www.dianping.com/shop/Ha9SGI7uaXmjEDQZ,9条评价,人均-,鸡肉米线 肥肠米粉 麻辣米线
岗嘎底斯餐厅,https://www.dianping.com/shop/H7MLJg6QZhYZWhQS,31条评价,人均-,牦牛火锅 小炒牛肉 康巴汉子
冒椒火辣(帕拉路店),https://www.dianping.com/shop/k3pXNUGRBQFTbYkG,4条评价,人均-,冒菜
地道柴火鸡,https://www.dianping.com/shop/kaYhGknGokJQhkEw,3条评价,人均-,柴火鸡
西安饭馆,https://www.dianping.com/shop/l5L1Sok9Bvu9qk19,1o条评价,人均-,哨子面 烩刀削面 白菜猪肉饺子
川西饭店(日土店),https://www.dianping.com/shop/laLcK3QkllGV2ABh,24条评价,人均￥43,黄瓜皮蛋汤 腊肠炒饭 苦瓜肉片
大胡子原味老火锅,https://www.dianping.com/shop/k82zE2JRLkFQ1iR8,1o条评价,人均￥1o2,牛肉 毛肚 千层肚
红心东北饺子馆,https://www.dianping.com/shop/G3dZFjAnJykuPYsS,16条评价,人均￥35,饺子 锅包肉 大骨头
高原生态汤锅(帕拉路店),https://www.dianping.com/shop/l7Itap1vnG82oPPf,59条评价,人均￥7o,自家无公害新鲜蔬菜 羊肉 羊杂
西北面食大盘鸡,https://www.dianping.com/shop/l7MNrovpQDrj5N26,2条评价,人均-,烤羊肉串
重庆川菜,https://www.dianping.com/shop/l5zZdmcxnQR4ZizP,8条评价,人均-,笋片炒肉 沾水豆腐花 脆皮鸡
老陕面馆,https://www.dianping.com/shop/H1xAvs9ZaX0ZqfX8,1条评价,人均-,五仁酱 葱花 菌王酱
京陵小笼包,https://www.dianping.com/shop/H7Uf74i8qqCfvt9R,18条评价,人均-,猪肉小笼包 黑米粥 皮蛋瘦肉粥
玉珍藏餐,https://www.dianping.com/shop/G15kTPOkUB4Bsbeu,1条评价,人均-,
一品香川菜,https://www.dianping.com/shop/k5GvKtdcierRKrrg,8条评价,人均-,干锅虾 麻辣烤鱼 老鸭汤
回味冒菜(帕拉路店),https://www.dianping.com/shop/k213AeFKqo2HM8d0,4条评价,人均-,草莓果汁
马记羊杂山珍汤锅,https://www.dianping.com/shop/H7xz5Hhn9GzBvkIj,1条评价,人均-,
唐老鸭烧烤店,https://www.dianping.com/shop/l8jy6oZPFBW1ztSG,26条评价,人均￥94,特色烤猪蹄 烤鱼 羊肉串
尕拉众创咖啡,https://www.dianping.com/shop/E4XkZBQ8JKcBx6yI,11条评价,人均￥35,dirty 拿铁
乌鱼馆,https://www.dianping.com/shop/laKOmweJDCLS6gXr,1o3条评价,人均￥1oo,养生乌鱼汤锅 养生乌鱼 滋补汤底
德克士(拉萨阿里店),https://www.dianping.com/shop/G7MOKf5cZSanlgdF,77条评价,人均￥39,香辣鸡翅（一对） 脆皮炸鸡 超级鸡腿堡
石锅藏香鸡(阿里店),https://www.dianping.com/shop/H8hxjYxr8ZrRGnai,22条评价,人均￥146,藏香石锅牛肉 松茸藏香鸡 凉拌黄瓜
冈仁波齐大本营观景餐厅,https://www.dianping.com/shop/H6RrpTMxkRrCvyDe,,人均-,
洪七公,https://www.dianping.com/shop/k4sURIWFXjr5GA8n,2条评价,人均-,红汤锅
鼎鼎牛肉拉面馆,https://www.dianping.com/shop/G46XNLX5Ex0a25g8,7条评价,人均-,辣子肉拌面 酸菜拉面 烩面片
三米粥铺(阿里店),https://www.dianping.com/shop/k2gz5d7bZkvGmCs2,,人均-,虾饺皇 黑米红豆粥 酥糯芝麻球
袁记云饺,https://www.dianping.com/shop/l11TLTBOHRpZK2YZ,1条评价,人均-,香葱鲜肉饺 鲜鸡肉云吞 凉糕
香孜,https://www.dianping.com/shop/kaBUx9lrFqEn0Ujm,,人均-,
夫妻串串香,https://www.dianping.com/shop/G9FsDZpGa0jsHfVT,2条评价,人均-,
大包子饺子馆,https://www.dianping.com/shop/G6JVQa7ciAR5EbAf,1条评价,人均-,
四川人家,https://www.dianping.com/shop/HaYe1pl3r7HyDhRa,2o条评价,人均￥56,石锅茄子 虎皮尖椒 油渣莲白
西北风味美食城,https://www.dianping.com/shop/G4gIEeVPbVx7E0ED,9条评价,人均￥37,八宝茶 烤白饼 羊肉泡馍
一号大盘鸡主题餐厅,https://www.dianping.com/shop/k38QwTT5qF35Cp50,36条评价,人均￥73,红柳枝烤串 清炒油麦菜 特色大盘鸡
一揽芳华主题餐厅,https://www.dianping.com/shop/l8rNqXtzDXrKRT4X,2条评价,人均-,黑胡椒牛排 水果披萨 黑胡椒牛肉意面
三米粥铺,https://www.dianping.com/shop/Eh6QSjiucczeXEzf,,人均-,青菜粥 红糖红枣粥 绿豆粥
红火焱老火锅,https://www.dianping.com/shop/FBMETQNQt1jLdW6S,,人均-,
湖南烧烤(北京北路店),https://www.dianping.com/shop/G5nP7er58id094c1,7条评价,人均-,拉丝烤肠 烤肥肠 剁椒蛋炒饭
雪域餐厅,https://www.dianping.com/shop/G8y84a2UxXrJ0cwa,1条评价,人均-,烤乳猪 肠粉 烤羊肉
美味早餐店,https://www.dianping.com/shop/l6Dh8l0WzULq1D8l,7条评价,人均-,牛肉胡辣汤 包子 八宝粥
雅妹川味饭店,https://www.dianping.com/shop/l5FxbL1YochuK3FX,3条评价,人均-,葱花炒蛋 麻婆豆腐 宫保鸡丁
东北饺子,https://www.dianping.com/shop/k8uTOo4f7j4IH5Ds,,人均-,猪肉白菜 水煮肉片 东北乱炖
毛家湘菜馆(陕西路店),https://www.dianping.com/shop/k30C6BVuwxnYK5EU,62条评价,人均￥67,农家小炒肉 湖南腊牛肉 茄子豆角
北方大陷饺子馆,https://www.dianping.com/shop/H9H7uI7MAgqDtcnZ,3条评价,人均-,饺子 锅包肉 茄子
川霸烤全羊,https://www.dianping.com/shop/H5Bj5VMvJHHNoCmZ,,人均-,烤全羊
串掌门砂锅串串香,https://www.dianping.com/shop/H4SgmNn8hLf6Q918,1条评价,人均-,骨肉相连 烤蟹肉 烤玉米
四川老沙锅,https://www.dianping.com/shop/l6b4przQBaOS1ioj,15条评价,人均￥34,糖醋里脊 砂锅米线 尖椒牛肉
十味园,https://www.dianping.com/shop/G219e8DUFdcyDDAu,24条评价,人均￥51,手抓羊排 蹄花汤 牦牛肉
重庆餐厅,https://www.dianping.com/shop/l18olzygRqwCvdex,112条评价,人均￥52,鱼香肉丝 蒜苗回锅肉 水煮肉片
广汉酒家,https://www.dianping.com/shop/G4PqO6DPZ8PxfZcI,2条评价,人均-,干锅鸡 五香肘花 青椒土豆丝
起美鼓者自助火锅店,https://www.dianping.com/shop/F59FF4vOrkVxvFM2,,人均-,油炸土豆 饺子 甜茶
馄饨烧菜馆,https://www.dianping.com/shop/l4JQkXpb7qZMwlNB,2o条评价,人均-,馄饨 鸡肉砂锅 牛肉面
