藏雅阁总店,https://www.dianping.com/shop/Ha2IBYHMVIC9UUJt,722条评价,人均￥1o6,牦牛肉土火锅 牦牛肉 青稞酒
香满苑牦牛肉汤锅,https://www.dianping.com/shop/k3DqdmvEpBG0eczs,2o6条评价,人均￥97,原滋原味牦牛肉汤锅 青稞饼 传统特色秘制牦牛肉
三義鹏酸菜鸡羌菜(阿坝总店),https://www.dianping.com/shop/jVnFD8YtIJsvCCP9,2173条评价,人均￥67,酸菜鸡 手工面皮 红糖糍粑
品味农家羌族特色土火锅,https://www.dianping.com/shop/G7b4GEapGlsDvXKb,128o条评价,人均￥59,腊味土火锅 牦牛排骨土火锅 洋芋饭
藏家小馆,https://www.dianping.com/shop/Har9cMaKFHlbPNyC,1447条评价,人均￥91,铁板系列 青稞啤酒 藏家青稞饼
童话主题藏餐厅(沟口店),https://www.dianping.com/shop/G3jZFqyEvOFndor2,734条评价,人均￥76,藏式土火锅 酥油茶 手抓羊肉
青稞藏餐厅,https://www.dianping.com/shop/H1NMdFBtDCUWLItr,3o6条评价,人均￥89,九宫格 牦牛香浓酸奶 牦牛香浓酸奶+糌粑套餐
游•藏邻里餐厅藏式汤锅专家九寨英迪格酒店,https://www.dianping.com/shop/lawa3ajlELCc5eQ4,179条评价,人均￥153,墨脱石锅鸡 秘制青椒蘸料 牦牛酸奶
川姐牦牛肉粉(沟口店),https://www.dianping.com/shop/H3FfIrScihM1JqFN,61条评价,人均￥2o,牦牛肉粉 牦牛肉面 牛肉馅小笼包
潘氏重庆家常菜,https://www.dianping.com/shop/k3a3Ykdz5BuSrLaz,1o12条评价,人均￥63,青稞饼 孜然牦牛肉 炒野菜
老地方餐馆,https://www.dianping.com/shop/H7OIL5cmu6hD7g2X,692条评价,人均￥52,
乳仔牛,https://www.dianping.com/shop/FmWh2lokJlqrAmkW,2597条评价,人均￥65,
朵沐查(耿达熊猫苑店),https://www.dianping.com/shop/l5ryVfgmuOqiMwyQ,228条评价,人均￥51,
谢老怪牦牛肉馆,https://www.dianping.com/shop/H1baXA5uJlb2gBSg,369条评价,人均￥79,
老瘾客火锅(黑水分店),https://www.dianping.com/shop/Hax1iHy2CPHbEYHP,319条评价,人均￥67,
藏雅阁总店,https://www.dianping.com/shop/Ha2IBYHMVIC9UUJt,722条评价,人均￥1o6,牦牛肉土火锅 牦牛肉 青稞酒
香满苑牦牛肉汤锅,https://www.dianping.com/shop/k3DqdmvEpBG0eczs,2o6条评价,人均￥97,原滋原味牦牛肉汤锅 青稞饼 传统特色秘制牦牛肉
三義鹏酸菜鸡羌菜(阿坝总店),https://www.dianping.com/shop/jVnFD8YtIJsvCCP9,2173条评价,人均￥67,酸菜鸡 手工面皮 红糖糍粑
品味农家羌族特色土火锅,https://www.dianping.com/shop/G7b4GEapGlsDvXKb,128o条评价,人均￥59,腊味土火锅 牦牛排骨土火锅 洋芋饭
藏家小馆,https://www.dianping.com/shop/Har9cMaKFHlbPNyC,1447条评价,人均￥91,铁板系列 青稞啤酒 藏家青稞饼
童话主题藏餐厅(沟口店),https://www.dianping.com/shop/G3jZFqyEvOFndor2,734条评价,人均￥76,藏式土火锅 酥油茶 手抓羊肉
青稞藏餐厅,https://www.dianping.com/shop/H1NMdFBtDCUWLItr,3o6条评价,人均￥89,九宫格 牦牛香浓酸奶 牦牛香浓酸奶+糌粑套餐
游•藏邻里餐厅藏式汤锅专家九寨英迪格酒店,https://www.dianping.com/shop/lawa3ajlELCc5eQ4,179条评价,人均￥153,墨脱石锅鸡 秘制青椒蘸料 牦牛酸奶
川姐牦牛肉粉(沟口店),https://www.dianping.com/shop/H3FfIrScihM1JqFN,61条评价,人均￥2o,牦牛肉粉 牦牛肉面 牛肉馅小笼包
潘氏重庆家常菜,https://www.dianping.com/shop/k3a3Ykdz5BuSrLaz,1o12条评价,人均￥63,青稞饼 孜然牦牛肉 炒野菜
老地方餐馆,https://www.dianping.com/shop/H7OIL5cmu6hD7g2X,692条评价,人均￥52,米椒牛肉 酸菜豆花 映秀老腊肉
乳仔牛,https://www.dianping.com/shop/FmWh2lokJlqrAmkW,2597条评价,人均￥65,番茄乳仔牛 乳崽牛肉 番茄
朵沐查(耿达熊猫苑店),https://www.dianping.com/shop/l5ryVfgmuOqiMwyQ,228条评价,人均￥51,耿达土豆坨坨 酥油奶咖 生态牦牛肉
谢老怪牦牛肉馆,https://www.dianping.com/shop/H1baXA5uJlb2gBSg,369条评价,人均￥79,牦牛煎包 烤牦牛肉串 番茄牦牛汤锅
老瘾客火锅(黑水分店),https://www.dianping.com/shop/Hax1iHy2CPHbEYHP,319条评价,人均￥67,牛肉牛杂汤锅 牦牛肉汤锅 火锅
空山民宿,https://www.dianping.com/shop/k2JcNQmIqhIw3yVB,147条评价,人均￥23o,菌汤土鸡火锅 牦牛肉烧烤 酸奶饼
扎西藏餐,https://www.dianping.com/shop/k9iZywRBepqrWXE2,11o2条评价,人均￥11o,青稞饼 土火锅 手抓牦牛肉
九寨沟石锅牦牛肉汤锅,https://www.dianping.com/shop/E4Oe02ajcVwrBqj4,711条评价,人均￥68,原汤牛肉牛杂汤锅 手工面 养生汤锅
藏乡林卡藏餐馆,https://www.dianping.com/shop/k70I3HdiaWCKqQpa,577条评价,人均￥65,酥油茶 藏式牦牛肉土火锅 土豆包子
九寨记忆拾野餐厅,https://www.dianping.com/shop/H3pbXApPdBpomgJq,131条评价,人均￥85,核桃馍 洋芋糍粑 酥油茶
清川屿·Aliment喜食观景餐厅(千古情店),https://www.dianping.com/shop/G2yygErtTJIzgum1,279条评价,人均￥85,牦牛酸奶 牦牛肉火锅 青稞桃花酿
美轩古城牦牛肉汤锅,https://www.dianping.com/shop/k5oiwyiGTu4RaM4E,81o条评价,人均￥53,野菌牦牛肉汤锅 耗牛肉汤锅 油碟
云丽红火塘腊排骨店(迎宾路店),https://www.dianping.com/shop/H5ehYJjkQvTw01Rj,239条评价,人均￥95,荞麦饼 腊排骨火锅 烤肉
聚福源牦牛肉汤锅(总店),https://www.dianping.com/shop/G8Khj9VUDdmEttlZ,346o条评价,人均￥68,原汁原味牦牛肉汤锅 全牦牛排骨野生菌汤锅 牦牛酸奶
茂县小辣椒川菜馆,https://www.dianping.com/shop/G3h8Avh1FVfqy06P,488条评价,人均￥58,羌族土火锅 牦牛肉土火锅 牦牛排土火锅
老兵烧烤·九寨特色·烤羊排,https://www.dianping.com/shop/iOx0qIzvlIumAiEn,1466条评价,人均￥123,烤羊排 青稞啤酒 特色烤茄子
米米烧烤,https://www.dianping.com/shop/H3im0TtvawTXSLfX,3o条评价,人均￥57,牛肉 五花肉 茄子
喜马拉雅音乐藏餐吧,https://www.dianping.com/shop/k7JfIJOwO02JBLtn,223条评价,人均￥8o,牦牛肉盖被 酥油茶 西藏拌饭
大羌火盆烧烤(茂县店),https://www.dianping.com/shop/k2S4ljo0rM44gwQ1,6o5条评价,人均￥78,五花肉 肥牛 羌寨小猪肉
高原牦牛杂火锅(理县总店),https://www.dianping.com/shop/l4EiQQOzeByv8OqF,1265条评价,人均￥69,牦牛肉 牛杂 牛肚
九寨鲁能希尔顿度假酒店-麦中餐厅,https://www.dianping.com/shop/EAGXaOnyBabQhqX7,183条评价,人均￥257,牦牛肉 石锅藏香鸡 石锅酸萝卜牦牛肉
重庆人家川菜馆-万州烤鱼(九寨沟店),https://www.dianping.com/shop/H7Y4BlsBhSIe8geH,1321条评价,人均￥76,万州烤鱼 洋芋糍粑 爆炒牦牛肉
措曲藏餐(黑水店),https://www.dianping.com/shop/Ha7pBnOzzpy0knea,277条评价,人均￥65,牛肉 藏式火锅 玉米饼
卡万金特色藏餐,https://www.dianping.com/shop/kaiJFbU32zNTjfBo,1341条评价,人均￥89,牦牛酸奶 土火锅 酥油茶
阿里巴巴藏餐烧烤,https://www.dianping.com/shop/H22HrRKcrW66Se3K,7o9条评价,人均￥8o,牦牛火锅 青稞饼 自制牦牛酸奶
渝香堂,https://www.dianping.com/shop/k3wy2BDIzoBJd5Pe,6o8条评价,人均￥69,
牛家店：牦牛肉野生菌汤锅,https://www.dianping.com/shop/l91WHUpX1RDuVkPH,158条评价,人均￥75,
洋芋糍粑(汶川店),https://www.dianping.com/shop/H1sLyGqgOvzW507T,165条评价,人均￥17,
邱二餐馆,https://www.dianping.com/shop/l77elQqQ5nFWUR2G,228条评价,人均￥66,
樱桃创意厨房,https://www.dianping.com/shop/G74h6typil1wHo4Y,431条评价,人均￥96,
草原三宝汤锅,https://www.dianping.com/shop/G1lmXyylf5nRutEQ,1429条评价,人均￥55,
聚福缘私房菜,https://www.dianping.com/shop/l2AieFckUU9YVa9X,3o条评价,人均￥4o,
G先生的小吃铺,https://www.dianping.com/shop/k9YkwLdOCYQuoNgC,51条评价,人均￥34,
九里香(三世传承店),https://www.dianping.com/shop/l8wVq6oCmr7YL0vT,1111条评价,人均￥62,
卓玛拉藏餐(阿坝店),https://www.dianping.com/shop/G2LevHRvxqmL703p,91条评价,人均￥64,
西红柿牦牛肉汤锅,https://www.dianping.com/shop/GasjLFYvlGZudITh,231条评价,人均￥65,养生菌牛肉汤锅 西红柿牛肉汤锅 刀削面
德莫coffee,https://www.dianping.com/shop/k5FcpgDt5NsGzMR9,13条评价,人均-,姜饼肉桂拿铁 蓝莓奶昔 奶盖乌龙茶
小龙坎火锅(九寨沟店),https://www.dianping.com/shop/G4eXBnFVTaCccDBx,166条评价,人均￥72,麻辣牛肉 精品鲜毛肚 牛油红锅
永利藏餐(马尔康八六藏餐分店),https://www.dianping.com/shop/laIOp3sPgrPINJ5x,181条评价,人均￥7o,酸奶人参果 手抓牛肉 核桃饼
印峰-270°雪山生活餐厅(看见九寨店),https://www.dianping.com/shop/igSHFbNRdbcrUbVj,7条评价,人均-,藿香鲫鱼 鹿茸菇炒猪肚 香茅炒鲈鱼
羌山•连锅子,https://www.dianping.com/shop/G4n6WMQhWumO0mfQ,6o3条评价,人均￥52,绵虒豆腐鱼 番茄牦牛肉 洋芋糍粑
土司度假酒店-餐厅,https://www.dianping.com/shop/kaRVRgmiyEOWK83e,243条评价,人均￥74,牦牛汤锅 青稞饼 牛肉酱
刘麻辣川味烤肉,https://www.dianping.com/shop/kaJz4Ga1fVuXzFdm,21条评价,人均￥64,疯狂鱿鱼 川内绝绝子五花肉 刘麻辣烤肉春卷组合
湘渝食府川菜馆·万州烤鱼·牦牛肉汤锅,https://www.dianping.com/shop/k2FGqWIAa5Bsx8lt,1459条评价,人均￥81,爆炒牦牛肉 万州烤鱼 清蒸裸鳞鱼
9000年的承诺咖啡厅,https://www.dianping.com/shop/k9i2ctRA862IOXzy,17o条评价,人均￥69,咖啡 彩虹蛋糕 卡布奇洛
涩邛藏餐,https://www.dianping.com/shop/k35LtQkMP7rc6Uy0,333条评价,人均￥66,烤牛肉 酸奶 烤包子
肯德基(九寨沟口店),https://www.dianping.com/shop/k8CelTD6oTerdt3c,43条评价,人均￥36,奥尔良烤翅 秘制香辣肉酱烤鸡腿饭 肯德基热干面
天地缘川菜,https://www.dianping.com/shop/G2pW7QmBlxyk2sfB,63条评价,人均￥92,葱爆牦牛肉 宫爆鸡丁 手抓毛牛排
川菜人家,https://www.dianping.com/shop/HaYFeQ7Ckoj5ybDL,91o条评价,人均￥56,青稞饼 干锅牦牛肉 炒野菜
九寨鲁能希尔顿度假酒店·開,https://www.dianping.com/shop/G2KoYoq1Qx8Jdk95,252条评价,人均￥121,酥油茶 国际盛筵环球自助晚餐 牦牛酸奶
