那牧尔风干牛肉干,https://www.dianping.com/shop/G8rSLYbBuyYW20gc,8条评价,人均-,风干牛肉 奶片 烤鸡翅
月色烧烤主题,https://www.dianping.com/shop/G82tu2WobzNRMsG9,3条评价,人均-,猪蹄
古洼一锅鲜(天山店),https://www.dianping.com/shop/HaVWkdprZv0vFW5h,41条评价,人均￥65,大拌菜 紫元葱拌牛肚 黄油蘑土豆丝
阿兰朵果木烤肉,https://www.dianping.com/shop/G2sacEkuyjWGKpQp,5条评价,人均-,牛五花肉 排骨五花肉 梨爽
东道煮灶台铁锅炖,https://www.dianping.com/shop/H6m16QDFZ1uCYf4x,1条评价,人均-,
哈伯尔茶餐厅(新区店),https://www.dianping.com/shop/HaBrKeN0nxTRBUzD,8条评价,人均￥1o7,
大理过桥米线,https://www.dianping.com/shop/G8tSuDlipbcxcmxw,2条评价,人均-,
山西正宗刀削面,https://www.dianping.com/shop/k3ZWnofFlMjbgnnj,,人均-,
顺口烧麦,https://www.dianping.com/shop/Ga6k75BsNfPaEW2z,,人均-,
杨国福麻辣烫(天山店),https://www.dianping.com/shop/l8hOpBtaVRHLa9Il,1条评价,人均￥27,
德克士(天山百货店),https://www.dianping.com/shop/l7Liltj6FN8K7q36,61条评价,人均￥36,
指饮(益民广场店),https://www.dianping.com/shop/H9ZGgUrJ01Cm225L,1条评价,人均-,
天山口大酒店,https://www.dianping.com/shop/H1C9qmpMzS4oSuug,,人均-,
熊家无二·韩式炸鸡(天山一中店),https://www.dianping.com/shop/G8nV1w7OC0A7uaC2,2条评价,人均-,
蓉和(天山店),https://www.dianping.com/shop/GaQfoyLm5jVHaCNF,5条评价,人均-,
巴彦好日娃食府,https://www.dianping.com/shop/k9jjBPAb7sObMRP2,1条评价,人均-,
大牧场(胜利路店),https://www.dianping.com/shop/G8lo8MaJIFAlaZjJ,1条评价,人均-,
巴特尔烧烤,https://www.dianping.com/shop/kasHZjV4LiSt7O13,8条评价,人均-,牛肉串 羊肉串 蛋炒饭
明阳涮锅城,https://www.dianping.com/shop/H9DpValbmeyxeF3d,6条评价,人均-,小料 蕃茄小锅 羊肉
小白麻辣烫,https://www.dianping.com/shop/k70n2D82XexA5QfX,1条评价,人均-,麻辣烫 麻辣拌 宽粉
华都一品乐自助烤涮广场,https://www.dianping.com/shop/H9QevM4m4eyaSYb4,11条评价,人均-,肥牛 哈密瓜 羊肝
五谷渔粉(汉林巷店),https://www.dianping.com/shop/G6uhRFxA7uUnZGwz,,人均-,香辣肥肠鱼粉 黄金鱼丸粉 豆芽
那牡尔风干牛肉,https://www.dianping.com/shop/k54RK8LJMJmUmiVM,,人均-,
老磨坊东北私房菜,https://www.dianping.com/shop/G6YCGiWoYLtorb6N,3条评价,人均-,肉末茄子 压锅凤爪 干椒皮拆骨肉
老京味羊蝎子(汉林西街店),https://www.dianping.com/shop/G4xl8qu9WtT4M3Iw,1条评价,人均-,干锅香辣虾 压锅牛肉山药 煎饼盒子
九星麻辣烫(集通路店),https://www.dianping.com/shop/HaIeIBxhulpn7bXz,1条评价,人均￥15,麻辣烫 热狗炒饭 麻辣面
尤记羊蝎子,https://www.dianping.com/shop/k88Bj048O72yNutJ,1条评价,人均-,木耳 海带 羊蝎子
松阳饺子城,https://www.dianping.com/shop/k311tbMOeetIfAbO,1条评价,人均-,驴肉大葱蒸饺 油脂拉韭菜 排骨蒸饺
福宝护心锅,https://www.dianping.com/shop/iovGi8o9sCUvhzui,,人均-,鱼锅
川麻婆泥锅涮肚(天山镇店),https://www.dianping.com/shop/jBZyoif1ZbKamrVK,4条评价,人均-,汾酒 宁城老窖 雪鹿啤酒
美丽夏天冰煮羊(集通路店),https://www.dianping.com/shop/k8DWIhpGppODr4gy,,人均-,金针菇 生菜 自助小料
半山妖烤鱼,https://www.dianping.com/shop/k9cdCrs6atrKV3aq,,人均-,拌黄瓜 小原浆 半山妖剁椒味烤鱼
王老四饺子,https://www.dianping.com/shop/G6lsi5YiD8x61lu3,1条评价,人均-,鱼香肉丝 猪肉酸菜饺子 农家一锅出
渝味·李记串串香(天山店),https://www.dianping.com/shop/G7HyJaRiGOapNG2R,9条评价,人均-,大片肚 芝麻酱 番茄锅
阿兰朵咖啡(天山店),https://www.dianping.com/shop/l8w2xCdvr96rqzHT,51条评价,人均-,阿兰朵至尊披萨 阿兰朵榴莲芒果披萨 西冷牛排
东北特色烧烤,https://www.dianping.com/shop/lacIRoChT1llwh0o,1条评价,人均-,烤猪蹄 全翅 火山下雪
三只羊饺子馆,https://www.dianping.com/shop/l2WoMIWRjnb23IiT,1条评价,人均-,拍黄瓜 角瓜鸡蛋水饺 排骨蒸饺
金玫瑰海鲜自助烤涮广场(蓝天购物中心店),https://www.dianping.com/shop/H1oXdKai0A0p15L0,,人均-,
董氏锅包肉(益民购物广场店),https://www.dianping.com/shop/l6YoXe51bDUt35OU,5条评价,人均-,锅包肉酸甜 烧鲫鱼 肉丝黄瓜拉皮
金海湾三楼海鲜自助广场(汉林西街店),https://www.dianping.com/shop/G3DAFUcTm1em9ykK,,人均-,
铁锅炖老根音乐烧烤,https://www.dianping.com/shop/H3Zs9TKhpoInQOPa,,人均-,
托娅茶馆,https://www.dianping.com/shop/H8bfS0lF3rFORNFe,53条评价,人均￥69,
燕子蔬菜水果店,https://www.dianping.com/shop/l2kYIYQxewmClWM3,,人均-,
有米有家云南过桥米线,https://www.dianping.com/shop/l3U0DM9ejNkn9SY7,2条评价,人均-,米线 暖心奶茶 百事可乐瓶装
天尚果蔬超市,https://www.dianping.com/shop/G2FjOysE5ev1L8re,,人均-,
熏酱小酒馆(查布嘎街店),https://www.dianping.com/shop/H6kTZt2RGWztQ6Az,,人均-,木须肉 水煮肉片 锅包肉
清新自然大自然饮品,https://www.dianping.com/shop/l2NBSSgHr89XvDM1,,人均-,
煲饭堂(商联店),https://www.dianping.com/shop/G9oEcBZgvjFi8cR0,,人均-,黄焖鸡 香菇卤肉饭 鱼香肉丝
上岛咖啡,https://www.dianping.com/shop/G51qG077kUS1Tkxl,,人均-,黑糖奶茶 红豆酥脆披萨 黑椒沙朗牛排
美丽小吃部,https://www.dianping.com/shop/iaJL1XkyGuO7F5fs,,人均-,
锅圈食汇火锅烧烤食材(天山镇店),https://www.dianping.com/shop/H6DXUCmvTyn2uBz8,,人均-,
王秀军粮油店,https://www.dianping.com/shop/k4nW121MoSJxoncS,,人均-,
上坡天成快餐,https://www.dianping.com/shop/k6pAjF2QAfv94YOe,,人均-,
仕佳蔬菜水果超市,https://www.dianping.com/shop/GaKwdRKdofSnAdiJ,,人均-,
小笨牛碳火烤肉,https://www.dianping.com/shop/k9Z9t5KkIKbq8P1L,,人均-,芒果寿司 紫菜包饭 芒果养乐多
小伙伴烤肉拌饭,https://www.dianping.com/shop/GaCpDjV1Gm0thH4C,2条评价,人均-,
小杜鲜肉店,https://www.dianping.com/shop/l2PR77wGDIS70GkJ,,人均-,
懿茶·炸鸡饮品店,https://www.dianping.com/shop/k5bVG1j8Y2iOAedU,,人均-,
二子酒楼,https://www.dianping.com/shop/k9LT2Th6XzwND7p4,,人均-,
伊金干锅菜,https://www.dianping.com/shop/l9UL6joa8qPrFfuW,,人均-,
