阿巴嘎呼德饭店,https://www.dianping.com/shop/G4tMqGlhphjC0vDF,6条评价,人均-,砂锅牛肉土豆 脆皮小牛肉 铁板羊腰
金都日蒙餐,https://www.dianping.com/shop/l77pklOiduTgUVQM,7条评价,人均-,煎包 番茄炒鸡蛋 招牌炒饭
POPLAND碰碰凉,https://www.dianping.com/shop/i9oL1RgIWOYGomrS,18条评价,人均￥19,黄金脆鸡堡 焦糖咖啡碰乐冰 巧克力奶昔
吉祥烧烤,https://www.dianping.com/shop/Eqp0BIECCmyBOioq,2条评价,人均-,蛋炒饭 尖椒火腿 烤鸡头
百力格蒙餐,https://www.dianping.com/shop/G51JxWxzPnx5aMzO,3条评价,人均-,发面包 扬州炒饭 老长沙臭豆腐
草原大酒家,https://www.dianping.com/shop/l48Yj1Aa0sSDnTr9,3条评价,人均-,清炒油麦菜 大盘鸡 鱼香肉丝
砂锅居(阿巴嘎东街店),https://www.dianping.com/shop/H7a3wgo4ZVzUzqM7,4条评价,人均-,鱼香肉丝 肉丝芹菜 砂锅丸子
爱拉屋西饼(阿巴嘎西街店),https://www.dianping.com/shop/H73vBz2ah9Ke0KS6,2o条评价,人均-,草莓蛋糕 小可乐 蓝调盒子
永盛早餐店,https://www.dianping.com/shop/H4LQx6q0mL0f8Wty,1条评价,人均-,鸡蛋 煎包 牛肉土豆包子
蒙香肉饼,https://www.dianping.com/shop/l4DKKeazKkg0lwzt,8条评价,人均-,肉饼 生菜 牛肉酱
一张卷饼,https://www.dianping.com/shop/k3XhRYRxpDeX9nAl,2条评价,人均-,炸鸡 煎饼 金丝鸡柳
村姑铁锅焖面(阿巴嘎西街店),https://www.dianping.com/shop/H965YQzKnWNKrN4D,2条评价,人均-,水煮牛肉 杏鲍菇 煎包
外婆私房菜,https://www.dianping.com/shop/k8EKiKVhFMEoJ2Kk,3条评价,人均-,青椒肉丝 家常豆腐 牛肉面
夜时尚烧烤总会,https://www.dianping.com/shop/l6yGgpI2ZcLzJVFF,1条评价,人均-,拌三丁 三文鱼 拌扇贝肉
食侠客黄焖鸡米饭,https://www.dianping.com/shop/Eud83hc73b8qlO3y,,人均-,油炸土豆片 香菇 秘制排骨锅
老汤砂锅,https://www.dianping.com/shop/H66q84ruZwfYVyz7,2条评价,人均-,砂锅排骨干豆角 砂锅牛肉土豆 砂锅牛肉柿子
鑫味手擀面馆,https://www.dianping.com/shop/G9DMDu2jtkLqI9oY,2条评价,人均-,毛血旺 招牌炒饭 蒜蓉生菜
新艾里酒楼,https://www.dianping.com/shop/H5LZM81CytAHPGXZ,3条评价,人均-,木耳 皮蛋 白菜
八丁日式料理(烤肉店),https://www.dianping.com/shop/Ha2Og77L8z7FvpIS,1条评价,人均-,牛肉焗饭 蟹柳卷 花甲米线
长今宫烤肉,https://www.dianping.com/shop/i38Vl3UOL3SomWdZ,1条评价,人均-,麻酱 牛肉酱 海螺
蜀香麻辣烫(别力古台北路店),https://www.dianping.com/shop/k9AoYak3Xn11k4hj,3条评价,人均-,
N+炸鸡社,https://www.dianping.com/shop/H1KHpuKp2buWqR7I,1条评价,人均-,
刘罗锅烧烤,https://www.dianping.com/shop/EOvWduSMeDdVKBzI,6条评价,人均-,
南北顺涮府,https://www.dianping.com/shop/l2BjjXCYNm4dg1uG,,人均-,
伊特格勒蒙餐涮府,https://www.dianping.com/shop/G5zeX6peDV8HRYIx,3条评价,人均-,
蜜雪冰城(浙嘉汇生活超市店),https://www.dianping.com/shop/H2ROaCBRtH09saGo,,人均-,
重庆茜茜火锅,https://www.dianping.com/shop/H6uNrM47wfCQIGds,5条评价,人均-,
妈妈味道家常菜(阿旗分店),https://www.dianping.com/shop/G9J4uUX7Vix9L3lV,4条评价,人均-,
牧马人马奶吧,https://www.dianping.com/shop/k7WL9vc634vFmmju,1条评价,人均-,
神奇烧烤,https://www.dianping.com/shop/G2ObvlwDqIste69c,1条评价,人均-,
新鑫华果蔬超市,https://www.dianping.com/shop/k4b4x5XzeXRtbFhL,1条评价,人均-,园山小红沙果子 无花果干 北京红窝瓜
艾敏河茶庄,https://www.dianping.com/shop/H2IE96pMgbfzvyty,2条评价,人均-,煮鸡蛋 过油肉土豆片 蒙古果条
草原一品涮,https://www.dianping.com/shop/Hayu9Y5hwSYQA9eb,9条评价,人均-,唰卷 炸鱼 番茄炒鸡蛋
塔娜牛肉面,https://www.dianping.com/shop/laNRImRasXKffzRo,2条评价,人均-,炒鸡蛋 牛肉面 馒头
畅鲜汇音乐海鲜烧烤,https://www.dianping.com/shop/jk3yDuQGOiDEJUL2,,人均-,鸡心 泡椒萝卜 碳烤鸽子
神马饭店,https://www.dianping.com/shop/G6k2GFEMyV1wbSWa,1条评价,人均-,香辣肉丝盖浇饭 炒面 羊肉饺
菲斯特西餐厅(阿巴嘎西街店),https://www.dianping.com/shop/G4yS5JOlGhaSQxR6,,人均-,厚椰乳拿铁 蜂蜜芥末酱 番茄酱
羊蝎子火锅城,https://www.dianping.com/shop/laTsxgq5lSA0VxLB,21条评价,人均-,辣椒炒肉 羊脊骨 虾滑
老冷削面馆,https://www.dianping.com/shop/l5khhGTyEgasoOzd,3条评价,人均-,西红柿炒鸡蛋 金银馒头 韭菜炒鸡蛋盖饭
金麦西饼屋(别力古台北路店),https://www.dianping.com/shop/k4AEEaCLuwCqlOMn,4条评价,人均-,玫瑰之恋 玫瑰有约 水果蛋糕
艾布莉时尚烘焙,https://www.dianping.com/shop/lav2pLTSxSfBHRy2,1条评价,人均-,开花肠 藤椒鸡腿堡 鲜虾堡
巴彦杭盖羊肉饼,https://www.dianping.com/shop/H5T5Ukfxe2u2kTcg,,人均-,鱼香肉丝盖饭 宫爆鸡丁盖饭 苜蓿肉盖饭
蒙晋缘大饭店,https://www.dianping.com/shop/l1c60xQzD0lGEalz,,人均-,
鑫盛蔬菜水果副食店,https://www.dianping.com/shop/GaQqcaFh739ObfSV,,人均-,
马头琴蒙餐,https://www.dianping.com/shop/Fc6zBSpTp32XFKsE,3条评价,人均-,羊肉包子 羊肉面 番茄炒鸡蛋
百力格肉业,https://www.dianping.com/shop/H3cQNecop79KR1GP,,人均-,
新牧人茶楼,https://www.dianping.com/shop/k8H2cKyY4mQW9XdL,8条评价,人均-,
百吉乐蔬菜直销店,https://www.dianping.com/shop/l89cl46ySAnhVxPg,,人均-,
永生肉食店,https://www.dianping.com/shop/l2RuK6UsgqHBUZBw,,人均-,
恩格尔(河生态水产店),https://www.dianping.com/shop/G27jxoclCSRGGXHH,1条评价,人均-,
独道海鲜烤吧,https://www.dianping.com/shop/kaYSNZEDocEU66Zx,,人均-,牛肉大串 油包肝 铁板鸡胗
恩格尔河蒙餐,https://www.dianping.com/shop/H2jPEfU7qzMDIAzh,,人均-,
叫了只炸鸡,https://www.dianping.com/shop/G1knTswxKzE0kymH,,人均-,鸡米花 对翅 甘梅薯条
艾格蒙餐吧,https://www.dianping.com/shop/k8ctsu0we9RV6BIW,,人均-,羊肉面 干肉汤饺 酸奶饼
壹绝周记鸭脖,https://www.dianping.com/shop/l4XUMKLlpMs33xRP,,人均-,鱼丸炒饭 蛋炒饭 麻辣鸭头
饭留香炒饭,https://www.dianping.com/shop/iP3D2qrIjzrNcLI8,,人均-,京酱肉丝盖浇饭 鱼香肉丝盖浇饭 葱爆肉盖饭
李玮蔬菜水果店,https://www.dianping.com/shop/l4upzckC9aSSzho5,,人均-,
万红副食水果店,https://www.dianping.com/shop/k9KNWJI9DumUUnpr,,人均-,
蒙民粮油饲料店,https://www.dianping.com/shop/H9dn96AryGY2a8Hl,,人均-,
犇犇牛骨头店,https://www.dianping.com/shop/la2cpqvCbl25v1PK,,人均-,
