琳琳沸腾水煮鱼,https://www.dianping.com/shop/G6sQE1wx9TrIKB0w,2条评价,人均-,沸腾水煮鱼 干煸豆角
万吉杀猪菜大馅饺子,https://www.dianping.com/shop/lat3wgw6Cnl9xipu,24条评价,人均￥35,酸菜锅 特色血肠 特色杀猪菜
上九家韩式炭火烤肉店,https://www.dianping.com/shop/G54QtFG6ObrsVoFT,4条评价,人均-,手切上脑 韩式松阪肉 秘制猪梅花
林园牧场自助餐厅,https://www.dianping.com/shop/l7FX1TWPfcjUBB05,21条评价,人均-,西点
最巴蜀火锅,https://www.dianping.com/shop/EUMj0oXZR0smK0tx,19条评价,人均￥85,番茄锅底 麻辣锅底 油泼面
小酥饼妈妈菜(福利路店),https://www.dianping.com/shop/G5Asv3D9uXjERpoW,2条评价,人均-,锅包肉 水煮鱼 干锅鸭头
肴庄火锅(阿荣旗店),https://www.dianping.com/shop/ihXX9tlvGJWkjoBU,8条评价,人均-,鲜刀切面 西旗高钙羊肉 鲜土黄牛牛腩
韩金铁板烧烤,https://www.dianping.com/shop/G8Vq9hIhykcu1MSV,7条评价,人均-,凉拌花蛤 牛肉筋 韭菜
刘记光大火锅鸡(阿荣旗店),https://www.dianping.com/shop/H6DLQfUKDAb7c4Qx,,人均-,
伊莎贝甜(中央街店),https://www.dianping.com/shop/k6KW7DFbe2ZqyyuB,39条评价,人均￥78,哆啦A梦 鲜奶蛋糕 奶油蛋糕
那吉屯老院子,https://www.dianping.com/shop/Fp1ILn8y6jIaYTkL,35条评价,人均￥51,锅包肉 丰收杂粮包 大锅鲤鱼
牛一厨筋头巴脑锅,https://www.dianping.com/shop/G4FgFMoW1eK2lOX5,2条评价,人均-,冻豆腐 单人筋头巴脑 五常稻花香米饭
名都晓荷塘主题火锅,https://www.dianping.com/shop/G7EgPPWah8TbUyPp,13条评价,人均￥57,羊肉 羊上脑 炸豆皮
时利和早餐包子奶茶,https://www.dianping.com/shop/G7vOLgwQcnTxnFM7,5条评价,人均-,马肉包 牛肉包子 猪肉酸菜包子
柱子铁锅炖分店,https://www.dianping.com/shop/kaEv8JN8U6VghC3j,5条评价,人均-,排骨鸡手鸡胗锅 排骨草鱼锅 牛排锅
阿荣小镇,https://www.dianping.com/shop/laIb2hlHLO5xt1KH,45条评价,人均￥52,镇店之宝小镇带骨羊颈肉 小镇肥牛胸口 羔羊羊腿
香满天烧烤,https://www.dianping.com/shop/H7DmcQuGmUyPLWLO,7条评价,人均-,望京小腰 椒盐土豆片 烤猪蹄
鹤乡烧饼(新一中店),https://www.dianping.com/shop/Eu042DQZjpVD9eEp,1条评价,人均-,糖醋肉段 饭团 冰糖雪梨粥
泥大爷·烤饼羊汤,https://www.dianping.com/shop/k8ZW17n9dNQKyRVo,,人均-,柠檬可乐 羊肝 羊血
昌龙小酒馆,https://www.dianping.com/shop/G12Q179MSx7YKRyV,4条评价,人均-,猪肉酸菜馅饼 风味茄子 蚕蛹
聚鑫源锅烙馆(中央大街店),https://www.dianping.com/shop/kaqb0gWiwVqR43J5,2条评价,人均-,
小花卷大碗鱼,https://www.dianping.com/shop/H63RnWu9M351VAOM,9条评价,人均￥35,
年三十自助水饺大骨头,https://www.dianping.com/shop/G5x1bakHKnv820J9,16条评价,人均￥22,
老昌春饼(和平路店),https://www.dianping.com/shop/H5QQ8I1aUbLWy1qT,17条评价,人均￥4o,
稻香粥业,https://www.dianping.com/shop/G6Wt6hk9YXke10ag,3条评价,人均￥2o,
汇洋海鲜烧烤,https://www.dianping.com/shop/G8shfFMa2FkYsvIt,,人均-,
大砂锅熏酱小菜,https://www.dianping.com/shop/Ejriv5uEo0EOlgYm,1条评价,人均-,
京城羊蝎子火锅,https://www.dianping.com/shop/Fs6ywWVDeg0MvfUW,,人均-,
百味思源海鲜自助(阿荣旗店),https://www.dianping.com/shop/l3AuToUifGjtthj0,,人均-,
老友柴火铁锅炖,https://www.dianping.com/shop/l8WTlDTFlbCdWdyY,1条评价,人均-,
庞记斑鱼庄,https://www.dianping.com/shop/kaT4j40PikXkt7hB,1条评价,人均-,石斑鱼 酱油炒饭 蛋炒饭
金鑫火锅,https://www.dianping.com/shop/H7PYwj1JgSNaQqov,7条评价,人均-,羔羊肉 牛胸口朥 黑毛肚
辣不二水煮鱼,https://www.dianping.com/shop/Gaavvgl14hZuFlDw,,人均-,桂花乌米莲藕 蒜蓉小龙虾 水煮鱼草鱼
绿都鹤乡烧饼,https://www.dianping.com/shop/HaX48SFLeH099yTI,1条评价,人均-,肉沫煸豆角 韭菜豆芽粉 糖酥饼
椒鲜森麻辣烫,https://www.dianping.com/shop/H5nbHLwgdvqTC4tY,1条评价,人均-,亲亲糕 生菜 冻豆腐
喜田,https://www.dianping.com/shop/G3xZi6WGyGfpDn9W,,人均-,
新奇特全羊馆,https://www.dianping.com/shop/H7qhB12ceiCf1RUN,9条评价,人均-,
明花朝鲜饭店,https://www.dianping.com/shop/k9wLANIZobXRCSdL,18条评价,人均￥87,
簏里音乐酒馆,https://www.dianping.com/shop/G6ruk16JJwegiswl,,人均-,
鱼你有约烤鱼,https://www.dianping.com/shop/H76kt8lPUoDk9WVs,2条评价,人均-,
春喜小馆,https://www.dianping.com/shop/k3wCJAZR5IKUXKy3,,人均-,
丰谷穗早餐,https://www.dianping.com/shop/H40db0Efl1inDIOJ,,人均-,
德克士(阿荣旗店),https://www.dianping.com/shop/G1X3ApLb0dF1SMfS,9o条评价,人均￥26,
君来铜火锅,https://www.dianping.com/shop/k2u4bObcLQ1chvzI,,人均-,
麦香甜(阿荣旗店),https://www.dianping.com/shop/G5wZKaFelxQNchfT,59条评价,人均-,
狼行天下(林业大厦店),https://www.dianping.com/shop/l6OZwfa0pLQycWYh,,人均-,麻辣酱骨 馋狼大拌菜 溜肥肠
江源铁板,https://www.dianping.com/shop/H7hPCjLvr8uLXYiI,2条评价,人均-,扇贝 鸡蛋 牛肉
京味传统老式碳火铜锅店,https://www.dianping.com/shop/l6z3MVVDWWDP9xIl,,人均-,
三禧炸铺,https://www.dianping.com/shop/l7q1XOpdPj7WW437,,人均-,五花肉金针菇 香芋地瓜丸 炸面包片
星条热狗(阿荣旗店),https://www.dianping.com/shop/H6216YyopnvBLfAW,1条评价,人均-,热牛奶 黄金细薯 藤椒翅尖
佰香林,https://www.dianping.com/shop/l5owLnyUHnN5LWgG,3条评价,人均-,麻辣小龙虾 手抓饼 铁板龙利鱼
新风羊汤馆,https://www.dianping.com/shop/j7Sk14YRAR4xKbaI,7条评价,人均-,羊杂汤 玉米饭 炒豆角
美食家(正阳路店),https://www.dianping.com/shop/k1l7zHo4qj8PkiNs,7条评价,人均-,糖醋鲤鱼
麻屋,https://www.dianping.com/shop/k9ZL92tIcE8TtrhC,1条评价,人均-,手工肉丸 米饭 麻婆豆腐
首尔欧巴·Boki炸鸡,https://www.dianping.com/shop/l6lMXAdHW8G7cOgW,,人均-,冰淇淋芝士酱 牛肉披萨 蝴蝶虾
琳香烤肉集市,https://www.dianping.com/shop/H6phWRUOFQauBiLt,1条评价,人均-,
超信煮动力时尚火锅(福利路店),https://www.dianping.com/shop/iYycVUtfddTAaRL3,2条评价,人均-,
税先生的烤肉店,https://www.dianping.com/shop/G31j9vwZiWVSXW5o,,人均-,
佳旺亚东饭店,https://www.dianping.com/shop/k8lek7IwCKySemPR,4条评价,人均-,
老字号土豆馅饼家常菜,https://www.dianping.com/shop/l1s34MqxGhMfngdD,5条评价,人均-,
