驼乡蒙餐,https://www.dianping.com/shop/l2Tn63E9MaXvTEel,27条评价,人均￥62,酸奶饼 铜锅奶茶一套 肉粥拼盘
源玺源烧麦馆,https://www.dianping.com/shop/k7sJbGaH0B3WX5M7,64条评价,人均￥24,羊肉沙葱烧卖 煎羊肉烧卖 羊肉大葱
铁帽烤肉,https://www.dianping.com/shop/k6hA9pn7PNV7gTUa,336条评价,人均￥72,羊肉 鸡蛋 肥牛
杨府杨家菜,https://www.dianping.com/shop/kavugJKpdKTfKjed,595条评价,人均￥67,过江鱼 一鸭三吃 回锅肉
卫拉特传统涮肉坊,https://www.dianping.com/shop/l7VbgEnBXPtC7PxH,133条评价,人均￥144,一米板肉 卫拉特一米羔羊卷 烤羊肉串
和顺苑火锅,https://www.dianping.com/shop/l8Vr8ZngL1fyKikI,841条评价,人均￥53,羊羯子火锅 和顺苑特色鸳鸯锅 羊棒骨
眉山川菜(左旗店),https://www.dianping.com/shop/G30dnqIwL25KXNfr,2条评价,人均-,
水浒烤肉(新世纪广场店),https://www.dianping.com/shop/k4nAWLtyW8XJn9HC,81条评价,人均-,牛肉 五花肉 时迁鸡翅
宴遇,https://www.dianping.com/shop/k24ve4MYRXXUJgCq,14条评价,人均￥184,特色臭桂鱼 干羊肉铜锅 火山脊骨
额尔敦传统涮(安德街店),https://www.dianping.com/shop/G4Oy9y0PosAr3MrZ,47条评价,人均￥1o4,酸奶 额尔敦传统老料 手切鲜羊后腿
渝味河鲜渔庄火锅,https://www.dianping.com/shop/l3kBxcUBn7Dnga06,2条评价,人均-,香辣鸡翅虾 炝锅梭边鱼 鸳鸯锅
优牧羊蝎子,https://www.dianping.com/shop/H8bG8XDgDd0xkwGU,1条评价,人均-,羊蝎子 椒盐羊尾骨 烤羊排
谭鸭血老火锅,https://www.dianping.com/shop/G7b5BpEYMKSdMqff,37条评价,人均-,招牌谭鸭血红锅 招牌鸭血 手工香菜牛肉丸
关中面西安老味道(绿色之光店),https://www.dianping.com/shop/k7NCEXxDveaSEYpb,11条评价,人均-,油泼面 腊汁肉夹馍 岐山臊子面
朝天门火锅(西城区百悦店),https://www.dianping.com/shop/k2A4pY5CvqSpkYPN,4条评价,人均-,椒麻嫩牛肉 屠场鲜毛肚 手打鱼籽鲜虾滑
朝天门火锅(东城区速八店),https://www.dianping.com/shop/H2mfI6GfDTAhR6jQ,267条评价,人均￥97,红糖糍粑 定西宽粉 菌类拼盘
大朴家烤肉(旭辰海岸店),https://www.dianping.com/shop/k4fwSzHg98e73uZS,193条评价,人均-,调味牛排肉 精品五花肉 调味牛王排
旭童私房菜,https://www.dianping.com/shop/laQoqb5h6SNrzdG8,6条评价,人均-,过油肉土豆片煲仔 酱香大骨 干炸鲜蘑
阿拉善奈尔泰手抓羊肉,https://www.dianping.com/shop/H48UCO32ZFNiU9VC,54条评价,人均￥8o,本地手扒羊肉 黄焖羊肉 清炖羊肉
碳火锅手切羊肉,https://www.dianping.com/shop/FphpI5kODL6Mcj7k,14条评价,人均￥82,手切羊肉 牧区羊肉 正宗本地牛肉
麦尔乐(左旗新世纪广场店),https://www.dianping.com/shop/H36Fs3qzmZ7QgnIk,47条评价,人均-,乳脂奶油水果蛋糕 奶茶 冰藏绿豆糕
新疆味道(乌日斯路店),https://www.dianping.com/shop/l61I4QVzFGTOrC8l,1条评价,人均-,养生木耳 辣爆虾尾 麻辣鸡胗
老宅烧烤,https://www.dianping.com/shop/H49aZyulA2URVQgO,133条评价,人均￥23,辣爆凤爪 烤羊肉串 炒饼
聚朋轩清真羊蝎子火锅,https://www.dianping.com/shop/G6EYJBDbd7xj2vWp,44条评价,人均-,香辣烤鱼 本地羊肉 炝锅鱼
一心烘焙坊,https://www.dianping.com/shop/k2CJ6piQ5M5bSQs6,42条评价,人均-,黄金芝士面包 水果蛋糕 手工蛋挞
蜀湘石锅鱼,https://www.dianping.com/shop/G1qwUJVNeip8njI5,6o8条评价,人均￥77,梭边鱼肉 小料 石锅鱼
银川新印象私房菜,https://www.dianping.com/shop/k9lNyPJN4nOhGaje,6o条评价,人均￥59,铁板粉丝包菜 原汁奶汤野生鱼 贺蘑擦面
富强手抓,https://www.dianping.com/shop/G9ChkATiCnOaJBTB,8条评价,人均-,烩羊肉 砂锅羊排
元济小时候的菜面,https://www.dianping.com/shop/l8CyJHT0SXCf0Oev,175条评价,人均￥45,糖醋里脊 红烧鲤鱼 羊肉小炒
草原往事冰煮羊,https://www.dianping.com/shop/k5hnC0ou0oZvBCZY,99条评价,人均￥91,苏尼特羔羊肉 冰煮羊特供宽粉 景泰蓝铜锅
太西国际饭店(餐饮部),https://www.dianping.com/shop/k7GxABgIci5NKms4,22条评价,人均￥8o,锁阳油饼 香辣大米皮 海鲜麻辣烫
阿音沁蒙餐,https://www.dianping.com/shop/k7Oa9VeiOjF9I7eL,1条评价,人均-,
老包烧烤,https://www.dianping.com/shop/FnK1SUy5KPyqNVvj,1条评价,人均-,口水牛蛙 奥尔良烤翅 炒宽粉
孟根贝拉蒙式餐厅,https://www.dianping.com/shop/H4iLOuIS9lJMJ63C,1条评价,人均-,清炖羊肉 羊肉蒸饺 酸汤面
锦州海鲜烧烤,https://www.dianping.com/shop/FOlAGwwFv85xzJbN,2条评价,人均-,烤羊肉 锡纸豆腐 农夫烤鱼
德克士(东城开元餐厅店),https://www.dianping.com/shop/k7eqASIIzYUbIjgc,99条评价,人均￥54,脆皮炸鸡 菠萝菠萝鸡腿堡 德克士鸡块
野葡萄时尚自助餐厅(万象城店),https://www.dianping.com/shop/iM5wLpw4rVOx3HNA,4592条评价,人均￥46,烤牛排 自酿酸奶 酿皮
大朴家烤肉店(百悦蓝廷店),https://www.dianping.com/shop/kaUvG7KL2474cTFi,61条评价,人均-,调味牛排肉 精品五花肉 调味牛王排
香积厨烧麦馆,https://www.dianping.com/shop/H3x6YiqVy56wsNd7,25条评价,人均￥26,手工羊肉烧麦 煎锅烧卖
超鸡魔王火锅鸡,https://www.dianping.com/shop/k8bpPZVWtpAcDk6P,6条评价,人均-,招牌火锅鸡 圆葱豆腐丝 招牌大虾鸡
乐家福羊羔肉,https://www.dianping.com/shop/G4PFbkK6CfBBdUfE,62条评价,人均￥128,
印象(阿拉善店),https://www.dianping.com/shop/l8CKFrCTZITCahtV,17条评价,人均￥98,
小牧谣羊汤馆(新华街店),https://www.dianping.com/shop/G9sh4dZxGm021GOk,6条评价,人均-,
四川香天下火锅,https://www.dianping.com/shop/G5a3wN4qBXqnChng,13条评价,人均-,
老北门涮羊肉(左旗总店),https://www.dianping.com/shop/iFMBkQUMBT0tCyRw,16条评价,人均-,
肯德基(巴彦浩特店),https://www.dianping.com/shop/k6DnpPwgj0jQGl2t,26条评价,人均￥42,香辣鸡腿堡 老北京鸡肉卷 黄金鸡块
百益达蛋糕城,https://www.dianping.com/shop/l1997A987xYYzzSw,522条评价,人均￥75,水果欧式蛋糕 造型皇冠蛋糕 提拉米苏
麦尔乐(吉兰泰店),https://www.dianping.com/shop/H5Q4xZBKDFMMmSta,133条评价,人均-,鲜莓奥兰多 蓝莓圆舞曲 法式乳酪蛋糕
苏品牛排坊·羊肉泡馍,https://www.dianping.com/shop/k4bzSRpkamD2mkyy,,人均-,黄金丸子 新疆中盘鸡 豆浆
名格轩食府,https://www.dianping.com/shop/k2nQinFKr7SiP0RI,1条评价,人均-,酸辣海竹笋 沙葱炝干丝 手撕大排
微甜·手作甜品,https://www.dianping.com/shop/l42BbJZzZ6gEPfsM,1条评价,人均-,
椒气辣皇鸳鸯梭边鱼,https://www.dianping.com/shop/Haapg1CzHjvMjvGS,21条评价,人均-,
闫记羊杂,https://www.dianping.com/shop/k46CHWq1uX5UNFsa,77条评价,人均￥27,
红柳枝烧烤,https://www.dianping.com/shop/H3HZDiGU15ITbszl,7条评价,人均-,
孙师傅·野生蘑菇羊肉搓面馆,https://www.dianping.com/shop/G5eXuo3VtZA3Ff1k,15条评价,人均￥22,
七月上咖啡馆,https://www.dianping.com/shop/G2VJNPa1iSXxIdSb,1o7条评价,人均￥5o,
何鲜菇养生火锅,https://www.dianping.com/shop/k2pczGGNGsnHh9EF,223条评价,人均￥59,
聚十三烤肉博物馆,https://www.dianping.com/shop/kaWMcb1i2x1QvtHq,116条评价,人均￥67,
老北京涮羊肉,https://www.dianping.com/shop/G2jlvwcfbej42Bm6,5条评价,人均-,
名豪世家大酒店,https://www.dianping.com/shop/k8VjPxkjzYDieB9p,155条评价,人均￥67,
