味江南竹筒菜(泰山路店),https://www.dianping.com/shop/jzfV5zitXjXDYVEx,423条评价,人均￥92,神仙鸡 竹筒蒸龙利鱼 竹筒山泉水腊味蒸有机米饭
火锅博物馆(霸州店),https://www.dianping.com/shop/l8kTN0vcYpIJY4Fs,22条评价,人均-,锡盟高钙羊肉 自制包浆豆腐 草原自制酸奶
盛百味·家宴餐厅(霸州店),https://www.dianping.com/shop/l6y1mVzfdhjFGven,449条评价,人均￥86,肉三鲜饺子 果木烤鸭 鲅鱼饺子
皖南水乡(霸州店),https://www.dianping.com/shop/k1GT7SG9jlSo6shk,151条评价,人均￥96,皖南经典臭鳜鱼 竹林老鸡汤 红烧黄牛肉
微山湖渔村,https://www.dianping.com/shop/l6jxLhMhoPvQAHnS,6o4条评价,人均￥64,香辣鲤鱼 爆炒田螺肉 素馅水煎包
修合日料(金康东道店),https://www.dianping.com/shop/G5yVEoZu11IbCuyk,32条评价,人均￥84,豚骨叉烧拉面 寿喜锅 寿司拼盘BBB
廣順興(霸州迎宾路店),https://www.dianping.com/shop/G72Ry0NrRmFa7US6,16条评价,人均-,豉汁蒸排骨 鸡爪 竹蔗马蹄水
半天妖烤鱼(胜芳未来城店),https://www.dianping.com/shop/hAUUbeXFcQWvKkKS,477条评价,人均￥77,青花椒烤鱼 米饭 五常大米
小夫日式烧肉自助餐厅,https://www.dianping.com/shop/H1WDD6ShPd9FAzSt,78条评价,人均-,盐烤北海道大虾 羊小排 芝士焗大虾
巴渝菜舍曾氏麻辣风(霸州店),https://www.dianping.com/shop/l64VI3OVHfFKQI8z,152条评价,人均￥1o2,水煮鱼 水煮牛蛙 蒸南瓜
蓝夫日式烧肉(霸州店),https://www.dianping.com/shop/l5cQSBNN492XxCdo,1o条评价,人均-,芥末章鱼 活烤鳗鱼 和牛骰子肉
五味.鲜,https://www.dianping.com/shop/k5QPSti4cqJisfLX,34条评价,人均￥119,松鼠鱼 三杯鸡 土家熏鸡
白洋印象烤肉自助餐厅(霸州店),https://www.dianping.com/shop/k9f9TlJAqU48dpKR,134o条评价,人均￥69,海鲜 蛋挞 牛排
古洼壹锅鲜(霸州店),https://www.dianping.com/shop/l8ZoeQKDZVKUIRah,261条评价,人均￥68,牛肉土豆锅 黄花鱼锅 排骨豆角锅
山楂树餐厅,https://www.dianping.com/shop/l8J6iVb1G8YefEwK,7o条评价,人均￥121,山楂树酥骨凤爪 招牌臭鳜鱼 台式三杯鸡
麦当劳(霸州兴华路店),https://www.dianping.com/shop/H2gvGh9gnodIaN3n,74条评价,人均￥23,经典麦辣鸡腿汉堡配中薯 薯条 麦趣鸡盒麦乐鸡
聚十三烤肉博物馆(霸州店),https://www.dianping.com/shop/H9n2AHMtPY604Cj2,312条评价,人均￥79,十三天梯 摩天轮 牛肉粒
天岳铁板烧,https://www.dianping.com/shop/G92IhmYA7CxI3Utp,26条评价,人均￥2oo,生蚝 鳌虾 黑虎虾
骑士·西厨果木牛排意面,https://www.dianping.com/shop/l9rby3HO8lgEZXMs,2条评价,人均-,果木安格斯雪花牛排 芒果鲜虾牛油果沙拉 营养儿童牛排
双盛烧烤(胜芳店),https://www.dianping.com/shop/l8SaD9dZmikJuTJk,5条评价,人均-,烤全翅 鱼香肉丝 酸辣土豆丝
烂摊摊火锅集市(霸州店),https://www.dianping.com/shop/k1NiJyvxMN4NvFJH,11条评价,人均-,土豆条 黄豆芽 黄喉
皇冠铁板烧,https://www.dianping.com/shop/k2gSg6uLTd6iBToj,34条评价,人均￥23o,南海鳌虾 鲜活扇贝 铁板烧
小院食府,https://www.dianping.com/shop/k7l4qqXo3XPeJdCL,43条评价,人均￥83,果木烤鸭 包子 炖小公鸡
青柠·泰(盐水河店),https://www.dianping.com/shop/k1CuqIVF23HkSUOs,1o条评价,人均-,芒果糯米饭 冬阴功汤 红咖喱牛肉
茉莉巷,https://www.dianping.com/shop/k7yJIuUguP8YnRSV,6条评价,人均-,大拌菜 麻婆豆腐 宫保鸡丁
董记小窑·土窑坑烤,https://www.dianping.com/shop/H3sxbRBbPpib96NT,3条评价,人均-,土窑羊排 土窑烤鸡 烤土豆拌鹅蛋
春樵家宴,https://www.dianping.com/shop/l8M44jGgb0js0FDf,,人均-,鲜虾冰草沙拉 酥皮虾
喝酒的地儿,https://www.dianping.com/shop/l5sG1ptQ5alCNO0P,59条评价,人均￥1oo,蒸鲜全家福 辣炒蛤蜊 羊小腿
汉堡王(新时代商厦店),https://www.dianping.com/shop/H4ujLvIyLXeSlxRJ,223条评价,人均-,薯条 天椒小皇堡 北海道风味华夫筒
三树融合店,https://www.dianping.com/shop/EwqC7AtIRJehnDrI,25条评价,人均￥85,传统意大利肉酱面 三树脆皮鸡 菠萝海鲜轻食沙拉
北京东来顺饭庄(霸州店),https://www.dianping.com/shop/l2SKhwAV99VMy145,469条评价,人均￥88,东来顺羊肉筋 紫铜清汤锅 铁板烤肉筋
曾氏 烤鱼私家菜,https://www.dianping.com/shop/G460Kkfq3MWESXTE,27条评价,人均￥84,豆豉味烤鱼 南瓜饭 蔬菜豆腐
喜双盛烧烤(霸州店),https://www.dianping.com/shop/G1qAAvZiLVYRRS6G,32条评价,人均￥54,羊肉大串 羊肉串 蒜泥龙虾尾拌面
牛小喜黑牛烤肉料理(霸州店),https://www.dianping.com/shop/H73LO43LgEBLD3cS,73条评价,人均￥94,招牌横膈膜 山蒜叶厚切五花肉 蒜香排骨肉
Hi 辣·牛蛙铜锅烧烤,https://www.dianping.com/shop/G8kt5HY7gTQ2RgJX,2o条评价,人均-,特色牛蛙锅 特色大虾锅 双层铜锅
东北杀猪菜(幸福道店),https://www.dianping.com/shop/l77Rw1O6x2enemYj,1o条评价,人均-,锅包肉 尖椒肥肠 尖椒护心肉
牛权成烤肉店(霸州店),https://www.dianping.com/shop/k8DhHFJciwiw2m8O,27o条评价,人均￥93,风干肠 小料 石锅拌饭
原始泥炉烤肉(霸州店),https://www.dianping.com/shop/G3QmiqeuePKfPTHK,292条评价,人均￥86,延吉大冷面 秘制大块肉 调味牛排
好士牛排(霸州店),https://www.dianping.com/shop/ka0k9vkDnw7jFFMD,6o条评价,人均￥92,红酒西提牛排 情侣虾 好士鹅肝牛排
上善阁,https://www.dianping.com/shop/la9BdSVYMuFSrZBQ,2条评价,人均-,
和牛火锅料理,https://www.dianping.com/shop/G4Mzwftua0D5JX9H,25条评价,人均-,番茄锅 大福 小油条
九拾九米·香辣烤鱼(霸州店),https://www.dianping.com/shop/H6OiQ5prhiwrfviA,31条评价,人均-,泡椒鱼皮 招牌荔枝香辣烤鱼 招牌油泼香辣烤鱼
久悦海鲜火锅(霸州店),https://www.dianping.com/shop/l6CDjJuvi629IK0h,,人均-,盐池滩羊卷 手打鲜虾丸子 手擀面
十里春饼(胜芳店),https://www.dianping.com/shop/G1nK0qNlf0Wdd207,13条评价,人均-,老北京烤鸭不含饼 十里筋饼 脆皮茄子
川悦美蛙鲜鱼火锅,https://www.dianping.com/shop/E97wkH0BpLSSbYAG,77条评价,人均￥72,特色牛蛙 麻辣锅底 特色掐酥烧饼
呷哺呷哺(霸州京客隆店),https://www.dianping.com/shop/k2Cm5WDKVyiGF6MC,53o条评价,人均￥59,虾滑 暖春番茄锅底 老油条
韩福宫果木炭烤肉名家(胜芳店),https://www.dianping.com/shop/Fc8NBYZfSPG4YYXP,44条评价,人均￥1o1,黑牛雪花肉 蜂窝五花肉 金字塔酱油炒饭
李八哥成都市井火锅(霸州店),https://www.dianping.com/shop/k4KrgoARHGrUlxMn,32条评价,人均-,麻辣牛肉 八哥小郡肝 干贡菜
重庆鸭掌门(益津中路店),https://www.dianping.com/shop/l5Ysapb8vYfK3HKv,127条评价,人均￥73,干锅鸭头虾 大锅鸭头 麻酱烧饼
西木烤肉,https://www.dianping.com/shop/k77RDGBQoYHDowX3,3条评价,人均-,冷面 腊八蒜鸡爪 菲力牛排
大连小渔港(天祥路店),https://www.dianping.com/shop/H34F8VeWpg5IMiHX,4条评价,人均-,家烧海杂鱼 甜晒鲅鱼干烤饼子 油泼蛏子王
壹捞百味蘸料火锅(霸州迎宾西道店),https://www.dianping.com/shop/k1Y1xo2UtjjQ5vEg,141条评价,人均￥94,手工打牛肉 手工鱼籽鲜虾滑 雪花肥牛
河记潮汕牛肉火锅,https://www.dianping.com/shop/H8INwLcQBNrs7bw1,21条评价,人均￥74,菌菇拼盘 胸口膀 匙仁
喜芝多(天祥路店),https://www.dianping.com/shop/jzMGE98Ytl2p9M6K,85条评价,人均￥41,儿童节蛋糕 葡式蛋挞 甜甜圈
广东顺德菜馆(霸州店),https://www.dianping.com/shop/G41ud8YrpbdVNgmF,,人均-,
麦当劳(胜芳芳津道店),https://www.dianping.com/shop/inKVdRw5jJNRz4hF,59条评价,人均￥3o,
呷哺呷哺(廊坊明珠霸州店),https://www.dianping.com/shop/H8P89rigPTyqw6B3,482条评价,人均￥58,
贤合庄 卤味火锅(胜芳店),https://www.dianping.com/shop/l4jKkNrJ5Sm4eTVt,83条评价,人均￥1o7,
顺风蒸汽海鲜,https://www.dianping.com/shop/k4RcGXeatZIzFKCA,14条评价,人均￥121,
咏正祥老北京火锅,https://www.dianping.com/shop/H7TbFg9m6tQMecph,92条评价,人均￥84,
