黄记煌三汁焖锅(白水店),https://www.dianping.com/shop/H9pc8mMXmGtjYzhe,,人均￥83,
远洲花园西餐厅,https://www.dianping.com/shop/k2S6T8xFHsCEHL0n,83条评价,人均￥66,主厨特制牛排 菲力牛排 提拉米苏
醉渔湾美蛙鲜鱼火锅(白水店),https://www.dianping.com/shop/kaPxoh4U5mAN4oWE,2条评价,人均-,小酥肉 茼蒿 白千层肚
杨百年骨汤泡(白水总店),https://www.dianping.com/shop/FMOO73JID3NNeD6Z,114条评价,人均￥24,骨汤丸子泡 杂烩 骨汤精肉泡
绿洲花园酒店(白水店),https://www.dianping.com/shop/G9E0NV5zX3um0Lz9,35条评价,人均￥76,排骨泡饼 开包豆腐 铁板凉粉
酸菜铜锅涮羊肉(白水店),https://www.dianping.com/shop/H7sxjNt3iI6CIK6Y,23条评价,人均-,酸菜无辣锅 玉米 金针菇
蚝太郎海鲜烧烤(白水店),https://www.dianping.com/shop/l3TOijHcI0sI9HsG,3条评价,人均-,烤牛肉 牛肉水饺 烤鲈鱼
李二鲜鱼,https://www.dianping.com/shop/jJniiZ6bWegLtKjo,5条评价,人均-,鱼火锅 尖椒变蛋
优滋洛蛋糕店,https://www.dianping.com/shop/FAqUjHhFp63i6oyr,318条评价,人均￥27,黑森林蛋糕 慕斯切块蛋糕 水果蛋糕
三顾香牛羊肉泡馍(居苑路店),https://www.dianping.com/shop/G7uiHXMdznTPyNgH,97条评价,人均￥28,优质牛羊肉泡馍 优质小炒泡馍 私房牛肉面
海鲜私房菜,https://www.dianping.com/shop/l3K1or4velGl70nh,16条评价,人均-,基围虾 杏鲍菇 鳗鱼
趙九記呱呱老火锅,https://www.dianping.com/shop/H6XVWPlrArVwJkdy,,人均-,
美炙烤肉,https://www.dianping.com/shop/E7X1S3Y4T3vQCcay,3条评价,人均-,招牌猪五花 骰子牛肉 豚骨拉面
川渝家龙涎火锅(白水店),https://www.dianping.com/shop/l1zDbvW8u7idH5tL,5条评价,人均-,龙涎秘制牛肉
金牙饭店(白水店),https://www.dianping.com/shop/l29JCzEVTuAgOZ0y,1条评价,人均-,炒鸡杂 排骨汤 红烧扣肉
桂发祥,https://www.dianping.com/shop/H3L4fuy777ygND1j,5条评价,人均-,鸡肉泡馍 精瘦肉泡馍 三鲜泡馍
秦林宾馆-中餐厅,https://www.dianping.com/shop/H8S2Neq76qovKa5u,19条评价,人均-,辣酱肘子 霸道九孔莲 芳香排骨
大喜来蛋糕店(仓颉路店),https://www.dianping.com/shop/Ha3ZWzSYvzvkvpOU,29条评价,人均-,我爱你 水果甜心 黑森林
锅锅肴成都市井火锅(白水店),https://www.dianping.com/shop/G6cfJa9r4qnXlDgL,3条评价,人均-,虾滑 毛肚 海草海草
三顾香牛羊肉泡馍(四马路店),https://www.dianping.com/shop/l6aqpiMs8bd8Vhg5,66条评价,人均￥27,小炒泡馍 私房牛肉面 优质牛羊肉单做泡馍
美思味河北辣子汤,https://www.dianping.com/shop/l2D6hj4w2xVFDatV,2条评价,人均-,
米尔小镇,https://www.dianping.com/shop/l20L0Iw0jV7rgH1y,2o条评价,人均￥5o,
李想大虾火锅花园(白水分店),https://www.dianping.com/shop/HasSUj4LeAhfOB3d,357条评价,人均￥33,
伊米西饼蛋糕店,https://www.dianping.com/shop/HaoaGMrEzeqaYbm1,174条评价,人均￥32,
万和居湘菜新概念(白水店),https://www.dianping.com/shop/k9orBWm4aQmSvO8f,6条评价,人均￥2o,
龙府川西火锅店,https://www.dianping.com/shop/G7BPhvZ3OefMZMjO,,人均-,
欢喜,https://www.dianping.com/shop/k4jIrO4TyItNes2X,,人均-,
迈德思客(白水中瑞广场店),https://www.dianping.com/shop/G2Xa92waGpB42Pvj,1842条评价,人均￥21,
仓颉饭店,https://www.dianping.com/shop/H1wUmdHg1OmIM69V,1条评价,人均-,
农家乐18号酸菜铜火锅,https://www.dianping.com/shop/H9PxuSZbUAMzomiV,,人均-,
吉祥蛋糕店,https://www.dianping.com/shop/H3SWDmM2ehYvtB5e,1条评价,人均-,牛奶双层蛋糕 水果双层蛋糕 黄金蛋糕
鲜炒鸡(白水店),https://www.dianping.com/shop/H3Os8M8Mol3nefyS,1条评价,人均-,酱香鲜炒鸡 皮带面 麻辣鲜炒鸡
湖南湘菜馆(白水店),https://www.dianping.com/shop/EXoWuE3WlfbHTbQ4,1条评价,人均-,
羊荘胡同酸菜铜锅涮肉(白水总店),https://www.dianping.com/shop/H3ECByKVyxpdka35,,人均-,极品毛肚 一米鸭肠 超级飞碟
多味多88号羊肉馆(白水店),https://www.dianping.com/shop/k38DFsgt7HeLBMbX,5条评价,人均-,锅上锅 水盆羊肉 牛肉
安旗(人民路店),https://www.dianping.com/shop/H7xvPA8RznywjfXY,,人均-,奥利奥波波杯 情人节专属小蛋糕 虎皮卷
斌子剪刀面(环城路店),https://www.dianping.com/shop/k7YR6CaUJUksvrcq,,人均-,鸡块剪刀面 珍菌剪刀面 娃哈哈水
李哥夹馍,https://www.dianping.com/shop/H9dO8LvoHVhJYZcw,1条评价,人均-,红豆稀饭 烤馍夹菜 卤蛋
根据地砂锅,https://www.dianping.com/shop/l6MRFQsY3s0XsGfg,12条评价,人均-,牛肉 鱼豆腐 土豆粉砂锅
鼎德香23元自助小火锅(白水店),https://www.dianping.com/shop/H8aRVOMx1qhn6yER,34条评价,人均-,自助美食 无限量供应 自助料碗
麻氏包子(彭衙路店),https://www.dianping.com/shop/k8bifPwtEh4jPUDj,7条评价,人均-,
王子鲜生火锅,https://www.dianping.com/shop/k6f8q1zYBTBWNpTQ,,人均-,
7石咕噜鱼(白水店),https://www.dianping.com/shop/G6Q3On8Uivs0rjri,3条评价,人均-,
清雅斋全牛宴火锅,https://www.dianping.com/shop/k838dJTS0hy75mQQ,,人均-,
胖子砂锅,https://www.dianping.com/shop/EULP7pbacnCJbJhL,,人均￥22,
秦和润25元自助火锅,https://www.dianping.com/shop/k8dSjWaTR5CrTnMP,,人均-,
郑十八 佛跳墙捞饭,https://www.dianping.com/shop/F8taNyirxtwkWsgu,,人均-,
锅圈食汇火锅烧烤食材超市(白水居苑路店),https://www.dianping.com/shop/l9SnrU0dYMO3BVRU,,人均-,锅圈食汇奶香风味馒头 水晶川粉 乡村安格斯雪花肥牛
自助小火锅,https://www.dianping.com/shop/k9hhbNMQA5iV6TpY,,人均-,
圣·约汉烤翅(白水分店),https://www.dianping.com/shop/l4hzDcs6W3GS3IM3,4条评价,人均-,特色烤包 美味小咸菜 圣约翰烤翅
诚和祥葫芦头,https://www.dianping.com/shop/k7nUm1DAHe5TCDwX,3条评价,人均-,豆腐泡 红烧肥肠 优质葫芦头
南井头锦绣农家乐88号重庆渔村,https://www.dianping.com/shop/G49xWE6oBlL5eW6D,5条评价,人均-,锅盔 豆腐皮 娃娃菜
王记卤味,https://www.dianping.com/shop/G5RgbbQo0hoBJ2Q8,,人均-,
张记纸包鱼,https://www.dianping.com/shop/i6cNkP78tYHpSIiK,,人均-,
土耳其烤肉夹馍(土耳其烤肉夹馍),https://www.dianping.com/shop/G5MGAGFCpk6q37YQ,,人均-,土耳其烤肉夹馍 土耳其烤肉拌饭 酸梅汤
秦人满堂红(白水店),https://www.dianping.com/shop/FKV8C7wDsWl5TMs1,13条评价,人均-,招牌馄饨 肥瘦肉夹馍 南瓜粥
小荣和酒楼(东风路店),https://www.dianping.com/shop/kateD3tQ1u4KzWbt,9条评价,人均-,牛肉剪刀面 荷叶饼 关中凉粉
东北铁锅盛宴,https://www.dianping.com/shop/H440VPiV9CmYAif3,,人均-,鱼锅 排骨豆角锅 铁锅大鹅
九然乡村爆肚面馆,https://www.dianping.com/shop/l7JJ1DnbNW9tmUzJ,2条评价,人均-,香辣肥肠面 大腰 纯生
胖子烤吧,https://www.dianping.com/shop/k8HecRXpR5q8RY6l,3条评价,人均-,炒虾尾 爆炒方便面 白吉饼
