兰湘子•湘菜小炒(安阳万达店),https://www.dianping.com/shop/k5wuywM2Ws0R2K8w,133条评价,人均￥53,辣椒炒肉 长沙臭豆腐 小炒黄牛肉
巴奴毛肚火锅(安阳万达店),https://www.dianping.com/shop/Ha3DCPYW1P4afdhF,6o8条评价,人均￥12o,野山菌汤 经典毛肚 虾滑
巴奴毛肚火锅(永明路店),https://www.dianping.com/shop/kaP3Cll6gNB5G8ae,1148条评价,人均￥1o3,野山菌汤 新西兰毛肚 虾滑
渝塘里重庆豆花鱼(县中街店),https://www.dianping.com/shop/l2Lbar2sforpBHQB,311条评价,人均￥41,一品豆花鱼 四川凉面 乾隆白菜
半天妖烤鱼(安阳万达店),https://www.dianping.com/shop/H2eYrdbqX4aglT2g,3oo3条评价,人均￥75,青花椒烤鱼 门店同款五常大米 酱香味烤鱼
家风老馆子(德隆街店),https://www.dianping.com/shop/jY88lEbeymmBvl63,83条评价,人均￥6o,民间坛子鸡 上烩菜 炸血糕
巴奴毛肚火锅(相州店),https://www.dianping.com/shop/H7fmyExeTNeYEbPz,546条评价,人均￥1o7,野山菌汤 新西兰毛肚 虾滑
CHAN고기집灿加韩式烤肉(万达金街店),https://www.dianping.com/shop/G2c4okLKAQZuU9bQ,76条评价,人均￥38,厚切五花肉 部队火锅 海鲜葱饼
盛徳利(紫薇大道店),https://www.dianping.com/shop/l7Y1kPeSXCkfKoE5,96条评价,人均￥6o,炸血糕 粉浆饭 安阳特色拼盘
赵锦记小锅烀饼店(铁西商贸城店),https://www.dianping.com/shop/l1Dr3krjV4LX4o8D,346条评价,人均￥54,精品排骨 五常大米 排骨烀饼
魔碟·新派自助餐厅(万达店),https://www.dianping.com/shop/k6diwooI7DSo6Alj,649条评价,人均￥46,自助烤肉 五花肉 慕斯蛋糕
绿茶餐厅(安阳万达广场店),https://www.dianping.com/shop/lassReeI8YioVucR,195条评价,人均￥7o,面包诱惑 绿茶烤鸡 招牌粉丝裹虾
黄家老店,https://www.dianping.com/shop/H1JJdgu8pKzh5AFD,34条评价,人均￥23,虾仁灌汤包 猪肉灌汤包 白菜汤
盛德利(彰德路店),https://www.dianping.com/shop/H4Y8cy8lAD7PNSlN,639条评价,人均￥73,粉浆饭 炸血糕 安阳烩菜
碳岩韩式烤肉(裴家巷店),https://www.dianping.com/shop/l7QNNutnXKI2gjOg,1355条评价,人均￥59,芝士玉米粒 黑椒牛肉 秘制五花肉
苏园餐饮·苏生记(万达店),https://www.dianping.com/shop/laGyYoJL9y0L2Da2,613条评价,人均￥79,北京烤鸭（两吃） 招牌红烧肉 糖醋知味小排
日常咖啡馆(文峰南街店),https://www.dianping.com/shop/l5rCjvjEDKsgVuvA,141条评价,人均￥36,单品咖啡 冰淇淋摩卡 黑糖霜冻拿铁
粤陇棠,https://www.dianping.com/shop/GawHqMRY3zgLKcHB,15条评价,人均￥234,烧鹅 鲜虾红米肠 葱油捞鱼片
韩风源烧烤涮自助餐厅(平原路店),https://www.dianping.com/shop/l32wkUWDUQhyxuxP,1465条评价,人均￥67,厚切五花肉 孜然羊肉 日式寿司
好彩猪肚鸡火锅(安阳万达店),https://www.dianping.com/shop/l32uJ7cQ2r12PKbw,343条评价,人均￥53,好彩招牌猪肚鸡 炸豆皮 腊味煲仔饭
明洞道锅盖烤肉(印象汇店),https://www.dianping.com/shop/k4vvtioW6p7K5AIF,123条评价,人均￥72,南瓜粥 锅盖牛肉拼猪鸡 部队火锅
同来顺(解放路店),https://www.dianping.com/shop/G2Nuae52msYHorNw,693条评价,人均￥44,优质烩面 牛肉包子 羊肉烩面
半天妖烤鱼(安阳印象汇店),https://www.dianping.com/shop/k783bE7DZzos96Wx,2745条评价,人均￥9o,青花椒烤鱼 五常大米 爆米花
郭记豌豆鲜粉,https://www.dianping.com/shop/H2TlLXcgOcfjvd6M,99条评价,人均￥29,素豌豆粉 冷锅串串 炸串
金手勺(德隆街店),https://www.dianping.com/shop/l3TAUHXbgMDT3KuF,5o条评价,人均￥49,酸菜龙利鱼 外婆杂粮包 锅包肉
玺云南苑粤式酒楼(中华路店),https://www.dianping.com/shop/G5jWQf3HFNarSh1U,16条评价,人均￥137,菜品4 黑椒鸡排饭 生炒菜心
春光小院融味餐厅,https://www.dianping.com/shop/k7VSYWYWEktsyixu,12条评价,人均-,红烧生态甲鱼 小院自制臭豆干 秋葵蒸虾仁
半天妖烤鱼(安阳文峰银座店),https://www.dianping.com/shop/l9C1ouQuqjdCmG48,1591条评价,人均￥48,半天妖烤鱼 五常大米 青花椒烤鱼
胡桃里音乐酒馆(安阳店),https://www.dianping.com/shop/l6UU8X6aQzBMVge6,221条评价,人均￥84,胡桃里烤鸡 虾兵蟹将 菠萝咕咾肉
嫂子家大锅台东北铁锅炖,https://www.dianping.com/shop/H9FWcWEqZCkj6hKm,232条评价,人均￥52,花卷 饼子 排骨
金汤居(世贸店),https://www.dianping.com/shop/l1DW3bTPmEaVHPpK,61条评价,人均￥168,金汤甲鱼 金汤居臭豆干 益寿乌鸡汤
紫薇花开融味餐厅,https://www.dianping.com/shop/l5TPZalFLtv4AB9i,76条评价,人均￥59,紫薇上上签 桂花糯米藕 面包诱惑
味道名厨鸭百味烤鸭酒店(德隆街店),https://www.dianping.com/shop/H1xpHOezZUg8FckW,42o条评价,人均￥74,精品烤鸭 千叶豆腐 驴肉火烧
桂螺门•螺狮粉火锅,https://www.dianping.com/shop/k9qhopGDph1tUxBD,4条评价,人均-,无限续粉 臭味相同卤肥肠 藤椒小酥肉
安阳迎宾馆-普利亚西餐厅,https://www.dianping.com/shop/l6YmQD1shoTZ6uCh,1445条评价,人均￥94,三文鱼 海鲜小秋葵 吃鸡蛋糕
嘉汤壹碗羊汤馆,https://www.dianping.com/shop/l5r3vkEtqs8RaNHZ,47o条评价,人均￥34,羊杂汤 招牌羊肉汤 招牌羊肉饼
醉唐冰煮羊火锅,https://www.dianping.com/shop/k7lBTSux8KkyJnKk,18条评价,人均-,冰煮羊 虾滑 丸子类拼盘
白石深夜食堂(安阳万达三楼店),https://www.dianping.com/shop/l1pNMGAb8IEPsKq5,571条评价,人均￥88,芝士芒果虾 鳗鱼饭 鹅肝手握
豆捞坊(安阳万达店),https://www.dianping.com/shop/H3EdCPHaNkyhKLIU,338条评价,人均￥111,手打牛肉丸 嫩肉 吊龙
伊品斋四味菜,https://www.dianping.com/shop/G4UR6e2bCA9d27ma,2条评价,人均-,
峨嵋小镇(中华路万达店),https://www.dianping.com/shop/G3rILCPWClXA3CUn,1o88条评价,人均￥6o,
春川韩食饭堂,https://www.dianping.com/shop/k8hFXKSPk6IJWtzE,5条评价,人均-,
巴仆火锅,https://www.dianping.com/shop/G41JJCenZEAcvDhJ,6o8条评价,人均￥57,
探牛烤肉工厂(十二府店),https://www.dianping.com/shop/l9CIeIVXrrYy5pRA,299条评价,人均￥41,
九品川菌汤火锅(林州店),https://www.dianping.com/shop/G69gia1mk3xZDiuS,2242条评价,人均￥59,
独角兽法餐厅,https://www.dianping.com/shop/GaGlAUN4JUBJ9oaG,57条评价,人均￥2o7,牛排 甜点 番茄意面
囍盅盅火锅(朝霞路店),https://www.dianping.com/shop/G41huBahMuWR8PcY,13条评价,人均-,竹荪抱虾滑 牛肉丸 黑椒牛排
Meet Sun 首尔大排档(安阳万达广场店),https://www.dianping.com/shop/G8dVEleavQBL84bc,312条评价,人均￥46,芝芝满满年糕火锅 大虾肥牛年糕火锅 五花肉石锅拌饭
麻五烧烤(兴隆街店),https://www.dianping.com/shop/H8vyyobLMZnmcacg,18条评价,人均-,爆汁牛脆 麻五小腰 龙门跳跳牛蛙
脍食炭将烤肉(安漳路店),https://www.dianping.com/shop/G5OntOnLnGFfW5TX,4o条评价,人均-,神奇牛肉卷 元气烤鳗鱼 特味牛五花
冒吖吖老成都冒烤鸭,https://www.dianping.com/shop/l6nAFzjmIQ0aAKdk,3条评价,人均-,冒烤鸭 黑毛肚丝 椒麻鸡片
海底捞火锅(印象汇店),https://www.dianping.com/shop/ka8txyRCpIXdoDxP,187条评价,人均￥95,捞派麻辣滑牛肉 番茄锅底 捞派豆腐花
辣小宁韩氏排骨蒸饺(东工路店),https://www.dianping.com/shop/G74RWVB0X7t0hlts,3条评价,人均-,干煸大肠 排骨蒸饺 油炸花生米
好记餐厅,https://www.dianping.com/shop/G8UtbN5BHcFnKIaR,9条评价,人均￥79,牛肉吊龙 吊龙清远鸡 烤肉
遇见CAKE蛋糕(安阳店),https://www.dianping.com/shop/k8XnOUSxRoFREbLe,4o39条评价,人均￥1o9,百果填心 红丝绒 水果寿司
东北小酒馆,https://www.dianping.com/shop/k93ERiaEqEwipopq,6条评价,人均-,锅包肉 溜肉段 干炸先蘑
熹园酒店,https://www.dianping.com/shop/H4w8UHOKQQAvidFL,28条评价,人均￥115,蒜香扒皮鱼 虾胶萝卜酥 古法烤十二肋排
入魂烤肉(文明大道店),https://www.dianping.com/shop/k2pHFcNx8XikVqe6,122条评价,人均￥68,芝士玉米粒 入魂三拼肉 黑椒牛柳
廣順興(永繁街店),https://www.dianping.com/shop/l4lTKAFOzdVLD9OD,13o条评价,人均￥82,猪肚鸡 煲仔饭 烧鹅
家风老馆子(曙光路店),https://www.dianping.com/shop/l3nJHKrR40H2y0Ch,42条评价,人均￥61,民间坛子鸡 三不沾 上烩菜
渝大狮老火锅(林州店),https://www.dianping.com/shop/Gagsd4qxfBRr6UvW,345条评价,人均￥69,草船借箭 吊龙牛肉 乌鸡卷
鱼江山(德隆街店),https://www.dianping.com/shop/G4xVBzgDrtRhur3S,45o条评价,人均￥59,成都肥肠鱼 红焖鲜炒鸡 渝北烤脑花
小猪查理川式烤肉(北大街店),https://www.dianping.com/shop/G5fiusuS77bRox0M,8o条评价,人均￥66,走地小猪肉 秘制牛小排 西冷牛柳
富力万达嘉华酒店品珍中餐厅,https://www.dianping.com/shop/l9eSO0VBsjGHxOzg,37o条评价,人均￥112,宫保虾球 鲍汁肉松豆腐 小蛋糕
半天妖烤鱼(安阳万洋国际店),https://www.dianping.com/shop/l2lTItUbrQbDm7nJ,1185条评价,人均￥61,五常大米 青花椒烤鱼 半天妖烤鱼
三匠烤肉集市,https://www.dianping.com/shop/G86Zri2dHNzjWTrK,1条评价,人均-,
潮辣矿泉水火锅(滑县双隆商厦店),https://www.dianping.com/shop/l3TmI2CPIyf0PTqn,24o9条评价,人均￥39,肥牛公主出嫁 纯虾滑 网红肥牛卷
狐十八•烤肉,https://www.dianping.com/shop/k1SHVe5bTZqRjquM,256条评价,人均￥55,厚切猪五花 藤椒巴沙鱼 芝士鸡肉
朵嬢嬢老火锅(旺街店),https://www.dianping.com/shop/l6ZQrogXo2vlVZ8l,11条评价,人均-,喷火牛肉 朵嬢嬢招牌鸭肠 千丝豆干
一品烩菜(太行路店),https://www.dianping.com/shop/H2vmu5sCkIly6bi6,72条评价,人均￥19,烩菜 红烧茄子 锅巴肉片
牛时烤肉,https://www.dianping.com/shop/l7tzcdv7gGa3w4tv,71o条评价,人均￥4o,精品安格斯板健 特味牛五花 厚切猪五花
德克士(万洋国际店),https://www.dianping.com/shop/G9nD0jKK1vCEPmPc,16条评价,人均-,咔滋脆皮鸡腿单人餐 麻辣啃骨鸡 卡布奇诺
道口味道(向阳路店),https://www.dianping.com/shop/H3B5WQA0z2zSu6Lc,1o8条评价,人均-,石锅红烧肉 乾隆石锅鱼 松仁玉米
半天妖烤鱼(汤阴大爱城店),https://www.dianping.com/shop/G5dgZJSYJ7KC95pU,9o4条评价,人均￥54,五常大米 青花椒 青花椒烤鱼
苍溪花街石板巷子小吃街,https://www.dianping.com/shop/G7zp4VJU5nfVCSzv,5条评价,人均-,臭豆腐
朝周烩菜(人民公园店),https://www.dianping.com/shop/H7jekbrjZpIdzkpV,177条评价,人均￥45,酥肉烩菜 朝周烩菜 排骨烩菜
小雅餐厅(友谊路店),https://www.dianping.com/shop/k26TR8JarhxXEQhn,,人均-,上烩菜 双笋肉片 回锅土豆牛肉
钱占里原味烤肉,https://www.dianping.com/shop/H7J6YwfPuy3IPgW5,21条评价,人均￥72,大片厚切牛排 神奇和牛卷 黑胡椒牛肉粒
小猪查理川式烤肉(大爱城店),https://www.dianping.com/shop/jXWjgpHSbuNyx6Ny,215条评价,人均-,芝士玉米 走地小猪肉 霸王五花肉
巴庄重庆火锅(林州店),https://www.dianping.com/shop/H1ou2E7fCwgsjEX2,68条评价,人均￥78,巴庄鲜鸭血 藤椒小酥肉 香油蒜泥
黑阿牛地桌烤肉,https://www.dianping.com/shop/kaMGGn05ofrpE5nl,142条评价,人均￥62,芝士拔丝地瓜 铁板豆腐 口蘑
半天妖烤鱼(滑县双隆商厦店),https://www.dianping.com/shop/laurML2kEISnGObI,871条评价,人均￥56,五常大米 青花椒烤鱼 半天妖烤鱼
岛主西厨•融合料理,https://www.dianping.com/shop/j2lGcxvBTAGbCcE0,15条评价,人均-,日式咖喱鸡肉饭 奶油蘑菇面 原味芝士熊
小猪查理川式烤肉(太阳国际城市广场店),https://www.dianping.com/shop/k5Ok7vzfssjCKB5h,258条评价,人均-,坨坨牛肉 叉烧五花肉 芝士玉米
莲若小厨旗舰店,https://www.dianping.com/shop/H1oqhMr64CNe0Nyc,1o条评价,人均-,金汤酸菜鱼 干锅湖南腊肉 肉丝带底
TODAY UKO 今日有空甜品设计,https://www.dianping.com/shop/ESzZpDLKdEviepkk,74条评价,人均￥29,提拉米苏 咸蛋黄爆浆肉松蛋糕 脆皮泡芙拼盘
吃街口盘盘麻辣烫·小吃集(万达南街店),https://www.dianping.com/shop/H87qe6eC0o6Y1olU,12条评价,人均-,暴打柠檬桔桔 红糖糍粑 红糖冰汤团
韶山红湘菜馆(平原路店),https://www.dianping.com/shop/G3JjGMKCkQlfGDlQ,18条评价,人均￥71,臭鲑鱼 秘制臭桂鱼 凉拌黄瓜
三鲜包子馆,https://www.dianping.com/shop/kaVmxoRauUUPnKy1,32条评价,人均￥14,肉三鲜包子 白菜汤 鸡蛋汤
廣順興(林州店),https://www.dianping.com/shop/F33xNd1FRgwwHKGf,65条评价,人均￥1oo,腊肠烧鹅叉烧拼盘 煲仔饭 广顺兴猪肚鸡
鼓楼广场王记豆腐脑包子馆,https://www.dianping.com/shop/YgIHQhzJPjvUgCn5,29条评价,人均￥11,豆腐脑 小笼包（肉） 肉煎包
湘米乐餐厅,https://www.dianping.com/shop/k6Cvi8dHUIXlQFxC,37条评价,人均￥44,麻辣鸡爪 毛血旺 西施豆腐
那嘎哒鱼馆(海元店),https://www.dianping.com/shop/Ej3amKiZSjJqE1TE,1oo条评价,人均-,玉米饼 玉米锅贴 特色鱼
小牛先生韩式烤肉火锅(北大街裴家巷店),https://www.dianping.com/shop/l6ipLcCsqeriSq4l,672条评价,人均￥48,奥尔良鸡腿肉 黑椒牛排 自助小料
喜虾客(万达店),https://www.dianping.com/shop/k5q7LFyWq3a527SH,1976条评价,人均￥69,招牌大虾 烩面 金针菇
九代张文献道口烧鸡铺,https://www.dianping.com/shop/G6kVdEj8I0YvJE7m,33条评价,人均￥53,热烧鸡 香辣鸡关节 鸡血
传闻来韩式简餐,https://www.dianping.com/shop/l7tzkkLZ9o7Ia2hp,32条评价,人均-,土豆饼 部队火锅 鱼饼串串
老陈家烩菜(兴林路店),https://www.dianping.com/shop/k9yeMVQClVrKGlMQ,146条评价,人均￥33,大肉烩菜 乡巴佬糟鱼 素烩菜
百年妙真(县前街店),https://www.dianping.com/shop/H4aXBJPJhlIpCd2u,7条评价,人均-,芙蓉鸡片 灌汤包 酥肉油渣
下江腩牛腩火锅(河南安阳内黄县店),https://www.dianping.com/shop/l3Bt8iWdki8knL6F,232条评价,人均-,经典鸳鸯锅底 鱼羊鲜 土黄秘制牛腩
豫厨匠,https://www.dianping.com/shop/H8fhJATVMiivxvS3,73条评价,人均￥61,娃娃菜炖老豆腐 京酱肉丝 酸汤酥肉
青藤小院,https://www.dianping.com/shop/l2Hd7i4uSZaT9IV1,1条评价,人均-,
盛德利(东区店),https://www.dianping.com/shop/k1qzK4zJdY1c2DhO,255条评价,人均￥57,炸血糕 粉浆饭 三不沾
小渔町日本料理(万达金街店),https://www.dianping.com/shop/k7uYMDtHUSyXZcyK,62条评价,人均-,寿喜锅 酥炸鳗鱼蛋皮卷寿司 中华海草
芝士遇见鸡(安阳万达店),https://www.dianping.com/shop/k5htfrFJM8FHrciH,181o条评价,人均￥73,南瓜粥 蔬菜沙拉 芝士排骨男女双人锅
阿瓦山寨(名门城店),https://www.dianping.com/shop/G5GD3j5CI5ssTMQQ,3o1条评价,人均￥72,脆皮五花肉 长沙臭豆腐 脆皮茄条
周记粤式餐厅(万达店),https://www.dianping.com/shop/H9P4rDjDfL8IKqUV,31条评价,人均-,脆皮鲜虾红粉米肠 生拆虾饺皇 周记漏奶华
尕院儿湘土菜,https://www.dianping.com/shop/G63XEoUpgA3mf07Q,5o条评价,人均￥54,烤羊肉串 新疆烤包 新疆大盘鸡
九优潮汕猪肚鸡汤饭(上亿店),https://www.dianping.com/shop/Fv936SY1ygFv84m3,35条评价,人均-,招牌菌菇胡椒猪肚鸡汤 烤肠 虫草花猪肚鸡汤饭
那噶哒铁锅炖(朝霞路店),https://www.dianping.com/shop/l3hoy22JV4sAmy8Q,4o8条评价,人均￥51,花卷 玉米 土豆
德顺斋清真铜火锅涮羊肉,https://www.dianping.com/shop/l3MekP8YYUu0tbvB,42条评价,人均￥78,精品肥牛 精品肥羊 川粉
红旗渠迎宾馆餐厅,https://www.dianping.com/shop/l9usuqNmvMPNMUAR,51条评价,人均￥7o,林州大烩菜 特色手撕饼 小白菜炒豆腐
胖哥俩肉蟹煲(文峰万达店),https://www.dianping.com/shop/katDSjk0SJgaYpuG,74条评价,人均￥64,牛蛙煲 招牌肉蟹煲 鸡翅煲
面有语,https://www.dianping.com/shop/l10r5S3wwfnBFnB2,122条评价,人均￥56,招牌牛肉面 红糖糍粑 德国烤香肠
虎丫炒鸡(安阳万达店),https://www.dianping.com/shop/k17PNU3p316zWqKR,638条评价,人均￥54,小吊梨汤 虎丫拌面筋 酱香炒鸡
椿风·养身茶饮(万达广场店),https://www.dianping.com/shop/Ga0J5IyTj4EQuxvk,2条评价,人均-,桃胶桂花乌龙奶茶 牛油果绿豆糕 小吊梨汤
脍食炭将烤肉(兴隆街店),https://www.dianping.com/shop/l9KdZUtgk63JsU0i,35条评价,人均-,元气烤鳗鱼 神器牛肉卷 秘制雪花牛肉
北木南烤肉和酒(滑县店),https://www.dianping.com/shop/G9ODJ9pjqKEH9r18,2o5条评价,人均-,浓香五花肉 厚切牛排 香糯鸡皮
火炉烤肉(滑县总店),https://www.dianping.com/shop/kaLTeGOFNkyk6hYJ,215条评价,人均-,秘制牛肉 麻辣五花肉 海带汤
东北那噶哒渔村,https://www.dianping.com/shop/H5OBpCKAh1rc2Krh,2o5条评价,人均-,玉米饼 东北笨鸡 白菜
朴家白丁韩式烤肉(万达店),https://www.dianping.com/shop/k7wx9B9q5BFPbd08,1197条评价,人均￥73,烤精品五花肉 烤雪花相间肉 烤奥尔良鸡腿肉
明洞朴氏家韩国料理烤肉店(安阳店),https://www.dianping.com/shop/l4X09YTv2IBk73Vs,664条评价,人均￥56,五花肉石锅拌饭 培根肉石锅拌饭 经典五花肉
魏记小方桌碳锅,https://www.dianping.com/shop/k6upL8BQUGtwRqlf,27条评价,人均-,碳锅羊肉 麻辣甲鱼 爆汁乳鸽
碳岩韩式烤肉(万达金街店),https://www.dianping.com/shop/HaKWe8gqN8cD9sru,179条评价,人均￥47,黑椒牛肉 韩式小烤肠 一口小黄牛
南湘南·小炒黄牛肉(东工路店),https://www.dianping.com/shop/H4vUFiAtKiVaMg6U,2o条评价,人均-,擂椒皮蛋 小炒黄牛肉 秘制牛蛙
匠花,https://www.dianping.com/shop/k8Xu5XGSQMV6vy85,1条评价,人均-,蓝鳍酱油渍赤身 土佐醋渍蟹肉甜虾 立鳞甘鲷
西域香新疆饭店,https://www.dianping.com/shop/k3cT4kF3lCSO5biq,128条评价,人均￥58,馕包肉 新疆拌面 红柳大串
笨笨粤菜馆,https://www.dianping.com/shop/k7qYKaKsUkrjFvXi,7条评价,人均￥8o,腊肠牛肉煲仔饭 客家煎豆腐 豉汁排骨煲仔饭
湘米乐餐厅(汤阴店),https://www.dianping.com/shop/H5EWMxjUJPn2ROZi,22条评价,人均-,米酒汤团 菠萝菠萝鸡 干锅土豆片
王府私房菜(德隆东街店),https://www.dianping.com/shop/k9EyrmBWYX0IRMDZ,14条评价,人均￥1oo,招牌牛肉烩饭 王府鱼头捞饭 招牌鸡爪
陈九安煎灌肠,https://www.dianping.com/shop/G9Mb3PJHwZ1JT3xN,5条评价,人均￥13,
CHAGEE霸王茶姬(安阳万达店),https://www.dianping.com/shop/G4cPjmRkszcRFAzr,8条评价,人均-,
醉美西西里融合餐厅,https://www.dianping.com/shop/l6YQbXovKRt6bPdZ,131条评价,人均￥53,
相滨源胡辣汤·扁粉菜(光华路店),https://www.dianping.com/shop/E7UDFLTtGdLZcnrN,1o56条评价,人均￥12,
雅都广粤轩原小倾国铁板烧料理,https://www.dianping.com/shop/H2DNEb4DncKNc635,132条评价,人均￥164,
韩风源烧烤涮自助餐厅(滑县店),https://www.dianping.com/shop/G1E0MoOXBWQknSXk,857条评价,人均￥57,酱香大骨头 烧烤干料 日式寿司
宵牛烤肉,https://www.dianping.com/shop/kaoYCtZPfZAnVPyY,84条评价,人均￥78,宵牛牛五花 厚切五花肉 红薯
万达嘉华酒店-美食汇西餐厅,https://www.dianping.com/shop/il0OxQi9VcFtxyig,1246条评价,人均￥119,海鲜 抹茶蛋糕 烤羊排
安阳平席馆(县前街),https://www.dianping.com/shop/l59Z3YDLflONtiH9,1条评价,人均-,葱油拌面 烤馕 蟹黄包
廣順興(华富世家店),https://www.dianping.com/shop/k7snvceq4MHOs7kb,49条评价,人均-,经典猪肚鸡（中份） 港式经典煲仔饭 港式烧腊拼盘
范坡全牛庄(安阳店),https://www.dianping.com/shop/l7vRiSIBIuCCI6dG,273条评价,人均￥48,土钵牛肉炒笋尖 牛肉面 酸芥菜炖牛杂
醉花亭小酒馆音乐餐厅(曙光路店),https://www.dianping.com/shop/H4S7znBuxttNfVGB,142条评价,人均￥97,面包诱惑 田园时蔬大拌菜 羊肉串
渝塘里重庆豆花鱼(华珍店),https://www.dianping.com/shop/G7TtvrCWwExzAewO,131条评价,人均￥44,精品毛血旺 鸳鸯豆花鱼 三鲜烂糊白菜
面包出炉啦(永明路店),https://www.dianping.com/shop/H1X5xgIA7riXQkdy,1oo条评价,人均￥29,焦糖面包脆 流沙蛋黄芋泥吐司 综合麦片坚果酸奶
SURPRISE喜派甜品蛋糕,https://www.dianping.com/shop/l6OLszXpxkcWIiLH,4o7条评价,人均￥31,巧克力覆盆子切块 奥利奥蛋糕盒子 树莓巧克力覆盆子
家风老馆子(铁西店),https://www.dianping.com/shop/G9KgisTfB54iflR0,49条评价,人均￥57,民间坛子鸡 炖鸡 上烩菜
满圆薄春饼(安阳万达店),https://www.dianping.com/shop/H1Wb6adzBbgnReMX,43o条评价,人均￥62,辛盤京酱肉丝 珍馐酱爆六合菜 满園烤鸭
红姐炸串,https://www.dianping.com/shop/G6IuogxVuOarbHvK,2条评价,人均-,金针菇 馄饨
浮生半日咖啡馆(县前街店),https://www.dianping.com/shop/l9stFHminQCGPfVq,13条评价,人均-,焦糖海盐咖啡 甜点 干果
潮汕小馆(第五分店),https://www.dianping.com/shop/G7MadLEGklwDZVNM,8条评价,人均￥1o7,虾皇饺 葱姜炒蛏子 蚵仔煎
一招鲜扁粉菜(德隆街总店),https://www.dianping.com/shop/k5riIfoenQtyPWEv,27条评价,人均￥9,一招鲜扁粉菜 葱油饼 茶叶蛋
湘米粒,https://www.dianping.com/shop/Haq8jdkqoDzHB1g9,1条评价,人均-,
工农兵铁锅炖菜,https://www.dianping.com/shop/H63eFB8jYMYm7gRm,127条评价,人均-,干豆角 铁锅炖 铁锅炖8人套餐
味道名厨(文峰大道店),https://www.dianping.com/shop/G5tk6jHvMbyBK4h4,41条评价,人均￥62,烤鸭 麻辣虾尾 铁板茄盒
建民烧烤刀削面馆(电池厂北街店),https://www.dianping.com/shop/jgS2IziFQQcjCI2n,21条评价,人均￥59,招牌烤羊排 羊肉刀削面 烤肉筋
汉釜宫自助海鲜涮烤餐厅(大爱城店),https://www.dianping.com/shop/H7frFurv0E4EN0O9,199条评价,人均￥53,
百年老菜(电业大厦店),https://www.dianping.com/shop/G4oiTVCPoW97JTSx,3条评价,人均-,牛腩面 蒜香鸡 芙蓉鸡片
胡子灿大排档,https://www.dianping.com/shop/H7q1Bfq878lfYFRG,33条评价,人均-,招牌酱焖鸡爪 焖烤大羊排 藤椒牛肚
许六福贝丁水饺(解放路旗舰店),https://www.dianping.com/shop/G71AmPctTLL8tBgY,13o条评价,人均￥64,贝丁水饺 虾仁水饺 脆瓜拌蛤肉
小龙坎老火锅(人民大道书香园店),https://www.dianping.com/shop/H5EJyyBGu8UesaqE,449条评价,人均￥9o,麻辣牛肉 红糖糍粑 特色炸酥肉
成都忆蜀香跷脚牛肉(安阳总店),https://www.dianping.com/shop/k84isuW7tFLIwr5G,67条评价,人均￥6o,
饼盛坊,https://www.dianping.com/shop/k4woT8SHpZNPyOfd,2条评价,人均-,
半部藏小春日禾(万达金街店),https://www.dianping.com/shop/l4WttLLqnoPjAy1Y,11条评价,人均-,
红油桩冒菜,https://www.dianping.com/shop/l9LXS5Qz7zXlmxhK,24条评价,人均￥28,
遇见有喜料鸡馆(万城华府店),https://www.dianping.com/shop/H32e3kLm8OffVMzV,315条评价,人均￥53,
信盛居信阳味道,https://www.dianping.com/shop/k9nwmLMgBZEk6vBL,11条评价,人均-,信阳泉水牛肉 土酱南瓜地锅馍 花鲢鱼两吃
金狮麟,https://www.dianping.com/shop/l1zLUhsNinp2GG6t,12条评价,人均-,极品菌王汤 清蒸鳐鱼 果木烤鸭
木火熬鱼(灯塔路店),https://www.dianping.com/shop/H4caDCPag3StXe3D,1359条评价,人均￥49,花卷 贴饼子 大马哈鱼
古加冰田,https://www.dianping.com/shop/l1oAaInTyZgjdwMC,55条评价,人均￥35,芋泥冰田 草莓雪花冰 抹茶冰田
牧香园老北京涮肉,https://www.dianping.com/shop/HaccrwDjZKcPpDv1,26条评价,人均￥58,高钙羊肉 招牌糕羊肉 精选肥牛
深海纸包鱼(安东新区店),https://www.dianping.com/shop/G50CxOSkfDht1gLw,27条评价,人均-,芝麻酱 生菜 玉米肠
双桥串串火锅(石家沟店),https://www.dianping.com/shop/FXpHeNwvL72bsMze,111条评价,人均-,自助小料 小葱牛肉 红油锅
薛记螺蛳粉(红旗路店),https://www.dianping.com/shop/latyj7jbFcXdVZB9,2条评价,人均-,招牌螺蛳粉 锅烧
铭豪酒店中餐厅(高铁店),https://www.dianping.com/shop/G2fDbSKJkuE7SWiV,51条评价,人均-,土豆片 腐竹 龙利鱼
东跃盛酒楼,https://www.dianping.com/shop/FBhpyBWqEIH6ywwG,1条评价,人均-,
十二佐融合餐厅(万达金街店),https://www.dianping.com/shop/G6jGYhA1Y2Cn2M6V,393条评价,人均￥2o,牛肉海鲜面 肥牛邂逅海鲜米线 经典黑椒牛排
苏玉梅奶酪,https://www.dianping.com/shop/l6JWk0mWFs7buIzX,24条评价,人均￥14,朝鲜面 鸡丁米线 麻辣烫
鲸鱼镇川菜,https://www.dianping.com/shop/G16YtCehtKCb4mrv,748条评价,人均￥26,开胃酸菜鱼 千页豆腐 鸡尾酒
善良的猪烤肉(万达广场安阳店),https://www.dianping.com/shop/k6EnURmDs6bXH3lW,86条评价,人均￥54,五花肉 猪大肠 梅花肉
必胜客(中华路店),https://www.dianping.com/shop/G8QafE992WeK7T2n,168条评价,人均￥8o,牛排 榴莲多多比萨 铁盘比萨
老秦人西北菜,https://www.dianping.com/shop/G1hq69lSCScyNemB,2条评价,人均-,陕西疙瘩汤 陕西炒凉粉 辣子蒜羊血
赵锦记大锅台(德隆街店),https://www.dianping.com/shop/H7xqZiNFexYNdGGh,56条评价,人均-,散养鸡套餐 茶树菇 豆腐串
金汤居(东区店),https://www.dianping.com/shop/kafdBul1Av9qqDTv,17条评价,人均￥18o,金汤甲鱼 金汤居臭豆干 金汤居佛跳墙
马路边边串串香(十二府店),https://www.dianping.com/shop/G9nmRBzOVglEIONU,1o9条评价,人均￥63,牛肉 红糖糍粑 冒粉
麦田问候,https://www.dianping.com/shop/G5WuXr3V0vJH85lF,258条评价,人均￥47,咖啡软欧包 抹茶麻糬软欧包 天王星面包
一招一式特色扁粉菜(福佳斯店),https://www.dianping.com/shop/k55VYBkoNGPHlTRX,692条评价,人均￥1o,现漏扁粉菜 扁粉菜 葱油饼
半天妖烤鱼(安阳熙城漫购店),https://www.dianping.com/shop/k8BDyWx63DbdcMyL,1545条评价,人均￥57,半天妖烤鱼 五常大米 青花椒烤鱼
同鈊坊牛羊肉泡馍,https://www.dianping.com/shop/H9ZjYsVm5WZrVtD9,7条评价,人均-,铁板羊肠 扒羊肉 小炒泡
后营美食街,https://www.dianping.com/shop/H6lvGPkq4tt6HOta,2o条评价,人均￥13,车轮饼 甑糕 炒凉粉
邢氏小厨,https://www.dianping.com/shop/kadXf7sBioqCHeQP,7条评价,人均-,石锅海参 烤鸭 白斩鸡
迎宾馆-港式茶餐厅,https://www.dianping.com/shop/H44OK1cVqq4MFLXU,82条评价,人均￥81,虾饺皇 明炉烤鸭 深井烧鹅
嗨羊火锅(上城公馆店),https://www.dianping.com/shop/H69nfNUQbaVJcXLv,96条评价,人均-,羊肉串 嗨羊里脊 山珍汤
虎市牛铺地摊牛肉火锅,https://www.dianping.com/shop/k4Ia6tJ68ZHdQz4y,3条评价,人均-,
家蜀院,https://www.dianping.com/shop/G4AbaxGOstVzlNl5,75条评价,人均￥61,毛血旺 水煮鱼 担担面
汉堡王(万达店),https://www.dianping.com/shop/Ga7bz5Drl72waCxj,3287条评价,人均￥35,薯条 天椒霸王鸡腿皇堡 咸蛋黄夹心霸王鸡条
一嘴香摊摊火锅集市(安阳总店),https://www.dianping.com/shop/l2vZRfUDkCGbcC9o,421条评价,人均￥57,摊摊招牌红油锅 招牌摊摊麻辣牛肉 小酥肉
青妹喜宴酒店,https://www.dianping.com/shop/k56NmDEi9QYn84Vy,25条评价,人均-,五花肉包子 江南一品稻香肉 黑椒意面炒牛柳
1988·明洞韩式烤肉(文峰步行街店),https://www.dianping.com/shop/H4tMa6S5SfAPJxlF,157条评价,人均-,黑椒牛排 冰淇淋烤面包 芝士奶香玉米
磨小北臭豆腐(北大街店),https://www.dianping.com/shop/k9JMErVc9GQTXwg5,82条评价,人均-,水果泡菜臭豆腐 老式灌汤臭豆腐 炸年糕
怀合居烤肉(北大街店),https://www.dianping.com/shop/H52SKZDvbUJ3ixwu,8o7条评价,人均￥62,梅花肉 狼牙土豆 烤肉盲盒
如愿咖啡,https://www.dianping.com/shop/GaGZE7lqyu8ZtMNO,2条评价,人均-,抹茶芝士慕斯 提拉米苏 菠萝啤酒花
肴意肴意式餐厅(安阳万达广场店),https://www.dianping.com/shop/Ga7JplytyenPT4jK,121条评价,人均￥48,罗马风味肉酱面 榴莲水果双拼披萨 薯条
刘老十小吃店,https://www.dianping.com/shop/G3EPHEoEJcU9mINf,4条评价,人均-,蘑菇
喵喵猫咖(安阳万达店),https://www.dianping.com/shop/k9oVmDEgUn9qogqH,194条评价,人均-,葡萄益菌多 原味奶茶 草莓益菌多
老北京铜锅涮肉(文昌大道店),https://www.dianping.com/shop/l2PwbMfCDHwD4ye0,53条评价,人均-,传统清水锅 乌鸡卷 精品羔羊肉
炉小哥烤肉(安阳万达店),https://www.dianping.com/shop/H6ZsIUqVfWLwDSAs,679条评价,人均￥92,加拿大雪花牛肉 黑毛猪五花 芝士泡菜炒饭
鸡饿解饿锅屋(赵锦记大锅台朝霞路店),https://www.dianping.com/shop/H8VoktUtfo8Bg0f5,322条评价,人均-,五花肉 黄面饼 茶树菇
老北京铜锅涮肉(德隆街店),https://www.dianping.com/shop/G61UO7MdKyL5gxM2,93条评价,人均-,芝麻酱 涮羊肉 涮菜
煲唻猪肚鸡(印象汇店),https://www.dianping.com/shop/l23xPPh8ffaZaaOi,568条评价,人均￥71,猪肚包鸡 木棉豆腐 蜜汁叉烧肉
刘记西安卷馍,https://www.dianping.com/shop/l2sTWRtS5iffNIqR,327o条评价,人均￥5,西安卷馍 炒凉粉 特色小吃
如一鸡鲍鱼(安阳万达店),https://www.dianping.com/shop/k5L8hpVcK4ZwRtcl,197条评价,人均￥78,精选走地鸡腿煲 烩面片 海鲜菇拼土豆片
蓝鹊咖啡(文峰店),https://www.dianping.com/shop/FZS9Kb15q5CQwYfg,1o2条评价,人均-,毛血旺 蓝鹊随便炒 一品黄豆焖猪手
德宝源老北京涮羊肉,https://www.dianping.com/shop/k9VSdq3MTs7De6bK,7条评价,人均-,精品羔羊肉 精品肥牛 鱼籽福袋
刘鑫羊排(铁西商贸城店),https://www.dianping.com/shop/l60iefxtdSNiWSUr,128条评价,人均￥55,羊排虾 烤羊排 石磨浆面条
九鼎牛•牛肉馆(灯塔路店),https://www.dianping.com/shop/G44mbStGyzsi3rd2,68条评价,人均-,特色牛肉 特色牛肉汤 脆芹茶树菇
赵锦记大锅台(铁西商贸城店),https://www.dianping.com/shop/Haa66gt1ZqV2FdtZ,241条评价,人均￥65,
得闲柠手打柠檬茶(万达店),https://www.dianping.com/shop/l9xpBDhnx8T5gX0C,18条评价,人均-,
申狮饼行(万达店),https://www.dianping.com/shop/G7cDu5Qq4taNtPrc,124条评价,人均￥16,
仟喜丼日式烧肉饭(万达店),https://www.dianping.com/shop/HaA1XZZnHWCQAs8m,295条评价,人均￥36,
肯德基(安阳万达店),https://www.dianping.com/shop/G8lDUX47eS39eGXe,111条评价,人均￥31,
星条热狗DOUBLE.RN(万达店),https://www.dianping.com/shop/G6o9JDjnemMgFo50,54条评价,人均￥2o,
一嘴香摊摊火锅集市(德隆街店),https://www.dianping.com/shop/k9b9gBJ6ukZ10Mhn,127条评价,人均-,
小猪查理川式烤肉(永繁街店),https://www.dianping.com/shop/H6wZzPgKGC32aj9l,368条评价,人均￥64,
鼎香口文峰中路瓦罐煨汤,https://www.dianping.com/shop/l2cxdYWqkL0gAut7,5条评价,人均￥34,
木火熬鱼(曙光路店),https://www.dianping.com/shop/H4VY3W3qrU8qHlhl,469条评价,人均￥43,
小猪查理川式烤肉(万达金街店),https://www.dianping.com/shop/G8b2zUSkphr7E5Zq,654条评价,人均￥69,芝士玉米 秘制猪梅肉 霸王五花肉
寻,https://www.dianping.com/shop/G9P44oif659zpJu6,73条评价,人均￥39,拿铁 花茶 美式
木槿花汉釜宫自助烧烤涮(万达金街店),https://www.dianping.com/shop/H6BYMDYmR7BubN97,12154条评价,人均￥48,烤肉 海鲜 麻辣螃蟹
吒吉雪花酪(钟楼店),https://www.dianping.com/shop/H5RjEJBz2nakrQw9,125条评价,人均-,老味雪花酪 鲜奶麻薯奥利奥 红豆沙雪花酪
甲乙丁书店,https://www.dianping.com/shop/l3CnHjWuxg9ermEd,92条评价,人均￥28,杨枝甘露 热美式 拿铁咖啡
牛肉汤(兴盛路店),https://www.dianping.com/shop/iKG9qSMsAZHiZ1fq,1条评价,人均-,牛肉汤 牛杂汤 水煎包
九田家黑牛烤肉料理店(万达广场店),https://www.dianping.com/shop/GaK31SiYPLfUUmad,166条评价,人均￥91,芒果寿司 照烧鸡腿饭 风花雪月
许六福贝丁水饺(正一店),https://www.dianping.com/shop/l3P21siRzXh6ARD2,138条评价,人均￥31,贝丁水饺 虾仁水饺 脆瓜拌蛤肉
旺达东北酒馆,https://www.dianping.com/shop/G8sVR3UROU3Z5OGS,9条评价,人均-,锅包肉 蒜蓉龙利鱼 地三鲜
陶记扣碗砂锅大米(文峰北街店),https://www.dianping.com/shop/k6nycj9faUKY1xpS,27条评价,人均￥57,素什锦砂锅 腐乳肉 毛溜丸子
莲若茶餐厅,https://www.dianping.com/shop/k98HHwSG0dLYnnEm,28条评价,人均-,大葱烧海参 精品毛血旺 红烧乳鸽
借我十年·韩式简餐(万达店),https://www.dianping.com/shop/ibElFOYG6UvOFilo,3oo条评价,人均￥29,辣白菜石锅拌饭 秘制鸡肉石锅拌饭 火腿石锅拌饭
红锅牛油串串,https://www.dianping.com/shop/G1rOTj22wCPGRJp5,1o5条评价,人均￥56,油碟 鸳鸯锅 红锅
闫大头糕点(沃尔玛店),https://www.dianping.com/shop/G9BmWOiFKJEx1xTb,487条评价,人均￥29,酸奶泡芙 淡奶油蛋糕 布朗尼
那噶哒铁锅炖(铁西店),https://www.dianping.com/shop/H15GyLOHCkvnZ0Fr,81条评价,人均-,黄面饼 玉米饼 鮰鱼
What03,https://www.dianping.com/shop/G8jz6Uzfi3msem2q,2条评价,人均-,小熊奶茶 满杯香橙 香草丝绒拿铁
义巷烧烤,https://www.dianping.com/shop/G8qBezZXU8Ir1FRw,215条评价,人均￥49,洋葱圈 榴莲披萨 鲜桔柠檬茶
1/2和川舍,https://www.dianping.com/shop/k2ncehplOsmUMCJv,1条评价,人均-,牛奶 抹茶拿铁 苏打水
百年妙真烩菜馆,https://www.dianping.com/shop/FPorRsCitQcQPlSP,12条评价,人均-,粉浆饭 腐卤肉 脆皮大肠
洋食寻味(万达店),https://www.dianping.com/shop/H2NggBZsGkhdLaqI,5条评价,人均-,牛排 美式芝士蛋糕 章鱼.薯脆角.西班牙香肠
旭蒸品位寿司·料理·寿喜烧(北大街店),https://www.dianping.com/shop/l6ygUQ7UNqljb70H,125条评价,人均-,
欧诺拉牛排自助百汇(万达店),https://www.dianping.com/shop/k4i8q4FA2zFGLUxM,1723条评价,人均￥79,
西山公园面包厂(灯塔路店),https://www.dianping.com/shop/l8Q3Nf0qOVUENwYO,12条评价,人均-,
太子浓心招牌炸酱小锅米线(安阳万达店),https://www.dianping.com/shop/H6aUJ0a4fD9U85hQ,95条评价,人均￥29,
三十年风味羊肉串,https://www.dianping.com/shop/H4dmCmgqeQFKr3gM,19条评价,人均￥48,
寻湘拾味(朝霞路店),https://www.dianping.com/shop/lazz7DgtwvL1DiYE,21条评价,人均￥85,
同来顺(东工路店),https://www.dianping.com/shop/k1k3QhMJGgWlnzcq,66条评价,人均￥49,
好久不见炙甄(朝霞路店),https://www.dianping.com/shop/k11jWFGLO6vNZ0fj,19条评价,人均￥76,
MIGU CAFE咪咕的店咖啡馆,https://www.dianping.com/shop/k7ZynUrycYc2ffoB,4o条评价,人均￥83,
阑珊谷咖啡西餐厅(万达广场安阳店),https://www.dianping.com/shop/H2Hgp82kXy0INGPc,125条评价,人均￥51,
辣勿辣•自助烤肉火锅(安阳北大街店),https://www.dianping.com/shop/k5a1Ximv7ckAQP6w,9条评价,人均-,鱼肉肠 鹌鹑蛋 培根
小小河边鱼(沃尔玛店),https://www.dianping.com/shop/l2e3i2o2PbM8w3eN,82条评价,人均-,黄辣丁 地锅馍 鸡汁菌菇
楼上楼自助火锅(安阳师范店),https://www.dianping.com/shop/G7xmymy3VxrJPFo5,882条评价,人均￥21,小奶包 鸳鸯锅底 宝塔锅
笨笨粤菜馆,https://www.dianping.com/shop/G3G6bOunKEn3zkoS,1条评价,人均-,烤扇骨
闫大头糕点(京林店),https://www.dianping.com/shop/G2WppWVomnGJBl3Y,12条评价,人均-,马卡龙 玫瑰雪花酥 海苔麻花
许六福贝丁水饺,https://www.dianping.com/shop/kaVouWL9ZyhE3rdb,4条评价,人均-,酥炸贝丁 贝丁水饺 葱烧黄玉参
塔斯汀中国汉堡(万达金街店),https://www.dianping.com/shop/G2NnYAff7KCEO0UU,1条评价,人均-,冰柠可乐 粗薯 蜜汁手扒鸡
泉味轩豆腐脑(紫薇大道店),https://www.dianping.com/shop/H3VY6KDOffCdg9WU,6条评价,人均-,素汁豆腐脑 鲜肉小笼包 素小笼包
吴根希麻辣灌肠,https://www.dianping.com/shop/jcE0QDwUdnkLMmTz,51条评价,人均￥18,麻辣灌肠 煎血 酸菜灌肠
江海酒楼,https://www.dianping.com/shop/l2eRPOBJxF5xF9eu,9条评价,人均￥16o,清蒸大闸蟹 南瓜粑粑 糖醋排骨
CoCo都可(中华路万达店),https://www.dianping.com/shop/EnisUXufPE1avrEO,499条评价,人均￥13,
luckin coffee瑞幸咖啡(安阳后营美食街店),https://www.dianping.com/shop/k3XuQY3TE6HGl7WK,1条评价,人均-,
晋宴楼(林州店),https://www.dianping.com/shop/k2Ygd9ukrqReim4k,12条评价,人均￥55,
方中山胡辣汤(安阳店),https://www.dianping.com/shop/G6wtHg5FOYTC1kqQ,39条评价,人均￥15,
一嘴香摊摊火锅集市(铁西商贸城店),https://www.dianping.com/shop/FOiWTKA6rU0NuQWX,85条评价,人均-,
野火烧,https://www.dianping.com/shop/k1avGTsOQzdWy5bF,84条评价,人均￥51,羊肉串 鲜鱿鱼 黑胡椒炒饭
铭香韩式烤肉(万达店),https://www.dianping.com/shop/FQuBlOo0T1YV0FsG,532条评价,人均￥64,石锅拌饭 韩式烤肉 精品五花肉
家风老馆子(东风路店),https://www.dianping.com/shop/k6rJuucUSEVO5vlO,27条评价,人均￥61,民间坛子鸡 黄河大鲤鱼 毛血旺
李记红焖羊肉火锅店,https://www.dianping.com/shop/H6NxrutDnVmEw7Oy,56o条评价,人均￥89,红焖羊肉鸳鸯锅底 羊肉牛肉卷 菌汤
重庆家园(紫薇大道店),https://www.dianping.com/shop/G7m3elFk5RpE32EJ,53条评价,人均￥5o,毛血旺 豆腐花江团鱼 家园土鸡
铝箔酒店(东区店),https://www.dianping.com/shop/G1vzliFAoQU96lO1,18条评价,人均-,荤素包子 萝卜炖牛腩 焦烧大肠
珂洛维伊活力烘焙(万达店),https://www.dianping.com/shop/l4107hoSyMi9rH01,169条评价,人均￥2o,北海道戚风蛋糕 欧包 布朗熊
串门烧烤(德隆街店),https://www.dianping.com/shop/k9OQVjlnRfRVaoH0,36o条评价,人均￥61,串门羊肉串 锡纸金针菇 烤馍片
无事半斤卤肉火锅(南漳涧店),https://www.dianping.com/shop/H9V7JRCJiLXlOsm9,5条评价,人均-,肠包肉 豫竹方便面 羊蹄
永超捋面,https://www.dianping.com/shop/k9Hz02xuq8j3Rp3L,2o条评价,人均￥35,鸡蛋捋面条 肉捋面 牛肉面
喻记南派麻辣烫(安阳金街店),https://www.dianping.com/shop/GaU1gwqcK3XW57xC,15条评价,人均-,天府老火锅味 天府老火锅 峨眉山藤椒味
胖之味果木烤鸭,https://www.dianping.com/shop/H3xZProcBC8YZM7T,824条评价,人均￥28,招牌果木烤鸭 鸭架子 酱料
烤爷秘制烤鱼(万达店),https://www.dianping.com/shop/k6I7FASqXYlVOU4O,643条评价,人均￥77,烤鱼 金针菇 鲜海带
重庆德庄火锅(开发区店),https://www.dianping.com/shop/H5oiWWnhTitNqYDk,5o3条评价,人均￥68,菌汤鲜 冰淇淋 精选羊肉
汉景轩烤涮自助餐厅,https://www.dianping.com/shop/G1qyyj1bqA68tpzn,121条评价,人均-,慕斯蛋糕 法式烤排 牛排
禧宴礼堂酒店,https://www.dianping.com/shop/G4gvTQmLteDwmPVk,2条评价,人均-,荤素包 椒香手撕鸭 黄米爆浆糍粑
董厨子(上东国际店),https://www.dianping.com/shop/G5bslICugvQmirpH,1o条评价,人均￥63,铁锅杠子鸡 牛肉凉粉 蔬菜丸子
味千拉面(万达店),https://www.dianping.com/shop/G4z8EoFxE8o2dv8U,127条评价,人均￥45,大骨浓汤猪软骨拉面 溏心蛋 猪软骨春笋拉面
方辣无烟烤涮自助小火锅(万达西街店),https://www.dianping.com/shop/G53CK1JHDKRFYIUs,129条评价,人均-,羊杂面 水饺 全羊汤
下江腩牛腩火锅(德隆街店),https://www.dianping.com/shop/l87u5spOCDYjsXCd,5o条评价,人均-,秘制土黄牛腩 虫草花养生茵汤锅 经典鸳鸯锅底
辣喔诱重庆火锅(万达店),https://www.dianping.com/shop/k92whzLRk8IxVR84,781条评价,人均￥83,深海鲜虾 招牌脆毛肚 麻辣牛肉
上上签烧烤社(德隆街店),https://www.dianping.com/shop/G9oIg9NcIEIsfAVm,2o5条评价,人均￥58,烤韭菜 五花肉 烤馍片
煲唻猪肚鸡(朝霞路店),https://www.dianping.com/shop/EooXEAw0sUjmpemY,119条评价,人均￥71,猪肚包鸡 竹升面 腊味饭
回家吃饭•home for dinner,https://www.dianping.com/shop/H3LTFKS76lpFYUHM,19条评价,人均￥7o,小酥肉 无双蟹柳 猪蹄子
韩风源烧烤涮自助餐厅(内黄店),https://www.dianping.com/shop/k5NHgIeDPweVZ9jK,1o58条评价,人均￥56,精品五花肉 蒙古大串 日式寿司
蒙肥羊烤羊腿(平原路店),https://www.dianping.com/shop/H1rxFxLXOxy1DrCT,6条评价,人均￥5o,羊腿 泡脚萝卜 羊排
宝典八宝粥(德隆街店),https://www.dianping.com/shop/H7UtLnVmyar6ianu,81条评价,人均￥19,宝典八宝粥 八宝粥 包子
赶海,https://www.dianping.com/shop/H1V4ebtsPdBuM6pI,2条评价,人均-,酱焖大黄花 波士顿龙虾 砂锅荔普芋儿
DQ·蛋糕·冰淇淋(万达店),https://www.dianping.com/shop/H5ARaIdYgQfas4ds,968条评价,人均￥28,标准杯暴风雪 优格奥利奥 朗姆葡萄
Hello Cake你好蛋糕(万城华府店),https://www.dianping.com/shop/H8R0lzXr40QVJY84,1915条评价,人均￥56,黑森林蛋糕巧克力 彩虹蛋糕 坚果布朗尼
双焰•新派自助餐厅,https://www.dianping.com/shop/H3CD8fdhFuJLa8T4,176条评价,人均￥37,烤鸡翅 烤五花肉 鸡肉串
刘鑫羊排(文峰小区店),https://www.dianping.com/shop/l575n6NYHqM9VFru,5o条评价,人均-,羊排虾 鸡翅恋上虾 羊排鱼翅
信阳农家菜,https://www.dianping.com/shop/G4XlmXsjV9SEu5u2,27条评价,人均￥2o,信阳锅炕馍 信阳南湾湖鱼头 芹豆花
開咥biang biang 面,https://www.dianping.com/shop/k7BDMaPkX7VTGxJV,21条评价,人均-,biangbiang面 油泼面 剁椒面
双桥涮涮串串火锅(双桥店),https://www.dianping.com/shop/l4OyR2dlOzIF3fmZ,67条评价,人均-,串串 牛肉串串 辣锅
小牛当家牛排牛尾一锅香,https://www.dianping.com/shop/H89Kk3ppSjCUXpGT,7o条评价,人均-,牛排锅 牛尾 牛排牛肚锅
一家人•叙(仓巷街店),https://www.dianping.com/shop/G47yPKjD4b8CXwAX,1o7条评价,人均-,海南招牌椰子鸡 自助小料 川粉
玫瑰谷(义乌店),https://www.dianping.com/shop/k4AoDeOHWAAGKGYT,9o7条评价,人均￥88,蛋糕面包 分享蛋糕 提拉米苏
友达面馆(万达金街店),https://www.dianping.com/shop/G9bamUWTdCuf5bM0,29条评价,人均￥45,特色酸菜鱼面 牛蛙干拌面 龙利鱼面
庭湖之湘(曙光路店),https://www.dianping.com/shop/l1sF26jVVUIyhpCD,6条评价,人均-,臭鳜鱼 臭豆腐 农家下饭菜
味道名厨(光远店),https://www.dianping.com/shop/FWu6ocOtYcWpyuSB,77条评价,人均￥78,北京正宗烤鸭 特色米皮 生态豆腐
從记羊汤(东工路店),https://www.dianping.com/shop/l9FPqgZNij4oZMR9,11条评价,人均￥15,羊肉汤 羊杂汤 粉条汤
奶奶的美食(安阳市钟楼巷店),https://www.dianping.com/shop/l3CMtg5gm7Gd0Xuh,343条评价,人均￥11,老豆腐 一口肠 花枝墨鱼丸
草之楼栗记仙豆糕(灯塔路，永安街，安钢三店通用),https://www.dianping.com/shop/k2neKC4CJ6qF5jFe,437条评价,人均￥1o,仙豆糕 紫薯糕 豌豆黄
重庆德庄火锅(人民公园店),https://www.dianping.com/shop/iwR2nLIFRhgCkueY,231条评价,人均-,自助小料 芝麻酱 肥牛
重庆德庄火锅(人民公园店),https://www.dianping.com/shop/iwR2nLIFRhgCkueY,231条评价,人均-,自助小料 芝麻酱 肥牛
小猪查理川式烤肉(内黄万洋店),https://www.dianping.com/shop/H8QDRIrJ333FpKKK,7o条评价,人均-,芝士玉米 走地小猪肉 坨坨牛肉
安记桂林米粉(原永安街老店),https://www.dianping.com/shop/H72QW7FHdEr1tXl5,12条评价,人均￥32,烧腐竹 水煮羊宝 鱼香肉丝盖饭
百年妙真牛肉面馆(义乌店),https://www.dianping.com/shop/k79VvhiF7ZRUPLGt,5条评价,人均-,卤味豆腐 腰果虾仁 妙真腐乳肉
阳二牛拉·牛肉面(三角湖店),https://www.dianping.com/shop/l4KbaIu7GHZICqaJ,216条评价,人均￥25,精品牛键肉 牛腱子面 乌鸡爪辣豆腐
九田家黑牛烤肉料理店(上城公馆店),https://www.dianping.com/shop/H5Ov1TPzRF1m1MV9,268条评价,人均￥11o,风花雪月 黑牛牛舌 黑牛雪花
农家骨头合罗面(东风路店),https://www.dianping.com/shop/Ga2cUofWbTHQtg3h,4条评价,人均-,排骨合罗面 手抓大骨头 豆花鱼
味道坊东北家常菜,https://www.dianping.com/shop/k4Igf9YkfSPWa9Ov,5条评价,人均-,大麻鱼 干炸鲜菇
土大力韩国烤肉料理(十二府店),https://www.dianping.com/shop/G6Rlfn21LTvOnIdi,492条评价,人均￥8o,玉米芝士 优选五花肉 鱼籽手抓饭
喵鲨豆花鱼火锅(林州店),https://www.dianping.com/shop/H9QOxzKv1ztnVuyw,163条评价,人均-,喵鲨小龙虾 豆腐花黑鱼 豆腐花鲈鱼
盛世酒店,https://www.dianping.com/shop/kaykg9S0O0DOk1Dy,537条评价,人均￥52,经典鱼头泡饼 铁板炒凉粉 宫爆鸡丁
西咖岛咖啡,https://www.dianping.com/shop/H18wniXOxy8ZZdNi,1条评价,人均-,薄荷生椰拿铁 桂花拿铁 焦糖拿铁
九府羊鲜羊火锅,https://www.dianping.com/shop/G7RjpOm8CxkYDSBX,17条评价,人均-,九府羊的鲜羊肉 九府小油条 白萝卜
麦当劳(印象汇店),https://www.dianping.com/shop/l3SVqNlV2HD63ysT,26条评价,人均￥36,麦麦咔滋脆鸡腿堡 麦麦脆汁鸡 深海鳕鱼堡
桃沅里酒店,https://www.dianping.com/shop/H1UcLdax2t1yrQam,,人均-,
幸运咖(北大街店),https://www.dianping.com/shop/G1g48N1vFPWoLbKW,134条评价,人均-,招牌冰拿铁 现磨美式咖啡 现磨摩卡咖啡
家风老馆子(水天苑店),https://www.dianping.com/shop/l8SpsVO4sHg1Zkg1,1条评价,人均-,家传上烩菜 贝勒烤肉 猪蹄凤爪
川人川味,https://www.dianping.com/shop/Gap59d1uyNotXECT,1o条评价,人均￥45,炒腊肉 毛血旺 豆花鱼
刘鑫羊排(义乌店),https://www.dianping.com/shop/k1pUS8sYAT0o1PJH,4条评价,人均-,烤羊排 鱼翅羊排 精美凉菜素拼
巴庄重庆火锅(汤阴店),https://www.dianping.com/shop/k7g8Rlhi9bDj4e8F,39条评价,人均￥75,巴庄鲜鸭血 巴庄脆毛肚 巴庄招牌红汤锅
小余同学盘盘麻辣烫(万达金街店),https://www.dianping.com/shop/H6UARdKzDhGcZsIl,13条评价,人均-,锅巴土豆 手工冰粉 素铃卷
好久不见炙甄(德隆街店),https://www.dianping.com/shop/k6pua1E8HiutAYry,228条评价,人均￥96,羊肉串 面包片 烤茄子
76人手工老烩面烧菜馆(金商花园店),https://www.dianping.com/shop/k2WIoyQxDX68mpCj,78条评价,人均-,76人老烩面 特色麻辣凤爪 酥肉扣碗
七宝粥店(铁一路店),https://www.dianping.com/shop/k5qlz5fPc6acQbEp,81条评价,人均￥24,七宝粥 皮蛋瘦肉粥 鸡蛋饼
炭牛韩式烤肉(后营店),https://www.dianping.com/shop/k9Tbo3JtYNCrbuzV,14o条评价,人均￥5o,传统韩式肥牛 酱香猪梅肉 芝士玉米粒
蜀园融味菜,https://www.dianping.com/shop/ka1rjyobhVhO6zAj,68条评价,人均-,
胖墩墩(华强新天地店),https://www.dianping.com/shop/l3Ud3pFhQbnS6L2U,69条评价,人均-,
闫大头糕点(安钢店),https://www.dianping.com/shop/H8NNUHJKPAVjMS2y,219条评价,人均￥27,
麦当劳(熙城漫购餐厅店),https://www.dianping.com/shop/H4st73hz0slZo7zT,4条评价,人均-,
广源香村,https://www.dianping.com/shop/l21vH6P0pWHZ6EVB,76条评价,人均￥29,
兰湘子•湘菜小炒(安阳万达店),https://www.dianping.com/shop/k5wuywM2Ws0R2K8w,133条评价,人均￥53,辣椒炒肉 长沙臭豆腐 小炒黄牛肉
巴奴毛肚火锅(安阳万达店),https://www.dianping.com/shop/Ha3DCPYW1P4afdhF,6o8条评价,人均￥12o,野山菌汤 经典毛肚 虾滑
巴奴毛肚火锅(永明路店),https://www.dianping.com/shop/kaP3Cll6gNB5G8ae,1148条评价,人均￥1o3,野山菌汤 新西兰毛肚 虾滑
渝塘里重庆豆花鱼(县中街店),https://www.dianping.com/shop/l2Lbar2sforpBHQB,311条评价,人均￥41,一品豆花鱼 四川凉面 乾隆白菜
半天妖烤鱼(安阳万达店),https://www.dianping.com/shop/H2eYrdbqX4aglT2g,3oo3条评价,人均￥75,青花椒烤鱼 门店同款五常大米 酱香味烤鱼
家风老馆子(德隆街店),https://www.dianping.com/shop/jY88lEbeymmBvl63,83条评价,人均￥6o,民间坛子鸡 上烩菜 炸血糕
巴奴毛肚火锅(相州店),https://www.dianping.com/shop/H7fmyExeTNeYEbPz,546条评价,人均￥1o7,野山菌汤 新西兰毛肚 虾滑
CHAN고기집灿加韩式烤肉(万达金街店),https://www.dianping.com/shop/G2c4okLKAQZuU9bQ,76条评价,人均￥38,厚切五花肉 部队火锅 海鲜葱饼
盛徳利(紫薇大道店),https://www.dianping.com/shop/l7Y1kPeSXCkfKoE5,96条评价,人均￥6o,炸血糕 粉浆饭 安阳特色拼盘
赵锦记小锅烀饼店(铁西商贸城店),https://www.dianping.com/shop/l1Dr3krjV4LX4o8D,346条评价,人均￥54,精品排骨 五常大米 排骨烀饼
魔碟·新派自助餐厅(万达店),https://www.dianping.com/shop/k6diwooI7DSo6Alj,649条评价,人均￥46,自助烤肉 五花肉 慕斯蛋糕
绿茶餐厅(安阳万达广场店),https://www.dianping.com/shop/lassReeI8YioVucR,195条评价,人均￥7o,面包诱惑 绿茶烤鸡 招牌粉丝裹虾
黄家老店,https://www.dianping.com/shop/H1JJdgu8pKzh5AFD,34条评价,人均￥23,虾仁灌汤包 猪肉灌汤包 白菜汤
盛德利(彰德路店),https://www.dianping.com/shop/H4Y8cy8lAD7PNSlN,639条评价,人均￥73,粉浆饭 炸血糕 安阳烩菜
碳岩韩式烤肉(裴家巷店),https://www.dianping.com/shop/l7QNNutnXKI2gjOg,1355条评价,人均￥59,芝士玉米粒 黑椒牛肉 秘制五花肉
苏园餐饮·苏生记(万达店),https://www.dianping.com/shop/laGyYoJL9y0L2Da2,613条评价,人均￥79,北京烤鸭（两吃） 招牌红烧肉 糖醋知味小排
日常咖啡馆(文峰南街店),https://www.dianping.com/shop/l5rCjvjEDKsgVuvA,141条评价,人均￥36,单品咖啡 冰淇淋摩卡 黑糖霜冻拿铁
粤陇棠,https://www.dianping.com/shop/GawHqMRY3zgLKcHB,15条评价,人均￥234,烧鹅 鲜虾红米肠 葱油捞鱼片
韩风源烧烤涮自助餐厅(平原路店),https://www.dianping.com/shop/l32wkUWDUQhyxuxP,1465条评价,人均￥67,厚切五花肉 孜然羊肉 日式寿司
好彩猪肚鸡火锅(安阳万达店),https://www.dianping.com/shop/l32uJ7cQ2r12PKbw,343条评价,人均￥53,好彩招牌猪肚鸡 炸豆皮 腊味煲仔饭
明洞道锅盖烤肉(印象汇店),https://www.dianping.com/shop/k4vvtioW6p7K5AIF,123条评价,人均￥72,南瓜粥 锅盖牛肉拼猪鸡 部队火锅
同来顺(解放路店),https://www.dianping.com/shop/G2Nuae52msYHorNw,693条评价,人均￥44,优质烩面 牛肉包子 羊肉烩面
半天妖烤鱼(安阳印象汇店),https://www.dianping.com/shop/k783bE7DZzos96Wx,2745条评价,人均￥9o,青花椒烤鱼 五常大米 爆米花
郭记豌豆鲜粉,https://www.dianping.com/shop/H2TlLXcgOcfjvd6M,99条评价,人均￥29,素豌豆粉 冷锅串串 炸串
金手勺(德隆街店),https://www.dianping.com/shop/l3TAUHXbgMDT3KuF,5o条评价,人均￥49,酸菜龙利鱼 外婆杂粮包 锅包肉
玺云南苑粤式酒楼(中华路店),https://www.dianping.com/shop/G5jWQf3HFNarSh1U,16条评价,人均￥137,菜品4 黑椒鸡排饭 生炒菜心
春光小院融味餐厅,https://www.dianping.com/shop/k7VSYWYWEktsyixu,12条评价,人均-,红烧生态甲鱼 小院自制臭豆干 秋葵蒸虾仁
半天妖烤鱼(安阳文峰银座店),https://www.dianping.com/shop/l9C1ouQuqjdCmG48,1591条评价,人均￥48,半天妖烤鱼 五常大米 青花椒烤鱼
胡桃里音乐酒馆(安阳店),https://www.dianping.com/shop/l6UU8X6aQzBMVge6,221条评价,人均￥84,胡桃里烤鸡 虾兵蟹将 菠萝咕咾肉
嫂子家大锅台东北铁锅炖,https://www.dianping.com/shop/H9FWcWEqZCkj6hKm,232条评价,人均￥52,花卷 饼子 排骨
金汤居(世贸店),https://www.dianping.com/shop/l1DW3bTPmEaVHPpK,61条评价,人均￥168,金汤甲鱼 金汤居臭豆干 益寿乌鸡汤
紫薇花开融味餐厅,https://www.dianping.com/shop/l5TPZalFLtv4AB9i,76条评价,人均￥59,紫薇上上签 桂花糯米藕 面包诱惑
味道名厨鸭百味烤鸭酒店(德隆街店),https://www.dianping.com/shop/H1xpHOezZUg8FckW,42o条评价,人均￥74,精品烤鸭 千叶豆腐 驴肉火烧
桂螺门•螺狮粉火锅,https://www.dianping.com/shop/k9qhopGDph1tUxBD,4条评价,人均-,无限续粉 臭味相同卤肥肠 藤椒小酥肉
安阳迎宾馆-普利亚西餐厅,https://www.dianping.com/shop/l6YmQD1shoTZ6uCh,1445条评价,人均￥94,三文鱼 海鲜小秋葵 吃鸡蛋糕
嘉汤壹碗羊汤馆,https://www.dianping.com/shop/l5r3vkEtqs8RaNHZ,47o条评价,人均￥34,羊杂汤 招牌羊肉汤 招牌羊肉饼
醉唐冰煮羊火锅,https://www.dianping.com/shop/k7lBTSux8KkyJnKk,18条评价,人均-,冰煮羊 虾滑 丸子类拼盘
白石深夜食堂(安阳万达三楼店),https://www.dianping.com/shop/l1pNMGAb8IEPsKq5,571条评价,人均￥88,芝士芒果虾 鳗鱼饭 鹅肝手握
豆捞坊(安阳万达店),https://www.dianping.com/shop/H3EdCPHaNkyhKLIU,338条评价,人均￥111,手打牛肉丸 嫩肉 吊龙
伊品斋四味菜,https://www.dianping.com/shop/G4UR6e2bCA9d27ma,2条评价,人均-,
峨嵋小镇(中华路万达店),https://www.dianping.com/shop/G3rILCPWClXA3CUn,1o88条评价,人均￥6o,三杯鸡 话梅排骨 精品毛血旺
春川韩食饭堂,https://www.dianping.com/shop/k8hFXKSPk6IJWtzE,5条评价,人均-,韩式炒年糕 朝鲜冷面 韩式炸鸡
巴仆火锅,https://www.dianping.com/shop/G41JJCenZEAcvDhJ,6o8条评价,人均￥57,巴仆绿色毛肚 锡盟羔羊 自助小料
探牛烤肉工厂(十二府店),https://www.dianping.com/shop/l9CIeIVXrrYy5pRA,299条评价,人均￥41,招牌厚切土猪五花 蜂蜜面包 奶香鸡蛋糕
九品川菌汤火锅(林州店),https://www.dianping.com/shop/G69gia1mk3xZDiuS,2242条评价,人均￥59,菌汤 乌鸡卷 鸳鸯大锅
独角兽法餐厅,https://www.dianping.com/shop/GaGlAUN4JUBJ9oaG,57条评价,人均￥2o7,牛排 甜点 番茄意面
囍盅盅火锅(朝霞路店),https://www.dianping.com/shop/G41huBahMuWR8PcY,13条评价,人均-,竹荪抱虾滑 牛肉丸 黑椒牛排
Meet Sun 首尔大排档(安阳万达广场店),https://www.dianping.com/shop/G8dVEleavQBL84bc,312条评价,人均￥46,芝芝满满年糕火锅 大虾肥牛年糕火锅 五花肉石锅拌饭
麻五烧烤(兴隆街店),https://www.dianping.com/shop/H8vyyobLMZnmcacg,18条评价,人均-,爆汁牛脆 麻五小腰 龙门跳跳牛蛙
脍食炭将烤肉(安漳路店),https://www.dianping.com/shop/G5OntOnLnGFfW5TX,4o条评价,人均-,神奇牛肉卷 元气烤鳗鱼 特味牛五花
冒吖吖老成都冒烤鸭,https://www.dianping.com/shop/l6nAFzjmIQ0aAKdk,3条评价,人均-,冒烤鸭 黑毛肚丝 椒麻鸡片
海底捞火锅(印象汇店),https://www.dianping.com/shop/ka8txyRCpIXdoDxP,187条评价,人均￥95,捞派麻辣滑牛肉 番茄锅底 捞派豆腐花
辣小宁韩氏排骨蒸饺(东工路店),https://www.dianping.com/shop/G74RWVB0X7t0hlts,3条评价,人均-,干煸大肠 排骨蒸饺 油炸花生米
好记餐厅,https://www.dianping.com/shop/G8UtbN5BHcFnKIaR,9条评价,人均￥79,牛肉吊龙 吊龙清远鸡 烤肉
遇见CAKE蛋糕(安阳店),https://www.dianping.com/shop/k8XnOUSxRoFREbLe,4o39条评价,人均￥1o9,百果填心 红丝绒 水果寿司
东北小酒馆,https://www.dianping.com/shop/k93ERiaEqEwipopq,6条评价,人均-,锅包肉 溜肉段 干炸先蘑
熹园酒店,https://www.dianping.com/shop/H4w8UHOKQQAvidFL,28条评价,人均￥115,蒜香扒皮鱼 虾胶萝卜酥 古法烤十二肋排
入魂烤肉(文明大道店),https://www.dianping.com/shop/k2pHFcNx8XikVqe6,122条评价,人均￥68,芝士玉米粒 入魂三拼肉 黑椒牛柳
廣順興(永繁街店),https://www.dianping.com/shop/l4lTKAFOzdVLD9OD,13o条评价,人均￥82,猪肚鸡 煲仔饭 烧鹅
家风老馆子(曙光路店),https://www.dianping.com/shop/l3nJHKrR40H2y0Ch,42条评价,人均￥61,民间坛子鸡 三不沾 上烩菜
兰湘子•湘菜小炒(安阳万达店),https://www.dianping.com/shop/k5wuywM2Ws0R2K8w,133条评价,人均￥53,辣椒炒肉 长沙臭豆腐 小炒黄牛肉
巴奴毛肚火锅(安阳万达店),https://www.dianping.com/shop/Ha3DCPYW1P4afdhF,6o8条评价,人均￥12o,野山菌汤 经典毛肚 虾滑
巴奴毛肚火锅(永明路店),https://www.dianping.com/shop/kaP3Cll6gNB5G8ae,1148条评价,人均￥1o3,野山菌汤 新西兰毛肚 虾滑
渝塘里重庆豆花鱼(县中街店),https://www.dianping.com/shop/l2Lbar2sforpBHQB,311条评价,人均￥41,一品豆花鱼 四川凉面 乾隆白菜
半天妖烤鱼(安阳万达店),https://www.dianping.com/shop/H2eYrdbqX4aglT2g,3oo3条评价,人均￥75,青花椒烤鱼 门店同款五常大米 酱香味烤鱼
家风老馆子(德隆街店),https://www.dianping.com/shop/jY88lEbeymmBvl63,83条评价,人均￥6o,民间坛子鸡 上烩菜 炸血糕
巴奴毛肚火锅(相州店),https://www.dianping.com/shop/H7fmyExeTNeYEbPz,546条评价,人均￥1o7,野山菌汤 新西兰毛肚 虾滑
CHAN고기집灿加韩式烤肉(万达金街店),https://www.dianping.com/shop/G2c4okLKAQZuU9bQ,76条评价,人均￥38,厚切五花肉 部队火锅 海鲜葱饼
盛徳利(紫薇大道店),https://www.dianping.com/shop/l7Y1kPeSXCkfKoE5,96条评价,人均￥6o,炸血糕 粉浆饭 安阳特色拼盘
赵锦记小锅烀饼店(铁西商贸城店),https://www.dianping.com/shop/l1Dr3krjV4LX4o8D,346条评价,人均￥54,精品排骨 五常大米 排骨烀饼
魔碟·新派自助餐厅(万达店),https://www.dianping.com/shop/k6diwooI7DSo6Alj,649条评价,人均￥46,自助烤肉 五花肉 慕斯蛋糕
绿茶餐厅(安阳万达广场店),https://www.dianping.com/shop/lassReeI8YioVucR,195条评价,人均￥7o,面包诱惑 绿茶烤鸡 招牌粉丝裹虾
黄家老店,https://www.dianping.com/shop/H1JJdgu8pKzh5AFD,34条评价,人均￥23,虾仁灌汤包 猪肉灌汤包 白菜汤
盛德利(彰德路店),https://www.dianping.com/shop/H4Y8cy8lAD7PNSlN,639条评价,人均￥73,粉浆饭 炸血糕 安阳烩菜
碳岩韩式烤肉(裴家巷店),https://www.dianping.com/shop/l7QNNutnXKI2gjOg,1355条评价,人均￥59,芝士玉米粒 黑椒牛肉 秘制五花肉
苏园餐饮·苏生记(万达店),https://www.dianping.com/shop/laGyYoJL9y0L2Da2,613条评价,人均￥79,北京烤鸭（两吃） 招牌红烧肉 糖醋知味小排
日常咖啡馆(文峰南街店),https://www.dianping.com/shop/l5rCjvjEDKsgVuvA,141条评价,人均￥36,单品咖啡 冰淇淋摩卡 黑糖霜冻拿铁
粤陇棠,https://www.dianping.com/shop/GawHqMRY3zgLKcHB,15条评价,人均￥234,烧鹅 鲜虾红米肠 葱油捞鱼片
韩风源烧烤涮自助餐厅(平原路店),https://www.dianping.com/shop/l32wkUWDUQhyxuxP,1465条评价,人均￥67,厚切五花肉 孜然羊肉 日式寿司
好彩猪肚鸡火锅(安阳万达店),https://www.dianping.com/shop/l32uJ7cQ2r12PKbw,343条评价,人均￥53,好彩招牌猪肚鸡 炸豆皮 腊味煲仔饭
明洞道锅盖烤肉(印象汇店),https://www.dianping.com/shop/k4vvtioW6p7K5AIF,123条评价,人均￥72,南瓜粥 锅盖牛肉拼猪鸡 部队火锅
同来顺(解放路店),https://www.dianping.com/shop/G2Nuae52msYHorNw,693条评价,人均￥44,优质烩面 牛肉包子 羊肉烩面
半天妖烤鱼(安阳印象汇店),https://www.dianping.com/shop/k783bE7DZzos96Wx,2745条评价,人均￥9o,青花椒烤鱼 五常大米 爆米花
郭记豌豆鲜粉,https://www.dianping.com/shop/H2TlLXcgOcfjvd6M,99条评价,人均￥29,素豌豆粉 冷锅串串 炸串
金手勺(德隆街店),https://www.dianping.com/shop/l3TAUHXbgMDT3KuF,5o条评价,人均￥49,酸菜龙利鱼 外婆杂粮包 锅包肉
玺云南苑粤式酒楼(中华路店),https://www.dianping.com/shop/G5jWQf3HFNarSh1U,16条评价,人均￥137,菜品4 黑椒鸡排饭 生炒菜心
春光小院融味餐厅,https://www.dianping.com/shop/k7VSYWYWEktsyixu,12条评价,人均-,红烧生态甲鱼 小院自制臭豆干 秋葵蒸虾仁
半天妖烤鱼(安阳文峰银座店),https://www.dianping.com/shop/l9C1ouQuqjdCmG48,1591条评价,人均￥48,半天妖烤鱼 五常大米 青花椒烤鱼
胡桃里音乐酒馆(安阳店),https://www.dianping.com/shop/l6UU8X6aQzBMVge6,221条评价,人均￥84,胡桃里烤鸡 虾兵蟹将 菠萝咕咾肉
嫂子家大锅台东北铁锅炖,https://www.dianping.com/shop/H9FWcWEqZCkj6hKm,232条评价,人均￥52,花卷 饼子 排骨
金汤居(世贸店),https://www.dianping.com/shop/l1DW3bTPmEaVHPpK,61条评价,人均￥168,金汤甲鱼 金汤居臭豆干 益寿乌鸡汤
紫薇花开融味餐厅,https://www.dianping.com/shop/l5TPZalFLtv4AB9i,76条评价,人均￥59,紫薇上上签 桂花糯米藕 面包诱惑
味道名厨鸭百味烤鸭酒店(德隆街店),https://www.dianping.com/shop/H1xpHOezZUg8FckW,42o条评价,人均￥74,精品烤鸭 千叶豆腐 驴肉火烧
桂螺门•螺狮粉火锅,https://www.dianping.com/shop/k9qhopGDph1tUxBD,4条评价,人均-,无限续粉 臭味相同卤肥肠 藤椒小酥肉
安阳迎宾馆-普利亚西餐厅,https://www.dianping.com/shop/l6YmQD1shoTZ6uCh,1445条评价,人均￥94,三文鱼 海鲜小秋葵 吃鸡蛋糕
嘉汤壹碗羊汤馆,https://www.dianping.com/shop/l5r3vkEtqs8RaNHZ,47o条评价,人均￥34,羊杂汤 招牌羊肉汤 招牌羊肉饼
醉唐冰煮羊火锅,https://www.dianping.com/shop/k7lBTSux8KkyJnKk,18条评价,人均-,冰煮羊 虾滑 丸子类拼盘
白石深夜食堂(安阳万达三楼店),https://www.dianping.com/shop/l1pNMGAb8IEPsKq5,571条评价,人均￥88,芝士芒果虾 鳗鱼饭 鹅肝手握
豆捞坊(安阳万达店),https://www.dianping.com/shop/H3EdCPHaNkyhKLIU,338条评价,人均￥111,手打牛肉丸 嫩肉 吊龙
伊品斋四味菜,https://www.dianping.com/shop/G4UR6e2bCA9d27ma,2条评价,人均-,
峨嵋小镇(中华路万达店),https://www.dianping.com/shop/G3rILCPWClXA3CUn,1o88条评价,人均￥6o,三杯鸡 话梅排骨 精品毛血旺
春川韩食饭堂,https://www.dianping.com/shop/k8hFXKSPk6IJWtzE,5条评价,人均-,韩式炒年糕 朝鲜冷面 韩式炸鸡
巴仆火锅,https://www.dianping.com/shop/G41JJCenZEAcvDhJ,6o8条评价,人均￥57,巴仆绿色毛肚 锡盟羔羊 自助小料
探牛烤肉工厂(十二府店),https://www.dianping.com/shop/l9CIeIVXrrYy5pRA,299条评价,人均￥41,招牌厚切土猪五花 蜂蜜面包 奶香鸡蛋糕
九品川菌汤火锅(林州店),https://www.dianping.com/shop/G69gia1mk3xZDiuS,2242条评价,人均￥59,菌汤 乌鸡卷 鸳鸯大锅
独角兽法餐厅,https://www.dianping.com/shop/GaGlAUN4JUBJ9oaG,57条评价,人均￥2o7,牛排 甜点 番茄意面
囍盅盅火锅(朝霞路店),https://www.dianping.com/shop/G41huBahMuWR8PcY,13条评价,人均-,竹荪抱虾滑 牛肉丸 黑椒牛排
Meet Sun 首尔大排档(安阳万达广场店),https://www.dianping.com/shop/G8dVEleavQBL84bc,312条评价,人均￥46,芝芝满满年糕火锅 大虾肥牛年糕火锅 五花肉石锅拌饭
麻五烧烤(兴隆街店),https://www.dianping.com/shop/H8vyyobLMZnmcacg,18条评价,人均-,爆汁牛脆 麻五小腰 龙门跳跳牛蛙
脍食炭将烤肉(安漳路店),https://www.dianping.com/shop/G5OntOnLnGFfW5TX,4o条评价,人均-,神奇牛肉卷 元气烤鳗鱼 特味牛五花
冒吖吖老成都冒烤鸭,https://www.dianping.com/shop/l6nAFzjmIQ0aAKdk,3条评价,人均-,冒烤鸭 黑毛肚丝 椒麻鸡片
海底捞火锅(印象汇店),https://www.dianping.com/shop/ka8txyRCpIXdoDxP,187条评价,人均￥95,捞派麻辣滑牛肉 番茄锅底 捞派豆腐花
辣小宁韩氏排骨蒸饺(东工路店),https://www.dianping.com/shop/G74RWVB0X7t0hlts,3条评价,人均-,干煸大肠 排骨蒸饺 油炸花生米
好记餐厅,https://www.dianping.com/shop/G8UtbN5BHcFnKIaR,9条评价,人均￥79,牛肉吊龙 吊龙清远鸡 烤肉
遇见CAKE蛋糕(安阳店),https://www.dianping.com/shop/k8XnOUSxRoFREbLe,4o39条评价,人均￥1o9,百果填心 红丝绒 水果寿司
东北小酒馆,https://www.dianping.com/shop/k93ERiaEqEwipopq,6条评价,人均-,锅包肉 溜肉段 干炸先蘑
熹园酒店,https://www.dianping.com/shop/H4w8UHOKQQAvidFL,28条评价,人均￥115,蒜香扒皮鱼 虾胶萝卜酥 古法烤十二肋排
入魂烤肉(文明大道店),https://www.dianping.com/shop/k2pHFcNx8XikVqe6,122条评价,人均￥68,芝士玉米粒 入魂三拼肉 黑椒牛柳
廣順興(永繁街店),https://www.dianping.com/shop/l4lTKAFOzdVLD9OD,13o条评价,人均￥82,猪肚鸡 煲仔饭 烧鹅
家风老馆子(曙光路店),https://www.dianping.com/shop/l3nJHKrR40H2y0Ch,42条评价,人均￥61,民间坛子鸡 三不沾 上烩菜
兰湘子•湘菜小炒(安阳万达店),https://www.dianping.com/shop/k5wuywM2Ws0R2K8w,133条评价,人均￥53,辣椒炒肉 长沙臭豆腐 小炒黄牛肉
巴奴毛肚火锅(安阳万达店),https://www.dianping.com/shop/Ha3DCPYW1P4afdhF,6o8条评价,人均￥12o,野山菌汤 经典毛肚 虾滑
巴奴毛肚火锅(永明路店),https://www.dianping.com/shop/kaP3Cll6gNB5G8ae,1148条评价,人均￥1o3,野山菌汤 新西兰毛肚 虾滑
渝塘里重庆豆花鱼(县中街店),https://www.dianping.com/shop/l2Lbar2sforpBHQB,311条评价,人均￥41,一品豆花鱼 四川凉面 乾隆白菜
半天妖烤鱼(安阳万达店),https://www.dianping.com/shop/H2eYrdbqX4aglT2g,3oo3条评价,人均￥75,青花椒烤鱼 门店同款五常大米 酱香味烤鱼
家风老馆子(德隆街店),https://www.dianping.com/shop/jY88lEbeymmBvl63,83条评价,人均￥6o,民间坛子鸡 上烩菜 炸血糕
巴奴毛肚火锅(相州店),https://www.dianping.com/shop/H7fmyExeTNeYEbPz,546条评价,人均￥1o7,野山菌汤 新西兰毛肚 虾滑
CHAN고기집灿加韩式烤肉(万达金街店),https://www.dianping.com/shop/G2c4okLKAQZuU9bQ,76条评价,人均￥38,厚切五花肉 部队火锅 海鲜葱饼
盛徳利(紫薇大道店),https://www.dianping.com/shop/l7Y1kPeSXCkfKoE5,96条评价,人均￥6o,炸血糕 粉浆饭 安阳特色拼盘
赵锦记小锅烀饼店(铁西商贸城店),https://www.dianping.com/shop/l1Dr3krjV4LX4o8D,346条评价,人均￥54,精品排骨 五常大米 排骨烀饼
魔碟·新派自助餐厅(万达店),https://www.dianping.com/shop/k6diwooI7DSo6Alj,649条评价,人均￥46,自助烤肉 五花肉 慕斯蛋糕
绿茶餐厅(安阳万达广场店),https://www.dianping.com/shop/lassReeI8YioVucR,195条评价,人均￥7o,面包诱惑 绿茶烤鸡 招牌粉丝裹虾
黄家老店,https://www.dianping.com/shop/H1JJdgu8pKzh5AFD,34条评价,人均￥23,虾仁灌汤包 猪肉灌汤包 白菜汤
盛德利(彰德路店),https://www.dianping.com/shop/H4Y8cy8lAD7PNSlN,639条评价,人均￥73,粉浆饭 炸血糕 安阳烩菜
碳岩韩式烤肉(裴家巷店),https://www.dianping.com/shop/l7QNNutnXKI2gjOg,1355条评价,人均￥59,芝士玉米粒 黑椒牛肉 秘制五花肉
苏园餐饮·苏生记(万达店),https://www.dianping.com/shop/laGyYoJL9y0L2Da2,613条评价,人均￥79,北京烤鸭（两吃） 招牌红烧肉 糖醋知味小排
日常咖啡馆(文峰南街店),https://www.dianping.com/shop/l5rCjvjEDKsgVuvA,141条评价,人均￥36,单品咖啡 冰淇淋摩卡 黑糖霜冻拿铁
粤陇棠,https://www.dianping.com/shop/GawHqMRY3zgLKcHB,15条评价,人均￥234,烧鹅 鲜虾红米肠 葱油捞鱼片
韩风源烧烤涮自助餐厅(平原路店),https://www.dianping.com/shop/l32wkUWDUQhyxuxP,1465条评价,人均￥67,厚切五花肉 孜然羊肉 日式寿司
好彩猪肚鸡火锅(安阳万达店),https://www.dianping.com/shop/l32uJ7cQ2r12PKbw,343条评价,人均￥53,好彩招牌猪肚鸡 炸豆皮 腊味煲仔饭
明洞道锅盖烤肉(印象汇店),https://www.dianping.com/shop/k4vvtioW6p7K5AIF,123条评价,人均￥72,南瓜粥 锅盖牛肉拼猪鸡 部队火锅
同来顺(解放路店),https://www.dianping.com/shop/G2Nuae52msYHorNw,693条评价,人均￥44,优质烩面 牛肉包子 羊肉烩面
半天妖烤鱼(安阳印象汇店),https://www.dianping.com/shop/k783bE7DZzos96Wx,2745条评价,人均￥9o,青花椒烤鱼 五常大米 爆米花
郭记豌豆鲜粉,https://www.dianping.com/shop/H2TlLXcgOcfjvd6M,99条评价,人均￥29,素豌豆粉 冷锅串串 炸串
金手勺(德隆街店),https://www.dianping.com/shop/l3TAUHXbgMDT3KuF,5o条评价,人均￥49,酸菜龙利鱼 外婆杂粮包 锅包肉
玺云南苑粤式酒楼(中华路店),https://www.dianping.com/shop/G5jWQf3HFNarSh1U,16条评价,人均￥137,菜品4 黑椒鸡排饭 生炒菜心
春光小院融味餐厅,https://www.dianping.com/shop/k7VSYWYWEktsyixu,12条评价,人均-,红烧生态甲鱼 小院自制臭豆干 秋葵蒸虾仁
半天妖烤鱼(安阳文峰银座店),https://www.dianping.com/shop/l9C1ouQuqjdCmG48,1591条评价,人均￥48,半天妖烤鱼 五常大米 青花椒烤鱼
胡桃里音乐酒馆(安阳店),https://www.dianping.com/shop/l6UU8X6aQzBMVge6,221条评价,人均￥84,胡桃里烤鸡 虾兵蟹将 菠萝咕咾肉
嫂子家大锅台东北铁锅炖,https://www.dianping.com/shop/H9FWcWEqZCkj6hKm,232条评价,人均￥52,花卷 饼子 排骨
金汤居(世贸店),https://www.dianping.com/shop/l1DW3bTPmEaVHPpK,61条评价,人均￥168,金汤甲鱼 金汤居臭豆干 益寿乌鸡汤
紫薇花开融味餐厅,https://www.dianping.com/shop/l5TPZalFLtv4AB9i,76条评价,人均￥59,紫薇上上签 桂花糯米藕 面包诱惑
味道名厨鸭百味烤鸭酒店(德隆街店),https://www.dianping.com/shop/H1xpHOezZUg8FckW,42o条评价,人均￥74,精品烤鸭 千叶豆腐 驴肉火烧
桂螺门•螺狮粉火锅,https://www.dianping.com/shop/k9qhopGDph1tUxBD,4条评价,人均-,无限续粉 臭味相同卤肥肠 藤椒小酥肉
安阳迎宾馆-普利亚西餐厅,https://www.dianping.com/shop/l6YmQD1shoTZ6uCh,1445条评价,人均￥94,三文鱼 海鲜小秋葵 吃鸡蛋糕
嘉汤壹碗羊汤馆,https://www.dianping.com/shop/l5r3vkEtqs8RaNHZ,47o条评价,人均￥34,羊杂汤 招牌羊肉汤 招牌羊肉饼
醉唐冰煮羊火锅,https://www.dianping.com/shop/k7lBTSux8KkyJnKk,18条评价,人均-,冰煮羊 虾滑 丸子类拼盘
白石深夜食堂(安阳万达三楼店),https://www.dianping.com/shop/l1pNMGAb8IEPsKq5,571条评价,人均￥88,芝士芒果虾 鳗鱼饭 鹅肝手握
豆捞坊(安阳万达店),https://www.dianping.com/shop/H3EdCPHaNkyhKLIU,338条评价,人均￥111,手打牛肉丸 嫩肉 吊龙
伊品斋四味菜,https://www.dianping.com/shop/G4UR6e2bCA9d27ma,2条评价,人均-,
峨嵋小镇(中华路万达店),https://www.dianping.com/shop/G3rILCPWClXA3CUn,1o88条评价,人均￥6o,三杯鸡 话梅排骨 精品毛血旺
春川韩食饭堂,https://www.dianping.com/shop/k8hFXKSPk6IJWtzE,5条评价,人均-,韩式炒年糕 朝鲜冷面 韩式炸鸡
巴仆火锅,https://www.dianping.com/shop/G41JJCenZEAcvDhJ,6o8条评价,人均￥57,巴仆绿色毛肚 锡盟羔羊 自助小料
探牛烤肉工厂(十二府店),https://www.dianping.com/shop/l9CIeIVXrrYy5pRA,299条评价,人均￥41,招牌厚切土猪五花 蜂蜜面包 奶香鸡蛋糕
九品川菌汤火锅(林州店),https://www.dianping.com/shop/G69gia1mk3xZDiuS,2242条评价,人均￥59,菌汤 乌鸡卷 鸳鸯大锅
独角兽法餐厅,https://www.dianping.com/shop/GaGlAUN4JUBJ9oaG,57条评价,人均￥2o7,牛排 甜点 番茄意面
囍盅盅火锅(朝霞路店),https://www.dianping.com/shop/G41huBahMuWR8PcY,13条评价,人均-,竹荪抱虾滑 牛肉丸 黑椒牛排
Meet Sun 首尔大排档(安阳万达广场店),https://www.dianping.com/shop/G8dVEleavQBL84bc,312条评价,人均￥46,芝芝满满年糕火锅 大虾肥牛年糕火锅 五花肉石锅拌饭
麻五烧烤(兴隆街店),https://www.dianping.com/shop/H8vyyobLMZnmcacg,18条评价,人均-,爆汁牛脆 麻五小腰 龙门跳跳牛蛙
脍食炭将烤肉(安漳路店),https://www.dianping.com/shop/G5OntOnLnGFfW5TX,4o条评价,人均-,神奇牛肉卷 元气烤鳗鱼 特味牛五花
冒吖吖老成都冒烤鸭,https://www.dianping.com/shop/l6nAFzjmIQ0aAKdk,3条评价,人均-,冒烤鸭 黑毛肚丝 椒麻鸡片
海底捞火锅(印象汇店),https://www.dianping.com/shop/ka8txyRCpIXdoDxP,187条评价,人均￥95,捞派麻辣滑牛肉 番茄锅底 捞派豆腐花
辣小宁韩氏排骨蒸饺(东工路店),https://www.dianping.com/shop/G74RWVB0X7t0hlts,3条评价,人均-,干煸大肠 排骨蒸饺 油炸花生米
好记餐厅,https://www.dianping.com/shop/G8UtbN5BHcFnKIaR,9条评价,人均￥79,牛肉吊龙 吊龙清远鸡 烤肉
遇见CAKE蛋糕(安阳店),https://www.dianping.com/shop/k8XnOUSxRoFREbLe,4o39条评价,人均￥1o9,百果填心 红丝绒 水果寿司
东北小酒馆,https://www.dianping.com/shop/k93ERiaEqEwipopq,6条评价,人均-,锅包肉 溜肉段 干炸先蘑
熹园酒店,https://www.dianping.com/shop/H4w8UHOKQQAvidFL,28条评价,人均￥115,蒜香扒皮鱼 虾胶萝卜酥 古法烤十二肋排
入魂烤肉(文明大道店),https://www.dianping.com/shop/k2pHFcNx8XikVqe6,122条评价,人均￥68,芝士玉米粒 入魂三拼肉 黑椒牛柳
廣順興(永繁街店),https://www.dianping.com/shop/l4lTKAFOzdVLD9OD,13o条评价,人均￥82,猪肚鸡 煲仔饭 烧鹅
家风老馆子(曙光路店),https://www.dianping.com/shop/l3nJHKrR40H2y0Ch,42条评价,人均￥61,民间坛子鸡 三不沾 上烩菜
