刘炭长牛烧大块烤肉(巴林左旗店),https://www.dianping.com/shop/G5Z0GabYz3rspqHC,1条评价,人均-,黄金糕 牛板筋 肥牛饭
蒙都43°9羊火锅(林东店),https://www.dianping.com/shop/k9ZTPq05n7TCIK0C,13条评价,人均-,玉米汁 招牌骨汤锅 招牌小龙虾
龙梅蒙餐,https://www.dianping.com/shop/k7YTxbxidiP9zREW,18条评价,人均￥64,酸奶 御锅羊蝎子 奶茶
汉城涮羊肉,https://www.dianping.com/shop/k3tX3UDaX6D7yo2H,2o条评价,人均-,足足一斤新鲜羊肉 羊腿肉 羊肚
肥蚬子烤肉(林东二店),https://www.dianping.com/shop/GaNnTuvrOp9sSJy4,2条评价,人均-,酸菜 鱼香虾仁饼 黄金玉米热饮
万福自助烤肉涮锅广场(林东店),https://www.dianping.com/shop/k6WESsviHYlVfKJY,4条评价,人均-,成人烤涮 尖叫 酱汁菜
京都美食汇自助餐厅,https://www.dianping.com/shop/G2KskgUrvFNlzVxD,11条评价,人均-,正宗酸菜鱼 锅包肉 牛肉包
锅色天香(四道半街店),https://www.dianping.com/shop/k9q3s43Sz8UM1Aba,6条评价,人均-,麻辣香锅 特色烤鱼 养生焖锅
金福石锅鱼,https://www.dianping.com/shop/G2G7RppxHVZqTPGg,2条评价,人均-,木须肉 鱼香肉丝 香辣小河虾
邵汇大虾(沙里街店),https://www.dianping.com/shop/j3qpEfraJyHmyleY,1条评价,人均-,经典微辣锅 美味清香虾锅 劲爽麻辣锅
炭元素音乐主题优质烧烤,https://www.dianping.com/shop/l1u9bTxw03YZsKgb,4条评价,人均-,鲜串羊肉串 烤牛板筋 麻辣香锅
美蛙鱼头,https://www.dianping.com/shop/E9KjwudOvEuo3sYT,2条评价,人均-,
华莱士·全鸡汉堡(林东步行街店),https://www.dianping.com/shop/k3DvvqdOPPNGKQm8,37条评价,人均-,蜜汁手扒鸡 Double大薯条 蜜汁手扒鸡单人餐
朱家酒店中餐部,https://www.dianping.com/shop/H3bb34CvPiJXwbgs,8条评价,人均￥89,锅包肉 烤羊排 御锅韭花汆羊肉
俺们屯铁锅炖,https://www.dianping.com/shop/irClEip85BRyjinz,4o条评价,人均￥3o,铁锅炖鸡 烧茄子 金针菇
思烤烤肉(西城迎宾路店),https://www.dianping.com/shop/H5a0TtMJs8aijOEX,27条评价,人均￥3o,烤金针菇 生菜 培根紫菜包饭
印象塔林蒙餐,https://www.dianping.com/shop/l6bICczjACZ8eFZS,,人均-,牛肉大葱水饺 蒙古果子 葱爆羊肉
胡同特色烤鱼,https://www.dianping.com/shop/FO41zXJhhPnA50nk,1条评价,人均-,大天山原浆 青岛纯生 青岛白皮
我的虾享(富河丽景店),https://www.dianping.com/shop/H99iP8frcr6nSJqG,5条评价,人均￥25,四川麻辣小龙虾 辣炒黄蚬子 蒜香海虾
希甜蛋糕坊,https://www.dianping.com/shop/G30yAOejr2zhGqbE,1o6条评价,人均-,脏脏包 个性蛋糕 水果蛋糕
川庆火锅,https://www.dianping.com/shop/k31Fix6jukAJ7pn0,3条评价,人均-,
老万驴肉火烧馆(林东二店),https://www.dianping.com/shop/l7n2s7xrF1tofjB3,1条评价,人均-,驴肉火烧 板肠火烧 精品火烧
柴火铁锅炖,https://www.dianping.com/shop/H5bZH8WmMjKdoBh4,,人均-,
巴渝川菜馆,https://www.dianping.com/shop/k4KBtKb5BRMw9CMb,7条评价,人均-,酸菜鱼 宫保鸡丁 水煮肉片
朱家餐厅,https://www.dianping.com/shop/l9BZwx3JKI3WjYl8,27条评价,人均-,锅包肉 手撕饼 朱家小炒
亚瑞肥蚬子烤肉(林东分店),https://www.dianping.com/shop/l7wisdDhNlVAUNf3,3条评价,人均-,
旺顺阁(富河路店),https://www.dianping.com/shop/G3CL9TQWAkka9MqW,1条评价,人均-,
菅家排骨蒸饺,https://www.dianping.com/shop/k43qYQZKLeQeM3hu,2条评价,人均-,
花样年华火锅馆,https://www.dianping.com/shop/G7R44TeYw0diDX9i,,人均-,
祥润蒙餐,https://www.dianping.com/shop/H5LZ4ax3WbGENUvv,5条评价,人均-,
巴渝川菜馆,https://www.dianping.com/shop/ELQMrQnRu2LCbPgE,4条评价,人均-,重庆金汤酸菜鱼 水煮嫩牛肉 毛血旺
摩镫汉堡(林东店),https://www.dianping.com/shop/l95FHX1Bzb8IY95I,24条评价,人均￥31,现磨咖啡 香辣鸡腿堡 原味香骨鸡
印象塔林,https://www.dianping.com/shop/H8KvQicl7pO7iIef,16条评价,人均￥65,奶茶 牛肉锅包 招牌小龙虾
桂香斋烤肉,https://www.dianping.com/shop/H5VzpAMB89Csc1mP,,人均-,鱼香肉丝 糖醋鱼段 熘肉段
傻子王牛肉干店,https://www.dianping.com/shop/k3Wyvu0ubPQDHb3m,2条评价,人均-,特色牛肉干 傻子王风干牛肉干
月色烧烤会所,https://www.dianping.com/shop/l9mzSX3v4UxGv4C2,3条评价,人均-,水果沙拉 扬州炒饭 羊腰子
娟姐家果木烤肉,https://www.dianping.com/shop/G7PjDsz3tPIWE2SH,3条评价,人均-,麻辣莲藕片 香菇牛肉辛拉面 拌五香花生米
京城一锅羊蝎子火锅店,https://www.dianping.com/shop/Fh6E7CwaOyr7TVTI,,人均-,
金饭碗饺子馆,https://www.dianping.com/shop/k4HNtv5IT70Q53s1,1条评价,人均-,羊肉香菜 牛肉大葱 牛肉胡萝卜
超鸡魔王火锅鸡(林东店),https://www.dianping.com/shop/lazrMwss6hCkC8CL,,人均-,海带 白萝卜 牛百叶
烤匠烤吧,https://www.dianping.com/shop/l8bNSBtPWQuJOGkq,4条评价,人均-,火焰牛蛙 铁板开背虾 羊油腰
渔之乐烤鱼坊,https://www.dianping.com/shop/H5wMuyyURvMgajLq,,人均-,辣炒龙虾尾 珍珠汤 拍黄瓜
老渔翁灶台鱼,https://www.dianping.com/shop/H2Dyg5ZIhu1QYKKa,,人均-,
水库鱼餐,https://www.dianping.com/shop/G9mN3UoRp2Zkz7xB,,人均-,
稻草屋农家院,https://www.dianping.com/shop/l6kBYV406xScyR3g,,人均-,
非常烧烤(三道街店),https://www.dianping.com/shop/G8uv4Rrxdrwbgrs5,,人均￥6o,烤尖椒 鱿鱼 花蚬子
荀记酸辣粉(四道街店),https://www.dianping.com/shop/GaSDGS0Y2k2q0LvA,2条评价,人均-,酸辣粉中辣 花甲粉 酸辣粉麻辣
金掌柜东北私房菜,https://www.dianping.com/shop/l7YwtbfMOq3m6QFb,1条评价,人均-,滋味肉 酸辣粉 爆炒猪肚丝
灶台小笨鸡,https://www.dianping.com/shop/EV3x5WDNWQxxt6jS,,人均-,
建民烘焙(五道街店),https://www.dianping.com/shop/k3tVvSccE0tXMKEH,211条评价,人均￥21,脏脏巧克力小贝 鲜果之城 火腿披萨
月色烧烤辣炒海鲜,https://www.dianping.com/shop/H3QsNh5uSTWiaNze,1条评价,人均-,烤金针菇 牛肉筋 脆皮鸡爪
振雄私房牛肉面(步行街店),https://www.dianping.com/shop/G8MYHsB5Ipa0Kx2r,4条评价,人均-,私房香辣牛肉面 鸡蛋柿子炒面 瓜片火腿盖面
老兵酒楼(皇城路店),https://www.dianping.com/shop/k5oosc4Ajxxg9HSc,4条评价,人均-,鸡蛋汤 大米粥 荷包蛋肉丝面
宏晨快餐,https://www.dianping.com/shop/l7p0sEiWcJmkJZ9s,6条评价,人均-,炒菜鱼香肉丝 炒锅包肉 咖喱炒饭
多米诺蛋糕,https://www.dianping.com/shop/k9WozjnhYmR1iNqa,,人均-,
贤东铁锅炖,https://www.dianping.com/shop/G9f21VZHpuJRw0C5,,人均-,木须肉 麻辣豆腐 烧茄子
YOULIKE优来克,https://www.dianping.com/shop/G35Ehn4tHD1w75qh,197条评价,人均-,彩虹蛋糕 蛋挞 芒果蛋糕
犇牛烧烤,https://www.dianping.com/shop/l4OSYJcLncWNZ8kf,,人均-,羊肉串 牛心管 鸡翅
京华商务酒店快餐(四道街店),https://www.dianping.com/shop/H6E4BGp5qjckDWQF,4条评价,人均-,
穆氏特色烤牛肉,https://www.dianping.com/shop/k9FsX0JYEihBWtcN,,人均-,
