事后咖啡,https://www.dianping.com/shop/k6y2rSZmLJgzrHgV,3条评价,人均-,红烧肉盖饭 照烧鸡腿肉盖饭 焦糖肉桂苹果拿铁
永安楼饭店(安新店),https://www.dianping.com/shop/k3zAy1taGOypxUMU,263条评价,人均￥46,铁锅炖白洋淀大鲤鱼 永安楼特色肘子 香薰小笨鸡
九田家黑牛烤肉料理(安新镇店),https://www.dianping.com/shop/G4OnxLbPaWzdxBca,86条评价,人均￥1o7,照烧鸡腿饭 黑牛牡蛎肉 风花雪月
友记118,https://www.dianping.com/shop/H34mhQ9dv4lsoSB1,5条评价,人均-,小炒黄牛肉 夫妻肺片 乳瓜蟹柳
铁锅炖灶台鱼,https://www.dianping.com/shop/G6OFBkJAMf6Qqilv,333条评价,人均￥82,铁锅炖灶台鱼 贴饼子 荷叶炒鸡蛋
雄安院子,https://www.dianping.com/shop/iHFDr1OfCCqSWHft,14条评价,人均￥82,海鲜全家福 臭桂鱼 鱼香肉丝
壹捞百味蘸料火锅(安新店),https://www.dianping.com/shop/l44eZVKSTwheYOxY,64条评价,人均￥89,手工打牛肉 VC锅底 带脆骨的羊肉
月光饭店,https://www.dianping.com/shop/l9TEgEYySoio1BJp,16条评价,人均-,素面 狮子头
端村一锅鲜,https://www.dianping.com/shop/G5zQByEQUFA2HSQ3,95条评价,人均￥6o,精品杂鱼锅 荷叶芽摊笨鸡蛋 凉拌野菜苗
品味西域新疆风味餐厅,https://www.dianping.com/shop/H4v1egQGOD0QvN8Q,3条评价,人均-,新疆烤包 新疆烤馕 奥尔良烤鸡翅
悦海食府,https://www.dianping.com/shop/H5v68YTp6Y18UIFw,25条评价,人均-,炖杂鱼 炒鱼片 荷叶炒鸡蛋
北斗星(安新店),https://www.dianping.com/shop/H7wwmzMmCBhcRHmR,18条评价,人均￥56,神仙鸡 白洋淀石锅嘎鱼 冰糖莲子八宝粥
快乐番薯(安新崇文大街店),https://www.dianping.com/shop/GaG8LDwn5KdylPo3,3条评价,人均-,超多料奶茶吨吨桶 招牌薯圆奶茶 招牌薯圆
马馆,https://www.dianping.com/shop/k9tVQoyUfrH5hedV,26条评价,人均￥59,水煮鱼 烤鱼 干煸肥肠
同仁饭店(雁翎东路店),https://www.dianping.com/shop/G2OxhtM5cnbwEKns,36条评价,人均￥53,杂鱼饼子 豆角排骨烩卷子 葱爆河虾
豪焰海鲜烤肉自助,https://www.dianping.com/shop/G6sB85lFovu38vre,22条评价,人均￥64,牛扒 大虾 腰子
找茶快乐水,https://www.dianping.com/shop/Elhj7qCI5XHxpFdY,2条评价,人均-,厚芋泥爆爆牛乳 比利时黑巧冰乐 雪塔莓莓冰
聚丰楼,https://www.dianping.com/shop/EA7MviSOnIWrTQDX,1条评价,人均-,毛血旺 卤河虾 蒜蓉西兰花
爱肉堂烤肉(安新县店),https://www.dianping.com/shop/l2ehYVr4D9xPf9t5,3条评价,人均-,冷面 辣炒芝士年糕 传统石锅拌饭
老口味(永安大街店),https://www.dianping.com/shop/l9eY4d68ME7Rsd95,335条评价,人均￥73,灶台鱼 野生精品鱼 饼子
八鲜驴肉馆(京新风景园店),https://www.dianping.com/shop/k3QRwxPhaGNX4Rqq,1条评价,人均-,
提拉米酥烘焙坊(建设大街店),https://www.dianping.com/shop/G2nIsX05Zksy0OB9,41条评价,人均￥15,水果蛋糕 鲜奶原味切片 布丁
嗨咪尼最高鸡密,https://www.dianping.com/shop/k4qJ9T8pd67lN4gp,,人均-,
东来顺(东大街店),https://www.dianping.com/shop/k2xgH6R1v1iZLiHJ,4条评价,人均-,素面
曹疯子重庆火锅(安新店),https://www.dianping.com/shop/G7cgu6FxTghmRm0e,23条评价,人均￥1o1,重庆空运毛肚 虎皮鸡爪 招牌锅
雄安老保定罩饼,https://www.dianping.com/shop/H3BL1yTyXIiyLMjw,23条评价,人均￥6o,特色牛肉罩饼 烤羊肉白筋 素拼凉菜
脑袋祥饭店,https://www.dianping.com/shop/l10vVPYl1BEYJKSB,38条评价,人均￥76,拌野菜 溜鱼片 肉焖子
白洋淀不夜城,https://www.dianping.com/shop/H4Z4YmIhTUHp5bbH,21条评价,人均-,
马老二小吃,https://www.dianping.com/shop/k1QxDXlbyKp2UZCt,3条评价,人均-,歌乐山辣子鸡 烩饼
好美滋(华洋店),https://www.dianping.com/shop/G4whSkMxQzCkgW7q,296条评价,人均￥25,澳洲牛乳蛋糕 提拉米苏 芒果季
半天妖烤鱼(保定安新双隆店),https://www.dianping.com/shop/H2JQA5242bLqxvxX,174条评价,人均￥6o,半天妖烤鱼 超值海鲈鱼套餐 五常大米
巴洛克音乐餐吧,https://www.dianping.com/shop/G3U9gASquJgtl1Dq,1条评价,人均-,干炸小土豆 香酥河虾 芥末虾球
呷哺呷哺(安新双隆店),https://www.dianping.com/shop/l7lRCJLuAudz6wg7,248条评价,人均￥69,呷哺秘制调料 经典珍珠奶茶 虾滑
名都晓荷塘,https://www.dianping.com/shop/k3rg2w7Xxb3Ik7k9,2o条评价,人均￥72,手切牛肉 毛肚 鸭血
荷湘居,https://www.dianping.com/shop/H6ls7f4vt3Vv7PmJ,4条评价,人均-,老坛双脆 姜辣凤爪 时蔬小炒
五福楼,https://www.dianping.com/shop/H89bwaWBLL2ZLoOe,9条评价,人均-,五福楼杂烩 炸虾 龙凤鸭
破店肥哈·海鲜·烤串(安新店),https://www.dianping.com/shop/G1jP6BZ038fD3lcv,97条评价,人均￥97,QQ鸡架 甜麻肥蛤 辣卤鸭头鸭爪
王婆大虾(安新店),https://www.dianping.com/shop/k1I1gl5h0ThYbBE6,81条评价,人均￥68,现刨羊肉卷 芝麻酱槐店王婆香辣酱 皮蛋豆腐
刘氏秘制饸饹面,https://www.dianping.com/shop/k3rdeeJyDH2oqv27,1条评价,人均-,饸饹面 蜂蜜柚子 康师傅红茶
顺兴饭店(西关街店),https://www.dianping.com/shop/ka8ohWCRAIQGYBSO,5条评价,人均￥29,炖杂烩 玉米饼 西兰花
冰城外婆铁锅焖面(湿地华城店),https://www.dianping.com/shop/iNMsJr3DPfDvqznE,32条评价,人均￥28,
爱卤不卤集市火锅,https://www.dianping.com/shop/H8yQIsXayoUNyoHY,1条评价,人均-,
客串人生,https://www.dianping.com/shop/GaGN89ZLwmAQW7FU,6条评价,人均-,
鱼之味(建设大街店),https://www.dianping.com/shop/l2NMyD4TqoqqLITM,2o条评价,人均￥76,
摩吉,https://www.dianping.com/shop/H7kI2lCOe2lVJlMB,,人均-,
凤爪传奇(安新一店),https://www.dianping.com/shop/jLtZwsSZTHKgo7gv,7条评价,人均-,招牌烤鸡爪 麻辣小龙虾 辣炒花蛤
同口羊汤馆,https://www.dianping.com/shop/HaQCfZnMJKJKwyiQ,,人均-,
喜妮儿炸串,https://www.dianping.com/shop/G7RypYQCHW7WFd3S,5条评价,人均-,薯塔 豆皮卷韭菜 勇闯天涯罐啤
白洋淀华北明珠温泉饭店(交通宾馆店),https://www.dianping.com/shop/H5vsOWoUYFgQ5j5a,4条评价,人均-,
华莱士·全鸡汉堡(温泉花园店),https://www.dianping.com/shop/l2uKoL2raEe5CXWX,6条评价,人均-,香辣鸡腿堡 川味脆脆鸡小食餐 川蜀酸辣鳕鱼堡单人餐
马家小馆,https://www.dianping.com/shop/GainBLcmhuLneChL,2条评价,人均-,空心菜 饺子 干香口蘑
印楠山臻选餐厅,https://www.dianping.com/shop/H5hSFcTxk9mMvNjk,,人均-,沸腾鲈鱼 蜜汁山药 老坛酸菜鱼
白洋淀锅里口灶台鱼,https://www.dianping.com/shop/k5h3fnVDPXAit7Me,223条评价,人均￥73,灶台鱼 嘎鱼 咸鸭蛋
铁板鸡架,https://www.dianping.com/shop/j8EZVkc8S9vGaNNh,4条评价,人均-,鸡架 小麦王啤酒 玉米肠
酉将军鲜炒大盘鸡,https://www.dianping.com/shop/G8UoI9Y6k2cawbjl,,人均-,
祥和谷麻辣香锅(双隆店),https://www.dianping.com/shop/G1K2K1OhL7DGJ1fz,2条评价,人均-,龙虾丸子 千叶豆腐 玉米肠
香辣虾火锅,https://www.dianping.com/shop/GaMRHSInq4VuENos,15条评价,人均-,香辣虾
明旺蛋糕时尚烘焙,https://www.dianping.com/shop/la2b4aKzCciXOXcD,1条评价,人均-,菠萝包 巧克力椰香饼干 毛毛虫
鲜煮义·一家有理想的粥店(安新店),https://www.dianping.com/shop/H2yF48IOgmlFBFcB,,人均-,猪肉大葱馅饼 紫薯土豆包 紫薯卷
水乡饭店(白洋淀店),https://www.dianping.com/shop/H9AFShNxbbeqaevK,13条评价,人均-,柴锅炖杂鱼 咸鸭蛋 凉拌荷叶卷
