肆李·知鱼知味(白玉店),https://www.dianping.com/shop/G3BIkbtXWkSmq4dn,28条评价,人均￥7o,花椒鱼 腾椒鱼 鸡爪稀溜耙
付姐豆花饭店,https://www.dianping.com/shop/lax4UgKNtBNBTzTo,2条评价,人均-,豆花 高山土豆炒腊味
蜀大侠火锅(白玉店),https://www.dianping.com/shop/ie6KXnE8fcjVUcl0,5条评价,人均-,花千骨 贵妃牛肉 战神腰片
小川味(白玉店),https://www.dianping.com/shop/k8DDwfUQOvkmbPjc,3条评价,人均-,米饭 双椒嫩牛肉 水煮鱼
百善堂(白玉店),https://www.dianping.com/shop/k1nMMLbgKZ9Jiy2t,8条评价,人均-,野生菌牦牛肉汤锅 凉拌鸡 野菌牦牛排
玉禾鲜饭店,https://www.dianping.com/shop/G587DqSdh1lfhqvT,2条评价,人均-,干锅鸡
书亦烧仙草(甘孜白玉县电信广场店),https://www.dianping.com/shop/G612Rr6jc29Y3X7Q,1条评价,人均-,
蓉城烧烤,https://www.dianping.com/shop/l7IIL5UR84ztllZV,1条评价,人均-,回锅肉 羊肉串 馄饨
三顾冒菜(白玉店),https://www.dianping.com/shop/H78UVPRye23Dheu2,1条评价,人均-,三顾冒菜
陕西手工大碗面,https://www.dianping.com/shop/G8phYLNEDTdILYHl,,人均-,油辣椒手擀宽面
成都饭店(甘白路店),https://www.dianping.com/shop/H3Etbm6XEpaAyZdV,1条评价,人均-,
罐罐米线(甘白路店),https://www.dianping.com/shop/l7dXDHUzLsUuohAN,2条评价,人均-,麻辣粉 鸡杂面 刀削面
蜀味源川菜馆,https://www.dianping.com/shop/l2ax9596Z3F48S0q,1条评价,人均-,炒鸡 茄子 大虾
一品红渔府,https://www.dianping.com/shop/k6bzpALCDCwzQxyQ,,人均-,
古真记钵钵鸡,https://www.dianping.com/shop/G91cyiFPqWarqWxb,,人均-,
正新鸡排(白玉店),https://www.dianping.com/shop/ilS7MsCk1L4ucB38,1条评价,人均-,青汤面
锦城大院(河东中街店),https://www.dianping.com/shop/H8jvJxu6Xl4mcpf8,1条评价,人均-,
曾曾包子店,https://www.dianping.com/shop/F66ZfWmGYuYAkAhY,1条评价,人均-,卤蛋 肉包 豆浆
美味蛋糕店,https://www.dianping.com/shop/l2dmbo35afX7fe6M,1条评价,人均-,
雅琳砂锅串串(白玉店),https://www.dianping.com/shop/G9ZEaODQd5TiqTH7,1条评价,人均-,串串 干碟 毛肚
客缘居食府,https://www.dianping.com/shop/G6ipshEyaSfnG3mp,1条评价,人均-,毛血旺 麻辣龙虾
签王之王(之王串串店),https://www.dianping.com/shop/k6pqRulN2B6ftIKb,,人均-,
面中王,https://www.dianping.com/shop/jkLo1mrzZpNe9k30,1条评价,人均-,刀削面
一口香火锅(白玉店),https://www.dianping.com/shop/G9mI4gW5eXRfl64i,1条评价,人均-,羊肉串
麻辣轩烧烤店,https://www.dianping.com/shop/l1m7vZYOmOKGmvmv,1条评价,人均-,
白玉欢乐水吧,https://www.dianping.com/shop/G3tpymh424ptN9OI,,人均-,
食乡味川菜馆,https://www.dianping.com/shop/l4Y6NUVexhLrAcqH,,人均-,
广海饭店,https://www.dianping.com/shop/k6lYIRxAIv7Udq2Y,,人均-,
品川鱼府,https://www.dianping.com/shop/H4jGktPyHk65sTm3,,人均-,
电特无烟烤肉店,https://www.dianping.com/shop/H4Dydivjt8JlwHVj,,人均-,
三食坊晚餐,https://www.dianping.com/shop/H7on6p1egTUmQRfE,,人均-,
拉错小吃店,https://www.dianping.com/shop/l5KEGgTo0lZ15nWY,,人均-,
七嘴八舌烧烤(盛德路店),https://www.dianping.com/shop/l8fAk6w8UaVHGw0C,,人均-,
一只酸奶牛饮品店(白玉县店),https://www.dianping.com/shop/H5vECelrQLUwSnEx,,人均-,武夷红薯泥沙沙 武夷红糯糯红豆 武夷红桂花酒酿
综合农贸市场,https://www.dianping.com/shop/H3qyuA866ijildeC,,人均-,
鹤鸣副食,https://www.dianping.com/shop/H6rncivssu5iKeFP,,人均-,
雍阔盛地,https://www.dianping.com/shop/G7izt07fP1jrehR0,,人均-,
怡家老火锅,https://www.dianping.com/shop/k4uXow4UvwGSfiBK,,人均-,
周记溢碗面,https://www.dianping.com/shop/G2D61N4pEIgIb2UA,3条评价,人均-,拌面 抄手 鸡蛋面
山西刀削面水饺,https://www.dianping.com/shop/iJfN2She4oT2gNi4,,人均-,
翠花冒菜,https://www.dianping.com/shop/k9EIza5ZI9be2Yug,,人均-,
必来客(白玉店),https://www.dianping.com/shop/H9eCueMD3iZZJTvO,2条评价,人均-,干锅菜花 干锅鸡
澳斯堡,https://www.dianping.com/shop/Gah5glHEXkj7daJ5,,人均-,
518号coffee roaster(咖啡集合店),https://www.dianping.com/shop/H2l0r7KRM3jIzeSQ,,人均-,
XinJin鲨鱼小吃(白玉店),https://www.dianping.com/shop/k2LWlif0RXYhwyl1,1条评价,人均-,火锅粉 麻辣烫 麻辣鱿鱼
聚福藏餐吧,https://www.dianping.com/shop/k6VstkyEtkbmmunB,,人均-,
人生海海奶茶店,https://www.dianping.com/shop/H4RAuxUskUAVaDaF,,人均-,
欣杭副食,https://www.dianping.com/shop/l3rot2RU64wvIrZ2,,人均-,
水银水吧,https://www.dianping.com/shop/kaMY1W2INNnYe8cR,,人均-,
