酒拾烤肉(安仁店),https://www.dianping.com/shop/jWeOfWKfjVziqmnE,74条评价,人均￥111,招牌五花肉 酱油蛋炒饭 绝味鱿鱼须
许大优的炸鸡铺(安仁店),https://www.dianping.com/shop/G2iftI3KYykTXLsP,7条评价,人均-,辛拉面 辣味芝士薯条 网红芝士球
老北京涮羊肉(安仁店),https://www.dianping.com/shop/k6XSGy9PswXTUDhU,,人均￥2o,清炒淮山 口味田螺 口味花甲
鼎涮天下(安仁店),https://www.dianping.com/shop/k8mhCNEBqfwwYAwn,2条评价,人均-,小酥肉 虾滑 上品肥牛
永安人家(安仁店),https://www.dianping.com/shop/H2lzITytuoQyuoYH,17条评价,人均￥42,蟹黄粉丝 芹菜炒牛肉 铁锅田螺牛排
蛋糕地带·御尚生日蛋糕(安仁县店),https://www.dianping.com/shop/l2vPJiIbTemQxPtc,57条评价,人均￥45,寿比南山 心形水果巧克力蛋糕 芭比娃娃
牛爵1983牛排专家(安仁店),https://www.dianping.com/shop/FIrwGlJi58f2rkvJ,1o条评价,人均-,香辣牛排 沙朗牛排 菲力牛排
瑭小唐,https://www.dianping.com/shop/H1VCdqMssrxjT2VD,17条评价,人均￥46,布蕾珍珠奶茶 蔓越莓雪花酥 蛋黄酥
云南蒸汽石锅鱼,https://www.dianping.com/shop/G8Xg4RvDn4w1I9uy,3条评价,人均-,红薯粉 金针菇 鸭血
回家吃饭(安仁店),https://www.dianping.com/shop/G9cDjjS8jjJNjpyr,9条评价,人均-,特色高压杂粮 卤蛋爱牛蹄 生态竹筒排骨
发财火锅,https://www.dianping.com/shop/G6gnpAJABS4db4Ta,61条评价,人均-,
ARTEASG(鲜奶茶·七一路店),https://www.dianping.com/shop/G4XxCkRsMbr7SztO,6条评价,人均-,
德克士(安仁餐厅),https://www.dianping.com/shop/HaABotsCy5nHCPIT,348条评价,人均￥23,
虾小巷(安仁店),https://www.dianping.com/shop/G8I5svDtZMGmtNcX,1条评价,人均-,
木子食堂,https://www.dianping.com/shop/Haql1vQiHOTWxF2U,6条评价,人均-,
同班同学烧烤,https://www.dianping.com/shop/k5Flc2lFPTEVBHBy,2条评价,人均-,炒河粉 豆腐皮 烤茄子
古茗(新天地广场店),https://www.dianping.com/shop/H8cJbt7JYE3OfNNK,33条评价,人均￥16,布雷脆脆奶芙 杨枝甘露椰奶 超A芝士葡萄
葡京聚香阁(安仁店),https://www.dianping.com/shop/H5Ljs9Vhdz2tUfrw,1条评价,人均-,蛋炒饭 皮蛋瘦肉粥 虾蟹粥
阳哥酸菜鱼(达康永乐府店),https://www.dianping.com/shop/H2NEWzEKxOoOZ4dS,1条评价,人均-,芹菜炒牛肉饭 爆炒猪耳不配米饭 毛血旺不含米饭
安仁县嘛给烤肉自助餐厅,https://www.dianping.com/shop/GaPkuyKrwQgmCHAx,9o条评价,人均-,羊肉卷 寿司 精品雪花肥牛卷
文明面馆(二中店),https://www.dianping.com/shop/k6eRBKZObraRz26L,1条评价,人均-,
塔斯汀中国汉堡(七一广场店),https://www.dianping.com/shop/H5n539uY8tndR1D7,3条评价,人均-,
东州别院,https://www.dianping.com/shop/G3E1f4Ij9wyfttu0,2条评价,人均-,
蛙来达(安仁店),https://www.dianping.com/shop/G1UPI82pwVwLl7SN,8条评价,人均-,
肯德基(五一路店),https://www.dianping.com/shop/l6xTSyZRgGFGU0aq,29条评价,人均-,
家感新厨(安仁店),https://www.dianping.com/shop/H8NYCqm928HMejps,6条评价,人均-,
大良小饺(安仁店),https://www.dianping.com/shop/k19qacf7jGIwN6sY,3条评价,人均-,
强志麻辣汤,https://www.dianping.com/shop/H37xvxHNimCxt56F,2条评价,人均-,
麦多福(八一东路店),https://www.dianping.com/shop/l5ztjAQxnVrukttK,,人均-,
九记八方·甜品·下午茶(安仁店),https://www.dianping.com/shop/k3s1zPulpPdnq7UY,1条评价,人均-,
辣子千红成都火锅(郴州安仁雄森华府店),https://www.dianping.com/shop/H5iEF4xj1QnI5HgA,,人均-,
黄记煌三汁焖锅(安仁店),https://www.dianping.com/shop/H8tQfLzEsgajOBtc,4条评价,人均-,排骨 鸡翅中 炸豆腐皮
霓裳茶舞(安仁宏伟城店),https://www.dianping.com/shop/jnHsq6Buvw8xoZvs,2条评价,人均-,桃花朵朵开 霜红雪卷 葡萄多多
湘嫂当厨(安仁店),https://www.dianping.com/shop/EhVjfXPfs6io6Y4o,2条评价,人均-,冬笋腊肉
禾一寿司小酒馆(安仁县店),https://www.dianping.com/shop/G8PD3It7wMIkFog0,1条评价,人均-,椰果奶茶 香辣卤豆皮 肉松小卷
唐记驴肉火锅(安仁店),https://www.dianping.com/shop/k3R4tS29S6KpvuF4,,人均-,
叽叽炸炸店,https://www.dianping.com/shop/k2eRKXAkIgxRtV9J,,人均-,酸辣粉 火龙果双皮奶 手工蒸饺
莱茵小镇(新天地店),https://www.dianping.com/shop/G9VJt6lXpbAkAwIg,9条评价,人均-,小镇啤酒鸭 米粉香菇 爆炒牛蛙
三南饭店(安仁店),https://www.dianping.com/shop/k4O9Im51eSne97Yn,8条评价,人均￥41,铁板牛肉 炒酥肉 豇豆猪小肠
陈厨湘南印象(安仁店),https://www.dianping.com/shop/H7yxTVMFseH2DLoA,5条评价,人均-,安仁抖辣椒 长豆角茄子 花菜
巴香驴肉汤锅(安仁二店),https://www.dianping.com/shop/l4tlOSwtjQoHKCUu,1条评价,人均-,
万利隆活力烘焙(安仁店),https://www.dianping.com/shop/l39Poe0wPmqjbX7b,6条评价,人均-,流芯羊角 白雪公主 芝士蛋糕
小橙都(安仁店),https://www.dianping.com/shop/iVWQzQT1uqDwvod2,9条评价,人均￥24,金针菇 豆芽 方便面
小时光披萨,https://www.dianping.com/shop/G7oQP4EOz6RfIMaa,,人均-,小食拼盘送可乐 奥尔良烤鸡 彩虹慕斯蛋糕
大碗兄弟(安仁店),https://www.dianping.com/shop/G1sx9SZ90UnID1hZ,5条评价,人均-,青椒筒子骨 银丝饼 香辣片片鱼
柴火烫皮稻田公园店,https://www.dianping.com/shop/jwAenVkqaFFSKsFt,1条评价,人均-,卷饼
有间小吃店麻辣香锅冒菜,https://www.dianping.com/shop/H6qClzmPHr6xLgpZ,1条评价,人均-,鹌鹑蛋 迷你麻辣香锅 腊味
童年面馆(安仁店),https://www.dianping.com/shop/l2rS9vwrdK5yOg5z,1条评价,人均-,牛腩面 青椒瘦肉面 草猪肉馄饨
侯师傅餐馆,https://www.dianping.com/shop/latiAWnJD7JAaMRj,,人均-,洋葱炒鸡蛋 豆角炒肉 小炒牛肉
大萝卜小辣椒(安仁店),https://www.dianping.com/shop/EUh9ueKXXrSAWzLc,2条评价,人均-,外婆菜炒饭 奥尔良鸡排炒饭 泡云耳
甜心小筑(校园巷店),https://www.dianping.com/shop/H59GOgDp9JmZQ0NP,,人均-,奥利奥雪媚娘 红丝绒 芒果雪媚娘
义家鲜羊肉馆(安仁店),https://www.dianping.com/shop/G3w17ImPWznGBUrO,,人均-,
炣炣茶,https://www.dianping.com/shop/l3iSvQP6ZHywwcht,,人均-,椰果奶茶 脆骨 牛板筋
阳小姐杂货铺,https://www.dianping.com/shop/kaS6fh80KPGkE352,,人均-,武汉热干面 拌粉 牛肉串
实惠饭店,https://www.dianping.com/shop/G7yfmGrVQagnq7QF,1条评价,人均-,猪心汤 口味牛排 青椒炒干鱼
洞氮胡记羊肉馆(安仁仁北路店),https://www.dianping.com/shop/H13clCJ7QLrfBUxb,,人均-,
家家福蛋糕店,https://www.dianping.com/shop/l3M2kLyvZBcqc5Qm,1条评价,人均-,
椰子里(凤岗路店),https://www.dianping.com/shop/k9SqhRB0yfpKfNUo,,人均-,
慕茶(安仁店),https://www.dianping.com/shop/G2pLlJFse4RfNoAN,4条评价,人均-,
无辣不欢烧烤店,https://www.dianping.com/shop/l7CPnWxOqWFqwyqQ,,人均-,
