韩红石板肉(柏乡店),https://www.dianping.com/shop/k3jbao6e75NxEgxv,1条评价,人均-,生菜 火焰五花肉 纯纯的鲜肉肠
豆浆鱼火锅(柏乡分店),https://www.dianping.com/shop/GaB4yA4iszmML4z0,12条评价,人均￥35,豆浆锅底 巴沙鱼 番茄锅底
江南食府,https://www.dianping.com/shop/E2jmETyot2WkS6HA,8条评价,人均-,清蒸鱼 葱油芥兰 烟笋炒腊肉
香麦尔面包工坊(建设路店),https://www.dianping.com/shop/G5zOW9VMeLN5MWrz,26条评价,人均-,玫瑰花语 法式泡芙 水果蛋糕
福满楼酒店,https://www.dianping.com/shop/G9AcUR1tgFZi541G,5条评价,人均￥38,小饼酱肉丝 家乡豆皮 黄豆闷鹿筋
槐阳食府,https://www.dianping.com/shop/k4uhOOmjtvacv4iN,2条评价,人均-,清蒸鲟鱼 酱驴肉 毛血旺
熊家无二·韩式炸鸡(柏乡店),https://www.dianping.com/shop/H2GWu8M97N4croTU,3条评价,人均-,米奇果星人 招牌薯条 纯肉拼盘炸鸡
8090蛋糕坊(柏乡店),https://www.dianping.com/shop/G3qic9LUP7rPY8So,186条评价,人均￥48,木糠杯 水果慕斯 葡式蛋挞
老王头饺子(槐东大街店),https://www.dianping.com/shop/l993ArIcyGx2TMol,8条评价,人均￥29,面条 涮菜 粉条
田小七火锅,https://www.dianping.com/shop/G4JkedEJFyDBqyPI,,人均-,
食尚庄园,https://www.dianping.com/shop/FIuIscwpJyxfDl9V,,人均-,青菜拉面 炸酱面 辣子杂面
阎建勋清炖羊肉铜锅涮,https://www.dianping.com/shop/k2OO3y180qx4HYgi,5条评价,人均-,铜锅涮羊肉 羊肉串 烧烤大全
乐堡士(柏乡店),https://www.dianping.com/shop/HaPeRTcDw3tyqzxO,1o1o条评价,人均￥15,劲脆鸡腿堡#1#1#3.1000#0.0000 薯条 大白杯可乐
元科蛋糕店,https://www.dianping.com/shop/G7kUtLN6qtCjo7dr,18条评价,人均-,陂萨 水果蛋糕 卡通人物蛋糕
健康食府,https://www.dianping.com/shop/l8cOBLST20EagGzU,1条评价,人均-,
南阳西口饭店,https://www.dianping.com/shop/k6zMF05h0ClUHfEf,,人均-,
罗曼林(柏乡店),https://www.dianping.com/shop/l9j0sPYuAQvr9D3N,,人均-,芋泥波波奶茶 芋泥波波椰椰 芒果圣代
蜜糖欧茶,https://www.dianping.com/shop/H6VmtOZdeipPdGD5,1条评价,人均-,椰奶冻 芋圆 红豆布丁抹茶
贝吉堡德式汉堡,https://www.dianping.com/shop/G9hrbPLEe79nSDzc,1条评价,人均-,香蕉风暴 原味奶茶 柠檬百香果
仟味一鼎自助小火锅(建设路店),https://www.dianping.com/shop/Ha6syAotCmRZeWv7,,人均-,自助餐(清汤)
北大荒饺子,https://www.dianping.com/shop/G630uWMWCZ3QuQmy,3条评价,人均-,
豆花鱼火锅,https://www.dianping.com/shop/k6AwCldokjGWMr5q,,人均-,
乡禾馅饼(柏乡店),https://www.dianping.com/shop/jZ4OhbAZfutBtHzL,4条评价,人均￥18,
石一厨饺子,https://www.dianping.com/shop/H5r8eLZxsaRubP2g,1条评价,人均-,
河间驴肉火烧(汉牡丹街店),https://www.dianping.com/shop/G44mE1wWz6YIpij6,,人均-,
米奇屋,https://www.dianping.com/shop/k35NFIVtGtlB8Xc0,,人均-,
一品自助餐厅(柏乡店),https://www.dianping.com/shop/l8jW8FOHVaxaDoGU,53条评价,人均￥27,
张亮麻辣烫(柏乡店),https://www.dianping.com/shop/G4aZCLUhOrS16tFU,5条评价,人均￥15,
河畔人家(槐东大街店),https://www.dianping.com/shop/H2VAO33OB1Jswd0x,,人均-,
虾吃虾涮(柏乡店),https://www.dianping.com/shop/H5AeqxzZAPXUYtMW,32条评价,人均-,
程家熏鸡,https://www.dianping.com/shop/k1scSYJ3U3pZvXtm,2条评价,人均-,
槐阳饭店,https://www.dianping.com/shop/HaN0aOXaz7FykjyH,,人均-,
友信驴肉火烧,https://www.dianping.com/shop/H7BiPtPhjgLCw02F,2条评价,人均-,驴肉火烧 素拼凉菜 驴杂汤
铁锅孙(柏乡店),https://www.dianping.com/shop/k6ygMeFBMaIVIBec,,人均-,骨汤清汤锅 秘制香辣酱 滋补清汤锅
美妙食刻功夫煎饼(柏乡店),https://www.dianping.com/shop/G7X8MuKzoZ8wSxbz,1条评价,人均-,香脆鸡排饼 酸辣粉 全麦煎饼
巴蜀小院老火锅,https://www.dianping.com/shop/G6Gp0sNiA8CZl2eO,1条评价,人均-,
川缘乡情,https://www.dianping.com/shop/k22VfdlXaV75sQQ2,,人均-,
满口香蛋糕屋,https://www.dianping.com/shop/latWfOQai4VGLTUN,,人均￥19,
自助酱大骨,https://www.dianping.com/shop/l9MlYGA0OJTBnLJb,,人均-,
优香客秘制酱大骨饸饹面,https://www.dianping.com/shop/l32UwYfbFFIfRnml,,人均-,
厚炒酸奶,https://www.dianping.com/shop/k4IIclQdNNBKhPdI,,人均-,
芍药居,https://www.dianping.com/shop/k5MTI73RpF2778qK,2条评价,人均-,
小锋烧烤,https://www.dianping.com/shop/H4MlTahdaIN2Jw0b,,人均-,
温州透骨香烤鸡,https://www.dianping.com/shop/k7SKqjEANb1sZJ1T,,人均-,
强子烧烤涮,https://www.dianping.com/shop/l8pABmoKUHHPlmou,,人均-,
魏记牛肉板面,https://www.dianping.com/shop/k9I0tHMEhJSe2yTB,,人均-,板面 豆腐竹 卤鸡蛋
利云烟酒粮油批发,https://www.dianping.com/shop/l2gHkcya3TmmaleB,,人均-,
御道农家驴肉,https://www.dianping.com/shop/k9ZCfYaBgoLLV12B,,人均-,
千禧鹤冷鲜肉,https://www.dianping.com/shop/G83u9KfGT3V2h74O,,人均-,
和风牛肉馆,https://www.dianping.com/shop/j1CBD1nwfcQZQQxQ,,人均-,
聚香阁骨头馆,https://www.dianping.com/shop/H7M1m9juHceKNBej,,人均-,干煸豆角 辣椒炒肉 干锅土豆片
山西面馆,https://www.dianping.com/shop/l2TArLgBCxryT2Z3,,人均-,
黔乡牧人(千秋大街店),https://www.dianping.com/shop/H3QdX1SyljJ9nKuT,,人均-,
山西名吃鲜肉饺子刀削面,https://www.dianping.com/shop/HalsgUOiinZtfhfh,,人均-,
柏味饸饹面,https://www.dianping.com/shop/H7rzRKDkMKYn2EBZ,,人均-,
食尚客家常菜(赵辛线店),https://www.dianping.com/shop/k3fMAd8u90fF5deG,,人均-,
果木烤鸭,https://www.dianping.com/shop/H6H2KaVujYCkOmLe,,人均-,
盛焱威县饼卷剔骨肉,https://www.dianping.com/shop/l5RLSKNKZcInwrEu,,人均-,粉皮肉 饼卷剔骨肉 白菜烧豆腐
风味驴肉,https://www.dianping.com/shop/H36dz8MJAaCnkUs8,,人均-,
惠民烟酒粮油土特产,https://www.dianping.com/shop/k3X99Jhe36eYj2RV,,人均-,
