福寿居,https://www.dianping.com/shop/G4pkcpAU3AyrAg4w,94条评价,人均￥1o4,剑鱼 香猪 农家螺煎蛋
巴马瑶佬庚烤香猪,https://www.dianping.com/shop/H9QNPimsmxaC0au2,2o条评价,人均￥58,烤香猪
巴马幸福里餐厅,https://www.dianping.com/shop/G8yNDSt9bhUYDCdH,1oo条评价,人均￥77,炸豆腐 野菜包 酸汤柠檬鱼
幸福里(印象店),https://www.dianping.com/shop/kaW0rIwd36tOaKny,3条评价,人均-,野菜包 笋干炒五花肉 烧鹅
巴马柴火鸡大排档,https://www.dianping.com/shop/kaJlL5GMxKz760Gg,8条评价,人均-,柴火鸡 火麻蒸蛋 柠檬鸭
茂军螺蛳粉(印象巴马店),https://www.dianping.com/shop/G3a2uV6XyUvZGcnN,38条评价,人均￥13,原味螺蛳粉 鸭脚 卤蛋
小城湘遇(巴马店),https://www.dianping.com/shop/k7C3KQojqTEhGSpT,16条评价,人均-,剁椒鱼头 农家小炒 干锅肥肠
瑶家菜馆,https://www.dianping.com/shop/l8UXQMxM8aUiNkaN,17条评价,人均￥1o4,豆腐圆 炒野菜 籽虾
望湖人家鱼馆,https://www.dianping.com/shop/k3mTJ3TQGi7g8hJd,48条评价,人均￥81,一鱼三吃 麻辣鲜爽鱼片 农家自种青菜
巴马赐福湖君澜云天阁餐厅,https://www.dianping.com/shop/G1tgzweJXYAQHdbM,19条评价,人均￥125,腊鸭蒸肉饼 东坡肉 金针菇
壮瑶乡村土菜馆,https://www.dianping.com/shop/H48IdzoCb3APBbSw,27条评价,人均￥69,豆腐 黄豆鱼 茄子煲
瑶膳府私房菜,https://www.dianping.com/shop/H191gMwwajJ0alZf,1条评价,人均-,
姚叔油条,https://www.dianping.com/shop/FPCX0Qqqb7iIpGZ7,1条评价,人均-,油条
乡土人家(寿乡大道店),https://www.dianping.com/shop/labwbPwPtKbEBiEG,7条评价,人均-,腊肉双蒸
马肉大排档,https://www.dianping.com/shop/G2pDzB2swy9owAA4,4o条评价,人均￥73,马肉炒饭 炖马排骨 红烧马排
福寿缘土菜馆,https://www.dianping.com/shop/G4x3viNzh43LPgt7,51条评价,人均￥48,野菜 烤香猪 火麻汤
政兴老坛酸菜鱼,https://www.dianping.com/shop/k1TjsbAJ7D60j7oE,32条评价,人均￥55,酸菜鱼 油包肝 野菜豆腐饼
黄大鲜精品螺蛳粉,https://www.dianping.com/shop/G4Vo0jzV7TnRFGhL,13条评价,人均￥11,脆皮螺蛳粉 紫薯西米露 桂林米粉
德福土菜馆,https://www.dianping.com/shop/H8Q1LmF7QDN4SZ9Y,1条评价,人均-,
六叔烤香猪,https://www.dianping.com/shop/FAb64Z97B8qavlrm,7条评价,人均-,
鲜鱼阁,https://www.dianping.com/shop/H5JIpSUzs9CjYQyK,1条评价,人均-,
往上up,https://www.dianping.com/shop/l7DoX7eGO4QxX2BW,1条评价,人均-,椰椰木瓜 斑斓暖咖啡 桃气拿铁
益寿饭庄,https://www.dianping.com/shop/k5f2MAggU2YoaQxw,15条评价,人均￥52,长寿火麻汤 巴马三宝油鱼 清蒸南瓜
大众餐馆(坡月街店),https://www.dianping.com/shop/l73COS7vUGx6muCM,1条评价,人均-,
松井居酒屋(印象巴马店),https://www.dianping.com/shop/k1uTQVXvYEqZc22k,6条评价,人均-,三文鱼寿司商务拼盘 北极拼三文鱼 火爆鳗鱼全拼
辉记猪肚鸡酒楼(巴马店),https://www.dianping.com/shop/H3v1frARwbmHOs1d,44条评价,人均￥62,秘制猪肚鸡 吉祥三宝 火麻汤
巴马名家小厨,https://www.dianping.com/shop/jdZ4C4R7Mnzj9C5J,115条评价,人均￥72,火麻汤 巴马烤香猪 野青菜
螺公堂(巴马店),https://www.dianping.com/shop/l5dBYRafJkUquxjr,4条评价,人均-,干捞螺蛳粉 招牌花甲螺蛳粉 菠萝炒螺蛳粉
海丰大排档,https://www.dianping.com/shop/H8sY7SpH6JpVacC9,14条评价,人均￥73,火麻汤 烤香猪 绿螺煎蛋
momo茶餐厅,https://www.dianping.com/shop/k7xRIy2laRwZH1LX,5条评价,人均-,少女冰乐 白切鸡 香辣虾尾
琉璃净(寿乡大道店),https://www.dianping.com/shop/k5CRV8zRXmuRWxj0,4条评价,人均-,黑糖珍珠奶茶 农夫芋麦仙酿 禅心奶绿
兰州拉面,https://www.dianping.com/shop/l192xoE8NQvNiKD5,,人均-,鸡蛋拉面 牛肉泡馍 牛肉炒刀削
聚汇猪肚鸡,https://www.dianping.com/shop/H3tqdcGO55SwbV7H,4条评价,人均-,拔丝红薯 蘸料 小米椒
老街烧烤(解放路店),https://www.dianping.com/shop/H1WtwYvo1QlRWmB5,2条评价,人均-,羊肉串 鸡胗串 牛肉串
延年山庄胖子饭店,https://www.dianping.com/shop/laskg9uu1xPCxtuM,7条评价,人均-,锅包肉 巴马香猪 西芹腰果百合
巴马花哒食府,https://www.dianping.com/shop/k31MIkCf0zE5uDzc,8条评价,人均-,手工豆腐 牛尾黄豆汤 牛杂
德意客欢乐餐厅(巴马店),https://www.dianping.com/shop/j5LQTsK8GxKWigae,2条评价,人均-,德希尔薯条 美味虾披萨 百香果汁
瑶家风味馆,https://www.dianping.com/shop/k4FqhdlHfvNf3Q4s,2条评价,人均-,铁板田鸡 甜笋肉片 青椒炒肉片
蜀大侠火锅(巴马店),https://www.dianping.com/shop/G1IKyeeT5SoUDziG,1条评价,人均-,
美味鲜粉店,https://www.dianping.com/shop/l3QBMFOcKdFjrkAa,,人均-,
滨湖渔家,https://www.dianping.com/shop/HayxmsiY6FuBz7F3,4条评价,人均-,秘制酱香土鸭 鲜鱼煲汤 乡村豆腐黄炆野生青竹鱼
寿乡乐乐美食屋,https://www.dianping.com/shop/k5qYBNixROQllMm3,1条评价,人均-,
蜀八婆溏心鲍鱼鸡煲虾(巴马店),https://www.dianping.com/shop/l2l1qYpvGAMRigVZ,8o条评价,人均-,招牌鸡煲虾 肥牛 黄焖三黄鸡煲
坡月烧烤妹,https://www.dianping.com/shop/G5nz8EGbimip0eC2,,人均-,烤鱼 炒米粉 烧烤
乐研茶(巴马文化广场店),https://www.dianping.com/shop/l8cCt9wiwoOhc833,1o条评价,人均-,乐兮芒芒 乐研百果鲜 白桃水仙
熊饿生鲜烧烤,https://www.dianping.com/shop/k7Ytftu2eerOoWds,4条评价,人均-,
桃二熹(广西巴马店),https://www.dianping.com/shop/G8bapwJeqWRiyUb5,11条评价,人均-,桃桃酒酿冻奶茶 黄豆芋圆豆腐花 西瓜轻乳茶
越南特色小卷粉,https://www.dianping.com/shop/H5OU1JNfjRnwaVmW,1条评价,人均-,玉米 豆角 木耳碎肉
新源补粮多土菜馆,https://www.dianping.com/shop/l7sY3NoNdhso4snk,2条评价,人均-,酸甜排骨 青菜 红米饭
玛雅柠檬茶(巴马店),https://www.dianping.com/shop/G8ObEjdYkUuC2yzL,7条评价,人均-,招牌手打柠檬茶 大桃杀 好事花生
螺当道螺蛳粉,https://www.dianping.com/shop/FH46ybTftCyZcvrn,1条评价,人均-,牛腩螺蛳粉 鸭掌 叉烧汤粉
黄家1号米粉,https://www.dianping.com/shop/k25ZrP7IGYsPDYQB,6条评价,人均-,煮米粉 炒粉
壮家羊肉粉,https://www.dianping.com/shop/FfAYcKNBoca5pcj7,4条评价,人均-,羊肉粉
贵记酸菜鱼粉(巴马总店),https://www.dianping.com/shop/kaLYea0i8nf38AuL,24条评价,人均-,招牌酸菜鱼片粉 鱼片牛肉粉 酸菜鱼腩扁粉
大塘烧鹅,https://www.dianping.com/shop/k6sqiraDydrTXjzE,6条评价,人均-,烧鹅 叉烧鸭腿饭 豉油鸡饭单人餐
三品王(巴马万泰城店),https://www.dianping.com/shop/G2Ie32eD1vI4Nwk0,11条评价,人均￥16,酸菜牛肉粉 原汤牛肉 牛三宝
武周国宴中餐厅,https://www.dianping.com/shop/k6FQw9psmNaHPcj7,6条评价,人均-,
北海道海鲜美食,https://www.dianping.com/shop/k2azP1O8wPmNPa4Y,1条评价,人均-,
华昱假日酒店餐饮部,https://www.dianping.com/shop/l8J2J1TEkGyKy7hZ,39条评价,人均￥79,美味脆皮农家鸡 生上黄牛肉 双色馒头
巴马土家菜,https://www.dianping.com/shop/l1efiQI9FmxgQp28,4条评价,人均-,
