德卧佛跳墙鹅肉馆(安龙店),https://www.dianping.com/shop/H498zkj7U2mS48KN,3条评价,人均-,佛跳墙 菠萝炒粉 炒小白菜
爱饭(安龙店),https://www.dianping.com/shop/l7DLGL2PnwHj3eFF,4条评价,人均-,大虾 肉丸子蛋汤涮时蔬 热拌时蔬
安龙秀屏红油剪粉(安龙店),https://www.dianping.com/shop/l1LoXQEBeDDedlrF,19条评价,人均￥1o,厚剪粉凉拌 荞凉粉 肉沫剪粉
富源铜锅牛肉(安龙总店),https://www.dianping.com/shop/k3cCRwodD7jHqXdg,1条评价,人均-,
荷芳佳宴,https://www.dianping.com/shop/G4O3tcjHIXCiDRIY,1o条评价,人均￥18,上汤时蔬 赤水竹笋炖鹅 鸿运卤水拼盘
段大华鸡爆虾(安龙店),https://www.dianping.com/shop/k2khKm4aIkfb8fYY,14条评价,人均-,黄豆芽 椰子汁 芒果汁
CHAGEE霸王茶姬(安龙店),https://www.dianping.com/shop/l9JiXiZQXgVbiB0L,2条评价,人均-,春日桃桃 芒芒沁雪 七里香
留一手烤鱼(安龙店),https://www.dianping.com/shop/k7GTwP3zlOjIPmrb,154条评价,人均￥22,草鱼 盘江鱼 青椒肉沫炒饭
湘江国际大酒店(餐饮部),https://www.dianping.com/shop/Fn37XQNBkiZdo9FV,43条评价,人均￥25,板栗红烧肉 辣子鸡火锅 炒白菜
大芊金火锅串串(安龙店),https://www.dianping.com/shop/HatTpUGUrJUPOPon,2o条评价,人均-,银耳羹 福气小糍粑 紫米雪花冰
天天烧烤店,https://www.dianping.com/shop/l9VjgruDKppGa14f,,人均-,四季豆 乐堡啤酒 香辣豆皮
熊记药膳鸡火锅,https://www.dianping.com/shop/l2fCpMVJsId7He8J,,人均-,小白莱 生菜 黄金蛋饺
捞得爽火锅(安龙店),https://www.dianping.com/shop/H7UMRaLjKBLXrH87,,人均-,
南明御宴,https://www.dianping.com/shop/l4xkaMwuS85OvKpH,9条评价,人均￥12,薏仁珍珠鸡火锅 时蔬肉片汤 凉拌苦瓜
罗家小院,https://www.dianping.com/shop/l3AW7BGhD9EJb4Ym,1条评价,人均-,卤鹌鹑蛋 白斩鸡 香酥鸡柳
八珍宴食府,https://www.dianping.com/shop/k9J3N8XVrQQ5pSE5,,人均-,炒牛干巴
布依人家鱼庄,https://www.dianping.com/shop/G8EffVqQ73lZlHKM,23条评价,人均-,高汤锅底 椒盐排骨 土豆片
醉黔渔长寿鱼馆,https://www.dianping.com/shop/G9p0LjntPpb9CJE4,11条评价,人均-,长寿鱼 奶汤锅 蘸碟
滋味馆,https://www.dianping.com/shop/FfNz8g2UoeSunf1u,1o2条评价,人均￥18,白灼大虾 竹荪炖鸡 清蒸鲈鱼
段锅锅辣子鸡(安龙六分店),https://www.dianping.com/shop/iemxQNPm3bHZE0At,12条评价,人均-,辣子鸡中锅 鸡汤娃娃菜 猕猴桃汁
隆江猪脚饭(安龙店),https://www.dianping.com/shop/GahM88moW7JgJrai,,人均-,
莱欧臻麦,https://www.dianping.com/shop/kaEJT1uXJGis5lKZ,197条评价,人均￥24,
和记捷佳咖啡,https://www.dianping.com/shop/H15B1SeMZtlAxPOL,33条评价,人均￥1o,
六乡安龙土碗菜,https://www.dianping.com/shop/l7u91OnE31UgzvFL,4条评价,人均-,
郭记鱼号(安龙店),https://www.dianping.com/shop/k7dHevIe3WRThWD5,11条评价,人均-,
安龙红油剪粉店,https://www.dianping.com/shop/l74y5axzSRzYyPKH,3条评价,人均-,
茶百道(安龙小吃街店),https://www.dianping.com/shop/H2ROHu66PZdIRXZ3,1条评价,人均-,
安龙县小姐姐碳烤肥牛,https://www.dianping.com/shop/k5Apn4C4k92fG9TP,,人均-,
罗姐自助烧烤店,https://www.dianping.com/shop/H16SOLJVynDlVy4R,,人均-,
成都风吹排骨(安龙店),https://www.dianping.com/shop/H5T3YCOpjojwdb2U,32条评价,人均-,
敢毛砂锅羊肉馆,https://www.dianping.com/shop/l9VIuM3OIego6wa0,7条评价,人均-,砂锅羊肉粉 干锅羊蹄 烤生蚝
享哆味汉堡炸鸡(安龙龙广店),https://www.dianping.com/shop/l1yCAoTnv5XQ8N3q,1条评价,人均-,香芋派 红豆奶茶 咖啡水晶烤奶
贵州圣际大酒店(安龙店),https://www.dianping.com/shop/HanDOdK7iJHpJHyY,4条评价,人均-,
茶扉,https://www.dianping.com/shop/l3TsBzURZCoCcWLR,2条评价,人均-,芋泥波波奶 满杯烧仙草 满满粉桃
韦记牛杂火锅,https://www.dianping.com/shop/G6do26lWn67gp9la,,人均-,
先品农耕饭荘(安龙店),https://www.dianping.com/shop/H8YVqSanLUikZC6b,,人均-,脆皮猪脚 炝炒空心菜 炸茨菇片
红油凉剪粉,https://www.dianping.com/shop/H5pWYg568dors1Fj,,人均-,
云南昭通天麻火腿鸡,https://www.dianping.com/shop/H1ZABryCwBk8cR4I,1条评价,人均-,酥肉 火锅面 牛肉丸
心心乐烤鱼农庄,https://www.dianping.com/shop/l9o3N2BmyhXdbQam,,人均-,草鱼 鲤鱼 椰汁
重庆功夫排骨(安龙店),https://www.dianping.com/shop/iqQPHxdf1b457vKJ,2条评价,人均-,
上关辣子鸡(严杰分店),https://www.dianping.com/shop/l8HwiG0R7l81N8Nn,1条评价,人均-,
老帅炭烤肥牛,https://www.dianping.com/shop/k2tw66EvbHbEtOwo,5条评价,人均-,
名羊天下羊肉馆(安龙店),https://www.dianping.com/shop/l66xwB99EQLF6l5X,2条评价,人均-,
愚爱1号自助烧烤城,https://www.dianping.com/shop/G2O2eQSl997XPYeu,,人均-,
随堂小炒,https://www.dianping.com/shop/k9j6jmt7sIYg5Dz8,,人均-,
奇味多蛋糕坊,https://www.dianping.com/shop/H3jtmzg0PAAAeDia,,人均-,
姐妹火锅(安龙店),https://www.dianping.com/shop/k3hip8Z2qr8CfRCg,4条评价,人均-,软哨
鹅上皇(安龙店),https://www.dianping.com/shop/G64HwqR9v3oJaUXw,1条评价,人均-,粉丝 鹅杂 豆腐
孙记瓦饵糕(安龙店),https://www.dianping.com/shop/l90XLeFCdbw2jgt1,2条评价,人均-,瓦饵糕
柳记餐馆-特色肥肠干锅辣子鸡,https://www.dianping.com/shop/k2O4crQuGocTJQQW,,人均-,炒面 酸辣小木耳 腐竹肉片
神奇辣子鸡(安龙店),https://www.dianping.com/shop/G4jN63ZtDoLvmnHJ,,人均-,土豆辣子鸡 卤鸡爪 白山药
麻辣无情重庆老火锅(安龙店),https://www.dianping.com/shop/k2CpsQo1hjFuyXPB,54条评价,人均￥41,精品鲜毛肚 鲜鸭胗 武隆宽笤粉
鑫源砂锅王滋补养生餐,https://www.dianping.com/shop/FlRmrDhAPqvYzOL0,,人均-,香酥葱油饼 卤鸡蛋 AD钙奶饮品
胡记特色烤鱼(安龙店),https://www.dianping.com/shop/FZEcM8pPq2io0Rh2,2条评价,人均-,丸子
野菜坊(安龙店),https://www.dianping.com/shop/k4mw6yvjSRXgwmri,6条评价,人均￥18,炒豆腐锅巴 野菜 豆芽
安龙六哥一品私房菜,https://www.dianping.com/shop/EPqlhv11Av6ZxLkx,,人均-,
张记炒饭(安龙店),https://www.dianping.com/shop/H1rADgMn8JafALsz,1条评价,人均￥11,
谢云贵清香水煮鸡(安龙店),https://www.dianping.com/shop/k3jZMLLz5GeUpLxU,61条评价,人均-,
兄弟烙锅店,https://www.dianping.com/shop/H1qLOVtdHlS2DLqr,,人均-,
小哥特色烤肉,https://www.dianping.com/shop/k3e6lmFhQyYCvKAo,,人均-,
