德克士(安塞店),https://www.dianping.com/shop/EP9qdx18wvrOh9qc,1o5o条评价,人均￥36,和风咖喱鸡肉饭 咔滋薯霸 脆皮炸鸡
旺家九味火锅,https://www.dianping.com/shop/k9SFANqkTojYUkg0,2条评价,人均-,千丝笋 旺家霸王二斤牛肉赠 牛肉滑
独壹居(安塞店),https://www.dianping.com/shop/k7cBEeb3EYKRQEsm,2条评价,人均-,香辣小龙虾 扬州炒饭 蒜苗腊牛肉
珍味自选餐厅,https://www.dianping.com/shop/k97mbn5Xktpgr11D,172条评价,人均￥58,晚餐劵 午餐劵
张记富春饸饹面(总店),https://www.dianping.com/shop/G2gyv2NYZ6ZCeDQk,5条评价,人均-,饸饹面 土豆丝 烧豆腐
湖北杜家鸡,https://www.dianping.com/shop/kaq5Q1nshpyEJqNY,35条评价,人均￥3o,豆腐 杜家鸡 炒花蛤
冬滩老子号延安烤肉王(金芙蓉店),https://www.dianping.com/shop/H1uGkw5ufeOK14xu,1条评价,人均-,杏仁豆腐汤 炒面 凉拌牛肉
王家湾羊肉馆,https://www.dianping.com/shop/laqYmlsOFbQJBrhe,17条评价,人均-,烩羊杂 手工羊蹄 炒羊肚
溢香驴肉,https://www.dianping.com/shop/k6KZyvK2rnUd7Lyn,2条评价,人均-,驴肉盖米饭 驴肉盖浇饭
杂粮煎饼果子(安塞店),https://www.dianping.com/shop/H3JyebvadJnDMj3F,,人均-,海苔 鸡柳 煎饼果子
延波米线(安塞店),https://www.dianping.com/shop/l7PfaOFixObbrxcA,2条评价,人均-,金汤肥牛米线 番茄米线 酸菜米线
塞上影苑杜家鸡,https://www.dianping.com/shop/k3vUNbtqes5JChKF,2条评价,人均-,金针菇 干豆腐 土豆片
成都府自助火锅,https://www.dianping.com/shop/laPjMNX8CPWiI9Yp,93o条评价,人均￥49,蟹腿 鲜虾 火锅
安塞莲花鸡(安塞店),https://www.dianping.com/shop/l7iom1K2AjIZaibj,12条评价,人均-,土鸡煲 锅仔猪蹄 大盘鸡
塞延大酒店(金明路店),https://www.dianping.com/shop/H24UFMOTs4SIatpP,7条评价,人均-,调生菜 蒸碗拼盘 茄子豆角
壮娃柳州螺蛳粉店,https://www.dianping.com/shop/H5qsz3J3XMmOzvH4,,人均-,鸡腿螺蛳粉 木耳丝 猪蹄螺丝粉
九方居火锅,https://www.dianping.com/shop/k52td5oXHtCME8Bn,26条评价,人均-,九方居土豆馍馍 金银馒头 牛气冲天
零度烘焙(安塞店),https://www.dianping.com/shop/l2TF9BpoPmg9ezFI,748条评价,人均￥33,蓝莓切块 蛋挞 草莓切块
永兴小吃,https://www.dianping.com/shop/k3S59byQYYGUTzPr,3条评价,人均-,麻辣肝瓤皮 面皮 猪肝
大锅大灶大活鱼,https://www.dianping.com/shop/iC4k63N6H0ovZqgY,2条评价,人均-,红鲨鱼火锅 鲜豆腐皮 红沙鱼
德润康牛杂汤,https://www.dianping.com/shop/G50B3k12sdbyYu2i,1条评价,人均-,
上上签牛肉串串(安塞店),https://www.dianping.com/shop/l5PUH4v2k7tHcfKJ,1条评价,人均-,
川府饭店(真武洞街店),https://www.dianping.com/shop/k8J3SEbKdSZQZARq,26条评价,人均￥25,鱼香肉丝 回锅肉 家常土豆丝
食为天酒楼,https://www.dianping.com/shop/HaDXjpU9ZzV5Kt4G,,人均-,
小张铜锅串串香,https://www.dianping.com/shop/l3X0SBCDUdptyXov,1条评价,人均-,
紫金国际酒店心悦西餐厅,https://www.dianping.com/shop/HaiwpGzx4txAn7nT,,人均-,意大利肉酱面 田园鲜蔬沙律 澳洲眼肉
老字号招安双喜羊肉,https://www.dianping.com/shop/l5lU8P82prlUlFOn,14条评价,人均-,清炖羊肉 羊肉汤 羊棒骨
老八手工大米皮(城北店),https://www.dianping.com/shop/l4itWDnFhJxbx7rR,2条评价,人均-,大米皮 和杂面 安塞区老八大米片
麻一生西航涮涮,https://www.dianping.com/shop/G3Z15mWX2BR4XlDZ,,人均-,
摩点蛋糕(福源B区店),https://www.dianping.com/shop/G5FGiQOTowfLjXWR,3条评价,人均-,草莓蛋糕 葡萄切片 三明治
兴龍饭店,https://www.dianping.com/shop/k5Q1GsXA5BWJeWny,35条评价,人均￥3o,鱼香肉丝紫菜蛋汤 香辣片片鱼 土豆丝
川渝食府,https://www.dianping.com/shop/H2sricwR4MW3ZySa,1条评价,人均-,回锅肉 包菜 黄花菜
苏杭蛋糕(真武洞街店),https://www.dianping.com/shop/GaOQ8NxzeT7EjyzU,1o4条评价,人均￥39,水果巧克力 巧克力水果蛋糕 酸辣粉
迈德思客(安塞体育场店),https://www.dianping.com/shop/H3Onyo5zMe2WwURB,563条评价,人均￥3o,香辣鸡腿堡 鸡米花 可乐
小桥帐篷面皮,https://www.dianping.com/shop/l7GUwRrUhn2YaxQD,1条评价,人均-,青柠脉动 擀面皮 鸡蛋
川把式串串香(真武街店),https://www.dianping.com/shop/H9lPmIUSh6wH9wW1,8条评价,人均-,香菜牛肉 鸳鸯锅底 蟹排
至尊肥牛火锅城,https://www.dianping.com/shop/H35ObFofG5Q1l2JK,,人均￥5o,
鱼你在一起(安塞富民街店),https://www.dianping.com/shop/H2KvUq4mOxp4LRQj,8条评价,人均-,果味柠檬鱼 毛血旺 热炝酸菜鱼
川云酸菜面(安塞分店),https://www.dianping.com/shop/l61QlORmvuNldzn6,,人均-,酸菜排骨面 酸菜面 扬州炒饭
迈德思客(安塞天美商城店),https://www.dianping.com/shop/G45Pu6pjgdVduu9f,2条评价,人均-,奥尔良蜜汁鸡腿饭 新奥尔良烤鸡腿堡 原味腿堡薯条柚子餐
通远门老城墙火锅,https://www.dianping.com/shop/l4q71IWdaLcAD7Ch,,人均-,
延安香肉夹饼(城北店),https://www.dianping.com/shop/k2HDfHrs35Pvlu5r,1条评价,人均-,原味猪头肉 豆角细粉小炒肉 酸辣土豆丝
木辛水水冰煮羊私房火锅(安塞店),https://www.dianping.com/shop/G8y2Lao7oyLeVlaY,,人均-,苏尼特羔羊肉 冰煮大刀羊腱 特色羊肉卷
杨红烤肉焖锅王,https://www.dianping.com/shop/k5l4SYwi9r47iu3w,2条评价,人均-,烤板筋 烤羊肉 烤鱼
川蜀饭店,https://www.dianping.com/shop/G8OdEqeOuf5JOEJJ,,人均-,酸辣土豆丝。 鱼香肉丝 宫保鸡丁
大桥面庄,https://www.dianping.com/shop/k16B7qOrAVwE2n5n,1条评价,人均-,小炒肉盖面 香菇面 驴肉盖米饭
小炒肉黄米饭,https://www.dianping.com/shop/H4eZCkeGanhVsd9M,2o条评价,人均-,小炒肉盖米饭 煎豆腐 熬酸菜
蜜雪冰城(福源店),https://www.dianping.com/shop/l6CUPBl5fkRunaXl,7条评价,人均-,芒果雪王大圣代 蜜桃四季春 芝士奶盖莓莓
爱拉屋烘焙坊(安塞店),https://www.dianping.com/shop/k3Tii87xWRQDrTkE,296条评价,人均￥2o,鲜奶水果蛋糕 蛋挞 奶油蛋糕
馋馋猫纸包鱼,https://www.dianping.com/shop/GagegIGuFlRKhEdQ,2条评价,人均-,馋馋猫纸包鱼 纸包鱼 江团鱼
铁锅炖羊肉,https://www.dianping.com/shop/E1qdsH8aNFBurqFv,1条评价,人均-,羊肉个托 炒面 小菜
特麦香蛋糕房(一道街店),https://www.dianping.com/shop/G4zvGTPdDW6O82Ik,84条评价,人均-,丹麦酥 坚果全麦面包 椰香花冠面包
延平音乐烤吧(安塞店),https://www.dianping.com/shop/k589xHD5MYGYpjH4,1条评价,人均-,烤鱿鱼 烤金针菇 烤扇贝
好口福干锅猪蹄杜家鸡,https://www.dianping.com/shop/G70UmsaoaFtt8T1y,1条评价,人均-,丸子 嘛辣干米饭 豆芽炒肉
星座音乐烤吧KTV,https://www.dianping.com/shop/k5cswaryyA9y8tM6,1条评价,人均￥45,酸辣土豆丝 红酒 青岛
沙县精品小吃,https://www.dianping.com/shop/G7k1iDG4IyYGUkVs,1条评价,人均-,花旗乳鸽面 鸭肠炒饭 大排炒饭
川味麻辣香锅(立交桥店),https://www.dianping.com/shop/FrgAPhKmKHuNpULf,1条评价,人均-,麻辣香锅 荣氏苹果乐园 荣氏水蜜桃
秦真味小吃店(城北店),https://www.dianping.com/shop/G8OsT7WgQFN8QLcc,,人均-,柠檬水 鸡蛋菜夹馍 烩三鲜
二道街农贸市场,https://www.dianping.com/shop/lambb3N7sgzsGxVT,,人均-,
纸包鱼特色干锅,https://www.dianping.com/shop/Fgn92AiiMhOfGsd8,3条评价,人均-,干锅蹄花和虾
