深海纸包鱼(安东新区店),https://www.dianping.com/shop/G50CxOSkfDht1gLw,27条评价,人均-,芝麻酱 生菜 玉米肠
铭豪酒店中餐厅(高铁店),https://www.dianping.com/shop/G2fDbSKJkuE7SWiV,51条评价,人均-,土豆片 腐竹 龙利鱼
东跃盛酒楼,https://www.dianping.com/shop/FBhpyBWqEIH6ywwG,1条评价,人均-,
荷塘小镇,https://www.dianping.com/shop/laFLYxshDDrbqitp,2条评价,人均-,佛跳墙 荷塘小炒 白灼虾
老馆子手擀面(安阳店),https://www.dianping.com/shop/H4bGBKiexhvrx2ln,3条评价,人均-,家常豆腐 黄焖排骨 卤鸡爪
地道王鲜熬胡辣汤,https://www.dianping.com/shop/k2otv62thRh8fAxI,1条评价,人均-,
三千里自助烤肉,https://www.dianping.com/shop/ibMZGhM7aPlB85uq,2条评价,人均-,烤虾串
金牌削面(文明大道店),https://www.dianping.com/shop/l9bGgFqhfs59x8o0,3条评价,人均-,金牌面 酸梅汤
安鑫苑宴宾楼,https://www.dianping.com/shop/k5tmnmrQ0cIuJ0a1,,人均-,包桌
辛村香辣虾重庆鸡公煲火锅店(安钢分店),https://www.dianping.com/shop/k91R71ZCgJQDAC8D,2条评价,人均-,酸梅汤
锅圈食汇火锅烧烤食材超市(辛安路店),https://www.dianping.com/shop/H2jff8cndje9DQBd,4条评价,人均-,水晶川粉 锅圈食汇番茄火锅料 大吉大利乌鸡肉卷
望族餐厅,https://www.dianping.com/shop/FK6M8CJC6xh4ueeN,2条评价,人均-,
25元自助大骨头火锅,https://www.dianping.com/shop/k5uw9J8oOzhmRdhF,,人均-,
新不夜城,https://www.dianping.com/shop/iM23UvuI6TA7LPHv,1条评价,人均-,排骨烩面 羊肉烩面 凉菜拼盘
美国加州牛肉面大王(站前路店),https://www.dianping.com/shop/G2XacW6eM3ThhajT,24条评价,人均￥37,香辣牛肉面 水饺 麻婆豆腐套餐
享酌居,https://www.dianping.com/shop/l5mijxkpeli0C1LX,,人均-,
九镇牛霖面(站前路店),https://www.dianping.com/shop/k2CWPG0NSEVLhjn4,26条评价,人均￥41,红烧牛肉面套餐 牛肉面 胡萝卜牛肉饭
常来顺刀削面馆(龙山大道店),https://www.dianping.com/shop/H3g0npRUmXTta6I3,,人均-,豆腐花鱼 卤水豆腐 荤豆腐花
牛一锅筋头巴脑一锅香,https://www.dianping.com/shop/HacfZY42gNhdNZCo,,人均-,
安徽牛肉板面(亚龙湾路店),https://www.dianping.com/shop/l8k1Hu1dP6n0JHg8,,人均-,
棉宝生态农庄,https://www.dianping.com/shop/k46oxWv00GOLt9y8,2条评价,人均-,铁锅炖大鹅 农家散养生炒鸡 扒羊肉
安东烩面馆,https://www.dianping.com/shop/l88EHHbGUD87CMEI,1条评价,人均-,韭菜鸡蛋
派希亚咖啡未来生活,https://www.dianping.com/shop/l4H77PUvPDtzTKxG,1条评价,人均-,
羑茶工坊,https://www.dianping.com/shop/k1GwkvfAmjjlT1rT,,人均-,
片片鱼26元自助(柏庄分店),https://www.dianping.com/shop/G9KZB6y0wwZcAvos,,人均-,
阿娃山寨鱼头王面,https://www.dianping.com/shop/HaUs3RF3tjhluayx,1条评价,人均-,
花雕醉鸡(中信城店),https://www.dianping.com/shop/k4t8XiEFyJs1h1mP,18条评价,人均-,花雕醉鸡 鱼豆腐 平菇
东伟宴宾楼,https://www.dianping.com/shop/iO99ocf3iVnhThFY,3条评价,人均-,
吴金烩面,https://www.dianping.com/shop/l8tfSBtc6iO9hok4,1条评价,人均-,烩面
好梦园饭店,https://www.dianping.com/shop/k9Wr4YZVOxa6853G,1条评价,人均-,酸梅汤
王记开封灌汤包子馆(安阳店),https://www.dianping.com/shop/H8gvR0dCGXnKxLaR,2条评价,人均-,酱骨头
九多肉多(铜冶镇店),https://www.dianping.com/shop/H1z7oCpEDZB8fvvn,1条评价,人均-,蒜香炸鸡腿 哈红肠 美味可口的黑鸭or香辣鸭脖
阿敦菌汤小火锅(荣盛华府店),https://www.dianping.com/shop/G4z0MXTSrjczRCpA,23条评价,人均-,野山菌汤 锡盟羔羊 阿敦毛肚
贝斯汉堡(凤岭大街店),https://www.dianping.com/shop/l23OrlCNURuMWSYn,,人均-,
香菲聚宾楼,https://www.dianping.com/shop/H9L0TGWlpeD3ttor,,人均-,雪菜面 筋头巴脑 胡辣汤
茶主张(白壁店),https://www.dianping.com/shop/H8DleP9ktZTr1rlc,4条评价,人均-,主张烧仙草 葡萄圣代 草莓圣代
晓田祥(安阳安鑫苑店),https://www.dianping.com/shop/k6lk9vqtZmMGb8Of,1条评价,人均-,鸡柳米线 麻辣诱惑
老百姓大锅台(商贸路店),https://www.dianping.com/shop/l6Bl56JsAX1JH7v1,1条评价,人均-,
川人川味,https://www.dianping.com/shop/k4uFHbRhypOmyrwk,1条评价,人均-,酸梅汤
永春快餐(胶海线店),https://www.dianping.com/shop/l73LExFII4iZOWii,1条评价,人均-,
湖南湘菜,https://www.dianping.com/shop/G8WzwqDWhmy1VVK9,1条评价,人均-,酸梅汤
小店儿扁粉菜,https://www.dianping.com/shop/k7ROFbgb7aWZQOBT,,人均-,
王记扁粉菜,https://www.dianping.com/shop/k9iLuywbHeRjcPYv,,人均-,芒顿小镇 油饼 惠尔康红苹果
曲沟杜老大熟肉,https://www.dianping.com/shop/k6uwm7ZYrDBxFbZS,,人均-,
派乐汉堡·炸鸡(二中店),https://www.dianping.com/shop/k9ZEsEbO7uvYnM4L,59条评价,人均￥14,美式薯条 双层香脆鸡腿堡 牛肉汉堡
老味道手擀面牛肉面烧烤,https://www.dianping.com/shop/G7V4o0Sxr0XqgnUg,,人均-,烤虾串
羊肉随便吃自助餐大骨头随便吃,https://www.dianping.com/shop/H7aKbwa8p1MjWmlK,,人均-,
晋阿厨刀削面(安阳店),https://www.dianping.com/shop/G6rs5HJrSBe6XCaW,2条评价,人均-,酸梅汤 凉菜拼盘 手擀面
王记羊汤扁粉菜豆腐脑,https://www.dianping.com/shop/G98M70EwAGcUftzz,,人均-,
溢香居(狄安线店),https://www.dianping.com/shop/H2bpVlNB9Cn5rkbX,,人均-,
苏湘园(内黄店),https://www.dianping.com/shop/l1t5WGRmb8PvuFSj,2条评价,人均-,金牌红烧肉
赵卫彬片片鱼28元自助(中州路总店),https://www.dianping.com/shop/G5jK0gSCCB8ZswwO,,人均-,
熏卤坊,https://www.dianping.com/shop/GaO2TfQARGQ8T59D,,人均-,卤猪蹄 猪头肉 卤猪尾
豫香源湘菜馆,https://www.dianping.com/shop/k9mwDTkeUjB4DsIp,,人均-,
骆记扁粉菜早餐,https://www.dianping.com/shop/H82yMbAlsv05PDrP,,人均-,扁粉菜
甜啦啦(立交桥店),https://www.dianping.com/shop/ExwPw4Gk18baGfy2,,人均-,生打椰奶冻 熊黑蛋生打西瓜椰 百香金菠萝
吾蜀巷子重庆小火锅,https://www.dianping.com/shop/H6EuBx0lYafM6NMe,2条评价,人均-,
煲唻猪肚鸡(中信城店),https://www.dianping.com/shop/jqEhm5AIAHLX9NKv,15条评价,人均-,鲜银耳 猪肚包鸡 腊味饭
赵记北京烤鸭,https://www.dianping.com/shop/G2jmt4Fk3TexVAYY,,人均-,
治平安徽板面辣椒一绝(文峰大道店),https://www.dianping.com/shop/l3ASzrMrakbHDOgV,,人均-,卤蛋 宽板面 狮子头
