海州参鸡汤(高新区店),https://www.dianping.com/shop/G7XXSZBAVC7Ss8g6,8条评价,人均-,传统参鸡汤 萝卜丝 延吉小麦冷面
宝豆糕,https://www.dianping.com/shop/G6oRnBTm2itSJHYI,13条评价,人均￥14,宝豆糕 小鱼饼 朝鲜打糕
TITIFASO田小姐甜品,https://www.dianping.com/shop/G875FTcj1cdWQ7jE,8条评价,人均-,奶香芋泥 粒粒芒果 豆乳奶贝
清真燕来顺马家肉饼店,https://www.dianping.com/shop/H44Ku1tLYFpSJTJF,115条评价,人均￥49,嫩牛牛肉饼 羊汤 清炖肚丝
隐匠精致日式料理,https://www.dianping.com/shop/jvkSNaWv9O4R8ar8,511条评价,人均￥141,寿司 刺身中的精品！ 鳗鱼饭
奉天小馆(鞍山万象汇店),https://www.dianping.com/shop/H4xtsztWDOjzMiva,1o89条评价,人均￥7o,奉天老式锅包肉 雪绵豆沙 豆角烀饼
好利来(人民路店),https://www.dianping.com/shop/H1wZY1Sp2N9h5cGQ,1292条评价,人均￥52,榴莲半熟芝士 奶油蛋糕 梦幻海底生日蛋糕
东院烤肉,https://www.dianping.com/shop/l656UPITmYf4KeWG,18o条评价,人均￥8o,大块肉 外脊皮 牛上脑皮
东山烤肉一部(湖南店),https://www.dianping.com/shop/E5XFhffH9jqPrmR7,162条评价,人均￥82,雪花牛肉 羊肋条 秘制干料
鞍山戰,https://www.dianping.com/shop/k2Gv5thdxwl78SsH,246条评价,人均￥6o,三角肉 牛胸口 牛花腱
三味咖啡制造局,https://www.dianping.com/shop/l7CU6xMeGRyD7JWP,3条评价,人均-,dirty 综合咖啡豆 脏咖啡
周记港式地摊打边炉,https://www.dianping.com/shop/k8kDmd01dNMuZXZI,25条评价,人均￥1oo,花胶 卤水鹅头 豌豆尖
江南苑精菜坊,https://www.dianping.com/shop/H7IjheSVwhfa8trv,462条评价,人均￥116,老弄堂红烧肉 徽州臭鳜鱼 四喜烤麸
TICLE COFFEE听刻咖啡(鞍山万象汇店),https://www.dianping.com/shop/k1n4DqFQweumgz1g,56条评价,人均￥24,落日橘巧拿铁 火山芝士 云上 · 玫珑蜜瓜
1919 CAFE&RESTAURANT,https://www.dianping.com/shop/l8HVOMlUX8PL3EEE,414条评价,人均￥88,咖啡均配杯套餐 大汉堡 莫吉托
山河饼局(鞍山步行街店),https://www.dianping.com/shop/H3JbY0zQbg0Fxq98,1o条评价,人均-,紫薯麻薯 咖啡麻薯 蔓越莓司康
于家烧烤,https://www.dianping.com/shop/l6xoCxewDSHrCxaq,221条评价,人均￥1o3,心管 油边 金钱骨
牛YO寿喜烧日式火锅自助(万象汇店),https://www.dianping.com/shop/l4wBadtY8SPVQ4Ue,442条评价,人均￥171,M7黑毛和牛 极佳小排皇 M8黑毛和牛
隐餐小酒馆,https://www.dianping.com/shop/l7YXpsSYbUhow2tQ,53条评价,人均￥1o6,拌黄瓜花生米 水煮黄蚬子 上脑
程程De小店,https://www.dianping.com/shop/k4eLAk9Ly34fuY0m,5o条评价,人均￥36,小鸡排 牛肉面排 红油麻辣烫
konbanwa•烧鸟,https://www.dianping.com/shop/k4paqp7Yzuh29bcM,38条评价,人均￥227,
ARTEASG(鞍山万象汇店),https://www.dianping.com/shop/G66MzOcfu3YnDGK3,96条评价,人均￥25,
湘信了不起(万象汇店),https://www.dianping.com/shop/l3GnaurBoldrrU1X,4o条评价,人均￥71,
鹏记渔家煲,https://www.dianping.com/shop/l76QRBYtC9ETXGpC,19条评价,人均￥99,
麦兜冰の小春日和(大悦城店),https://www.dianping.com/shop/H8HlU3qsVAwZ6StP,21条评价,人均-,
大油嘴碳烤油边,https://www.dianping.com/shop/jVGW2D4gybeUVeNt,274条评价,人均￥92,
ARTEASG(大悦城店),https://www.dianping.com/shop/l1UG4ADSVO7uxAkB,19条评价,人均-,
广州私厨,https://www.dianping.com/shop/l9UYah3zunsSLwXP,16o条评价,人均￥221,
觉罗烧肉,https://www.dianping.com/shop/l676Y2e1XVDePA30,25条评价,人均￥312,
蔡鸟铁板烧·海鲜·日本料理·牛排(高新店),https://www.dianping.com/shop/H3YqH3tKFkipTNsg,222条评价,人均￥195,
香合缘,https://www.dianping.com/shop/H7AcB92Sa8JL2XhV,133条评价,人均￥85,椒盐水煮鱼 一绝鸭翅 盆盆虾
汤潮花胶鸡火锅(时尚店),https://www.dianping.com/shop/E4sjN0AHPXuNvLEz,574条评价,人均￥87,金牌花胶鸡（纯汤底） 上上签牛肉 粤式煲仔饭
汉巴味德(鞍山万象汇店),https://www.dianping.com/shop/k6BGmRJwzAZ3B58w,4o2o条评价,人均￥9o,盐烤虾 蜜汁梅肉 芝士蛋糕
全洲拌饭馆(铁东一道街店),https://www.dianping.com/shop/G5rHGOwkrqYhBfpL,13o条评价,人均￥42,石板豆腐 煎鲅鱼 鸡翅
Hand Roll手擀面包(高新店),https://www.dianping.com/shop/l7O8UxMZH1KqUukK,42条评价,人均￥35,草莓恋心 心有所薯 枫糖小吐司
我们仨,https://www.dianping.com/shop/FgEQYXtlQECkWsR3,15条评价,人均￥57,豆沙青团 奇兰桂花茶 好柿花生
半糖主义艺术蛋糕(站前店),https://www.dianping.com/shop/l5yGbd0OOHL8USjz,556条评价,人均￥138,猫山王榴莲千层 黑森林 米妮的等待
食膳轩小酒馆,https://www.dianping.com/shop/laJvn5nK458Of3NY,22o条评价,人均￥8o,小吊泉水牛肉 鱼锅 芸豆肉丁炉包
好利来(站前店),https://www.dianping.com/shop/G9b7bHJKdNXQyC22,2569条评价,人均￥46,半熟芝士挞 梦幻海底生日蛋糕 蛋挞
高兴家私房菜馆,https://www.dianping.com/shop/jkp7pNhV24STN7r2,174条评价,人均￥85,椒盐水煮鱼 椒盐藕片 沸腾牛肉
掌上鲜风味餐厅,https://www.dianping.com/shop/Ha57oLaqy1JXXYs1,68条评价,人均￥63,干锅鸭翅 川香鸡翅 干锅虾
汤潮花胶鸡火锅(明达店),https://www.dianping.com/shop/H6Ll4jCMQkeXHXYt,349条评价,人均￥78,招牌花胶鸡 深海鳌鱼花胶 小炒汤圆
天津包子铺北极冷食宫,https://www.dianping.com/shop/G54vk62B48ktqI31,2条评价,人均-,酱鸡骨架 鸡胗 鸡爪子
BISTRO DONG六里董台町店,https://www.dianping.com/shop/k3Dj3mMb2Sgg20Gg,59条评价,人均￥75,咖啡坚果 厚椰乳咖啡 纯素质沙拉秘制酱料
太二酸菜鱼(鞍山万象汇店),https://www.dianping.com/shop/l7RwwvwuaQczlljC,64条评价,人均￥8o,老坛子酸菜鱼 二哥爱鸡翅 蛋酥软糍粑
利鑫开封灌汤包,https://www.dianping.com/shop/k3SLXvqKFpmi1Mzk,1o条评价,人均-,猪肉灌汤包 玉米碴子粥 牛肉灌汤包
渔掌门山村老院子(千山韩家店),https://www.dianping.com/shop/k8t558k5tQLFEvo3,321条评价,人均￥13o,老式锅包肉 大公鸡炖红蘑半只 胖头鱼
大韩味馆,https://www.dianping.com/shop/k3x5BHTXIw7Gewsy,331条评价,人均￥82,牛上脑 大块肉 羊肋条
大佬牛腩饭,https://www.dianping.com/shop/H5xAcWCJHtrfuR9T,9条评价,人均-,牛肉饭 潮汕手打牛筋丸 黄瓜腐竹
汁味烤肉店,https://www.dianping.com/shop/k8XTdR6DU2ZPcMDh,167条评价,人均￥173,澳洲谷饲鲜眼肉 东山岛手钓鱿鱼 汁味小排
老歪烤坊,https://www.dianping.com/shop/k4PhASqjeEjuvX1O,77条评价,人均￥8o,
莫小七铜锅涮肉(对炉店),https://www.dianping.com/shop/GaGcanxYmGnIhAu0,695条评价,人均￥68,
林语小镇,https://www.dianping.com/shop/k4cBZTohoeQRfo0e,43o条评价,人均￥66,
吐司太太(湖南店),https://www.dianping.com/shop/FbUQvWthdhMpgSLO,1o1条评价,人均￥31,
悦荟牛排·NEO(鞍山万象汇店),https://www.dianping.com/shop/k1I4sfS4DMgWyxlK,1oo4条评价,人均￥119,
麻辣午中,https://www.dianping.com/shop/l8zrRnUIiWnFpv0h,1o条评价,人均-,
熹海,https://www.dianping.com/shop/lavBZ96eChO5uCPF,32条评价,人均￥2oo,
江小渔·豆浆鱼火锅(鞍钢总院店),https://www.dianping.com/shop/G34Y60qjZAu6lrE6,2322条评价,人均￥81,
盛和道花式铁板烧(鞍山店),https://www.dianping.com/shop/k6JOLeIbAGkBxc8y,4336条评价,人均￥263,
大清花饺子馆(家乐福店),https://www.dianping.com/shop/G2zslKowjawscj78,3135条评价,人均￥63,
巷陌•首尔大排档,https://www.dianping.com/shop/H5ZGeldM4gnciFP6,21条评价,人均￥55,炸鸡 部队火锅 仁川拌饭
高晓山馅饼店,https://www.dianping.com/shop/k1rxL2nU97aQf1Dd,419条评价,人均￥6o,牛庄馅饼 羊汤 牛肉洋葱馅饼
清真慈真年糕,https://www.dianping.com/shop/l7OzqCf0uAIS6tkJ,9条评价,人均-,驴打滚
巴黎麦甜(山南店),https://www.dianping.com/shop/k4YEdZTsZxrRr2df,12oo条评价,人均￥29,动物奶油蛋糕 风味慕斯蛋糕 巧克力
鸡架房,https://www.dianping.com/shop/H8HqSN4NBiiPZyqR,4o5条评价,人均￥33,土豆片 甜鸡架 麻辣烫
湘遇,https://www.dianping.com/shop/ka7yehetbVfeOf0h,39条评价,人均￥73,剁椒鱼头 菜籽油小炒黄牛肉 辣椒炒肉
三宝烧烤(九中店),https://www.dianping.com/shop/G1ZFHlfqjObji7DP,3oo9条评价,人均￥84,飘香牛肉 素杂拌 麻香肥牛
六甲山牧日式烤肉(万象汇店),https://www.dianping.com/shop/l9eDLePCSMLUPgpo,587条评价,人均￥13o,和风牛五花 厚切牛舌 口蘑
渔家小厨(新湖路店),https://www.dianping.com/shop/H3d0S21feJqUS6zM,5条评价,人均-,扇贝拌小葱 盐焗花生米 黄瓜老醋海螺头
77海鲜烧烤,https://www.dianping.com/shop/H8j4m71ubbeQ5bC5,85条评价,人均￥124,烤菠萝 百香果酿锅包肉 烤榴莲
诺意境餐厅,https://www.dianping.com/shop/H4s4voQpQF3rZWV0,21条评价,人均￥1o2,面包鸡 北京果木烤鸭 拔丝榴莲
六里董法式甜品店,https://www.dianping.com/shop/k6QRdcH4lN9a1L63,195条评价,人均￥67,咖啡坚果 梅陇蜜瓜冰淇淋 芋泥蛋糕
海底捞火锅(华润万象汇店),https://www.dianping.com/shop/k6m5cdKZRxxUV0Rk,183条评价,人均￥97,番茄锅底 招牌虾滑 捞派毛肚(半)
江小渔·豆浆鱼火锅(北关店),https://www.dianping.com/shop/laibx6StT4DTqOlI,441条评价,人均￥143,招牌活斑鱼 鱼片 鱼火锅
上海特色肉串(四隆南门店),https://www.dianping.com/shop/G76moKutN0RNeHED,85条评价,人均￥21,肉串 肉排 鱿鱼
汤潮花胶鸡火锅(海城店),https://www.dianping.com/shop/k1aDqkDXcuDWKZeb,5条评价,人均-,椒盐玉米 辣卤丁螺 芝士虾丸子
好利来(中街路店),https://www.dianping.com/shop/l6SwtkFQqxotfpoJ,23o条评价,人均￥29,半熟芝士 葡萄干 提拉米苏
海州参鸡汤(站前百盛直营店),https://www.dianping.com/shop/H3uFTokr3331yXI3,,人均-,参鸡汤 延吉牛肉汤 传统拌饭
春华海鲜自助(海城店),https://www.dianping.com/shop/l1kfmxvrRf6zWD37,2o64条评价,人均￥168,榴莲披萨蛋挞 黑胡椒牛排 自制酸奶
山河屯铁锅炖鱼(总店),https://www.dianping.com/shop/k5xuyaUHVS64mjaO,244条评价,人均￥143,铁锅大鹅 花鲢鱼 排骨锅
小胡子私房菜,https://www.dianping.com/shop/l9boYA1TfMrIKR0G,12条评价,人均-,麻辣大盘猪手 干锅大片土豆 椒香鸡脆骨
炭小牛果木烤肉,https://www.dianping.com/shop/k6QT4GcxAbqrCkaS,31条评价,人均-,辣卤龙虾尾 原味拌鲜牛肋条 辣卤花蚬子
大白鲨海鲜美食城,https://www.dianping.com/shop/G83xnmG0OEakRDHs,67条评价,人均￥143,基围虾 海鲜 炭烧八爪鱼
天天渔港(环城北路店),https://www.dianping.com/shop/H3fJt1uVk0nRxKOQ,9o8条评价,人均￥79,锅包肉 砂锅菌汤 干锅鸭头
欧巴家小牧牛(海城店),https://www.dianping.com/shop/k4MZk13mzXX4Ne0D,632条评价,人均￥48,芝士玉米 精品五花肉 黑椒大块肉
stan bar,https://www.dianping.com/shop/k2piZam3M77C8JLy,3条评价,人均-,
米兰西点(海城店),https://www.dianping.com/shop/l1ZqPH7gsQr2BjKV,786条评价,人均￥71,
爱品客鲜花主题蛋糕(海城店),https://www.dianping.com/shop/l5ZyqxOENwiBdllX,12o5条评价,人均￥71,
掌心的爱(铁西店),https://www.dianping.com/shop/kavBZPLiTt5srIaA,134条评价,人均-,
丰裕涮肉,https://www.dianping.com/shop/l8q05j3vbW660oEU,4o条评价,人均￥96,
江小渔·豆浆鱼火锅(湖南店),https://www.dianping.com/shop/G53XWJSLBnEN8KIv,498条评价,人均￥79,招牌斑鱼片 澜沧江龙鱼 鱼皮
齐记琳姐小龙虾,https://www.dianping.com/shop/H2mykoSFOnnjPtIG,14条评价,人均-,麻辣小龙虾 蒜香小龙虾 皮皮虾
陈家小院,https://www.dianping.com/shop/G9I8JVOpOAUkz8gR,36条评价,人均￥46,锅包肉 粉饺 排骨
小湘旺湘菜馆湘料·湘厨·湘味,https://www.dianping.com/shop/H6XzRpxuMP5wjUJX,97条评价,人均￥75,招牌双椒鱼头 小炒黄牛肉 辣椒炒肉
来三胖韩国烤肉(鞍山万达店),https://www.dianping.com/shop/H314vOYfMAHRgPtT,365条评价,人均￥6o,三胖吾桑格 原味厚切五花肉 功夫水冷面
迷你椰·泰式大排档(华润万象汇购物中心),https://www.dianping.com/shop/k4zYmJTKXuFLDeuo,7o条评价,人均￥79,泰式冬阴功汤 河内鲜虾卷 炭烧猪颈肉卷饼拼盘
山南熏肉大饼(辽菜旗舰店),https://www.dianping.com/shop/k5bpTt0RwTSYw6IT,5o3条评价,人均￥66,熏肉大饼 老厨锅包肉 熏肉分肥瘦
拾麦面包,https://www.dianping.com/shop/H5RwTGqYfC13I0sg,98条评价,人均￥2o,荔浦芋泥全麦 日式盐面包 可颂系列
石磨豆腐,https://www.dianping.com/shop/G7J1wXoh2JqAKSPb,93条评价,人均￥68,石磨豆浆 吉林锅包肉 石板豆腐
清真山里羊汤,https://www.dianping.com/shop/Ga55B6kQbNBpZlLD,13条评价,人均￥6o,烧麦 全羊汤碗 扒肉条羊
同德记深井烧鹅(常青店),https://www.dianping.com/shop/H1lqhh47AVPSQq14,16条评价,人均-,深井烧鹅 玫瑰豉油鸡 蜜汁叉烧饭
不胖蛋糕甜品店,https://www.dianping.com/shop/l284yySGH5BBTX1u,5o条评价,人均-,秘制驴打滚加奶油奶酪 豆乳爆浆蛋糕 芋泥奶油酥皮泡芙
韩盛炭火自助烤肉(佳兆业店),https://www.dianping.com/shop/G89Cc6u7JdpMwiOZ,2913条评价,人均￥75,烤肉 羊肋条 韩盛肥牛
Need美式汉堡,https://www.dianping.com/shop/l4nFPYIVYgJYFOhY,3o条评价,人均￥43,NEED招牌牛肉汉堡 大豆皮 薯条
一品羊桓仁满族羊汤,https://www.dianping.com/shop/H9sBU3RkT3187Rs1,11条评价,人均-,精品羊肉锅 溜羊血 筋饼
海宴蒸汽海鲜烤肉自助,https://www.dianping.com/shop/l60d10q4zN1TLCtM,219条评价,人均￥1o5,蒸汽海鲜 河蟹不限量 生蚝扇贝
松竹和日本料理(恒基店),https://www.dianping.com/shop/k19hfeh3lk662e7k,12o6条评价,人均￥267,刺身拼 烤鳗鱼 盐烤大虾
小白帽,https://www.dianping.com/shop/G6Ew4HkOb1U3TgBa,63条评价,人均￥28,肉串 牛排 肉筋
宝胜园牛庄馅饼,https://www.dianping.com/shop/k4tTlgvSGR4NsYfg,12条评价,人均￥23,牛肉馅饼 羊杂汤 小菜
韩家小吃,https://www.dianping.com/shop/k8zoEZM391HGpglN,14条评价,人均￥8o,手切牛上脑 手切羊肉 手工虾滑
草家真味酱蟹专门店,https://www.dianping.com/shop/H3Pvkqpa13JROBR1,9条评价,人均-,酱辣蟹 月梅草家酱蟹 拌饭伴侣
牛间一斗·和牛寿喜烧日式火锅自助,https://www.dianping.com/shop/ECLdAWpIi1ea23iJ,88条评价,人均￥186,秘制寿喜烧 鲜活鲍鱼 高品质和牛放题
李小姐的小龙虾(鞍山店),https://www.dianping.com/shop/G6iUT1cSuvYCUBVZ,12o6条评价,人均￥1o7,虾神经典十三香 金汤蒜香小龙虾 辣炒花贝
川麻婆泥锅涮肚(台安店),https://www.dianping.com/shop/l9MYKKost8w1U47M,17条评价,人均-,串串 竹筒毛肚 鸳鸯锅
盒子披萨,https://www.dianping.com/shop/l7M8YZQJaDFSW4RG,1o条评价,人均-,盐酥鸡米花 炙烤菲力牛排披萨 夏威夷披萨
牛肚火锅,https://www.dianping.com/shop/k2HdDHqWxUry6AJy,35条评价,人均￥89,牛肚 辣牛肉 牛葫芦
AN•Coffee·钢美术馆西餐厅,https://www.dianping.com/shop/G5mXPi4DBQIQV1wa,9条评价,人均-,海鲜披萨 黑椒牛柳意面 唯品拿铁
罗浮宫酒店·法式铁板烧,https://www.dianping.com/shop/GaCFVlQeJ1x0KVbo,737条评价,人均￥178,松鼠桂鱼 南国梨木烤鸭 清蒸多宝鱼
瑞可爷爷的店(铁东店),https://www.dianping.com/shop/EBWj8XI5iDtpHNql,54o1条评价,人均￥38,玫瑰心语起司蛋糕 巧克力凹蛋糕 焦糖慕斯
7家Bakery(湖南店),https://www.dianping.com/shop/H4UaUARPIDtIlik7,8条评价,人均-,芒果啵啵杯 榴莲雪媚娘 奶盖
东山烤肉二部(烈士山店),https://www.dianping.com/shop/G2L8Us1uUVBLXnGu,47条评价,人均￥82,雪花牛肉 羊肋条 窝骨牛心管拼盘
松竹和日本料理(九中店),https://www.dianping.com/shop/G5PTCY14L5MPZeBr,638o条评价,人均￥262,松竹和刺身拼盘 海胆 炭火烤鳗鱼
日尝续命,https://www.dianping.com/shop/H6C9iEDacBatsNeA,32条评价,人均￥31,SOE美式咖啡 栀子花燕麦拿铁 桂花燕麦拿铁
COINCIDENCE RAMEN巧合日式拉面,https://www.dianping.com/shop/l9PgvrZQoPyYSlxP,17条评价,人均-,溏心蛋 招牌巧合豚骨拉面 唐扬炸鸡
川香府重庆老火锅,https://www.dianping.com/shop/k1MO3khvgN2gMR7n,6条评价,人均-,重庆鲜鸭肠 手切鲜牛肉 红糖糍粑
食间印巷,https://www.dianping.com/shop/l78FKrmdgF6Vw4gG,87条评价,人均￥6o,蒜香炉鱼 红油肉 酸萝卜炒粉
吊炉饼豆腐脑,https://www.dianping.com/shop/l7zEqPDdTIcY0ZTp,5条评价,人均-,特色豆腐脑 红咸菜丝 鲜肉小馄饨
梧桐里·蛋糕烘焙,https://www.dianping.com/shop/H8bAf08hQSkN4Rsb,2条评价,人均-,榛子卷 生椰拿铁切块 水果拼盘蛋糕盒子
好利来(湖南街店),https://www.dianping.com/shop/k9HvRK4burWTdLvZ,87o条评价,人均￥82,榴莲半熟芝士 巧克力蛋糕 提拉米苏
杨府全羊楼,https://www.dianping.com/shop/k7Q65EIB1AOh1rCm,43条评价,人均￥85,杨府特色子 烤羊排 羊肉炖山药
江小渔·豆浆鱼火锅(九街口店),https://www.dianping.com/shop/k9uPWiE2X45PChuJ,1o48条评价,人均￥77,斑鱼火锅 石斑鱼 涮鱼片
遇见三文鱼,https://www.dianping.com/shop/jXX4EUOrXw6nAQrC,19条评价,人均-,挪威鲜三文鱼 挪威冻鲜三文鱼瘦肉边角料冻 去头甜虾
可颂坊(烈士山街店),https://www.dianping.com/shop/kalAE8narG4AlZmi,92条评价,人均￥54,石爆肥肠 水煮肉片 辣炒杂贝
麦兜冰の小春日和(紫琪广场店),https://www.dianping.com/shop/G39B53mW0hvsEgLk,7条评价,人均-,巧克力梦龙提拉米苏 初露青提提拉米苏 百芒果芒提拉米苏
六婶肉串,https://www.dianping.com/shop/l6nu5PzSehBRlali,7条评价,人均￥63,肉串 肉筋 麻辣烫
15元自助盒饭(华麟店),https://www.dianping.com/shop/l9jEMn3jgVHNMxeW,1条评价,人均-,咸鸭蛋 水果 青梅绿茶
铂尔曼大酒店,https://www.dianping.com/shop/H6hc3Kd5ONQimg66,1775条评价,人均￥18o,冰淇淋 铁板羊排 大虾
摸错门牛肚王火锅烧烤店(钢城店),https://www.dianping.com/shop/k5qGRvLaQwN8rGQJ,4282条评价,人均￥64,牛肚 羊腿肉烤串 丑鱼
叁月,https://www.dianping.com/shop/G6paLYoZLvcVDmrb,18条评价,人均￥55,爆浆团子 草莓 蜜桃雪媚娘
哈家炖菜烧烤店,https://www.dianping.com/shop/k4L01ArguLJM0h8D,23条评价,人均￥44,羊肉串 烧卖 芸豆
SAVANA BURGER,https://www.dianping.com/shop/G11H4cLiUaPQkvou,69条评价,人均￥56,双层芝士牛肉堡套餐 芝士肉酱薯条 琥珀鸡腿堡
火凤祥鲜货火锅(万象汇店),https://www.dianping.com/shop/l16dXDobkfRcHdhb,175条评价,人均￥123,四喜牛肉 手工鱼籽虾滑 手切羊上脑
卤小鸭熏酱集合店,https://www.dianping.com/shop/H7Kfqtdz9f1FhZ8S,3条评价,人均-,酱鸡骨架 猪肘子 猪耳朵
于江农家院,https://www.dianping.com/shop/l2EZFhbTW4NjugmH,44条评价,人均￥57,芸豆土豆炖排骨锅贴 炖鱼 炖鸡
云漫里,https://www.dianping.com/shop/G5oSOJABmuZwiqHp,3条评价,人均-,和牛小排 养生菌拼 安格斯牛仔骨
仟里苏金丝牛肉饼,https://www.dianping.com/shop/k7XeWa45GdxQki6z,53条评价,人均-,金丝牛肉饼 奥尔良鸡肉饼 梅菜扣肉饼
十三元自助快餐,https://www.dianping.com/shop/l98gi5V3h5WkvmDm,2条评价,人均-,火爆甘兰 香葱木耳 拌明太鱼
签四喜,https://www.dianping.com/shop/kajsyRV309sxC3Ib,2o条评价,人均￥42,螺蛳粉 焦糖豆花 椰子冰汤圆
窑麦面包,https://www.dianping.com/shop/lapigl4KtiylVGdN,,人均-,
Tims咖啡(万达广场店),https://www.dianping.com/shop/k5mBuR8w3biBCJoW,,人均-,
和•精致寿司,https://www.dianping.com/shop/F2uazBJmJMY3JLdI,15条评价,人均-,椰蓉大幅 三生三世 三文鱼刺身
安三胖韩国烤肉(新玛特店),https://www.dianping.com/shop/G7RwUhYgrXilTGXs,943条评价,人均￥75,土豆泥 芝士玉米粒 三胖吾桑格
上海老街豆皮,https://www.dianping.com/shop/G3sCZqQzXFv2tzqY,36条评价,人均￥2o,豆皮 鸡骨棒 豌豆粒
COMe烤(园林路店),https://www.dianping.com/shop/G7V97SNqencHGbdI,2728条评价,人均￥87,鲜羊肉 榴莲故事 烤串
海底捞火锅(大悦城店),https://www.dianping.com/shop/k8V88oUgMFSNfcpm,117条评价,人均￥88,番茄牛肉粒汤 招牌虾滑 嫩牛肉
食分香碳烤大公鸡(高新店),https://www.dianping.com/shop/k8nMqhOCaaOzHUg8,9条评价,人均￥76,招牌特色炭烤大公鸡 芝香鸡肉串 牛心管
楠楠手工炸串,https://www.dianping.com/shop/H4YqBlDPNZhtSn7g,13条评价,人均￥21,炸串 老式麻辣烫 特色牛排
Mrs.Sushi创意寿司(高新店),https://www.dianping.com/shop/l5wfH8BMQf2XbQeq,2o5条评价,人均￥55,满满金枪鱼 芝士虾 炙烤三文鱼
浮生精致西厨,https://www.dianping.com/shop/l3VlconDpbatiHzu,184条评价,人均￥113,惠灵顿牛排 红酒醋牛肉 精选菲力牛排
天下丼屋,https://www.dianping.com/shop/k23CHa8blOExkQWg,99条评价,人均￥44,温泉蛋 天下无双 牛五花烧肉
天华料理(新华街店),https://www.dianping.com/shop/G6FU9v3nbRuGrEqg,49条评价,人均￥32,味增汤 煎鸡肉 炸虾天妇罗
弥生料理,https://www.dianping.com/shop/Hayf2NOC83ycp9TM,164条评价,人均￥142,火炙鲷鱼手握 京都烧肉 豚骨拉面
韩国炸鸡(景子街小商品店),https://www.dianping.com/shop/l6la7tswMO8M6d9D,1373条评价,人均￥35,红甜拼（小） 酱油蒜香拼（小） 原味炸鸡
小鱼故事·海鲜饺子馆(高新店),https://www.dianping.com/shop/H3pNLZoUtrMcggjs,77条评价,人均￥85,番茄锅包肉 石锅海胆豆腐 芸豆肉丁蒸饺
大清花饺子(山南店),https://www.dianping.com/shop/G4O8POi7kgi32VMc,1868条评价,人均￥64,九品肝尖 锅包肉 肉三鲜
汉堡王(鞍山新玛特店),https://www.dianping.com/shop/H6Y21c4Qxg3mADdy,331o条评价,人均￥42,小薯条 小皇堡 嫩香鸡块
上海信利熏腊店(站前总店),https://www.dianping.com/shop/l6HAwXKk9Br4D0MS,221条评价,人均￥56,包装小肉枣 枫叶肉 豆腐卷
法贝德烘焙(烈士山大世界店),https://www.dianping.com/shop/l7WySry1dTsYd0Vv,196o条评价,人均￥7o,高端订制纸杯蛋糕 水果激情 高级卡通布朗熊
加一妙厨北纬47°齐齐哈尔烤肉•大冷面,https://www.dianping.com/shop/l4iF9lLncAFlVyCH,27条评价,人均-,大块肉 北纬特色冷面 酱牛肉
喜堂粤菜坊,https://www.dianping.com/shop/k8dnzABtEewHJwnQ,5条评价,人均-,花胶猪肚鸡汤 脆皮乳鹅 腊味煲仔饭
全聚成海鲜烤涮自助,https://www.dianping.com/shop/k2C7BlGApAYSNzba,866条评价,人均￥41,
小管家·活鳗鱼·韩式烤肉(立山店),https://www.dianping.com/shop/lapFo91di700yyRH,1167条评价,人均￥66,
物业食堂,https://www.dianping.com/shop/l8r5bHRvl6MZvHMu,1条评价,人均-,
山河屯铁锅炖·灶台鱼(立山店),https://www.dianping.com/shop/H2oKEiyAQYqm0x9Y,197条评价,人均￥68,
莊臣西点烘焙(湖南店),https://www.dianping.com/shop/GaUKvplXLCIip2D5,211条评价,人均￥46,
新疆达吾提烧烤,https://www.dianping.com/shop/G856aOLTkJeUItk2,6条评价,人均-,
冯氏肉串(莘华路店),https://www.dianping.com/shop/H5d5YmAGyDzYjh2B,34条评价,人均￥23,
磨堂咖啡,https://www.dianping.com/shop/H5PZNu9fwVXHa6mT,129条评价,人均￥42,
饼小艾和粉小满地摊小吃(铁西店),https://www.dianping.com/shop/k1upc2iQRyLQvjPM,1条评价,人均-,
凡凡小烤,https://www.dianping.com/shop/H1aSEIYxnHYWJ1z5,16条评价,人均￥62,
津香宝自助海鲜烧烤•营业到凌晨4点,https://www.dianping.com/shop/H9BGAHTh4BNZMdK9,132条评价,人均￥68,烤肉 海鲜 火锅
胡同里羊汤馆,https://www.dianping.com/shop/F91pM1pMdfmmts20,94条评价,人均￥39,鲜羊肉串 羊汤羊口条 酱烤羊排
郭掌门把子肉,https://www.dianping.com/shop/H4mpFpdZWz8HbpAR,5条评价,人均-,招牌东坡肉 红烧排骨 干豆角
祥和园清真馆,https://www.dianping.com/shop/l93eqbN7XLLW9EUU,14条评价,人均￥36,羊杂锅 扒肉条 烧麦
蜜礼面包花园(大润发店),https://www.dianping.com/shop/l9v5BC51OEo4nexq,33条评价,人均-,蜘蛛侠 玫瑰诱惑 脆皮厚酱蛋挞
秦家菜馆(对炉总店),https://www.dianping.com/shop/EGkk2UFO7yoP5mRs,123条评价,人均￥56,黄桃锅包肉 铁板粉丝虾 铁板牛肉
蜜蜜点心局,https://www.dianping.com/shop/l1IE4hKZ2jnNIMzJ,69条评价,人均-,大麻薯 冰豆糕 原味麻薯
斐記牛雜(站前店),https://www.dianping.com/shop/G4E4wllZWLbrnqJx,797条评价,人均￥2o,招牌牛杂米饭套餐 牛杂米粉 净萝卜
麦当劳(鞍山解放东路得来速店),https://www.dianping.com/shop/G11yb0mIMvykMjET,12条评价,人均-,巨无霸汉堡 草莓麦旋风 薯条
兴隆农家菜,https://www.dianping.com/shop/l3zazk4rpYwDcYjl,2条评价,人均-,肥肠 鸡蛋汤 木耳
老字号老太太骨头馆,https://www.dianping.com/shop/l2VZdzb6bckwMZuo,28条评价,人均￥43,
老料骨头煲(新玛特店),https://www.dianping.com/shop/G7dW47m5EGBSJEid,41条评价,人均￥37,
好利来(大悦城店),https://www.dianping.com/shop/l3AUZyDI51KNp9Cz,51条评价,人均-,
北朝鲜老式烧烤(胜利北路店),https://www.dianping.com/shop/iAYTNiegzViNf6Io,462条评价,人均￥53,
铁锅坊(园林路店),https://www.dianping.com/shop/k8UBuJohIrfgytAs,132条评价,人均￥78,
五味酥(鞍山万象汇店),https://www.dianping.com/shop/l6158OG2AHyQpsKb,55条评价,人均￥33,虎皮芋泥卷 咸口软泡芙 草莓
东郊壹号和牛火锅,https://www.dianping.com/shop/H6px9jCQZpzdWWAq,2条评价,人均-,茼蒿 牛骨汤底 土豆
牛腩山精品火锅,https://www.dianping.com/shop/G7tvAAmPV4cDQxTO,868o条评价,人均￥6o,筋头巴脑羊排锅 筋头巴脑全家福 牛腩锅
美高美私房餐厅,https://www.dianping.com/shop/Ga2AgHds6lZ2w4lm,11条评价,人均-,鱼翅捞饭 鲍菇蒜苔炒金钩 菌皇牛籽粒
聖飛福小松水煮鱼,https://www.dianping.com/shop/k3WIKWZAd2BKvajL,826条评价,人均￥92,椒盐水煮鱼 小松特色烤鸡爪 牛肉串
喜利来蛋糕(景子街店),https://www.dianping.com/shop/l1Rvvq6jcXHpxhNP,21o1条评价,人均￥23,肉松卷 豆乳盒子蛋糕 法式脆皮泡芙
一兜金,https://www.dianping.com/shop/H4BNuw4JYJmjjZfn,9条评价,人均-,三丁大包 芸豆红烧肉大包 鲜肉
老梁枪蛋炮,https://www.dianping.com/shop/l2guqLtoCaWMyidF,1条评价,人均-,毛豆 手撕明太鱼 拌腐竹
小鱼故事海鲜饺子,https://www.dianping.com/shop/k9at6JTT6Ik8P4g7,86条评价,人均￥98,小吊泉小牛肉 小白菜腐竹烧杂贝 铁板鲜蚝烙
川都巷子,https://www.dianping.com/shop/l1qpdJWmRaTV0mNL,2条评价,人均-,水煮鱼
安安家常菜(光明店),https://www.dianping.com/shop/l3BOI4yY2qaSDMjz,64条评价,人均￥49,锅包肉 酸菜 溜肉段
猴古功夫中點(站前店),https://www.dianping.com/shop/l6c7bfbpqOtGrET3,268条评价,人均￥21,奥利奥脆皮泡芙 蔓越莓麻薯 肉松小贝
小平岛海鲜酒店(园林店),https://www.dianping.com/shop/H8PiTG6WBoqfsiRh,144条评价,人均￥75,全家福水饺 海胆炖蛋 冰卤虾
倾城小馆(园林店),https://www.dianping.com/shop/k17BsmiuZHa6UoQx,354条评价,人均￥148,陌上花开 奶香地瓜 鲍汁扒自制豆腐
星嘉厨私房菜(高新店),https://www.dianping.com/shop/G7ag3cI9vqerzDVQ,3条评价,人均-,私房红烧肉 招牌古法焖鲍鱼 古法鸡爪
鲍家糕点,https://www.dianping.com/shop/k2AKhD7W886W8Ebt,56条评价,人均￥21,海苔小贝 蟹黄小贝 酸奶麻薯q果
爸爸糖手工吐司(鞍山财富中心店),https://www.dianping.com/shop/l6fZj48iYtxbXzpW,22条评价,人均-,装招牌巧克力吐司 招牌优格吐司 招牌奶酥吐司
同德記深井烧鹅(园林路店),https://www.dianping.com/shop/FEUMUzq8il3kO4VO,4条评价,人均-,蜜汁叉烧 玫瑰豉油鸡 潮州卤狮头鹅
桃源小酒馆,https://www.dianping.com/shop/G37Dt55lGgXYtbz3,29条评价,人均￥64,羊肉串 鸡肉串 小油边
吃小灶(大德店),https://www.dianping.com/shop/G7buYHypUEq8Dqt5,356条评价,人均￥51,红烧肉 芸爆鲜鱿 红焖羊排
虾鳌饭馆,https://www.dianping.com/shop/k5UZIWS6oZsuDGZN,5o条评价,人均￥168,麻辣小龙虾 香辣美容蹄 椒盐皮皮虾
好利来(鞍山万达店),https://www.dianping.com/shop/H6vd9vKrg3dJkbtS,656条评价,人均￥3o,半熟芝士冰淇淋 大粑粑决 狗粑粑
肆然饭堂,https://www.dianping.com/shop/l4XqU48YtLT1PMys,1o9条评价,人均￥31,蟹肉鱼籽饭 清芥鱼柳 鸡块咖喱饭
小桥人家重庆火锅(对炉店),https://www.dianping.com/shop/l1iZGycyknP6ldwN,615o条评价,人均￥58,鲜虾滑 精品羔羊 美国肥牛
吐司太太(高新店),https://www.dianping.com/shop/H8cHhpqcZPdDZDR8,31条评价,人均￥31,吐司 南瓜面包 黑糖核桃
麻辣元素(对炉店),https://www.dianping.com/shop/H2thbFMDnM6u6FnM,15o条评价,人均￥57,辣炒杂贝 好味鸡架 清油水煮草鱼
奈雪的茶(鞍山大悦城店),https://www.dianping.com/shop/G5uKUbjQkGw2LiFR,359条评价,人均￥3o,霸气芝士草莓 霸气榴莲王 霸气橙子
光临火锅鸡(光明街店),https://www.dianping.com/shop/GaAV2I7G1S5wTE2o,283条评价,人均￥3o,大虾排骨鸡 鸡腿肉 气泡脆皮炸牛奶
太二至味炭火烤肉,https://www.dianping.com/shop/H1Mk1769uPyv7I79,11o条评价,人均￥89,肥肠 太二三宝 爆汁油边
富凯川居小龙虾,https://www.dianping.com/shop/l7YPNcxbFKG9s7mN,66条评价,人均￥1o1,蒜蓉小龙虾 西施的椒盐豆腐 鸡脆骨
椒爱·水煮鱼川菜(鞍山万象汇店),https://www.dianping.com/shop/HakQPN0IGi8Gibmg,742条评价,人均￥9o,金牌椒盐水煮鱼 山城小酥肉 茴香小油条
乌所味奶茶店(新玛特店),https://www.dianping.com/shop/k2gHYImu9bjnryIU,121条评价,人均￥16,悟空黑钻奶茶 菠萝四季春 仙草冻奶茶
月枫堂(鞍山万象汇店),https://www.dianping.com/shop/G8dRygIrTPJ1fLDg,335条评价,人均￥28,法式莓果 蜂巢可颂 迷恋卡仕达
肥仔潮汕砂锅粥(烈士山店),https://www.dianping.com/shop/H7AkCQa0xHfALe10,239条评价,人均￥58,鲜虾瑶柱 蚝仔煎蛋 鲜虾螃蟹粥
幸运咖(美南大厦店),https://www.dianping.com/shop/lae3rCyhtxXGJFiG,13条评价,人均￥9,椰椰拿铁 现磨摩卡咖啡 草莓冻冻圣代
石门岭老酒馆,https://www.dianping.com/shop/H2skbSODJZx6pQBC,7条评价,人均-,牛肚拌黄瓜 毛血旺 蟹黄豆腐花
辣伍爺冒菜(新玛特店),https://www.dianping.com/shop/jgeGcxjtGwIk8WW2,128条评价,人均￥4o,牛肉蘸冒 人间五分甜—奶茶煲 金牌小酥肉
熊喵来了火锅(鞍山新玛特店),https://www.dianping.com/shop/l1qtpK3jvx1tmkkB,1559条评价,人均￥73,乌鸡嫩肉卷 鸭血 小酥肉
南洋大师傅烘焙店,https://www.dianping.com/shop/H1O5III0Yr5ilj76,,人均-,北海道芝士蛋糕 咸蛋黄蛋糕 蝴蝶酥
江小渔·豆浆鱼火锅(智慧城店),https://www.dianping.com/shop/l7SrB0tTTTIRW04m,187o条评价,人均￥74,招牌斑鱼片 斑鱼火锅 雪山肥牛
江小渔·豆浆鱼火锅(解放路店),https://www.dianping.com/shop/l3esrVhf7VJkupsK,311条评价,人均￥71,招牌斑鱼 小吊梨汤 火烧馍
熊喵来了火锅(鞍山万达店),https://www.dianping.com/shop/j2bnQ9PU9dXlfdhB,838条评价,人均￥82,乌鸡嫩肉卷 小酥肉 高钙羊肉
莊臣(中心店),https://www.dianping.com/shop/G7dHXX5RyPxNXeJj,228条评价,人均￥18,豆干 抹茶红豆瑞士卷 老婆饼
CoCo都可(万象汇店),https://www.dianping.com/shop/G1Dd2dwTuw00VyxU,664条评价,人均￥13,鲜百香双响炮 奶茶三兄弟 珍珠奶茶
小乔回转寿司(铁东万象汇店),https://www.dianping.com/shop/k9b6JCUCv7Ro6A1l,398条评价,人均￥9o,三文鱼刺身 三文鱼 天妇罗
渔掌门,https://www.dianping.com/shop/l1hAF2HqIlBOoI1O,1644条评价,人均￥76,家炖胖头鱼 老式锅包肉 砂锅鲶鱼
谷罗开甜(天河店),https://www.dianping.com/shop/H3dPUPEvTjDcrqBY,27oo条评价,人均￥21,黑森林蛋糕 拿破仑蛋糕 乳酪面包
小桥人家重庆火锅(湖南店),https://www.dianping.com/shop/G7ipZqYLuUqjDcZL,64条评价,人均-,小桥鲜虾滑 高钙羊 椰果冰粉
忆江南火锅,https://www.dianping.com/shop/G7hqWVZ6haBBKoh5,14条评价,人均-,小鱼花生 生蚝 三文鱼
鞍山大白鲨美食酒店,https://www.dianping.com/shop/H8B0I00pMJFevgiU,118条评价,人均￥149,海鲜 金牌脆皮虾 碟鱼头
阿祥风味煲仔店,https://www.dianping.com/shop/F9JH3W6fhY4a0UUC,35条评价,人均￥75,
满作·寿喜烧,https://www.dianping.com/shop/H2tJaBcPCR7BNJJD,389条评价,人均￥1o7,
巴蜀会馆,https://www.dianping.com/shop/G7NdS6uAAW9w8epe,74条评价,人均￥95,
好利来(家乐福店),https://www.dianping.com/shop/H9C4879lI3L7smOk,153o条评价,人均￥33,
小白烧烤麻辣烫,https://www.dianping.com/shop/k5RyThv6vmExJeHQ,265条评价,人均￥71,
赵记骨头馆海鲜烤涮自助,https://www.dianping.com/shop/G7JDaX4aj3WIrUMW,6条评价,人均-,
肯德基(立山大润发店),https://www.dianping.com/shop/k9VSj1mATSrNwCNy,584条评价,人均￥38,
分米鸡DM Chicken(万象汇店),https://www.dianping.com/shop/l2zp7L7IrEZpOP0t,917条评价,人均￥76,
肯德基(万达店),https://www.dianping.com/shop/iY5sqqrHoJOux6X3,74条评价,人均￥39,
美宴融合私房菜,https://www.dianping.com/shop/Gavw3xCTkXLysaso,296条评价,人均￥84,
甲乙饼春饼烤鸭(万象汇店),https://www.dianping.com/shop/jKXnviz1zR0N4s2C,269条评价,人均￥44,京酱肉丝 春饼 烤鸭
麦当劳(鞍山万达店),https://www.dianping.com/shop/H9N9tUm2Qzpw12fI,21o条评价,人均￥29,三重芝士安格斯厚牛堡 芒果芝士冰淇淋 薯条
百味居老北京炸酱面(立山店),https://www.dianping.com/shop/H9v7RjjVc93Rc6ll,94条评价,人均￥52,老北京炸酱面 陕西油泼面 招牌牛腩面
大姨家烤串店,https://www.dianping.com/shop/EHyLCl14IHSB1Z8T,1o条评价,人均￥49,鸭舌 筋皮 小油边
小淼家辣串菜包饭,https://www.dianping.com/shop/G2uSzOuJSObLVg28,8条评价,人均-,土豆泥饭包 香辣鱼果 牛筋面
老袁太太炸鸡排,https://www.dianping.com/shop/k9iotNebC22vn0TP,127条评价,人均￥3o,老袁太太手工大鸡排 豆腐皮 蹄筋
山里羊汤,https://www.dianping.com/shop/G2aQHhsggxEEUW1X,5条评价,人均-,白饼 手把羊排 羊肉烧麦
宋满隆生煎(文化街店),https://www.dianping.com/shop/H7upYonx7uvD0Ah8,45o条评价,人均￥31,上海生煎 南京鸭血粉丝汤 葱油拌面
诺丁顿咖啡(鞍山店),https://www.dianping.com/shop/l2Dxp8DeV8E9NPo9,1条评价,人均-,冰美式 半熟芝士 抹茶星冰乐
金唐蛋糕,https://www.dianping.com/shop/G4cvpiGrulgBjHjo,4451条评价,人均￥37,生日蛋糕 肉松面包 油炸糕
公元里餐厅酒吧,https://www.dianping.com/shop/l8hRpc11UiLSbtEn,7条评价,人均￥92,
喵先生.啡文咖啡(金帝豪庭西楼店),https://www.dianping.com/shop/l1UAw2rWuonYqmzf,1977条评价,人均￥41,
舂泰·老挝冰咖啡泰式奶茶,https://www.dianping.com/shop/H9ZmoARHbA7ZXwre,94条评价,人均￥23,
渝香居重庆火锅(铁东店),https://www.dianping.com/shop/j5Zn4HqnNH1J0DCl,2125条评价,人均￥99,
come烤(对炉店),https://www.dianping.com/shop/k71scUDqKKrLnJwk,1262条评价,人均￥65,
鸣记脆皮烤鱼(万象汇店),https://www.dianping.com/shop/k26EpI6QtS4vxR55,561条评价,人均￥74,脆皮爆汁烤鱼 浓情酱香味海鲈鱼 金牌羊肉串
呷哺呷哺(鞍山大悦城店),https://www.dianping.com/shop/G1phCSztjwZ9kNfF,286条评价,人均￥76,印度风味咖喱锅底 原切牛眼肉 麻酱
满巍明生炸鸡架(鞍山步行街店),https://www.dianping.com/shop/G4PQ2KOHjqGbZVDU,4条评价,人均-,生炸招牌鸡架 生炸鸡脖 生炸鸡柳
清和轩烧麦馆,https://www.dianping.com/shop/l7n4FwAt5JRC4JWJ,12条评价,人均￥3o,烧麦 羊汤 鸭舌
崔春清牛庄馅饼(烈士山佳泰乐店),https://www.dianping.com/shop/H6kc33ohreYcoG9m,29条评价,人均￥52,崔春清牛庄馅饼 萝卜丸子 锅包肉
羊骨头馆,https://www.dianping.com/shop/G9fxI186s7jsbVBN,12条评价,人均-,黄瓜拌拉皮 肉炒干豆腐 馒头片
老街小土豆,https://www.dianping.com/shop/l9NlUKzRMQW7yKZn,21条评价,人均￥18,小土豆 老街小土豆手工炸串 鸡架串
松梅城烧烤,https://www.dianping.com/shop/l8g7Lw6q7XZ7mq5y,33条评价,人均￥67,飘香牛肉 锅包肉 荞麦冷面
如意点心局(西柳店),https://www.dianping.com/shop/k4z8rN5j5avtJtrs,4条评价,人均-,榴莲千层 奶油号角 可可肉松小贝
晓匠初川,https://www.dianping.com/shop/H8m24ojBs9DsNlPL,5o条评价,人均￥97,话梅小番茄子 黑椒牛排串 石锅干豆腐
DQ(高新万达DQ店),https://www.dianping.com/shop/H4FjgRNVRFH5unhc,68条评价,人均￥22,DQ暴风雪 提拉米苏奥利奥 朗姆布朗尼
清真回記砂锅麻辣烫,https://www.dianping.com/shop/HalMGveujde8G5w4,35条评价,人均￥22,砂锅麻辣烫 拌鸡架 细馇条
掌上鲜风味餐厅(海城店),https://www.dianping.com/shop/HanmpthI5xXalohm,29条评价,人均￥82,干锅鸭翅 干锅虾 干锅锁骨
阔田尚品·精品粤菜,https://www.dianping.com/shop/FuzPQ7JyZh5elnkB,46条评价,人均￥191,开背虾 香辣罗氏虾 鲍鱼汁花胶扣海参
味之绝·热血美蛙鱼火锅(鞍山店),https://www.dianping.com/shop/F747bR3frfO6FNKg,127条评价,人均￥87,热血美牛蛙 冰淇淋 暴打老盐柠檬茶
河风精致寿司(鞍山店),https://www.dianping.com/shop/l2jKLrVZB45PYiBh,61条评价,人均￥75,寿司 天妇罗卷 金枪鱼军舰
喜牛(鞍山店),https://www.dianping.com/shop/l5hzCcuI1ZD8fOzZ,4条评价,人均-,全家福锅 海带 菠菜
半糖主义艺术蛋糕sdudio(高新店),https://www.dianping.com/shop/G24i2G6idA2zkTXw,134条评价,人均-,芒果物语 猫山王榴莲千层 旺仔蛋糕
有伞甜品店,https://www.dianping.com/shop/G4atj10mMhZFV57f,92条评价,人均-,芋泥麻薯盒子 高端动物奶油水果蛋糕 山茶花牛乳
星巴克(鞍山万达广场门店),https://www.dianping.com/shop/H4z2Gq5i4AOYFgBS,44条评价,人均￥77,香草拿铁 桃子星冰乐 红梅黑加仑
博学派咖啡(山南店),https://www.dianping.com/shop/l6aOs8zOR4DudoCB,314条评价,人均￥71,罗勒培根意面 至尊牛肉披萨 网红脏脏冰拿铁
corsica·pizza科西嘉,https://www.dianping.com/shop/l65LDRXz1qvoRAUw,19条评价,人均-,至尊肉披萨 关于披萨中的罗勒 鸡肉蘑菇披萨
新洪记港式打边炉,https://www.dianping.com/shop/H1H7b31c6PA7KamJ,4条评价,人均-,椰子鸡 招牌花胶鸡 特色猪肚鸡
吉野家(鞍山立山店),https://www.dianping.com/shop/H7AqHBqdKUThDWPu,7条评价,人均-,辣白菜猪肉饭 咖喱牛肉饭 紫菜汤
麦当劳(五一路新世界店),https://www.dianping.com/shop/G86aHPQnb4zNxeSI,29o条评价,人均￥38,薯条 圆筒冰淇淋 麦辣鸡腿堡套餐
蜀人面(华润幸福里店),https://www.dianping.com/shop/l70EbYY4QLBcMXMD,5条评价,人均-,杂酱干拌面 麻辣小面 特色炒鸡架
益兴鱼锅(万达店),https://www.dianping.com/shop/G38dg0HRGfROGpox,9条评价,人均-,酸菜黑鱼 酸菜草鱼 芹菜土豆丝
奈雪的茶(万象汇PRO店),https://www.dianping.com/shop/H78MzQORWCUJCXTE,142条评价,人均￥26,MINI霸气葡萄罐子蛋糕 巴斯克乳酪 霸气芝士草莓
提香园风味小厨,https://www.dianping.com/shop/kafzmYR4avzZE6Xr,9条评价,人均-,心管炖鲅鱼 鸡骨架 老汤豆腐
窑县令土窑坑烤,https://www.dianping.com/shop/iZGUrJwKmgja0jAm,4条评价,人均-,坑烤大公鸡 坑烤羊排 花生米
胡桃里乐队酒馆(鞍山店),https://www.dianping.com/shop/k52BBRSjMAtazay9,61条评价,人均￥118,脆皮烤鸡 山城毛血旺 青柠酸菜鱼
廿三味日料小屋,https://www.dianping.com/shop/l1z8balXGcBYDr30,323条评价,人均￥89,三文鱼刺身 芥末小章鱼 招牌鳗鱼饭
犇犇牛爆锅牛肉太平店,https://www.dianping.com/shop/H8gocZ66Od7uYxch,49条评价,人均￥66,招牌牛排牛尾 爽口泡菜 滋补全家福
子固路老南昌拌粉(鞍山站前店),https://www.dianping.com/shop/G3DR02E0w4sd9uXt,133条评价,人均￥31,牛肉拌粉 凝脂玉露白糖糕 牛肚
韩山大锅盖,https://www.dianping.com/shop/l7Z0u7tP1aDH3utA,935条评价,人均￥55,原味羊肋条 大锅盖烤肉 五花肉酸菜卷
上岛咖啡晨曦店,https://www.dianping.com/shop/H7mbGJV4y6WOV8tZ,1862条评价,人均￥92,蓝山1号咖啡 牛肉酱意大利面 罗宋汤
喜小来点心铺,https://www.dianping.com/shop/l8I16YSe5qiqCmzQ,58条评价,人均-,椰子冻 虎皮芋泥肉松卷 乳酪拉丝卷
胜利宾馆·海鲜自助晚餐,https://www.dianping.com/shop/l6FYVnxJ8yzNhPwd,8条评价,人均￥124,烤鸭 水煮虾 可乐
乐园糕点,https://www.dianping.com/shop/k9MMZjbUwSBRWQgd,1o条评价,人均-,江发糕 明太鱼 桔梗
芝士大侠无油手工披萨(鞍钢田园店),https://www.dianping.com/shop/l2EMPTSPORW3FrDC,81条评价,人均-,荷美尔熏鸡披萨 12寸倍醇芝士 雪媚娘
本色老式烧烤,https://www.dianping.com/shop/H7uESrjedW2rwODt,225条评价,人均￥77,
肯德基(向阳店),https://www.dianping.com/shop/ion39NZw6qKJ5ikP,671条评价,人均￥31,
黑芙蕾(万象汇店),https://www.dianping.com/shop/HawrmEjyUithcMbi,232条评价,人均￥3o,
ARTEASG,https://www.dianping.com/shop/l1DinNFrszdsrCV8,8条评价,人均-,
云友米线(景子街店),https://www.dianping.com/shop/l4pcKQmIw6AeISyR,3o7条评价,人均￥25,
圣河湾小厨(湖南店),https://www.dianping.com/shop/l1pXvvkODC817vb5,633条评价,人均￥34,鲜虾饺 皮蛋瘦肉粥 牛肉圆葱馅饼
反正cake&coffee,https://www.dianping.com/shop/k7KrR0rA9XzWgJCJ,27条评价,人均￥48,小熊养乐多 韩国栗子蛋糕 热可可
博学派咖啡(台町店),https://www.dianping.com/shop/l6o8Gfswg50w3B4U,294条评价,人均￥94,日式舒芙蕾松饼 摩卡脏拿铁 肉酱意面
W·COFFEE&RESTAURANT(高新店),https://www.dianping.com/shop/k6smJmmHyHiCgBm3,69条评价,人均￥49,西湖茉莉蜜毛尖 招牌牛乳茶 泰式牛魔王奶茶
比尔森自助烤肉店,https://www.dianping.com/shop/ka8osw2GurZ1yhn2,1o27o条评价,人均￥57,冰虾烤鸭 北京烤鸭 披萨蛋挞
格子汉堡GRIDBURGER(大悦城店),https://www.dianping.com/shop/k3AzD9FkftxV0xhb,193条评价,人均￥39,招牌牛肉堡 厚蛋培根吐司 格子薯薯
小鱼翁海鲜大集,https://www.dianping.com/shop/G5pJSEJVTQOaU6uP,6条评价,人均-,蒜蓉扇贝 油边 基围虾
小白烧烤(铁东店),https://www.dianping.com/shop/H2JIW3KXFiqb8z34,1o4条评价,人均￥76,小白特色小油边 小白特色麻辣烫 小白面包片
必胜客(景字街店),https://www.dianping.com/shop/H3PLSabH0Zz7iber,322条评价,人均￥75,牛排 意面 鸡翅
阿明煲仔营养火锅,https://www.dianping.com/shop/k5HdytPpd1y6tD3V,27条评价,人均￥71,猪肚鸡 花胶鸡 竹升面
川味王(高新区店),https://www.dianping.com/shop/H3yr3oCKPzqpErpa,33条评价,人均￥6o,
忆品酥·手工点心·生日蛋糕,https://www.dianping.com/shop/l4Djnbz0KCROzysp,57条评价,人均-,
马场洞肉铺,https://www.dianping.com/shop/G4gmkG79sqlUQBUZ,91条评价,人均￥81,
盛茂祥砂锅,https://www.dianping.com/shop/H9GlYoVkRIRkSKQ4,3o条评价,人均￥33,
文武馄饨面店,https://www.dianping.com/shop/G8wjtOF2i6lVcoVS,13条评价,人均￥16,
luckincoffee瑞幸咖啡(高新区科技大学店),https://www.dianping.com/shop/kaxqI8ww58lmWCeY,38条评价,人均￥18,陨石生耶拿铁 乐岛桃桃冰 双杯珞珈樱花拿铁
孙厨小破店(铁西三道街店),https://www.dianping.com/shop/l7BskT63AY0TrCv2,26条评价,人均￥1o7,蛎黄炒粉 破店脆皮羊肉 破店招牌皮冻
尝香居(汇园大道店),https://www.dianping.com/shop/H2bNyVT2G2qwo8Uk,28条评价,人均￥81,老式酸菜铜火锅 手切牛肉 手切羊肉
知味烧腊,https://www.dianping.com/shop/k39Ac0CJ9GLp7kRx,36条评价,人均￥26,油鸡饭 三拼饭 白切鸡
鑫海汇自助烤肉,https://www.dianping.com/shop/G7twbZfLgIAZ62H4,11162条评价,人均￥44,烤鸡翅 蜜汁梅肉 冰淇淋
打包愿望·生日蛋糕(城市广场店),https://www.dianping.com/shop/H8UIKKcC60GfgTQb,32条评价,人均-,水果祝福 儿童节蛋糕 经典双层卡通
米兰西点,https://www.dianping.com/shop/G4G3UZCjifkQejVG,724条评价,人均￥81,果木美式西冷牛排 黑椒牛柳意面 面包
市井婆豆沙牛乳(步行街店),https://www.dianping.com/shop/G3581ALpfoP7Z49P,116条评价,人均￥11,招牌绿豆沙牛乳 满料绿豆沙牛乳 芋圆
囍屋烤肉火锅花园,https://www.dianping.com/shop/H2FHa3JyhgYCnzPj,42条评价,人均￥96,烤肉 烧烤 蜜汁牛仔骨
小九家麻辣海鲜烧烤(工人街店),https://www.dianping.com/shop/l9IXYDMCMPEszsTG,168条评价,人均￥7o,顶配海鲜大咖 辣炒杂贝 麻辣小龙虾
西湖印象(鞍山万象汇店),https://www.dianping.com/shop/k6tunFHwR6k9s2uA,985条评价,人均￥84,蒜蓉粉丝虾 老上海阿婆红烧肉 石锅鱼汤霹雳泡饭
肆井·重庆火锅,https://www.dianping.com/shop/G17K0rzCcHRFnxq0,4条评价,人均-,好果汁 大火鸡
CoCo都可(大悦城店),https://www.dianping.com/shop/G95N7CEOhp5zi0DW,6o条评价,人均￥16,雨后青提 珍珠奶茶 红豆奶茶
川都府,https://www.dianping.com/shop/k4w6kAXtMKSLatmp,41条评价,人均￥64,椒盐水煮鱼 富贵招财手 辣炒鸡架
里外里·法式甜品,https://www.dianping.com/shop/k7HiuCDKEigPsY0Y,16条评价,人均-,榴莲千层 梦龙脆皮蛋糕 蓝莓切块
苏小晴•串串香,https://www.dianping.com/shop/l482lZp56HgJCzeG,4条评价,人均-,红糖滋粑 小酥肉 奶香鸡柳
兔想想蛋糕美学(高新店),https://www.dianping.com/shop/k63yIHQRYIWnK0gu,24条评价,人均-,淡奶油蛋糕动物奶油蛋糕生日蛋糕 冰激凌蛋糕 茅台蛋糕
陈小二海鲜小串(烈士山店),https://www.dianping.com/shop/k2nBDIwG5FtMSudl,99条评价,人均￥133,饭盒白蚬子 鸡肉串 海锥
百年崔记崔春清牛庄馅饼,https://www.dianping.com/shop/H2VmnZXBLIYhQNz9,8o条评价,人均￥29,牛肉洋葱馅饼 羊汤 羊杂锅
必胜客(万达店),https://www.dianping.com/shop/H6Ck15YTcIfpddyq,132条评价,人均￥75,意式经典肉酱面 西冷牛排 浓情香鸡翼
Mrs.Sushi创意寿司(海城店),https://www.dianping.com/shop/k35FI8m3uFB1VcbA,159条评价,人均￥83,满满金枪鱼 炙烤微组合 萝莉樱花卷
前堡羊汤岫岩一部(岫岩店),https://www.dianping.com/shop/l7PKY06VtmZYmcZr,1o8条评价,人均￥69,特色筋饼 手工羊肉蒸饺 干锅羊排
正门快餐,https://www.dianping.com/shop/l7KIhJsX6RP8j9LF,28条评价,人均￥18,肉段烧茄子 熘肉段 土豆丝
茶百道(万达店),https://www.dianping.com/shop/kaEzSAZonDkSjI7Y,22条评价,人均-,超级杯杨枝甘露 茉莉白桃子 超级水果杯
誉满楼儷景海鲜酒店（海鲜粤菜火锅）(海鲜粤菜火锅),https://www.dianping.com/shop/kaAxC2oRl2x4he5j,24条评价,人均￥279,雪花牛肉 甜虾 鲍鱼
台町广味私厨,https://www.dianping.com/shop/GaCUuLJbwO2bkr87,1条评价,人均-,圆葱炒鸡蛋 猪肚鸡锅 笨猪肉酸菜锅
必胜客(万象汇店),https://www.dianping.com/shop/G37tt7PySLb1Wqis,117条评价,人均￥64,抹茶雪域蛋糕 意式经典肉酱面 冲绳黑糖风味爆浆蛋糕PLUS
满记甜品(万象汇店),https://www.dianping.com/shop/l4ekK5igfQz5pTEx,268条评价,人均￥38,榴莲班戟 芒果班戟 杨枝甘露
杨记粤香居煲仔店,https://www.dianping.com/shop/k90RivwnPW08f0Wb,15条评价,人均￥64,黑鱼锅 甲鱼锅 牛肉煲仔饭
经典肉串,https://www.dianping.com/shop/H22YjZDg1OpBhVmd,1o条评价,人均-,牛胸口 鸡肉串起 大油边
经典肉串,https://www.dianping.com/shop/H22YjZDg1OpBhVmd,1o条评价,人均-,牛胸口 鸡肉串起 大油边
老谢正宗杀猪炖菜馆,https://www.dianping.com/shop/H1v4t41OuQu40QF7,3o条评价,人均￥53,酱脊骨 血羹 白肉炖酸菜
米村拌饭(鞍山万达店),https://www.dianping.com/shop/l96ihXFhKqta2hve,298条评价,人均￥32,石锅拌饭 烤牛肉拌饭 金枪鱼拌饭
甘食记·成都肥肠粉(鞍山万象汇店),https://www.dianping.com/shop/l8V4VWWcLSnSeOBR,255条评价,人均￥29,血旺 牛肉锅盔 老成都三鲜冰粉
川乐园,https://www.dianping.com/shop/k9BuGnxK9NuITLaq,1o2条评价,人均￥78,麻辣猪手 大盘鸡 开阳白菜
厨子熟食·鲍汁捞饭·四隆拌鸡架,https://www.dianping.com/shop/jgn5gII75rykhDdI,1条评价,人均-,熏鹌鹑蛋 辣卤龙虾尾 辣卤蟹钳
大福锅物日料店,https://www.dianping.com/shop/l1U8o4bgjmLIsvpl,273条评价,人均￥48,大福寿喜锅 肥牛 天妇罗大虾
奈雪的茶(百盛PRO店),https://www.dianping.com/shop/G9uXlUk7QFo8HKBY,81条评价,人均￥19,提拉米苏罐子蛋糕 巧克力麦芽宝藏杯 霸气芝士莓莓子
坛子李地摊烤肉(海城店),https://www.dianping.com/shop/k6r3OYqMVMQnjO3M,186条评价,人均￥6o,DIY烤冷面 黑胡椒牛眼肉 摇滚土豆
米村拌饭(海城大润发店),https://www.dianping.com/shop/G99uu4cA45rTu19M,8条评价,人均-,石锅拌饭 安格斯肥牛 咖喱牛肉饭
东来顺饭庄,https://www.dianping.com/shop/k2GKTvh3lw835BGd,1o7条评价,人均￥91,
渔夫海鲜自助烤肉行,https://www.dianping.com/shop/kaPWs2yoxE3Kb1mB,1条评价,人均-,
茶百道(景子街店),https://www.dianping.com/shop/FakLwefLXwSOBeEF,42条评价,人均-,
华育麻辣串,https://www.dianping.com/shop/k9waizMwyQPNguyG,16条评价,人均￥14,
徐先生的肉肉(步行街店),https://www.dianping.com/shop/EfkWpbYYSU4YSnPB,1379条评价,人均￥2o,
老好吃炸鸡,https://www.dianping.com/shop/H7IFVXD8gGMSAiKf,8条评价,人均-,炸鸡排 孜然鸡叉 炸石蛋
水泊梁山小酒馆火锅烧烤主题餐厅(铁西店),https://www.dianping.com/shop/G5cxSr1txEyiHfpF,93条评价,人均￥93,海鲜酸菜锅（小） 梁山窖米酒 精致鹅肝
麦可餐厅·创新烤肉·西餐牛排,https://www.dianping.com/shop/k9EOEOtTkELyzOAj,23条评价,人均-,麦可秘制黑金鸡块 麦可小吃拼盘 牛排
桐畫,https://www.dianping.com/shop/l9K4m9WSw8PQ6LG9,19条评价,人均-,泡泡云朵蛋糕 玫珑蜜瓜甜甜 桐畵珍珠茉莉鲜乳茶
贾顺记包子铺(老槐树店),https://www.dianping.com/shop/lavlnhUY2ftPG1Ao,116条评价,人均￥9,麻辣酸菜鱼丸包 鸡汁鲜肉 麻辣酸菜鱼丸馅包子
圣河湾虾饺美食(站前店),https://www.dianping.com/shop/GaHBy8yFLGBn8cIJ,5696条评价,人均￥32,
朴三姐韩式烤肉店,https://www.dianping.com/shop/l1WlpEe2MzE6TADx,1441条评价,人均￥54,
老君炉1992,https://www.dianping.com/shop/EbqKqsOABijHEzy2,93条评价,人均￥8o,
老佛爷铜炉蛙锅(高新店),https://www.dianping.com/shop/H4T776jP6wrpq74E,12条评价,人均-,
刘家清真糕点店,https://www.dianping.com/shop/k9lKk7SgzXxsRB2B,49条评价,人均￥25,
二权清真馆,https://www.dianping.com/shop/G4hkx6aSgl30aUDq,5条评价,人均-,
好鲜生海鲜超市海鲜加工(湖南店),https://www.dianping.com/shop/k4u8MFJlzhHUI2gr,1条评价,人均-,
大清花饺子(园林路店),https://www.dianping.com/shop/iiEEkqeCpDfdD00n,1242条评价,人均￥52,
汇香合牛排牛尾火锅•烤串,https://www.dianping.com/shop/k62TFoPYOgz77aOS,6条评价,人均-,
尚木川料理(高新区店),https://www.dianping.com/shop/l1TbNsUmcZhxD4qD,13条评价,人均￥182,
玉林串串香(中街路店),https://www.dianping.com/shop/G6HUffDX9mt4X4Ol,47条评价,人均￥64,串串香 创世纪奶茶冰粉 玉泉
慧德自助快餐,https://www.dianping.com/shop/l5qFgcuCHyzUXJFo,7条评价,人均-,蒜苔炒肉 红烧肉小土豆 豆芽粉
高新熏肉卷饼小酒馆,https://www.dianping.com/shop/k43oWjmQzPaVEqdy,38条评价,人均￥52,熏肉大饼 两份肉卷饼 传统溜肉段
辽C小串·烧烤·川菜·麻辣烫(立山店),https://www.dianping.com/shop/H9HZHIPZAkOM0fuZ,381条评价,人均￥74,鸡肉串 羊肉串 麻辣杂贝
益兴鱼锅,https://www.dianping.com/shop/kakx4xg33FODCeBj,19条评价,人均￥1o8,水煮鱼 酸菜鱼 干锅有机菜花
淘气宝贝DIY蛋糕烘焙工作室,https://www.dianping.com/shop/l8O7ahJq85Ltyrtr,3686条评价,人均￥31,
海迎春鲜虾饺(立山店),https://www.dianping.com/shop/k5Y2IbysDbEfPSaA,2126条评价,人均￥34,
大朴脊骨汤(高新店),https://www.dianping.com/shop/l8VMYrHloXvugsoU,48条评价,人均￥52,
椒爱·水煮鱼川菜(鞍山万达店),https://www.dianping.com/shop/H6J7KaHQVVPcIwpd,382条评价,人均￥82,
国宴会馆,https://www.dianping.com/shop/l1ZurXGccdnBQA6r,2666条评价,人均￥117,
长路家餐馆,https://www.dianping.com/shop/H7NaXIejvZWj3OjU,7条评价,人均-,
穆斯美清真铜火锅涮肉,https://www.dianping.com/shop/l4J4CZVbrr6XGyAy,12条评价,人均-,
乐姿生活(百盛店),https://www.dianping.com/shop/larBWxi5Qo1n2Ywg,13o条评价,人均￥29,
酥忆味糕点(站前店),https://www.dianping.com/shop/G8IbltfENG9D8Vod,8条评价,人均-,
肯德基(鞍山万熹店),https://www.dianping.com/shop/G7bP7XVC9vnJasTe,65条评价,人均￥24,
百香林西点(富田总店),https://www.dianping.com/shop/k35hXYUtqeP6mqCL,11o条评价,人均￥2o,椰蓉条 鲜奶泡芙 蛋挞
哇啦韩国时尚料理,https://www.dianping.com/shop/k4PZ5kURJF8uDoWE,33o条评价,人均￥65,骨汤部队火锅 芝士鸡蛋卷 韩式炸鸡
三里桥徐家烧烤(启明街店),https://www.dianping.com/shop/Ha5eAczWtSpkd42M,673条评价,人均￥7o,油边 麻辣烫 心管
烤社烤串•川味•音乐,https://www.dianping.com/shop/FnD7Cqrt9mEcGYxZ,51条评价,人均￥11o,锅包肉 脱骨柠檬凤爪 烤串
正宗肖姨豆皮(共荣街店),https://www.dianping.com/shop/G2s343onFuloRQWI,97条评价,人均￥7,肖姨豪华豆皮 肖姨经典鸡汤豆皮 土豆
新疆艾合买提羊肉串,https://www.dianping.com/shop/G4YCPho5i0DFPRRh,3条评价,人均-,肉串 肥肉筋
安肉肉烘焙,https://www.dianping.com/shop/H40sKUaNCfFug3wd,15条评价,人均￥31,屁桃雪媚娘 提拉米苏雪媚娘 奶油小可爱
鞍山第一油边儿(健身街店),https://www.dianping.com/shop/G9CmIctcufTUXa4L,238条评价,人均￥5o,油边 羊肉串 肥肉筋
壹小仙烘焙坊(海城大润发店),https://www.dianping.com/shop/G5R2FKJZ0y5qcMkz,4o条评价,人均-,古早蛋糕 赤红豆 原味绿豆仙豆糕
包记蛋糕,https://www.dianping.com/shop/G7h0VX8Et3VR57b8,11条评价,人均-,流心泡芙 雪山红豆 奥利奥蛋糕
二当家砂锅串串(安铭路店),https://www.dianping.com/shop/k5Nw1140qKaojM6M,95条评价,人均￥6o,泡椒牛肉 鸳鸯锅 砂锅串串香
香溢锅(湖南店),https://www.dianping.com/shop/G4jB6OnlpkseNsJI,678条评价,人均￥77,羊小排锅大锅 牛骨髓 大白菜
伊香福•海鲜烤涮自助,https://www.dianping.com/shop/jAEneWoFCep7bxAl,47条评价,人均￥68,精品鲜肉烤肉 每日鲜活海鲜 每日鲜肉
石煎故事健康烤肉,https://www.dianping.com/shop/H6fnuhegGVn317JW,464条评价,人均￥75,招牌一尺牛肉 南瓜羹 新西兰菲力牛排
破店•鲜牛烤肉,https://www.dianping.com/shop/G5CI4GxRysN5fDJP,32条评价,人均-,香煎金针菇 古法酸梅汁 鲜切羊腿肉
三宝晚茶(九中店),https://www.dianping.com/shop/l1u9SMf6UleT1j6v,5o2o条评价,人均￥35,三宝虾饺皇 皮蛋瘦肉粥 黑米八宝粥
星巴克(鞍山万象汇店),https://www.dianping.com/shop/k3XTlI8bmsuecJYP,159条评价,人均￥41,抹茶啵爆星冰乐 红茶咖啡鸳鸯拿铁 冰摇红莓黑加仑
东亚粤式小吃,https://www.dianping.com/shop/l3OUETvDt7aSDPCa,48条评价,人均￥35,鸡蛋虾仁肠粉 辣椒酱 糯米鸡
一家冒菜馆,https://www.dianping.com/shop/H3OlYPB7sLGyRZfi,68条评价,人均￥55,冒菜 麻辣冒牛肉 狼牙土豆
满香火锅·川渝古法火锅,https://www.dianping.com/shop/CVZVwNJ7ihhmMomw,184条评价,人均￥92,现杀牛蛙 麻辣牛肉 有机活体菌菇拼盘
W coffee station(台町店),https://www.dianping.com/shop/l1vtEeurpqRtLMFI,335条评价,人均￥91,白汁海鲜意大利面 金枪鱼配牛油果有机蔬菜沙拉 意大利鲜虾火腿披萨
牛庄高晓山风味馅饼城,https://www.dianping.com/shop/kaTQ6WmxW8JsdkfB,298条评价,人均￥45,牛庄馅饼 牛肉洋葱 海城馅饼
天润鱼锅,https://www.dianping.com/shop/k3eEsjWuXhN4dsby,46条评价,人均￥66,天润酸菜鱼 天润水煮鱼 老式锅包肉
千泷小破店,https://www.dianping.com/shop/k1aK3k5QCNoF9NFn,16条评价,人均-,招牌寿喜烧 芝士牛奶火鸡面 芝士浓郁部队火锅
川味王(二中店),https://www.dianping.com/shop/Fr9rqPE3RUCxRima,222条评价,人均￥66,酸菜黑鱼 水煮肉片 山城辣子鸡
老杨头风味骨头馆,https://www.dianping.com/shop/HaUcfX4J88IlKH25,13条评价,人均￥5o,酱骨头 干炸踏板鱼 炸刀鱼
吃一口面包店,https://www.dianping.com/shop/k5fUQWzTLSBPlYU6,7条评价,人均-,金枪鱼芝士 红豆乳酪碱水棒 榴莲火焰
乐姿生活(新玛特店),https://www.dianping.com/shop/G38NRXj5jQmOROza,133条评价,人均￥52,招牌榴莲面包 全麦核桃 黑帝斯
三人之家(解放路直营店),https://www.dianping.com/shop/H2z9bFmohkEQirOA,488条评价,人均￥25,提拉米苏 蛋清蛋糕 菠萝包
福鹰酥中式糕点,https://www.dianping.com/shop/la9uUIHcjKFznCMA,12条评价,人均-,奶贝 菠萝蛋糕 草莓蛋糕
牛小鲜街头串串,https://www.dianping.com/shop/l2iI3My47nwFaH0Y,1o6条评价,人均￥58,牛肉串 网红奶茶冰粉 冒千层肚
七分熟海鲜,https://www.dianping.com/shop/l3St8LSiqmB5TpiI,1o4条评价,人均-,石锅鸡腿肉 蛋白奶 石锅菜花
西塔家烤冷面,https://www.dianping.com/shop/kaEmHzvzGXqFZyTb,165条评价,人均￥12,招牌蒜香烤冷面 芝士龙虾烤冷面 芝士龙虾
小炉火烤肉,https://www.dianping.com/shop/idpiiTpOM9hShquP,45条评价,人均￥7o,雪花牛肉 特色小串 外脊皮
川味王(健身街店),https://www.dianping.com/shop/l2XyeamsbnNP05Ey,9条评价,人均￥63,水煮鱼 辣炒杂贝 麻婆豆腐
福掌柜合合烤肉,https://www.dianping.com/shop/k7WJ0jmMjZZRD351,1条评价,人均-,雪花牛肉 红糖糍粑 豆芽
汉江里炸鸡(铁东店),https://www.dianping.com/shop/G66X1ozLCsiNCcLk,14条评价,人均￥41,雪花奶酪粗薯 芝士球 低卡酸奶酱
迪利比萨屋(二中总店),https://www.dianping.com/shop/G3LCZBffenhrbs11,3o8条评价,人均￥53,迪利至尊披萨 培披萨 乳酪比萨
陈小二的厨房(湖南店),https://www.dianping.com/shop/laz37K0g3IMBTHNk,96条评价,人均￥81,牛肉圆葱馅包子 羊肉串 辣炒杂贝
海迎春鲜虾饺(35中店),https://www.dianping.com/shop/H5LRSLWoBx7hRogi,398条评价,人均￥26,黑米八宝粥 皮蛋瘦肉粥 牛肉圆葱馅饼
熊家无二·韩式炸鸡(鞍山立山店),https://www.dianping.com/shop/G4g35ZXYssTgB7g6,,人均-,雪碧 可乐 招牌薯条
杯客烤鳗馆,https://www.dianping.com/shop/G24kbUWLcgVPlXlM,96条评价,人均￥133,进口海鳗鱼 和风牛五花 蒜香薄切牛舌
彩虹小吃部,https://www.dianping.com/shop/l44Ap3gBHu3f7HcU,52条评价,人均￥23,馅饼 牛肉饼 辣拌蚬子
蜜礼面包花园(四隆花园店),https://www.dianping.com/shop/k1To6QE6dxPoHSkp,1937条评价,人均￥18,果然多生日蛋糕 浓香乳酪包 阿尔卑斯面包
仟佰味海鲜烤涮自助,https://www.dianping.com/shop/l4r1Gp3IDHoXtWKl,,人均-,仟佰味海鲜烤涮自助 海鲜烤肉自助 甜品台
