邱肥肠(巴州店),https://www.dianping.com/shop/G2XBuq3dFa9BOi3y,13o条评价,人均￥56,烧肥肠 粉蒸肥肠 生爆脆肠
巴中枣林鱼旗舰店,https://www.dianping.com/shop/G6MwDdNEkE6iejts,3o1条评价,人均￥146,奶汤鱼 船家子鱼 奶汤黄角浪
兰正韩·韩式料理(巴中王府井店),https://www.dianping.com/shop/l3HAOe6brhI9WlxL,17条评价,人均-,肥牛多多部队火锅 酱汁牛肉石锅拌饭 干拌辣鸡面
李小肠西昌特色网烧,https://www.dianping.com/shop/k8TDyWGHwa7ZnFv7,333条评价,人均￥65,特色小肠 凉山生态黑猪肉 香辣五花肉
齐鲁肥牛(老城店),https://www.dianping.com/shop/G9DL2i6qIPTreAjZ,647条评价,人均￥48,齐鲁肥牛 川香麻辣牛肉 巴沙鱼片
老五酱肉包子,https://www.dianping.com/shop/G8gGNCAp8oSvFVRE,47条评价,人均￥11,酱肉包 油茶 干杂面
加佳名特·砂锅居,https://www.dianping.com/shop/l3fWiKzjj7tkrZF8,28条评价,人均￥49,青豆肥肠 老坛海鲈鱼 蒜蓉生焗虾
筷乐老家,https://www.dianping.com/shop/G5XCtXMe0bhsahIv,254条评价,人均￥64,资格巴骨肉 肥肠血旺 麻婆豆腐
邱肥肠中餐,https://www.dianping.com/shop/H3Q3UYKZqb93gxod,12条评价,人均￥7o,酸菜豆腐肥肠煲 烧肥肠 粉蒸肥肠
南江黄羊酒店(巴州店),https://www.dianping.com/shop/k4kyxwITgIXVMtOn,15条评价,人均-,红味羊肉 牛肉 酥肉
晚秋料理(中泉国际店),https://www.dianping.com/shop/G6O2yxDbKHeaWyPw,39条评价,人均￥63,
屋顶顶日式料理(巴州店),https://www.dianping.com/shop/l5yeiFI52fRVqeNm,218条评价,人均￥88,
水浒梁山,https://www.dianping.com/shop/k8q69gTEasrGR2Hi,488条评价,人均￥47,
绿柴餐厅(回风容邦万达广场店),https://www.dianping.com/shop/G8ggznAt70QvdKrb,466条评价,人均￥65,
干锅先生(容邦店),https://www.dianping.com/shop/l5vmmKhfYOe4FGPP,3o3条评价,人均￥49,
炊烟客家·湘菜馆,https://www.dianping.com/shop/laj4r64WUBNyXRny,118条评价,人均￥48,小炒黄牛肉 毛氏红烧肉 老长沙糖油粑粑
晓秧锅鲜货火锅(巴中店),https://www.dianping.com/shop/l4fyWdTSloAiRXNu,186条评价,人均￥8o,现切极品牛肉 精品鲜毛肚 精品生抠鸭肠
巴旺子外婆菜(江北大道店),https://www.dianping.com/shop/G6szmkc1siZUGNfd,26条评价,人均-,摇摇小酥肉 粉蒸排骨 北京烤鸭
炊烟情湘菜馆(丽景店),https://www.dianping.com/shop/G9c10CcE9dT3isGG,118条评价,人均￥56,毛氏红烧肉 光头小米粥 光头粉丝水晶虾
魏油茶,https://www.dianping.com/shop/H8nkBxs83IHCMbVi,47条评价,人均￥8,酱肉包子 油茶冲蛋 豆浆
老七清真牛肉,https://www.dianping.com/shop/l949zXYqeqee0cn7,38条评价,人均￥67,粉蒸牛肉 萝卜烧牛肉 铁板牛肉
朱光玉火锅馆(巴中店),https://www.dianping.com/shop/G9dEfHqkeNnV7TyT,4o条评价,人均￥121,整颗芒芒牛乳冰 啵啵鱼豆腐花 虎皮鸡爪
李汤圆特色小吃,https://www.dianping.com/shop/H9y3ct8gVTrsQmJU,18条评价,人均￥9,鸭肠米线 鸭子米线 排骨米线
蒸饺鸡丝豆腐脑,https://www.dianping.com/shop/Ga0gUVSmZlL1Np0j,35条评价,人均￥13,蒸饺 鸡丝豆腐脑 凉皮
碳在烧韩式烤肉(巴中王府井店),https://www.dianping.com/shop/H68tfr0R5ihYHPfb,592条评价,人均￥8o,五花肉后切 葵花五花排 火焰肥牛
楠火锅(巴州店),https://www.dianping.com/shop/G4aAyqtQOSmUYpGE,125条评价,人均￥95,耙鸡脚 麻辣牛肉 火锅
大田府和牛烧肉酒场(巴中概念店),https://www.dianping.com/shop/G7M7GWpX3XfGv62V,193条评价,人均￥99,汁烧骰子牛肉 芒果鳗鱼卷 澳洲雪花牛肉
齐鲁肥牛(江北店),https://www.dianping.com/shop/G9wOaNhztnMNN4Ed,1677条评价,人均￥69,齐鲁肥牛 冰淇淋 飞饼
吉布鲁牛排海鲜自助(巴州荣邦国际店),https://www.dianping.com/shop/ER6uXk6H4hU22Mpa,1517条评价,人均￥78,牛排 披萨 烤生蚝
巴中费尔顿大酒店-品味餐厅,https://www.dianping.com/shop/G7r8Zt1Yh4gfbfle,118o条评价,人均￥1o7,牛排羊排 刺身三文鱼 生蚝
海椒市落舌·麻辣烫冒菜(经开万达店),https://www.dianping.com/shop/k8d3NPlV1tZm6kys,16条评价,人均￥37,干扮麻辣烫 单人｜荤素套餐 大刀嫩牛肉
巴中兴合阳光酒店-全日餐厅,https://www.dianping.com/shop/k9CM7prnNfVCdqHm,11条评价,人均-,咖啡 柠檬百香果下午茶 青桔柠檬下午茶
民心肥肠鸡,https://www.dianping.com/shop/k2RDEXihxq7VzWBj,8条评价,人均-,中份肥肠芋儿鸡 小份肥肠鸡 辣子鸡
爆炉·原味烧烤(蓝湾国际店),https://www.dianping.com/shop/G6YGanMME5ZibHPG,35条评价,人均-,红柳羊肉串 黑胡椒牛肉 烤苕皮
鲁西肥牛(巴中江北店),https://www.dianping.com/shop/l36L02ZmEoGTDsVN,168条评价,人均￥1o5,鲁西肥牛 黄金豆皮 蔬菜面
守柴炉烤鸭(容邦万达店),https://www.dianping.com/shop/k75N8A8hWAx8srEq,318条评价,人均￥6o,守柴炉烤鸭 酸萝卜鸭架汤锅 酸萝卜老鸭汤
半野 coffee,https://www.dianping.com/shop/k3ZfrPdK2knC7oKG,17条评价,人均￥35,芝士蘑菇牛肉堡 拿铁咖啡 桃子美式
枣林李老汉鱼庄,https://www.dianping.com/shop/H1hoL34uLkrlpFlZ,114条评价,人均￥97,鱼汤 凉粉 酥肉
味之绝美蛙鱼头火锅(南湾国际店),https://www.dianping.com/shop/GagLEjDipIAjeeLv,485条评价,人均￥83,味绝美蛙 蛙肉 秘制锅底
船说粤菜海鲜酒楼,https://www.dianping.com/shop/k2j8CHvB47SOYNyc,59条评价,人均￥114,玻璃乳鸽 铁板牛仔骨 鲍鱼
香多多北京烤鸭(西华街店),https://www.dianping.com/shop/H7x2xBtUCx56qWjD,268条评价,人均￥51,北京烤鸭 干锅酸菜肥肠 青椒辣子鸡
东北小炉子炭烤,https://www.dianping.com/shop/G1gHVszpgjEn4LLr,8条评价,人均-,干豆腐卷 鱼香肉丝拌饭 香菇卤肉拌饭
维也纳中餐厅,https://www.dianping.com/shop/FybdW50MPArpYObE,2o条评价,人均-,现烹香米羹 现烹海鲜汇 鲜椒辣子鸡
海伦多兹海鲜牛排烤肉自助餐厅,https://www.dianping.com/shop/l3DyshjcHGi4ZNgc,1o1条评价,人均￥83,厚切五花
c.high.buna咖啡馆,https://www.dianping.com/shop/l6qqO5bRtJ1G5rkE,46条评价,人均￥25,草莓拿铁 冷萃咖啡 super dirty（需提前两天预定）
巴尖鲍鱼串(巴中王府井店),https://www.dianping.com/shop/G4vfZ36IpouA65d6,281条评价,人均￥78,尖叫墨鱼仔串串 鮮虾滑 美味八爪鱼
北方烤串,https://www.dianping.com/shop/k6XrpcK4yUimeHOU,15条评价,人均-,羊肉 牛肉 苕皮
外婆饭儿(巴州店),https://www.dianping.com/shop/H82BfRtiUhRBI4LB,51条评价,人均￥67,外婆红烧肉 堂点石磨豆花 特色螺丝鸡
喜伦多牛排烤肉海鲜自助餐厅(经开万达店),https://www.dianping.com/shop/G6cuNPRHio59zWi6,145条评价,人均￥112,成人午餐 成人晚餐
林记火锅(南池北路店),https://www.dianping.com/shop/laD2ifZF4u7b6JvP,17条评价,人均-,大刀腰片 虾滑 现炸酥肉
必胜客(巴中王府井店),https://www.dianping.com/shop/H7NfGKZVTl5AMa9n,32条评价,人均￥73,西冷牛排 榴莲菠菠披萨 金枕榴莲多多比萨
秦川大酒店,https://www.dianping.com/shop/k67EU8Hd92ZfYD5F,41条评价,人均￥253,鲜鲍鱼 铁板松板肉 扇贝
齐鲁肥牛(回风店),https://www.dianping.com/shop/Ha1Ab6WJhliSydTM,9o条评价,人均-,齐鲁肥牛 小郡肝 泰緑柠檬茶
觅甜(巴州店),https://www.dianping.com/shop/G1kWMG2kWaUS9kjS,65条评价,人均￥37,提拉米苏 焦糖珍珠蛋糕 酸奶芝士
巴人印象火锅(城投大厦店),https://www.dianping.com/shop/G7DXPxxzpT6QKEWd,596条评价,人均￥9o,精品鲜毛肚 印象嫩牛肉 双层肥牛
枣林鱼酒楼,https://www.dianping.com/shop/k1ms5enQsyCnqJeO,11条评价,人均￥95,黄辣丁
五·火锅,https://www.dianping.com/shop/l3SeUVNQvsIW1HQf,1条评价,人均-,茼蒿 玉米 芋头
好百年酒楼,https://www.dianping.com/shop/H481fX3S2oEMT95m,8o6条评价,人均￥43,脆皮粉蒸肉 蒸三样 醋香脆皮鱼
天越岷山·西餐厅,https://www.dianping.com/shop/k9jFSk73uq9RYwvX,667条评价,人均￥143,香煎黑胡椒西冷牛扒 提拉米苏 土豆浓汤
蜀皇全牛宴(经开万达店),https://www.dianping.com/shop/GaIQ3l5ZVaHiHtVy,19条评价,人均-,烤鸡中翅 雪花牛肉片 特色烤牛排
