明兰酒楼(安远店),https://www.dianping.com/shop/H2CNVcnic67vLkQq,34条评价,人均￥55,扇子骨 清蒸土鸡 青椒河鱼
客家大院,https://www.dianping.com/shop/G8Z5o3gRSdUS0Js8,1o条评价,人均-,客家小炒鱼 鲜鲍凤爪 云吞
阿姆源(安远一店),https://www.dianping.com/shop/kaU1NKXMcmnZWTi5,21条评价,人均￥51,辣椒炒肉 炒白菜 银耳羹
季季红火锅(安远店),https://www.dianping.com/shop/k40QRWXkZ8DE2BSC,65条评价,人均￥56,毛肚片 嫩牛肉片 莲藕肉丸
醋果子炒大肠(安远店),https://www.dianping.com/shop/k50HVVLUIwc49bb7,11条评价,人均-,醋果子炒大肠 香辣馋嘴牛蛙 特色鲍鱼仔
丰余年(安远中央公园店),https://www.dianping.com/shop/G3JyC1L6QJQhM7cL,14条评价,人均-,脆皮鸭 外婆菜炒雪豆 双椒花生苗
山排村嫂(安远分店),https://www.dianping.com/shop/H3j8lRn1Nym2ge2V,2条评价,人均-,血鸭 爆炒牛肉 腐竹炒肉
醉江湾火锅,https://www.dianping.com/shop/H14cjpYkhrGHrPJt,38条评价,人均-,秘制嫩牛肉 一米精品肥牛 香辣手工虾滑
农家土菜馆(S327店),https://www.dianping.com/shop/k6MgAYqJnxw0eiJp,2条评价,人均-,葱油鲈鱼 腐竹鱼煲 香菇蒸鸡
老安远特色小吃,https://www.dianping.com/shop/k1wiCiFkQFlRPf8L,1条评价,人均-,干锅菌菇 辣椒炒肉 梅菜扣肉
来点烤肉(安远店),https://www.dianping.com/shop/H7rsancXQyPH8Ea0,5条评价,人均-,经典五花肉
叽哩呱蛙主题餐厅,https://www.dianping.com/shop/k9RbFSLgqvgr12ER,35条评价,人均-,青柠小黑木耳 辣椒炒脆骨 三菌上汤品
周真真南昌拌粉(安远店),https://www.dianping.com/shop/k2G4sp7DhJXY7BHW,3条评价,人均-,南昌拌粉 皮蛋肉饼汤 苹果醋
安远三鲜粉(三百山店),https://www.dianping.com/shop/k8CBH04lj3IwVxlu,1o条评价,人均￥1o,安远三鲜粉 鸡蛋炒粉 混沌
晓雄酒家,https://www.dianping.com/shop/l6YifUPPmja7gKFr,23条评价,人均￥52,客家豆腐渣 竹片香酥鸭 石磨土鸭蛋羹
赣味餐厅,https://www.dianping.com/shop/G10ZMHhkUtpVMooO,,人均-,
豪德亨牛排自助餐厅(安远店),https://www.dianping.com/shop/k5nOuhUexUvZIPWs,12条评价,人均-,原切谷饲牛排 儿童牛排自助餐 安格斯肉眼牛排
匠心居酒屋·寿司,https://www.dianping.com/shop/l8h4aaADyD4uVMGx,5条评价,人均-,海草军舰 开片鱼 南蛮鸡排
镜子可爱火锅,https://www.dianping.com/shop/G78qntpj3rb2AZjU,,人均-,
聚满堂酱大骨海鲜自助火锅(安远中央公园店),https://www.dianping.com/shop/l6vD8f8xRNnCHTUO,2条评价,人均-,
军山湖大闸蟹夜宵,https://www.dianping.com/shop/k47j05gj2qfG1bsJ,,人均-,
品厨肉蟹煲(中央公园店),https://www.dianping.com/shop/l7jPZG8NDVMa9AQh,5条评价,人均-,
张胖子,https://www.dianping.com/shop/G3zve872dijhVbmf,,人均-,
ARTEASG(鲜奶茶·安远县财富店),https://www.dianping.com/shop/G1REBHC5E8klgnpZ,4条评价,人均-,
城北迪子烧烤夜宵城,https://www.dianping.com/shop/laKr6RUkqSi1Qxdo,3条评价,人均-,
海南羊庄,https://www.dianping.com/shop/k2M5tKtZhhzen76o,,人均-,
啊一柠檬茶(赣州安远店),https://www.dianping.com/shop/H24zMVHZ3rNoLu3k,,人均-,
维尔纳斯意大利手工艺生日蛋糕(安远店),https://www.dianping.com/shop/G84GlD0wD8Q1MlxO,3条评价,人均-,
牧羊人(安远店),https://www.dianping.com/shop/l41SMovtACmCzMYo,,人均-,
塔斯汀中国汉堡(中央公园店),https://www.dianping.com/shop/G7hzvpw87bt9h9kE,1条评价,人均-,
肯德基(中央公园店),https://www.dianping.com/shop/H4QEfkUsmGkKJcz4,9条评价,人均-,奥尔良烤翅 港式烧腊脆皮大鸡腿饭 老北京鸡肉卷
三百山拿灶嫂农庄,https://www.dianping.com/shop/laXXJ33zV8m1H9UJ,2条评价,人均-,酿豆腐 清炒菜心 干炸小鱼
梅府家宴,https://www.dianping.com/shop/k1vPYDQONAtnwXHl,18条评价,人均￥41,茄子煲 梅菜扣肉 小炒草魚
杨国福麻辣烫(中央公园店),https://www.dianping.com/shop/l2EV8b3ZTZLIx8db,2条评价,人均-,金针菇 紫薯糯米丸子 莴笋心
国兴饭店(安远店),https://www.dianping.com/shop/G1aJCAkgApw0wP6h,1条评价,人均-,牛仔骨
DAFEI大飛飲冰室,https://www.dianping.com/shop/k9yzjoYJ6EmFFAsm,,人均-,香草冰拿铁 红豆冰沙牛乳拿铁 多肉葡萄乳酸菌
牛博士牛排(安远店),https://www.dianping.com/shop/G76PnGY1La6DO1EE,2条评价,人均-,澳洲经典牛排 儿童自助 儿童牛排
忆江湾重庆火锅店,https://www.dianping.com/shop/laPC34Bmml9V5bYQ,6条评价,人均-,奶浴肥牛 上脑肥牛 精品五花肉
经典1988时尚餐厅(蔚景华城店),https://www.dianping.com/shop/H36wc8gTk5Oc4Qgu,7条评价,人均-,酸菜炒大肠 手撕鸡 养生乌鸡汤
客香园土菜馆,https://www.dianping.com/shop/G7yEsD8st8khgM9O,5条评价,人均-,客家酿豆腐 一品驴肉 纸上烤鱼
大斌家串串火锅(中央大街店),https://www.dianping.com/shop/l6BUuItVjvUZ3JPx,6条评价,人均-,酸豆角牛肉 精品毛肚 小料
辣子千红(安远时代广场店),https://www.dianping.com/shop/lao5lWkQfzDz3vZc,4条评价,人均-,
三米粥坊(安远店),https://www.dianping.com/shop/H4qtFuutW0egJgL5,,人均-,养颜南瓜粥 三米八宝粥 野菜虾饼
羊亲家火锅餐厅,https://www.dianping.com/shop/H5V4AYBLQQUGl39h,37条评价,人均￥66,名羊四海 小龙虾 羊肉卷
东江源会议中心-餐厅,https://www.dianping.com/shop/k3vHTQqmjZ1kmaxH,7条评价,人均-,炒南瓜 清蒸鱼 酸菜炒肉
烫有味潮汕牛肉火锅(安远店),https://www.dianping.com/shop/k1fWxHZ5fjMKnOBj,1条评价,人均-,潮汕牛肉火锅自助餐 潮汕牛肉火锅餐
派乐汉堡·炸鸡(安远九龙店),https://www.dianping.com/shop/G6utJK7ceFPjJWJF,29条评价,人均￥18,脆皮童子鸡 劲爆鸡米花 墨西哥鸡肉卷
拾光小栈,https://www.dianping.com/shop/l4TKmj78eKj13rzG,1条评价,人均-,柠檬汁 香酥鱿鱼圈 鸡肉洋葱圈
大通冰室(中央公园店),https://www.dianping.com/shop/l24du2DY2TxXY00d,5条评价,人均-,原味鸡蛋仔 芝士鸡蛋仔 樱花草莓气泡水
小萍牛肉馆,https://www.dianping.com/shop/G5FSkJPke1FJRBux,1条评价,人均-,牛杂面 拌面 牛肉粉
唐厨海鲜楼,https://www.dianping.com/shop/EPR5Fd2GqGwliTC1,1条评价,人均-,爆炒蛏子 红烧鳝段 椒盐豆腐鱼
周记茗点居(安远店),https://www.dianping.com/shop/G84nOefDWJNKGTT8,2条评价,人均-,意大利肉酱焗意面 盅仔香米饭 菜心粒烧骨砂锅粥
一日三餐(濂江路店),https://www.dianping.com/shop/k28bXLqZbBrKJHas,3条评价,人均-,
芳香酒楼,https://www.dianping.com/shop/k8MrSocNjxzGgLbU,12条评价,人均￥49,酿豆腐 炒虾 焖排骨
羊城美食粥城(安远店),https://www.dianping.com/shop/H5Sz6YE55MTLhtZr,13条评价,人均-,青菜肉末粥 砂锅虾蟹粥 鱼片粥
独立岽果业,https://www.dianping.com/shop/l7TLIFZBVdjVGjr0,,人均-,清炒西蓝花 蒜蓉粉丝蒸虾 糖醋鱼
小赖土菜馆,https://www.dianping.com/shop/H2xYq71ZNT6ADf5z,,人均-,干煸鱿鱼 糖醋鱼 蒜蓉粉丝蒸虾
渔乐圈美蛙自助火锅,https://www.dianping.com/shop/l3vZCByrOAsPfYxW,,人均-,蒜蓉粉丝蒸虾 糖醋鱼 清炒西蓝花
源头山水民宿,https://www.dianping.com/shop/k9MmMgEHOgVc68qn,,人均-,鱼头汤 赣南小炒鱼
崇义水饺,https://www.dianping.com/shop/G64Vbm8liuuKvDug,1条评价,人均-,花生龙骨汤 牛肉芹菜饺子 包菜猪肉饺
