大斌家串串火锅(益阳安化店),https://www.dianping.com/shop/l3pU9J7VRkNvo6sI,93条评价,人均￥69,酸菜牛肉 麻辣肉片 毛肚
茶与擂,https://www.dianping.com/shop/H7NQTBa49RXN5WU6,2o条评价,人均￥38,清水擂茶 炒米 冷市镇拖米
好恰恰小食堂,https://www.dianping.com/shop/G5d5N1i7lsKybViD,17条评价,人均￥51,麻辣香干 茄子豆角 香辣虾
蟹满湘(安化店),https://www.dianping.com/shop/k9pT6McUYDn8hXsA,97条评价,人均￥61,小炒黄牛肉 腊八豆荷包蛋 香芋地瓜丸
川渝老甘火锅(安化县店),https://www.dianping.com/shop/l8BAW5Q3jVIoLoQn,5条评价,人均-,老甘脆毛肚 精品生抠鸭肠 鲜切吊龙牛肉
老徐家鸭院子(安化店),https://www.dianping.com/shop/G5rJVWDPfzcAuz5P,14条评价,人均-,大蒜炒猪头肉 卜辣椒炒捆鸡 老坛酸菜鱼
塔斯汀中国汉堡(上海城店),https://www.dianping.com/shop/G1lljPnllxxGY5wH,2条评价,人均-,尖叫翅尖 冰拧可乐 板烧凤梨中国汉堡
酒拾烤肉(安化店),https://www.dianping.com/shop/G9mjRSwWovd4KU5I,213条评价,人均￥64,招牌五花肉 招牌香辣牛肉 酱油蛋炒饭
梨弎岁碳火烤肉,https://www.dianping.com/shop/H1ALMWP23zKZNYrs,57条评价,人均-,秘制牛肉 五花肉 特色脆骨肠
宴渔(安化店),https://www.dianping.com/shop/jv6EnMIextnIHPLz,4条评价,人均-,卤虾 鱼火锅
鸡你太美炸鸡汉堡(华莱城店),https://www.dianping.com/shop/jrYSj2RZK9HUVTmQ,3条评价,人均-,鸽鸽下的蛋 香精煎鱼 蒸虾头
德克士(安化店),https://www.dianping.com/shop/lavMi17zrlfHYf6y,233条评价,人均￥46,脆皮炸鸡 香辣鸡翅（一对） 咔滋脆皮手枪腿
小龙坎火锅(华莱国际店),https://www.dianping.com/shop/HarFEIKCLWIXQHRK,41条评价,人均-,精品毛肚 红糖糍耙 麻辣牛肉
米汤味道(安化店),https://www.dianping.com/shop/H5j5YiXJ624VEEgw,15条评价,人均￥55,红薯蒸饭 香辣扇子骨 小炒黄牛肉
彭掌柜热卤,https://www.dianping.com/shop/k6NAYNbNRmCz0kNg,2条评价,人均-,鱿鱼板串 牛油 炖粉
星星蟹钳(安化县店),https://www.dianping.com/shop/k2cFKOL9F9jAaUpR,3条评价,人均-,勇闯天涯 雪花啤酒 小郎酒
梅王宴(黄沙坪店),https://www.dianping.com/shop/l8U0HFgujI9GJIep,5条评价,人均-,马帮肉 娃娃菜 酸菜
luckin coffee瑞幸咖啡(安化恒太城店),https://www.dianping.com/shop/k34w1HNpATLTB39d,3条评价,人均-,生椰拿铁 抓马西瓜拿铁 海盐芝士大福
梁记原汁自助烧烤餐厅,https://www.dianping.com/shop/iKhZPR6qRWZVNbXp,37条评价,人均-,生蚝 烤鸭 扇贝粉丝
尚卡罗牛排,https://www.dianping.com/shop/k3mVy3tX07QDn2mp,2条评价,人均-,
曼熊披萨(安化店),https://www.dianping.com/shop/k4HRg1sVIqR29CKN,1o条评价,人均-,金牌榴莲披萨 奥尔良烤鸡肉披萨 榴莲拼盘套餐
愉蛙大虾(安化县店),https://www.dianping.com/shop/l3OJTGj74RJm5HyH,18o条评价,人均-,香辣大虾 网红嫩牛肉 爆米花
米汤味道(梅城店),https://www.dianping.com/shop/k2Jwojqpm4DLKBT9,2条评价,人均-,花卷 米粉 卤虾
魔火厨炭烧干锅(安化店),https://www.dianping.com/shop/G9pVLt5s4ays6mTH,149条评价,人均-,魔火牛蛙 炭火烤鱼 香辣鱿鱼虾
马迹塘泉水擂茶馆(罗马店),https://www.dianping.com/shop/l6PFGNVQz5Litrue,3条评价,人均-,卤鸡爪 手工擂茶 鸭架
熊猫盘盘麻辣烫(安化店),https://www.dianping.com/shop/H8aLvFhwQZ2ZU7oI,3条评价,人均-,
莱茵彼岸中西餐厅,https://www.dianping.com/shop/l7uGB5oCNwA7SLpg,28条评价,人均-,
姜太公纸包鱼(安化店),https://www.dianping.com/shop/l4rjQFLNYos8AiHp,79条评价,人均-,
妈妈的味道,https://www.dianping.com/shop/G3TkXhZhKJzZf1iH,2条评价,人均-,
江枫渔火柴火灶(安化店),https://www.dianping.com/shop/H5HOeMsWArEssP7n,6条评价,人均-,
美好时光(钰鼎商业广场店),https://www.dianping.com/shop/H8YhEdUmKzfXsYSj,27条评价,人均￥16,DIY创意蛋糕 公主蛋糕 芭比蛋糕
96℃咖啡吧,https://www.dianping.com/shop/G19MCaSKr1t5IdTM,16条评价,人均-,咖啡 黑椒牛柳炒乌冬面 奥尔良烤翅
渔人码头鲜鱼馆(安化店),https://www.dianping.com/shop/H3Exhe4WWSZOJcUM,8条评价,人均-,豆腐乳 羊肝 酸菜鱼
町町蛙,https://www.dianping.com/shop/l7r1Sh9qwU3lsHxI,2条评价,人均-,
楊记小吃馆,https://www.dianping.com/shop/k4puEbKQaW18SJDr,7条评价,人均-,老干妈猪肚 凉拌木耳 辣椒炒腊肉
滨城汇新型餐厅(东坪店),https://www.dianping.com/shop/G7j4Q7Hz7Km45pOk,9o条评价,人均￥6o,野生田螺肉 腊八豆炒蛋 绝味猪手
柒酒烤肉(梅城店),https://www.dianping.com/shop/k90S9FTfLzXomWhb,38条评价,人均-,精品五花肉【头道招牌菜】 金针菇 香辣黄牛肉【招牌菜】
湘念锅鸭爪爪(安化元畅·恒太城店),https://www.dianping.com/shop/E7L8WwajLikNSn7N,19条评价,人均-,红糖糍粑 鸭恋虾锅 秘制全虾锅
马迹塘妈咪擂茶(安化店),https://www.dianping.com/shop/G6N3uTrbkLXSLYOz,8条评价,人均￥13,水煮豆腐 凉拌鱼腥草 焖小龙虾
喜姐炸串(恒太城店),https://www.dianping.com/shop/l4cPJ6qiXYwdE3XU,,人均-,飘香小酥肉 特色无骨鸡爪 爆香一口肠
井一日料(安化店),https://www.dianping.com/shop/G4WRiGO8mPfLwdQC,11条评价,人均-,火焰七龙珠 招牌海苔寿司 水果沙拉
华人汇,https://www.dianping.com/shop/H5AfWqql8Pa4MVaK,6条评价,人均-,牙签牛肉 牛蛙 下饭姜爆鸡
一可豆捞,https://www.dianping.com/shop/H1fRjd2R7Ey5AfJC,13条评价,人均-,原味椰子鸡（半只） 肥牛 特色牛肉炒饭
安化华天假日酒店,https://www.dianping.com/shop/k4G4E9CVYNPtCkfy,26条评价,人均-,滋补土鸡汤 铁板牛仔骨 水煮活鱼
富蚝海鲜,https://www.dianping.com/shop/G6MNwnVV3HGRSkXC,1条评价,人均-,椰子汁 耳尖 蒜蓉扇贝
挑香面馆(北区店),https://www.dianping.com/shop/k9jqJb8MH1GZk31l,,人均-,特色炒凉面 肉丝炒凉面 特色炒方便面
米西西餐厅,https://www.dianping.com/shop/H5P8aAwaJCgtzJ20,3条评价,人均-,九英寸玉米披萨 爆款网红翅根 香草五目肠
串入蚝门,https://www.dianping.com/shop/H1YfCH7cWqmjb6oh,2条评价,人均-,椒盐基围虾 蒜蓉生蚝 生菜
湘遇食尚(安化店),https://www.dianping.com/shop/k5gd2zVRRANRLzWU,6条评价,人均￥3o,招牌花生 青菜瘦肉粥 生蚝
柴火十八碗,https://www.dianping.com/shop/G4d0sm6fsXswgNIZ,4条评价,人均-,土鸡 千张 梅干菜
龙凤酒楼(南区盛世店),https://www.dianping.com/shop/H4zn7mMUnFB69joa,6条评价,人均-,富贵饼 干锅鹿茸菌 酸辣土豆丝
呷地道炸炸炸,https://www.dianping.com/shop/k4fRD5NnH6VwhsI6,1条评价,人均-,臭豆腐 拌面 黄金小烧卖
肯德基(紫薇路店),https://www.dianping.com/shop/G42f7WyVZF6pO7y0,17条评价,人均-,百事可乐中 吮指原味鸡 黄金鸡块
羅记生煎包,https://www.dianping.com/shop/H4T2LkN2vdovdqlC,1条评价,人均-,羅记手工生煎包 牛肉汤粉 银耳莲子羹
黄记砂锅粉小吃,https://www.dianping.com/shop/l2PeQEzSAV2qKVaL,,人均-,排骨砂锅粉 十里香鲜肉馄饨 老北京杂酱面
初甜,https://www.dianping.com/shop/l7stBuh6ReFUEAML,1条评价,人均-,流心月饼抹茶 便当盒蛋糕 芋泥海苔肉松杯
元姐擂茶馆二店(南区店),https://www.dianping.com/shop/FXOwCVPoZmYjtHLk,2条评价,人均-,鱼腥草 香辣豆笋 鸭头
农家饭店,https://www.dianping.com/shop/H80Q2azgK4Y4B7zO,2条评价,人均-,
看勺湘派小炒(安化元畅·恒太城店),https://www.dianping.com/shop/k843fRx64QbDz960,4条评价,人均-,奶黄流沙包 米豆腐 辣子鸡
周黑鸭(安化恒太城店),https://www.dianping.com/shop/FnvWcKdIGfigwlFx,,人均-,真空莲藕 真空香菇 真空鸭腿
