忆鲜川菜馆,https://www.dianping.com/shop/H9YB3bbzeyUFEOly,3条评价,人均-,烧烤 馄饨 尖椒猪头肉
桑桑平价超市菜店,https://www.dianping.com/shop/H5tRmeeIMVm2g5D9,,人均-,
浩皓蔬菜水果百货批发部,https://www.dianping.com/shop/k72YXQ2gZkBuxzjH,,人均-,
西藏普列康嘎餐饮服务有限公司,https://www.dianping.com/shop/H9rLWln2r9QJd2ta,,人均-,
云丽红火塘腊排,https://www.dianping.com/shop/H5lbdKzHHRu2Igyr,,人均-,
相遇牛肉汤锅,https://www.dianping.com/shop/l3doj581wqiWgKim,,人均-,牛骨锅 酸汤锅
多雄风味藏餐,https://www.dianping.com/shop/l72Z6NtL9GXQMWil,,人均-,
川辣子饭庄,https://www.dianping.com/shop/G9lf51jw1louVDbg,,人均-,
兰州牛肉拉面(塘东路),https://www.dianping.com/shop/k53ClaU2Jl2V0bKh,,人均-,
康乐清真饭馆(昂仁店),https://www.dianping.com/shop/H2OX4SiNsM46jRCc,3条评价,人均-,新疆拌面 蛋炒饭 辣椒面
小兔子台湾奶茶(日喀则昂仁达加路店),https://www.dianping.com/shop/iHHq1HwCDF1xEtOl,,人均-,
渝仟味火锅(昂仁店),https://www.dianping.com/shop/jD01PDl0pWKb3c8X,1条评价,人均-,
堡格垒美式咖餐(昂仁店),https://www.dianping.com/shop/kaiThICQfHNZpTix,,人均-,
临夏饭馆,https://www.dianping.com/shop/laJbUnGTuUbHYbwE,,人均-,
成渝川味饭庄(昂仁店),https://www.dianping.com/shop/jSIxoTsTC32DZwMY,2条评价,人均-,
昂仁县满意蔬菜批发部,https://www.dianping.com/shop/FDXSjSWEncPGBuUm,,人均-,
泸人家茶餐吧(昂仁店),https://www.dianping.com/shop/H1FnAoDa17vWpWSp,4条评价,人均-,土豆回锅肉 莲白回锅肉 水煮肉片
蜀香园(桑桑路),https://www.dianping.com/shop/G1uWZil1dziyvBs5,,人均-,
东北饺子馆,https://www.dianping.com/shop/GaM2U4ZY4CFyilWz,,人均-,
长城饭店,https://www.dianping.com/shop/l7Xbxb65AOpVGwFy,,人均-,
宏塬饭店(昂仁店),https://www.dianping.com/shop/kaCd8XMoiUqvules,1条评价,人均-,蛋炒饭 豆泡
成都饭馆,https://www.dianping.com/shop/H2UUPMGamqQpDrjt,1条评价,人均-,麻辣小龙虾 回锅肉 油炸花生米
风味川菜,https://www.dianping.com/shop/H95tdeIdmkb2Rigp,,人均-,
忆鲜川菜馆,https://www.dianping.com/shop/H9YB3bbzeyUFEOly,3条评价,人均-,烧烤 馄饨 尖椒猪头肉
浩皓蔬菜水果百货批发部,https://www.dianping.com/shop/k72YXQ2gZkBuxzjH,,人均-,
西藏普列康嘎餐饮服务有限公司,https://www.dianping.com/shop/H9rLWln2r9QJd2ta,,人均-,
桑桑平价超市菜店,https://www.dianping.com/shop/H5tRmeeIMVm2g5D9,,人均-,
云丽红火塘腊排,https://www.dianping.com/shop/H5lbdKzHHRu2Igyr,,人均-,
相遇牛肉汤锅,https://www.dianping.com/shop/l3doj581wqiWgKim,,人均-,牛骨锅 酸汤锅
多雄风味藏餐,https://www.dianping.com/shop/l72Z6NtL9GXQMWil,,人均-,
川辣子饭庄,https://www.dianping.com/shop/G9lf51jw1louVDbg,,人均-,
兰州牛肉拉面(塘东路),https://www.dianping.com/shop/k53ClaU2Jl2V0bKh,,人均-,
堡格垒美式咖餐(昂仁店),https://www.dianping.com/shop/kaiThICQfHNZpTix,,人均-,鸡块面 脆皮香蕉 草莓椰香牛奶
小兔子台湾奶茶(日喀则昂仁达加路店),https://www.dianping.com/shop/iHHq1HwCDF1xEtOl,,人均-,蛋糕奥利奥奶茶 金桔柠檬汁 老北京鸡肉卷
渝仟味火锅(昂仁店),https://www.dianping.com/shop/jD01PDl0pWKb3c8X,1条评价,人均-,金针菇 生菜 虾滑
康乐清真饭馆(昂仁店),https://www.dianping.com/shop/H2OX4SiNsM46jRCc,3条评价,人均-,新疆拌面 蛋炒饭 辣椒面
临夏饭馆,https://www.dianping.com/shop/laJbUnGTuUbHYbwE,,人均-,
成渝川味饭庄(昂仁店),https://www.dianping.com/shop/jSIxoTsTC32DZwMY,2条评价,人均-,蛋炒饭 麻辣小龙虾 炒包菜
蜀香园(桑桑路),https://www.dianping.com/shop/G1uWZil1dziyvBs5,,人均-,
昂仁县满意蔬菜批发部,https://www.dianping.com/shop/FDXSjSWEncPGBuUm,,人均-,
东北饺子馆,https://www.dianping.com/shop/GaM2U4ZY4CFyilWz,,人均-,
长城饭店,https://www.dianping.com/shop/l7Xbxb65AOpVGwFy,,人均-,
宏塬饭店(昂仁店),https://www.dianping.com/shop/kaCd8XMoiUqvules,1条评价,人均-,蛋炒饭 豆泡
成都饭馆,https://www.dianping.com/shop/H2UUPMGamqQpDrjt,1条评价,人均-,麻辣小龙虾 回锅肉 油炸花生米
风味川菜,https://www.dianping.com/shop/H95tdeIdmkb2Rigp,,人均-,
忆鲜川菜馆,https://www.dianping.com/shop/H9YB3bbzeyUFEOly,3条评价,人均-,烧烤 馄饨 尖椒猪头肉
桑桑平价超市菜店,https://www.dianping.com/shop/H5tRmeeIMVm2g5D9,,人均-,
浩皓蔬菜水果百货批发部,https://www.dianping.com/shop/k72YXQ2gZkBuxzjH,,人均-,
云丽红火塘腊排,https://www.dianping.com/shop/H5lbdKzHHRu2Igyr,,人均-,
西藏普列康嘎餐饮服务有限公司,https://www.dianping.com/shop/H9rLWln2r9QJd2ta,,人均-,
相遇牛肉汤锅,https://www.dianping.com/shop/l3doj581wqiWgKim,,人均-,牛骨锅 酸汤锅
多雄风味藏餐,https://www.dianping.com/shop/l72Z6NtL9GXQMWil,,人均-,
川辣子饭庄,https://www.dianping.com/shop/G9lf51jw1louVDbg,,人均-,
兰州牛肉拉面(塘东路),https://www.dianping.com/shop/k53ClaU2Jl2V0bKh,,人均-,
小兔子台湾奶茶(日喀则昂仁达加路店),https://www.dianping.com/shop/iHHq1HwCDF1xEtOl,,人均-,蛋糕奥利奥奶茶 金桔柠檬汁 老北京鸡肉卷
渝仟味火锅(昂仁店),https://www.dianping.com/shop/jD01PDl0pWKb3c8X,1条评价,人均-,金针菇 生菜 虾滑
堡格垒美式咖餐(昂仁店),https://www.dianping.com/shop/kaiThICQfHNZpTix,,人均-,鸡块面 脆皮香蕉 草莓椰香牛奶
康乐清真饭馆(昂仁店),https://www.dianping.com/shop/H2OX4SiNsM46jRCc,3条评价,人均-,新疆拌面 蛋炒饭 辣椒面
临夏饭馆,https://www.dianping.com/shop/laJbUnGTuUbHYbwE,,人均-,
成渝川味饭庄(昂仁店),https://www.dianping.com/shop/jSIxoTsTC32DZwMY,2条评价,人均-,蛋炒饭 麻辣小龙虾 炒包菜
昂仁县满意蔬菜批发部,https://www.dianping.com/shop/FDXSjSWEncPGBuUm,,人均-,
泸人家茶餐吧(昂仁店),https://www.dianping.com/shop/H1FnAoDa17vWpWSp,4条评价,人均-,土豆回锅肉 莲白回锅肉 水煮肉片
蜀香园(桑桑路),https://www.dianping.com/shop/G1uWZil1dziyvBs5,,人均-,
东北饺子馆,https://www.dianping.com/shop/GaM2U4ZY4CFyilWz,,人均-,
长城饭店,https://www.dianping.com/shop/l7Xbxb65AOpVGwFy,,人均-,
宏塬饭店(昂仁店),https://www.dianping.com/shop/kaCd8XMoiUqvules,1条评价,人均-,蛋炒饭 豆泡
成都饭馆,https://www.dianping.com/shop/H2UUPMGamqQpDrjt,1条评价,人均-,麻辣小龙虾 回锅肉 油炸花生米
风味川菜,https://www.dianping.com/shop/H95tdeIdmkb2Rigp,,人均-,
忆鲜川菜馆,https://www.dianping.com/shop/H9YB3bbzeyUFEOly,3条评价,人均-,烧烤 馄饨 尖椒猪头肉
浩皓蔬菜水果百货批发部,https://www.dianping.com/shop/k72YXQ2gZkBuxzjH,,人均-,
西藏普列康嘎餐饮服务有限公司,https://www.dianping.com/shop/H9rLWln2r9QJd2ta,,人均-,
桑桑平价超市菜店,https://www.dianping.com/shop/H5tRmeeIMVm2g5D9,,人均-,
云丽红火塘腊排,https://www.dianping.com/shop/H5lbdKzHHRu2Igyr,,人均-,
相遇牛肉汤锅,https://www.dianping.com/shop/l3doj581wqiWgKim,,人均-,牛骨锅 酸汤锅
多雄风味藏餐,https://www.dianping.com/shop/l72Z6NtL9GXQMWil,,人均-,
川辣子饭庄,https://www.dianping.com/shop/G9lf51jw1louVDbg,,人均-,
兰州牛肉拉面(塘东路),https://www.dianping.com/shop/k53ClaU2Jl2V0bKh,,人均-,
堡格垒美式咖餐(昂仁店),https://www.dianping.com/shop/kaiThICQfHNZpTix,,人均-,鸡块面 脆皮香蕉 草莓椰香牛奶
小兔子台湾奶茶(日喀则昂仁达加路店),https://www.dianping.com/shop/iHHq1HwCDF1xEtOl,,人均-,蛋糕奥利奥奶茶 金桔柠檬汁 老北京鸡肉卷
渝仟味火锅(昂仁店),https://www.dianping.com/shop/jD01PDl0pWKb3c8X,1条评价,人均-,金针菇 生菜 虾滑
康乐清真饭馆(昂仁店),https://www.dianping.com/shop/H2OX4SiNsM46jRCc,3条评价,人均-,新疆拌面 蛋炒饭 辣椒面
临夏饭馆,https://www.dianping.com/shop/laJbUnGTuUbHYbwE,,人均-,
成渝川味饭庄(昂仁店),https://www.dianping.com/shop/jSIxoTsTC32DZwMY,2条评价,人均-,蛋炒饭 麻辣小龙虾 炒包菜
昂仁县满意蔬菜批发部,https://www.dianping.com/shop/FDXSjSWEncPGBuUm,,人均-,
泸人家茶餐吧(昂仁店),https://www.dianping.com/shop/H1FnAoDa17vWpWSp,4条评价,人均-,土豆回锅肉 莲白回锅肉 水煮肉片
蜀香园(桑桑路),https://www.dianping.com/shop/G1uWZil1dziyvBs5,,人均-,
东北饺子馆,https://www.dianping.com/shop/GaM2U4ZY4CFyilWz,,人均-,
长城饭店,https://www.dianping.com/shop/l7Xbxb65AOpVGwFy,,人均-,
宏塬饭店(昂仁店),https://www.dianping.com/shop/kaCd8XMoiUqvules,1条评价,人均-,蛋炒饭 豆泡
成都饭馆,https://www.dianping.com/shop/H2UUPMGamqQpDrjt,1条评价,人均-,麻辣小龙虾 回锅肉 油炸花生米
风味川菜,https://www.dianping.com/shop/H95tdeIdmkb2Rigp,,人均-,
西藏普列康嘎餐饮服务有限公司,https://www.dianping.com/shop/H9rLWln2r9QJd2ta,,人均-,
桑桑平价超市菜店,https://www.dianping.com/shop/H5tRmeeIMVm2g5D9,,人均-,
云丽红火塘腊排,https://www.dianping.com/shop/H5lbdKzHHRu2Igyr,,人均-,
忆鲜川菜馆,https://www.dianping.com/shop/H9YB3bbzeyUFEOly,3条评价,人均-,烧烤 馄饨 尖椒猪头肉
浩皓蔬菜水果百货批发部,https://www.dianping.com/shop/k72YXQ2gZkBuxzjH,,人均-,
相遇牛肉汤锅,https://www.dianping.com/shop/l3doj581wqiWgKim,,人均-,牛骨锅 酸汤锅
多雄风味藏餐,https://www.dianping.com/shop/l72Z6NtL9GXQMWil,,人均-,
川辣子饭庄,https://www.dianping.com/shop/G9lf51jw1louVDbg,,人均-,
兰州牛肉拉面(塘东路),https://www.dianping.com/shop/k53ClaU2Jl2V0bKh,,人均-,
渝仟味火锅(昂仁店),https://www.dianping.com/shop/jD01PDl0pWKb3c8X,1条评价,人均-,金针菇 生菜 虾滑
小兔子台湾奶茶(日喀则昂仁达加路店),https://www.dianping.com/shop/iHHq1HwCDF1xEtOl,,人均-,
堡格垒美式咖餐(昂仁店),https://www.dianping.com/shop/kaiThICQfHNZpTix,,人均-,
康乐清真饭馆(昂仁店),https://www.dianping.com/shop/H2OX4SiNsM46jRCc,3条评价,人均-,
临夏饭馆,https://www.dianping.com/shop/laJbUnGTuUbHYbwE,,人均-,
成渝川味饭庄(昂仁店),https://www.dianping.com/shop/jSIxoTsTC32DZwMY,2条评价,人均-,
蜀香园(桑桑路),https://www.dianping.com/shop/G1uWZil1dziyvBs5,,人均-,
昂仁县满意蔬菜批发部,https://www.dianping.com/shop/FDXSjSWEncPGBuUm,,人均-,
东北饺子馆,https://www.dianping.com/shop/GaM2U4ZY4CFyilWz,,人均-,
长城饭店,https://www.dianping.com/shop/l7Xbxb65AOpVGwFy,,人均-,
宏塬饭店(昂仁店),https://www.dianping.com/shop/kaCd8XMoiUqvules,1条评价,人均-,蛋炒饭 豆泡
成都饭馆,https://www.dianping.com/shop/H2UUPMGamqQpDrjt,1条评价,人均-,麻辣小龙虾 回锅肉 油炸花生米
风味川菜,https://www.dianping.com/shop/H95tdeIdmkb2Rigp,,人均-,
云丽红火塘腊排,https://www.dianping.com/shop/H5lbdKzHHRu2Igyr,,人均-,
忆鲜川菜馆,https://www.dianping.com/shop/H9YB3bbzeyUFEOly,3条评价,人均-,烧烤 馄饨 尖椒猪头肉
西藏普列康嘎餐饮服务有限公司,https://www.dianping.com/shop/H9rLWln2r9QJd2ta,,人均-,
浩皓蔬菜水果百货批发部,https://www.dianping.com/shop/k72YXQ2gZkBuxzjH,,人均-,
桑桑平价超市菜店,https://www.dianping.com/shop/H5tRmeeIMVm2g5D9,,人均-,
相遇牛肉汤锅,https://www.dianping.com/shop/l3doj581wqiWgKim,,人均-,牛骨锅 酸汤锅
多雄风味藏餐,https://www.dianping.com/shop/l72Z6NtL9GXQMWil,,人均-,
兰州牛肉拉面(塘东路),https://www.dianping.com/shop/k53ClaU2Jl2V0bKh,,人均-,
川辣子饭庄,https://www.dianping.com/shop/G9lf51jw1louVDbg,,人均-,
渝仟味火锅(昂仁店),https://www.dianping.com/shop/jD01PDl0pWKb3c8X,1条评价,人均-,金针菇 生菜 虾滑
小兔子台湾奶茶(日喀则昂仁达加路店),https://www.dianping.com/shop/iHHq1HwCDF1xEtOl,,人均-,蛋糕奥利奥奶茶 金桔柠檬汁 老北京鸡肉卷
堡格垒美式咖餐(昂仁店),https://www.dianping.com/shop/kaiThICQfHNZpTix,,人均-,鸡块面 脆皮香蕉 草莓椰香牛奶
康乐清真饭馆(昂仁店),https://www.dianping.com/shop/H2OX4SiNsM46jRCc,3条评价,人均-,新疆拌面 蛋炒饭 辣椒面
临夏饭馆,https://www.dianping.com/shop/laJbUnGTuUbHYbwE,,人均-,
成渝川味饭庄(昂仁店),https://www.dianping.com/shop/jSIxoTsTC32DZwMY,2条评价,人均-,蛋炒饭 麻辣小龙虾 炒包菜
昂仁县满意蔬菜批发部,https://www.dianping.com/shop/FDXSjSWEncPGBuUm,,人均-,
蜀香园(桑桑路),https://www.dianping.com/shop/G1uWZil1dziyvBs5,,人均-,
泸人家茶餐吧(昂仁店),https://www.dianping.com/shop/H1FnAoDa17vWpWSp,4条评价,人均-,土豆回锅肉 莲白回锅肉 水煮肉片
宏塬饭店(昂仁店),https://www.dianping.com/shop/kaCd8XMoiUqvules,1条评价,人均-,蛋炒饭 豆泡
成都饭馆,https://www.dianping.com/shop/H2UUPMGamqQpDrjt,1条评价,人均-,麻辣小龙虾 回锅肉 油炸花生米
长城饭店,https://www.dianping.com/shop/l7Xbxb65AOpVGwFy,,人均-,
东北饺子馆,https://www.dianping.com/shop/GaM2U4ZY4CFyilWz,,人均-,
风味川菜,https://www.dianping.com/shop/H95tdeIdmkb2Rigp,,人均-,
浩皓蔬菜水果百货批发部,https://www.dianping.com/shop/k72YXQ2gZkBuxzjH,,人均-,
云丽红火塘腊排,https://www.dianping.com/shop/H5lbdKzHHRu2Igyr,,人均-,
忆鲜川菜馆,https://www.dianping.com/shop/H9YB3bbzeyUFEOly,3条评价,人均-,烧烤 馄饨 尖椒猪头肉
西藏普列康嘎餐饮服务有限公司,https://www.dianping.com/shop/H9rLWln2r9QJd2ta,,人均-,
桑桑平价超市菜店,https://www.dianping.com/shop/H5tRmeeIMVm2g5D9,,人均-,
相遇牛肉汤锅,https://www.dianping.com/shop/l3doj581wqiWgKim,,人均-,牛骨锅 酸汤锅
多雄风味藏餐,https://www.dianping.com/shop/l72Z6NtL9GXQMWil,,人均-,
兰州牛肉拉面(塘东路),https://www.dianping.com/shop/k53ClaU2Jl2V0bKh,,人均-,
川辣子饭庄,https://www.dianping.com/shop/G9lf51jw1louVDbg,,人均-,
堡格垒美式咖餐(昂仁店),https://www.dianping.com/shop/kaiThICQfHNZpTix,,人均-,鸡块面 脆皮香蕉 草莓椰香牛奶
康乐清真饭馆(昂仁店),https://www.dianping.com/shop/H2OX4SiNsM46jRCc,3条评价,人均-,新疆拌面 蛋炒饭 辣椒面
渝仟味火锅(昂仁店),https://www.dianping.com/shop/jD01PDl0pWKb3c8X,1条评价,人均-,金针菇 生菜 虾滑
小兔子台湾奶茶(日喀则昂仁达加路店),https://www.dianping.com/shop/iHHq1HwCDF1xEtOl,,人均-,蛋糕奥利奥奶茶 金桔柠檬汁 老北京鸡肉卷
临夏饭馆,https://www.dianping.com/shop/laJbUnGTuUbHYbwE,,人均-,
蜀香园(桑桑路),https://www.dianping.com/shop/G1uWZil1dziyvBs5,,人均-,
泸人家茶餐吧(昂仁店),https://www.dianping.com/shop/H1FnAoDa17vWpWSp,4条评价,人均-,土豆回锅肉 莲白回锅肉 水煮肉片
成渝川味饭庄(昂仁店),https://www.dianping.com/shop/jSIxoTsTC32DZwMY,2条评价,人均-,蛋炒饭 麻辣小龙虾 炒包菜
昂仁县满意蔬菜批发部,https://www.dianping.com/shop/FDXSjSWEncPGBuUm,,人均-,
宏塬饭店(昂仁店),https://www.dianping.com/shop/kaCd8XMoiUqvules,1条评价,人均-,蛋炒饭 豆泡
成都饭馆,https://www.dianping.com/shop/H2UUPMGamqQpDrjt,1条评价,人均-,麻辣小龙虾 回锅肉 油炸花生米
长城饭店,https://www.dianping.com/shop/l7Xbxb65AOpVGwFy,,人均-,
东北饺子馆,https://www.dianping.com/shop/GaM2U4ZY4CFyilWz,,人均-,
风味川菜,https://www.dianping.com/shop/H95tdeIdmkb2Rigp,,人均-,
浩皓蔬菜水果百货批发部,https://www.dianping.com/shop/k72YXQ2gZkBuxzjH,,人均-,
云丽红火塘腊排,https://www.dianping.com/shop/H5lbdKzHHRu2Igyr,,人均-,
忆鲜川菜馆,https://www.dianping.com/shop/H9YB3bbzeyUFEOly,3条评价,人均-,烧烤 馄饨 尖椒猪头肉
西藏普列康嘎餐饮服务有限公司,https://www.dianping.com/shop/H9rLWln2r9QJd2ta,,人均-,
桑桑平价超市菜店,https://www.dianping.com/shop/H5tRmeeIMVm2g5D9,,人均-,
相遇牛肉汤锅,https://www.dianping.com/shop/l3doj581wqiWgKim,,人均-,牛骨锅 酸汤锅
多雄风味藏餐,https://www.dianping.com/shop/l72Z6NtL9GXQMWil,,人均-,
兰州牛肉拉面(塘东路),https://www.dianping.com/shop/k53ClaU2Jl2V0bKh,,人均-,
川辣子饭庄,https://www.dianping.com/shop/G9lf51jw1louVDbg,,人均-,
堡格垒美式咖餐(昂仁店),https://www.dianping.com/shop/kaiThICQfHNZpTix,,人均-,鸡块面 脆皮香蕉 草莓椰香牛奶
康乐清真饭馆(昂仁店),https://www.dianping.com/shop/H2OX4SiNsM46jRCc,3条评价,人均-,新疆拌面 蛋炒饭 辣椒面
渝仟味火锅(昂仁店),https://www.dianping.com/shop/jD01PDl0pWKb3c8X,1条评价,人均-,金针菇 生菜 虾滑
小兔子台湾奶茶(日喀则昂仁达加路店),https://www.dianping.com/shop/iHHq1HwCDF1xEtOl,,人均-,蛋糕奥利奥奶茶 金桔柠檬汁 老北京鸡肉卷
临夏饭馆,https://www.dianping.com/shop/laJbUnGTuUbHYbwE,,人均-,
蜀香园(桑桑路),https://www.dianping.com/shop/G1uWZil1dziyvBs5,,人均-,
昂仁县满意蔬菜批发部,https://www.dianping.com/shop/FDXSjSWEncPGBuUm,,人均-,
泸人家茶餐吧(昂仁店),https://www.dianping.com/shop/H1FnAoDa17vWpWSp,4条评价,人均-,土豆回锅肉 莲白回锅肉 水煮肉片
宏塬饭店(昂仁店),https://www.dianping.com/shop/kaCd8XMoiUqvules,1条评价,人均-,蛋炒饭 豆泡
成都饭馆,https://www.dianping.com/shop/H2UUPMGamqQpDrjt,1条评价,人均-,麻辣小龙虾 回锅肉 油炸花生米
长城饭店,https://www.dianping.com/shop/l7Xbxb65AOpVGwFy,,人均-,
东北饺子馆,https://www.dianping.com/shop/GaM2U4ZY4CFyilWz,,人均-,
风味川菜,https://www.dianping.com/shop/H95tdeIdmkb2Rigp,,人均-,
浩皓蔬菜水果百货批发部,https://www.dianping.com/shop/k72YXQ2gZkBuxzjH,,人均-,
云丽红火塘腊排,https://www.dianping.com/shop/H5lbdKzHHRu2Igyr,,人均-,
忆鲜川菜馆,https://www.dianping.com/shop/H9YB3bbzeyUFEOly,3条评价,人均-,烧烤 馄饨 尖椒猪头肉
西藏普列康嘎餐饮服务有限公司,https://www.dianping.com/shop/H9rLWln2r9QJd2ta,,人均-,
桑桑平价超市菜店,https://www.dianping.com/shop/H5tRmeeIMVm2g5D9,,人均-,
相遇牛肉汤锅,https://www.dianping.com/shop/l3doj581wqiWgKim,,人均-,牛骨锅 酸汤锅
多雄风味藏餐,https://www.dianping.com/shop/l72Z6NtL9GXQMWil,,人均-,
兰州牛肉拉面(塘东路),https://www.dianping.com/shop/k53ClaU2Jl2V0bKh,,人均-,
川辣子饭庄,https://www.dianping.com/shop/G9lf51jw1louVDbg,,人均-,
渝仟味火锅(昂仁店),https://www.dianping.com/shop/jD01PDl0pWKb3c8X,1条评价,人均-,金针菇 生菜 虾滑
小兔子台湾奶茶(日喀则昂仁达加路店),https://www.dianping.com/shop/iHHq1HwCDF1xEtOl,,人均-,蛋糕奥利奥奶茶 金桔柠檬汁 老北京鸡肉卷
堡格垒美式咖餐(昂仁店),https://www.dianping.com/shop/kaiThICQfHNZpTix,,人均-,鸡块面 脆皮香蕉 草莓椰香牛奶
康乐清真饭馆(昂仁店),https://www.dianping.com/shop/H2OX4SiNsM46jRCc,3条评价,人均-,新疆拌面 蛋炒饭 辣椒面
临夏饭馆,https://www.dianping.com/shop/laJbUnGTuUbHYbwE,,人均-,
成渝川味饭庄(昂仁店),https://www.dianping.com/shop/jSIxoTsTC32DZwMY,2条评价,人均-,蛋炒饭 麻辣小龙虾 炒包菜
昂仁县满意蔬菜批发部,https://www.dianping.com/shop/FDXSjSWEncPGBuUm,,人均-,
蜀香园(桑桑路),https://www.dianping.com/shop/G1uWZil1dziyvBs5,,人均-,
泸人家茶餐吧(昂仁店),https://www.dianping.com/shop/H1FnAoDa17vWpWSp,4条评价,人均-,土豆回锅肉 莲白回锅肉 水煮肉片
成都饭馆,https://www.dianping.com/shop/H2UUPMGamqQpDrjt,1条评价,人均-,麻辣小龙虾 回锅肉 油炸花生米
长城饭店,https://www.dianping.com/shop/l7Xbxb65AOpVGwFy,,人均-,
宏塬饭店(昂仁店),https://www.dianping.com/shop/kaCd8XMoiUqvules,1条评价,人均-,蛋炒饭 豆泡
东北饺子馆,https://www.dianping.com/shop/GaM2U4ZY4CFyilWz,,人均-,
风味川菜,https://www.dianping.com/shop/H95tdeIdmkb2Rigp,,人均-,
浩皓蔬菜水果百货批发部,https://www.dianping.com/shop/k72YXQ2gZkBuxzjH,,人均-,
云丽红火塘腊排,https://www.dianping.com/shop/H5lbdKzHHRu2Igyr,,人均-,
忆鲜川菜馆,https://www.dianping.com/shop/H9YB3bbzeyUFEOly,3条评价,人均-,烧烤 馄饨 尖椒猪头肉
西藏普列康嘎餐饮服务有限公司,https://www.dianping.com/shop/H9rLWln2r9QJd2ta,,人均-,
桑桑平价超市菜店,https://www.dianping.com/shop/H5tRmeeIMVm2g5D9,,人均-,
相遇牛肉汤锅,https://www.dianping.com/shop/l3doj581wqiWgKim,,人均-,牛骨锅 酸汤锅
多雄风味藏餐,https://www.dianping.com/shop/l72Z6NtL9GXQMWil,,人均-,
兰州牛肉拉面(塘东路),https://www.dianping.com/shop/k53ClaU2Jl2V0bKh,,人均-,
川辣子饭庄,https://www.dianping.com/shop/G9lf51jw1louVDbg,,人均-,
渝仟味火锅(昂仁店),https://www.dianping.com/shop/jD01PDl0pWKb3c8X,1条评价,人均-,金针菇 生菜 虾滑
小兔子台湾奶茶(日喀则昂仁达加路店),https://www.dianping.com/shop/iHHq1HwCDF1xEtOl,,人均-,蛋糕奥利奥奶茶 金桔柠檬汁 老北京鸡肉卷
堡格垒美式咖餐(昂仁店),https://www.dianping.com/shop/kaiThICQfHNZpTix,,人均-,鸡块面 脆皮香蕉 草莓椰香牛奶
康乐清真饭馆(昂仁店),https://www.dianping.com/shop/H2OX4SiNsM46jRCc,3条评价,人均-,新疆拌面 蛋炒饭 辣椒面
临夏饭馆,https://www.dianping.com/shop/laJbUnGTuUbHYbwE,,人均-,
成渝川味饭庄(昂仁店),https://www.dianping.com/shop/jSIxoTsTC32DZwMY,2条评价,人均-,蛋炒饭 麻辣小龙虾 炒包菜
桑桑平价超市菜店,https://www.dianping.com/shop/H5tRmeeIMVm2g5D9,,人均-,
浩皓蔬菜水果百货批发部,https://www.dianping.com/shop/k72YXQ2gZkBuxzjH,,人均-,
云丽红火塘腊排,https://www.dianping.com/shop/H5lbdKzHHRu2Igyr,,人均-,
忆鲜川菜馆,https://www.dianping.com/shop/H9YB3bbzeyUFEOly,3条评价,人均-,烧烤 馄饨 尖椒猪头肉
西藏普列康嘎餐饮服务有限公司,https://www.dianping.com/shop/H9rLWln2r9QJd2ta,,人均-,
相遇牛肉汤锅,https://www.dianping.com/shop/l3doj581wqiWgKim,,人均-,牛骨锅 酸汤锅
多雄风味藏餐,https://www.dianping.com/shop/l72Z6NtL9GXQMWil,,人均-,
川辣子饭庄,https://www.dianping.com/shop/G9lf51jw1louVDbg,,人均-,
兰州牛肉拉面(塘东路),https://www.dianping.com/shop/k53ClaU2Jl2V0bKh,,人均-,
康乐清真饭馆(昂仁店),https://www.dianping.com/shop/H2OX4SiNsM46jRCc,3条评价,人均-,新疆拌面 蛋炒饭 辣椒面
渝仟味火锅(昂仁店),https://www.dianping.com/shop/jD01PDl0pWKb3c8X,1条评价,人均-,
小兔子台湾奶茶(日喀则昂仁达加路店),https://www.dianping.com/shop/iHHq1HwCDF1xEtOl,,人均-,
堡格垒美式咖餐(昂仁店),https://www.dianping.com/shop/kaiThICQfHNZpTix,,人均-,
临夏饭馆,https://www.dianping.com/shop/laJbUnGTuUbHYbwE,,人均-,
成渝川味饭庄(昂仁店),https://www.dianping.com/shop/jSIxoTsTC32DZwMY,2条评价,人均-,
桑桑平价超市菜店,https://www.dianping.com/shop/H5tRmeeIMVm2g5D9,,人均-,
浩皓蔬菜水果百货批发部,https://www.dianping.com/shop/k72YXQ2gZkBuxzjH,,人均-,
云丽红火塘腊排,https://www.dianping.com/shop/H5lbdKzHHRu2Igyr,,人均-,
忆鲜川菜馆,https://www.dianping.com/shop/H9YB3bbzeyUFEOly,3条评价,人均-,烧烤 馄饨 尖椒猪头肉
西藏普列康嘎餐饮服务有限公司,https://www.dianping.com/shop/H9rLWln2r9QJd2ta,,人均-,
相遇牛肉汤锅,https://www.dianping.com/shop/l3doj581wqiWgKim,,人均-,牛骨锅 酸汤锅
多雄风味藏餐,https://www.dianping.com/shop/l72Z6NtL9GXQMWil,,人均-,
川辣子饭庄,https://www.dianping.com/shop/G9lf51jw1louVDbg,,人均-,
兰州牛肉拉面(塘东路),https://www.dianping.com/shop/k53ClaU2Jl2V0bKh,,人均-,
康乐清真饭馆(昂仁店),https://www.dianping.com/shop/H2OX4SiNsM46jRCc,3条评价,人均-,新疆拌面 蛋炒饭 辣椒面
渝仟味火锅(昂仁店),https://www.dianping.com/shop/jD01PDl0pWKb3c8X,1条评价,人均-,金针菇 生菜 虾滑
小兔子台湾奶茶(日喀则昂仁达加路店),https://www.dianping.com/shop/iHHq1HwCDF1xEtOl,,人均-,蛋糕奥利奥奶茶 金桔柠檬汁 老北京鸡肉卷
堡格垒美式咖餐(昂仁店),https://www.dianping.com/shop/kaiThICQfHNZpTix,,人均-,鸡块面 脆皮香蕉 草莓椰香牛奶
临夏饭馆,https://www.dianping.com/shop/laJbUnGTuUbHYbwE,,人均-,
成渝川味饭庄(昂仁店),https://www.dianping.com/shop/jSIxoTsTC32DZwMY,2条评价,人均-,蛋炒饭 麻辣小龙虾 炒包菜
