伙食团(巴塘店),https://www.dianping.com/shop/k6AX98v1qWabRovc,434条评价,人均￥57,椒麻鸡 茶树菇炒腊肉 砂锅牛肉
吴记斑鱼,https://www.dianping.com/shop/k6TDeAvduMWvKZ5g,9o条评价,人均￥87,斑鱼 菌汤锅 小料
有盐有味,https://www.dianping.com/shop/G1aEC6ZHvIKkucSL,379条评价,人均￥62,青椒鱼 麻婆豆腐 回锅肉
云南烧烤(巴塘店),https://www.dianping.com/shop/G62CCOeD8ofAphKq,6条评价,人均-,老奶鸡爪
阿珂卓巴藏餐(巴塘店),https://www.dianping.com/shop/G5bzw3WjfIsLPtYo,18条评价,人均-,巴塘团结包子 牛肉盖被 杂菌汤
雅安特色涮烤(巴塘店),https://www.dianping.com/shop/H2P6aGZGTsWdGOSj,23条评价,人均￥97,五花肉 毛肚 土豆
沈小福(巴塘店),https://www.dianping.com/shop/G7o3771rt9gTikxR,21条评价,人均￥16,清汤全家福 香辣全家福 香菇排骨饭
豆花鱼(巴塘店),https://www.dianping.com/shop/laoNrczydEF2sHbu,32条评价,人均￥86,黑豆花鱼 豆花鱼火锅 自助调料台
印象烤鸡,https://www.dianping.com/shop/l6NNlHILHmlX1NgT,2条评价,人均-,坨坨土豆 印象烤鸡
椒知味木桶鱼•烤鱼,https://www.dianping.com/shop/k9u7BV7l6Cbxxjii,54条评价,人均-,乌鱼 特色鲜椒锅 梭边鱼
巴塘阿咪瑪罗餐饮店,https://www.dianping.com/shop/k99rI9SXtzYLKnR0,19条评价,人均-,铁板烤血肠 藏式土火锅 烤藏香猪
蜀镇鲜货火锅(巴塘店),https://www.dianping.com/shop/k9IvsphmjsvC75IQ,1o条评价,人均-,鲜郡花 爽口乌鱼片 蜀镇土鸭肠
巴塘假日酒店-全日餐厅,https://www.dianping.com/shop/H3benw8SpSoUoq5Y,1o条评价,人均-,牛肉汉堡 芒果蛋糕 时令水果盘
祥和饭庄,https://www.dianping.com/shop/kauC4G2c0UtjBHoW,26条评价,人均￥66,带丝丸子 鱼香肉丝 红烧肉烧板栗
邛崃人家(巴塘店),https://www.dianping.com/shop/H79UsgIZJ3731OHn,6条评价,人均-,面条 毛血旺 腰花
邛崃奶汤面(巴塘店),https://www.dianping.com/shop/l9utdoobOMD2hpJh,9条评价,人均￥14,奶汤面 肥肠面 干杂面
降龙爪爪(巴安路店),https://www.dianping.com/shop/laNPAK8vN2fFt3ij,1条评价,人均-,
丽江特色腊排骨汤锅,https://www.dianping.com/shop/laFB3i9wmXbyVYmM,3条评价,人均-,火腿片 腊排骨锅 火腿鸡汤锅
眉山周记牛羊肉汤锅,https://www.dianping.com/shop/l4T5ijvaEb4ad9EJ,31条评价,人均￥89,牛肉汤锅 羊肉 红糖糍粑
和姐老铜锅,https://www.dianping.com/shop/k1ChQltNYgVYlJTa,1o条评价,人均-,野山菌鸡块火锅 腊排骨小锅 肥肠
李师牦牛肉火锅(巴塘店),https://www.dianping.com/shop/k24GLGV2wxqvzRtR,3条评价,人均-,火锅 羊汤
三椒老坛酸菜竹笋鸡,https://www.dianping.com/shop/l2J1eAUgfA33v0ii,1条评价,人均-,老坛酸菜竹笋鸡
灌州老板凳砂锅串串香(巴塘店),https://www.dianping.com/shop/l7qmlVPIhCYttDF3,14条评价,人均￥6o,牛肉 仔姜五花肉 串串
七椒渔府巴塘店,https://www.dianping.com/shop/H9Ea8YCX9DpzWgGm,9条评价,人均-,酸菜汤鲶鱼 鱼肉 巴塘七椒鱼府
四喜烧肉酒场,https://www.dianping.com/shop/k4HsgC5g0pQWlVEC,8条评价,人均-,生牛肉 原汁耗牛肉 元气牛五花
巴塘县川味轩饭店,https://www.dianping.com/shop/kaAhikqlxrPXfwRJ,118条评价,人均￥48,小炒牦牛肉 麻婆豆腐 番茄煎蛋汤
一只酸奶牛(甘孜巴塘店),https://www.dianping.com/shop/k9ZG6DmK9o728VVc,,人均-,武夷红薯泥沙沙 芒来芒趣酸奶多 武夷红糯糯红豆
江湖味道老火锅,https://www.dianping.com/shop/G3VUpwn1bcaBVc3B,,人均-,
巴塘蜀大侠火锅,https://www.dianping.com/shop/k7qzVGxPru9Vzjzc,3条评价,人均-,牦牛肉
正宗兰州拉面(安康大道店),https://www.dianping.com/shop/k51btKr0vRe6EpKE,1o条评价,人均￥37,番茄鸡蛋拉面 牛肉炒饭 红烧刀削面
咩·咖啡,https://www.dianping.com/shop/k1GwSoDJq5FGYPCn,,人均-,巧克力香蕉华夫饼 巧克力摩卡
屋头串串,https://www.dianping.com/shop/G8Ffzd8FwoZkxtNO,2条评价,人均-,兔肚
巴塘兄弟连锅养生菌汤,https://www.dianping.com/shop/k7KQU2mHF6raaqng,4条评价,人均-,粗粮养生排骨 养生菌汤锅底 养生排骨菌汤
雅安之家川菜馆(巴塘店),https://www.dianping.com/shop/k2oMuRjaoXsZwjNL,2条评价,人均-,酸菜鱼 点杀土鱼 干锅鸡
过把瘾特色烧烤(巴塘店),https://www.dianping.com/shop/l3hKFdsycs2VHBks,7条评价,人均-,铁板鲫鱼 鸭脑壳 花甲
天全椒麻鸡(巴塘店),https://www.dianping.com/shop/l8DQ0PrHXIsu6nHB,1条评价,人均-,天全椒麻鸡
菩提缘休闲藏餐吧,https://www.dianping.com/shop/iT41FjbC0PkVSP09,,人均-,
大龙渔府,https://www.dianping.com/shop/l9tC7Vc13421Lolw,1条评价,人均-,海带 油麦菜 牛筋
香香嘴家常菜,https://www.dianping.com/shop/G8x9mJVg8YwL6W2I,3条评价,人均-,油菜 辣炒莲菜 干锅花菜
牛华八婆火锅串串(巴塘店),https://www.dianping.com/shop/H7f2nKgtXsqNQYJB,1条评价,人均-,白萝卜 拍黄瓜 青椒皮蛋
巴塘冒面(巴塘店),https://www.dianping.com/shop/G5S0Dwi027H5xsX0,2条评价,人均-,金丝面
冒集老成都火锅冒菜,https://www.dianping.com/shop/HahoXqgatiQNDhGQ,1条评价,人均-,
雅安川菜馆(巴塘店),https://www.dianping.com/shop/GacugiWbzGFD7brq,12条评价,人均￥34,辣椒牛肉丝 酸辣土豆丝 毛血旺
南京石记小笼包,https://www.dianping.com/shop/H6vUs7Twf47rH572,1条评价,人均-,南瓜稀饭 牛肉饼 煎饼盒子
特火石棉烧烤,https://www.dianping.com/shop/H43TQ7i2DQrtLEjy,,人均-,原味牦牛肉 刀片五花肉 铁板煎饺
鑫源碟砂锅串串,https://www.dianping.com/shop/i1tbv3IwWVkIypcC,2条评价,人均-,鸳鸯锅
老字号二娃烧烤店,https://www.dianping.com/shop/H9bgLYSEDQXlU2LU,,人均-,
麦田私房菜烧烤,https://www.dianping.com/shop/G7ZXelhNOsLcuaFN,1条评价,人均-,泡椒鱿鱼 鲜椒鸡 泡椒兔
大鹏藏餐,https://www.dianping.com/shop/G6auOk676rjbziGW,1条评价,人均-,牛肉 鸡肉 炒粉
青岛啤酒扎啤城(巴塘店),https://www.dianping.com/shop/H5vKGkwgyDtGlmyk,1条评价,人均-,
万家特色灌汤包(巴塘店),https://www.dianping.com/shop/H7H7oLnr2mtM38i6,3条评价,人均-,包子
北方饺子馆,https://www.dianping.com/shop/l9kwmkRALRGmYqQA,,人均-,
巴塘夜宵地道赞烧烤,https://www.dianping.com/shop/l9gFcqvzjl30aYJl,,人均-,
老面馆(巴塘店),https://www.dianping.com/shop/l3smUwDnY8IcnzNL,2条评价,人均-,汤饺 包子 牛肉面
阿卟尕拉,https://www.dianping.com/shop/k6JaHw1oCdHlRWrF,,人均-,
大厨小味中餐厅(巴塘店),https://www.dianping.com/shop/G7ICCF8HZhtWcU2w,5条评价,人均-,乐山辣子鸡 双椒牦牛肉 香肠腊肉拼盘
面对面(金弦子大道店),https://www.dianping.com/shop/laVrWPPEd7HbBdBi,1条评价,人均-,面条 烤串
希悦之家餐厅,https://www.dianping.com/shop/H2KXUi4qV4CfWFl4,3o条评价,人均-,香辣虾 椒麻鸡 小炒牦牛肉
茶多芬茶水吧,https://www.dianping.com/shop/H2C6Ly3Xj0PjQzRU,,人均-,
韵江南食府(巴塘店),https://www.dianping.com/shop/l9tZ6tZmAgN4RUI4,7条评价,人均-,
