土家宅(巴东店),https://www.dianping.com/shop/G9qnIYUHVqHKV2E5,66条评价,人均￥7o,炕土豆 镇店土豆饭 菌子养生锅
印象巴东,https://www.dianping.com/shop/H2UIpUNrQH8IwgIL,2o条评价,人均￥54,炕土豆 野生菌炖凤鹅 腊味风干牛肉
茶店子牛肉馆,https://www.dianping.com/shop/k8lK7cvbQNkWEKRY,26条评价,人均￥51,干锅牛肉 炒夹米子饭 泡菜
稀客来原生态土菜馆(巴东店),https://www.dianping.com/shop/G7MzFHSYRDxHytvZ,32条评价,人均￥74,过水鱼 馒头 肉沫合渣
蜀皇全牛宴,https://www.dianping.com/shop/l84yGUH8rWA6yXVd,3条评价,人均-,黄金鲜腐竹 大宽面 鲜肉蒸饺
谭鸭血老火锅(巴东店),https://www.dianping.com/shop/l5ByVuy0DnGroIJu,33条评价,人均￥74,谭公鸭血 卤水肥肠 极品鲜毛肚
德克士(巴东店),https://www.dianping.com/shop/H6WytO9Y0kciOSuq,53条评价,人均￥24,香辣鸡翅（一对） 咖喱鸡排饭餐 照烧鸡肉饭餐
恋丄炭火烤肉(巴东店),https://www.dianping.com/shop/G6Gs1zCoi2z0M2lo,84条评价,人均-,秘制招牌牛肉 韩国泡菜 蒜香金针菇
王公酒楼,https://www.dianping.com/shop/k1UZjtkBEPdXGIjw,6条评价,人均-,土豆丝 豆腐 水煮肉片
德庄自助火锅(巴东店),https://www.dianping.com/shop/k2qs6Mp1CDrTLiJE,61条评价,人均￥55,自助晚餐 炒花饭 牛栏山
香饽饽土菜馆(巴东店),https://www.dianping.com/shop/l2nI0WY9isR327cE,18条评价,人均-,
稻田甲,https://www.dianping.com/shop/k7aCWuOgdnfGw34p,1条评价,人均-,
一得涮肉,https://www.dianping.com/shop/l5GMLKeG4323uG9n,6条评价,人均-,
重庆火锅,https://www.dianping.com/shop/l1kSlr7Dn5W3aEjI,1条评价,人均￥45,
滨江国际大酒店,https://www.dianping.com/shop/k4JTGQ0wLavual8r,28条评价,人均-,
御品牛肉,https://www.dianping.com/shop/k9jAQbY7eNa1P2RQ,9条评价,人均￥58,茶店牛肉 土豆饭 粉蒸肉
毛椒火辣(巴东太矶头店),https://www.dianping.com/shop/H7oMeeIFmV2hcRlA,,人均-,炸藕夹 白萝卜 牛肉丸
巴东县嘉禾面包工坊,https://www.dianping.com/shop/kaw9ICuNHHlWyMSR,2条评价,人均-,黑森林 裸蛋糕 芒果慕斯
嘟爷火锅杯小吃店,https://www.dianping.com/shop/k4C05sM5kEbAMZV7,,人均-,烤鸡柳 烤尖辣椒 烤金针菇
狂浪烤肉(绿葱坡店),https://www.dianping.com/shop/H3Gwneb7Vd9DxPFj,21条评价,人均￥76,五花肉 香辣嫩鲜牛肉 红糖米酒
食尚小厨,https://www.dianping.com/shop/k6nWsIbTIXyeXBnq,1条评价,人均-,
旻皓酒楼,https://www.dianping.com/shop/HaFvRLws30IwKDgX,,人均-,
重庆老火锅,https://www.dianping.com/shop/kaz8IXmcFhzPwfHL,1条评价,人均-,
全新酒家(巴东店),https://www.dianping.com/shop/H3ydk0ugOuCvrfGj,,人均-,
临江小吃店,https://www.dianping.com/shop/GadlLq57UpEz04Do,2条评价,人均-,
巴比客优烤坊(巴东店),https://www.dianping.com/shop/k8XYvpoGVGrtlupz,5条评价,人均-,
潮牛道(巴东店),https://www.dianping.com/shop/k8jLRmdl8Hrv7vOn,15条评价,人均-,
彭师傅夜市,https://www.dianping.com/shop/l24akMqxpF1KeZB6,2条评价,人均-,
老街烧烤(巴东店),https://www.dianping.com/shop/iCcxIst4djCI8psO,9条评价,人均-,
幸福西饼生日蛋糕(巴东店),https://www.dianping.com/shop/G3nu6ePUYzwEXMgv,,人均-,
狂浪烤肉(巴东店),https://www.dianping.com/shop/FRfUCHLF8iKGPexI,7条评价,人均-,狂狼精品五花肉 锡纸茄子 刀拍黄瓜
野三关第一家柴火鸡柴火鱼(巴东店),https://www.dianping.com/shop/H28U2nG6Zj9itBet,11条评价,人均￥59,冬瓜 小白菜 柴火鸡
万合家园,https://www.dianping.com/shop/G7nj7bdJGvEeQ7pJ,18条评价,人均￥61,土家炖腊蹄 酱椒大鱼头 青椒豆干肉丝
野三关土家灶屋,https://www.dianping.com/shop/H524H0mnBX19I2Qm,4条评价,人均-,茶店牛肉 合渣
茶店土家牛肉(野三关店),https://www.dianping.com/shop/H9ehiCmz4Iik9pWN,9条评价,人均-,洋芋粉粑粑 干锅牛肉 香煎鲫鱼
家乡鸡,https://www.dianping.com/shop/H7Lve8bJFk68i7Ig,4条评价,人均-,咖喱牛肉炒饭 啤酒鸡 茶树菇腊肉
寇公缘(特色湘菜.野三关店),https://www.dianping.com/shop/G1pzX2ufsVwrvttR,1条评价,人均-,干锅手撕包白 清蒸鲈鱼 水蒸蛋
陕西特色面点,https://www.dianping.com/shop/k5DFP7lnludRoqsj,,人均-,
标头炸串(野三关镇店),https://www.dianping.com/shop/l7IVHkIKqpD0GNNM,,人均-,
余记家家腊鱼馆(野三关店),https://www.dianping.com/shop/Gazdjpia3jKhfTHL,7条评价,人均-,炒面 辣鱼 腊排骨
巴楚全家蛋糕(巴楚文化广场店),https://www.dianping.com/shop/G8eLC6ZhD0oAx8v8,,人均-,水果多多款 过寿款蛋糕 汇多滋黄桃汁
有拈头成都市井火锅(野三关店),https://www.dianping.com/shop/l9TpuSyKbCPsxGzb,5条评价,人均-,红油锅底 冰粉 鸭血
秦云老太婆摊摊面(巴东店),https://www.dianping.com/shop/G4uXIpBnokRn8jfG,15条评价,人均-,豌杂粉 牛肉面 肥肠面
土家柴火记,https://www.dianping.com/shop/l9ifMkmJwqZtRfUF,33条评价,人均￥58,凉拌鱼腥草 毛铺黑芥 魔芋豆腐涮菜
泥巴小院成都市井火锅(巴东旗舰店),https://www.dianping.com/shop/kaQrYzarV0H6HKHQ,1条评价,人均-,青菜炒饭 番茄炒蛋 麻辣牛肉
灶门签火锅串串(巴东店),https://www.dianping.com/shop/Gaxw4cSuzQQ0itNB,2条评价,人均-,煮香辣猪心 煮一绝去骨鸭掌 鱼籽龙虾丸子
新7里坪土菜馆,https://www.dianping.com/shop/H8h1Hviok7jfH3aw,6条评价,人均-,合渣 猪蹄 辣椒炕土豆
巴东羊头羊肉面,https://www.dianping.com/shop/l5ks8aWdBiZsWr8R,,人均-,羊蝎子 肥肠粉 蛋炒饭
华莱士(巴楚店),https://www.dianping.com/shop/H89UedTVM8tmSYIN,42条评价,人均-,脆皮全鸡 薯条 辣味鸡肉卷
通江羊肉,https://www.dianping.com/shop/k9bs5lrfwXYPKNnB,1条评价,人均-,
宝灯麻麻的店,https://www.dianping.com/shop/l64iK2gG8DjzbnM0,,人均-,小炒黄牛肉烤盘饭 宝灯老干妈德国香肠炒饭 热带风情水果披萨
海迪私房菜,https://www.dianping.com/shop/Hag52sXk53Km2g4h,6条评价,人均-,碎沫豆腐 凉拌鱼皮 水煮肉片
老孟土菜馆(巴东店),https://www.dianping.com/shop/j1xEuLmVyhoVx6IF,4条评价,人均-,纸包鱼 西芹炒腊肉 腊蹄子火锅
良品铺子(巴东沿江路店),https://www.dianping.com/shop/HayqchDzuw33BvsR,4条评价,人均-,轻甜芒果干112g/袋 甄芯坚果礼 蟹黄味腰果120g
潮牛道(野三关镇),https://www.dianping.com/shop/k677YOncMHMla5Dy,1o条评价,人均-,红糖糍粑 洋芋粑粑 烤五花肉
乡巴佬饭店,https://www.dianping.com/shop/l2nj55gXYUWxuEIy,4条评价,人均-,
一品螺轩柳州螺蛳粉,https://www.dianping.com/shop/l4jb68w7rAvC5GUM,,人均-,
巴山羊肉(巴东店),https://www.dianping.com/shop/EtElk6FbbJODS0Fj,1条评价,人均-,
一挑香面,https://www.dianping.com/shop/G1SDLMK6eT2U0I4P,4条评价,人均-,
楚香园火锅店,https://www.dianping.com/shop/l7oJs9EqQB4z5tM4,,人均-,
