好友缘酒家(百色万达店),https://www.dianping.com/shop/G7C0Ir2csTroRvRh,78条评价,人均-,友缘虾饺皇 洛神金沙红粉米肠 霸王大油条
萍姐烧烤,https://www.dianping.com/shop/H25hcvYyaqztpI0p,75条评价,人均￥49,烤猪眼 猪鞭 牛肉
桂小厨广西菜(百色梦之岛店),https://www.dianping.com/shop/G1k9JLBjXb5YHVtq,399条评价,人均￥85,亚麻籽脆皮小刀鸭 招牌老友鱼 米其林冰川茄子
梁氏炖品小吃店(下岗街店),https://www.dianping.com/shop/l2tayQVsMCnD7Vmr,57条评价,人均￥16,甜饭 干捞云吞 炖品
蛙小侠(中兴百货店),https://www.dianping.com/shop/G16pZCqNkX4QsfUE,4o3条评价,人均￥71,青椒紫苏味牛蛙 蒜香味牛蛙 香辣味牛蛙
小龙坎火锅(中环广场店),https://www.dianping.com/shop/l5zSNxkreAx3ixgw,2o7条评价,人均￥8o,鲜毛肚 水晶鸭肠 红糖糍耙
客串百舍,https://www.dianping.com/shop/H9vuaPylGjZJkxdz,87条评价,人均￥78,猪油拌粉 银耳豆腐花 猪油拌饭
北丐,https://www.dianping.com/shop/k4KUl1OmxWp8aZM8,3条评价,人均-,牛肉丸 莴笋 油麦菜
泰缦缦东南亚茶餐厅,https://www.dianping.com/shop/l5GcOLIUudKBfRrQ,49条评价,人均￥72,泰味香茅烧鸡 金牌泰式菠萝炒饭 大拇指泰式冬阴功汤
西贡印象越南特色餐厅,https://www.dianping.com/shop/k4sixIVhOjza8uKF,95条评价,人均￥1o9,芒果牛肉 百香果排骨 菠萝炒饭
康记品悦茶餐厅(鼎盛中央城店),https://www.dianping.com/shop/G9seYYD9JTqb3bMf,96条评价,人均￥68,康记烧鹅皇 蜜汁花叉 手打瑶家油茶
友谊冷饮部,https://www.dianping.com/shop/H4CnJRiADe8LaAZs,66条评价,人均￥7,绿豆冰 绿豆沙 肉松面包
蛙小侠(新天地店),https://www.dianping.com/shop/k8zsljIrmMMkr8i2,291条评价,人均￥72,青椒紫苏味 娃娃菜 蒜香味牛蛙
金记猪肚鸡,https://www.dianping.com/shop/FV3yeYf9pvwTETPo,2o条评价,人均￥69,胡椒猪肚鸡 腊味饭 新鲜时蔬
海底捞火锅(爱琴海店),https://www.dianping.com/shop/EQ7swFGQPOyNpBr3,113条评价,人均￥12o,捞派脆脆毛肚 招牌虾滑 捞派鸭肠
黄氏烧鸭粉(百色总店),https://www.dianping.com/shop/G45zo5UzKtYCz9BO,77条评价,人均￥11,特选烧鸭粉 酸笋 鸭腿
三口井头一家烧烤,https://www.dianping.com/shop/HarKM3JVVEstT8dw,78条评价,人均￥51,烤猪眼 隔山肉 酸菜
蛙小侠(爱琴海店),https://www.dianping.com/shop/G8O0KJ5yhsShqJv4,387条评价,人均￥74,青椒紫苏牛蛙 爽口鱼皮 青椒紫苏味
横州鱼生馆·生腌·虾生(百色爱琴海店),https://www.dianping.com/shop/l3xMT1uYw1nfEuqp,127条评价,人均￥69,横州鱼生 椒盐炸鱼骨 鱼生青料
大叔的虾·虾火锅(爱琴海店),https://www.dianping.com/shop/H809ZQkwmJZx33Hk,177条评价,人均-,牛蛙大虾 鸡翅大虾 招牌大虾
满大叔客来居(龙景店),https://www.dianping.com/shop/G3JsioU2ec4QwInj,85条评价,人均￥72,
椒釜火锅(爱琴海店),https://www.dianping.com/shop/H7JxpFFHSlAaIHOE,518条评价,人均￥92,
蛙小侠(恒基广场店),https://www.dianping.com/shop/G1N2IPYPPSxxF2bt,1182条评价,人均￥61,
百柳香老牌螺蛳粉,https://www.dianping.com/shop/G33aL4VTxavCREgf,42条评价,人均￥15,
花开半亩(火车站店),https://www.dianping.com/shop/G7x7N572dR9XbMcq,191条评价,人均￥57,
街子里Handsome·cafe,https://www.dianping.com/shop/F8hCSLcC7M8YGDxu,7条评价,人均￥14,
三个椰子原生态椰子鸡(百色爱琴海店),https://www.dianping.com/shop/l2OGOz8Uz0h0ii9C,561条评价,人均￥81,
罗婆烧烤(一分店),https://www.dianping.com/shop/H9YNPCUmDeWIaisK,72条评价,人均￥35,
胡桃里音乐酒馆(百色店),https://www.dianping.com/shop/H2HGN7qr1fvEpOCN,221条评价,人均￥94,
壮族人餐饮(靖西店),https://www.dianping.com/shop/H1iNcrqqwqZgtIht,273条评价,人均￥75,
云漫漫酒店·焰遇法式铁板料理,https://www.dianping.com/shop/G2I2Nz5NVZ6tDi1Q,116条评价,人均￥1o7,法式铁板龙鳕鱼 雅致单人下午茶 铁板特色炒饭
北木南烤肉和酒(平果店),https://www.dianping.com/shop/l2sxBTuSI2xysHjh,2o4条评价,人均￥48,精品肥牛 黑椒牛排 浓香五花肉
曼哈里咖啡,https://www.dianping.com/shop/G93oQawIrXcqwyUj,77条评价,人均￥4o,榴莲披萨 人气小吃拼盘 经典凯撒沙拉
揽星河烤肉火锅自助餐厅,https://www.dianping.com/shop/k3BtRFcX5uLcuIO0,46条评价,人均-,五花肉 鱼籽福袋 鱿鱼条
爵胜世家烤肉火锅自助餐厅(平果店),https://www.dianping.com/shop/k7WPDVTayienS1J8,343条评价,人均-,烤肉火锅 海鲜 凉菜
大龙燚火锅(中兴百货店),https://www.dianping.com/shop/G3H3hrdfFmPUlwcQ,9o条评价,人均-,毛肚 精品肥牛 太极菌汤锅
兰姐烧烤(中山街店),https://www.dianping.com/shop/H1578T3BKKQpApj2,16条评价,人均￥59,盐烤隔山 烤韭菜 炒粉
重庆豆花石锅鱼(平果店),https://www.dianping.com/shop/l142FzU1lYJIR1Nn,243条评价,人均-,重庆豆花石锅鱼 五花肉 酸汤石锅鱼
岑溪-古典鸡良辰美景餐厅(五隆新屯商业街店),https://www.dianping.com/shop/k3WBatpY11ATKgD2,7条评价,人均￥51,古典鸡 甜酒鱼 木桶猪脚
华南农家土菜馆(田东店),https://www.dianping.com/shop/H7Z1riRU71mAGjDc,3条评价,人均-,冬瓜盅 炸排骨 土鸡
雨言食堂·日本料理(爱琴海店),https://www.dianping.com/shop/H3D030Fu0aLKS6UK,1o2条评价,人均￥67,酱烧帝王蟹蟹棒拼盘 松露骰子牛 肉松小卷
叉图牛排烤肉火锅自助餐厅(爱琴海店),https://www.dianping.com/shop/l48d9GJkVuQyljHS,333条评价,人均-,网红牛排 雪花牛肉 招牌叉图牛排
三和卷粉店(共和店),https://www.dianping.com/shop/H1ZOxOXit14VN3jz,58条评价,人均￥9,卷筒粉素粉 猪杂干捞粉 老友炒粉
德保许家传统木炭香煎猪血肠,https://www.dianping.com/shop/EJ3d7HAYFLeLWSwn,7条评价,人均-,猪血肠 七寸包糯米饭 开口糖炒板栗
韩尚馆烤肉火锅自助餐厅(爱琴海店),https://www.dianping.com/shop/G4LHitHVNqyCB5ix,684条评价,人均￥61,烤肉 果汁饮品 特色小吃
大富烧鸡烧烤(园博园店),https://www.dianping.com/shop/H3Mq0Zh20ZetONxg,14条评价,人均￥65,大富烧鸡 田螺鸭脚煲 生蚝
乐业土菜馆,https://www.dianping.com/shop/l2S82PyKSMrvNjtb,39条评价,人均-,脆皮鸡 乐业风味炒牛杂 酸汤牛蹄锅
亲爱的八戒智能餐厅,https://www.dianping.com/shop/G3JvhXIS7vuVSJ7e,1条评价,人均-,
美越法式越南餐厅(爱琴海店),https://www.dianping.com/shop/l5rZMHhzZGrtoLAq,245条评价,人均￥77,海鲜菠萝炒饭 三味菠萝鱼 金杯冬阴功
德米生料炭烧火锅,https://www.dianping.com/shop/H6j3iomWFZJtzJ1d,1o条评价,人均￥57,蘑菇 清汤锅 海南豉油鸡
大富烧鸡(田州古城店),https://www.dianping.com/shop/k5BtFuNpJQrxB3t9,53条评价,人均-,大富烧鸡 生蚝 蒜香骨
luckin coffee瑞幸咖啡(田阳中迅世纪城店),https://www.dianping.com/shop/ka5qXQiacsLgFL65,1o条评价,人均-,陨石厚乳拿铁 生酪拿铁 杨枝甘露风味大福
小放肆烤肉(爱琴海店),https://www.dianping.com/shop/l4fHCp9bTjGZXRPh,321条评价,人均￥66,招牌黑猪五花肉 酸梅汁 椰香黄金糕
赛公馆越南风味小吃,https://www.dianping.com/shop/G9VJW2Z8CkahFyLU,39条评价,人均￥76,紫苏生牛 赛公转生卷 青汁生蚝
百色温德姆度假酒店-•星璨海鲜自助餐厅,https://www.dianping.com/shop/F1PE46x5HnPG1pxs,3o8条评价,人均￥143,小蛋糕 榴莲蛋糕 三文鱼
金大陆海鲜世界(梦之岛店),https://www.dianping.com/shop/H9Q0mHdktTrCsXBi,111条评价,人均-,手撕鸭 特色生煎 鸡油饭
动哒餐室•港澳融合新式茶餐厅(田阳店),https://www.dianping.com/shop/H6GofczXbkwEu3Bo,11条评价,人均-,动哒鸡扒包 西多士 丝袜奶茶
九田家黑牛烤肉料理(百色爱琴海店),https://www.dianping.com/shop/H4vm5QhERAAzZxEF,244条评价,人均￥12o,坛香黑牛肋条 秘制肥牛 牛舌
博白大排档(百家汇东合二路店),https://www.dianping.com/shop/k5Awpq4UVSENoUDE,37条评价,人均￥26,手工粉 玉林牛杂 姜丝牛肉
电厂肥仔田螺店,https://www.dianping.com/shop/GaBRhmRMULtbHi77,26条评价,人均￥42,田螺 牙签牛肉 酒鬼玉米
