十二毡房蒙餐•蒙古包,https://www.dianping.com/shop/k4uMPFlX9N0fdiqT,275条评价,人均￥91,炒米奶皮卷 羊肉汤莜面 羊肉串
隐廷川菜馆,https://www.dianping.com/shop/l2j7kyx9TFoltDXr,45条评价,人均￥117,毛血旺 鸡丝凉面 水煮鱼
爱丽格斯火锅餐厅,https://www.dianping.com/shop/l15sWl9DIyRnMKD7,514条评价,人均￥74,巴庄绿色毛肚 乌鸡卷 苏尼特手切羊肉
瑞仁羊架馆,https://www.dianping.com/shop/H2nzLxZsx0BuhUKh,5o5条评价,人均￥73,蒙古酸奶 五香羊蹄 蒙古血肠
欢欢布车烤肉,https://www.dianping.com/shop/G1CDXnfsmzgMyu95,3条评价,人均-,蔓越莓味啤酒
肥羊爱上鱼,https://www.dianping.com/shop/G7hEo8eOq9Pb3LkE,1284条评价,人均￥74,招牌鱼羊鲜 鱼羊鲜养生汤 鲤鱼锅
熊家无二·韩式炸鸡(五原店),https://www.dianping.com/shop/ESIg13GLzIpQs58B,9条评价,人均-,经典炸鸡中份 韩式酱酱裹年糕 秘酱炸鸡翅根
娜仁奶食店(临河店),https://www.dianping.com/shop/laVhzg07AZCH3S5w,1条评价,人均-,酸奶
楠火锅(巴彦淖尔店),https://www.dianping.com/shop/H7GZjMZNxqN0B9gW,69条评价,人均-,九宫格特色菜拼盘 嫩牛肉 三孃嫩肉片
佬羊倌·大碗羊肉,https://www.dianping.com/shop/H80ODOCLolfLf7FY,55条评价,人均￥82,炖羊肉 血肠肉肠拼盘 羊杂汤
快乐小羊火锅料理(临河店),https://www.dianping.com/shop/laoD0zjkOy8Tq0jM,23o条评价,人均￥95,星级羊上脑 经典鸳鸯锅底 滑嫩太阳卷
华莱士·全鸡汉堡(临河一中店),https://www.dianping.com/shop/G61yRrau46jesChR,556条评价,人均￥28,香辣鸡腿堡 脆皮全鸡 鸡肉圈
岛上牛寿司烤肉·鱼助店(四季花城店),https://www.dianping.com/shop/l7r70uJtTTmqy1vJ,32条评价,人均-,海鸭蛋黄卷 老米乐淡爽 脆皮肥肠
磴口老馆子,https://www.dianping.com/shop/H4qzxuLalMLgExXO,32条评价,人均￥65,油炸虾 二哥茶姑鸡 红油小白菜
一二山大碗羊肉(一分店),https://www.dianping.com/shop/FKerX2RHTIzN0uc6,1条评价,人均-,羊肉汤 蒙古包 白焙子
聚十三烤肉博物馆(巴市旗舰店),https://www.dianping.com/shop/k6AKavjbk3Lb82bE,32条评价,人均￥67,烤肉十三天梯 聚十三秘制牛排 烤肉摩天轮
阿日善蒙餐,https://www.dianping.com/shop/G6fGDGNUQRyq9Pbi,2条评价,人均-,奶茶 手把肉 羊杂汤
蒙古包,https://www.dianping.com/shop/G2RXVlw7agZEctBS,1条评价,人均-,
老米蒙餐,https://www.dianping.com/shop/G5pg2gyq3ginoO02,3条评价,人均-,现熬奶茶 炖羊肉 手把肉
德克士(乌拉特中旗店),https://www.dianping.com/shop/H9ekolcGcMbs6Qkh,88条评价,人均￥41,超级鸡腿堡 德士鸡块 咖喱鸡腿饭餐
乌兰茶楼,https://www.dianping.com/shop/k542dKLTYA4KL0fm,7条评价,人均-,沙葱羊肉包子 手把羊肉 奶茶
牛火堂烤肉爱上酒,https://www.dianping.com/shop/G1tO8FrnXJzCPEPn,275条评价,人均-,香菇鸡腿饭 藤椒鸡腿肉 雪花和牛上脑
财全焙子馆,https://www.dianping.com/shop/G6BNWvuQZfIqtukJ,14条评价,人均￥17,肉焙子 粉汤 鸡蛋汤
胖富涛干吃鸡,https://www.dianping.com/shop/H34yubXeu3gNQTLb,7条评价,人均-,中翅大虾鸡 排骨大虾鸡 鸡爪大虾鸡
喵time饮品店,https://www.dianping.com/shop/k9G6DWx5qWyCgMzA,9条评价,人均-,冰美式 红豆沙牛乳 原味酥皮泡芙
芳芳蛋糕(杭后店),https://www.dianping.com/shop/H7UMVzJWnOAwRryg,75o条评价,人均￥25,水果蛋糕 玫瑰蛋糕 黄金南瓜面包
宽窄巷子(维多利店),https://www.dianping.com/shop/Ez6SymqkYMNOlWU0,983条评价,人均￥49,诱惑大麻鱼 糖醋龙利鱼 养生菌菇汤
九田家黑牛烤肉料理(四季花城店),https://www.dianping.com/shop/k2QC68tMRgvswaoo,2o8条评价,人均￥13o,调味猪五花 照烧鸡腿饭 黑牛雪花
六十一蒙餐,https://www.dianping.com/shop/l7KNCZQBQIHFQzvN,4条评价,人均-,奶茶 包子 羊肠
小巷现捞熏酱老酒馆,https://www.dianping.com/shop/FCjhPuCE2bz12k4K,4条评价,人均-,熏酱小拼 五粮原浆 下酒泡菜
阿尔卑斯西餐自助(维多利店),https://www.dianping.com/shop/kayFLcnfhCSs3tJG,94o6条评价,人均￥67,牛排 冰淇淋 水果乐园比萨
东粤海鲜,https://www.dianping.com/shop/l7zSS5RZz1YWY5jG,37条评价,人均-,烧味拼盘 黑金流沙包 生蚝
洛可可生日蛋糕坊(四季花城店),https://www.dianping.com/shop/EJ7gCn0D3autd4wg,882条评价,人均￥7o,鲜花蛋糕 蓝莓与满天星A款 双层火烈鸟
三江源活鱼现烤烤鱼(维多利广场店),https://www.dianping.com/shop/iQVCOQeIBeGFPZ2e,635条评价,人均-,荔枝香辣烤鱼 酸辣蕨根粉 油泼香辣烤鱼
河套第一骨·烤骨头(巴市总店),https://www.dianping.com/shop/FpWZom10fo0czGR3,47条评价,人均￥1o3,黑豆花烤黔鱼鸳鸯锅 招牌秘制烤脊骨 招牌烤骨头大拼
龙七爷跷脚牛肉面(巴彦淖尔店),https://www.dianping.com/shop/k3c8LnXmYFwdv0os,16条评价,人均-,火爆肥肠拌面 双椒牛魔王拌面 私房小炒肉拌面
星巴克(巴彦淖尔维多利广场店),https://www.dianping.com/shop/l6K1wma7ERUZ2rx5,18条评价,人均-,冰摇红莓黑加仑茶 香草风味拿铁 芝士蓝莓啵爆星冰乐
九田家黑牛烤肉料理(临河维多利店),https://www.dianping.com/shop/G7J4i2sKTBVRYmoK,23条评价,人均-,虾中香奈儿 风花雪月 谷饲黑牛牡蛎
蒙古珍烧烤(万锦店),https://www.dianping.com/shop/l9yBIFblyahki4ll,6o条评价,人均￥112,羊肉串 五花肉金针菇 翅中
清真胖胖呼市稍麦,https://www.dianping.com/shop/G5xQdIuVpVvY1h65,1o条评价,人均￥17,牛肉大葱稍麦 紫菜汤 拌面
友料日式料理,https://www.dianping.com/shop/G2QsdPXu16HCFhpp,12条评价,人均-,酸奶饼 李公主卷 炒乌冬面
胖农餐厅,https://www.dianping.com/shop/G1LjWLprufSR8G9k,186条评价,人均-,素合子 花卷 创意红烧肉
韩盛炭火自助烤肉(维多利店),https://www.dianping.com/shop/H4ymS6pgGmmdgqun,873条评价,人均￥76,烤肉 巴西烤肉 水果
莫鱼湘主题餐厅,https://www.dianping.com/shop/l4i4mgTSj6Y3m8FK,1365条评价,人均￥47,精品烤鱼 鱼香肉丝 咸菜
塞香府海鲜店,https://www.dianping.com/shop/k1vSMxI4lx9XfIi3,17条评价,人均￥1o2,红烧加拿大比目鱼 番茄 姜焗多宝鱼
朋来喜炭火烤肉(王府店),https://www.dianping.com/shop/G5Ta5ZRvj1KWEbnf,265条评价,人均-,飘香大片梅肉 包肉生菜 黑椒大片牛排
法帝诺,https://www.dianping.com/shop/G2ONTysQgK5Xn5pv,2o条评价,人均-,老婆饼 牛乳茶 草莓蛋糕
德克士(金川店),https://www.dianping.com/shop/G4Apc83zuCZSMqLu,2391条评价,人均￥31,脆皮咖喱饭 脆皮照烧鸡腿饭 脆皮炸鸡
圣彼得堡·俄式餐厅(临河店),https://www.dianping.com/shop/ijfa4rtXOD3KInC2,125条评价,人均￥113,碳烤牛舌串 皇后沙拉 圣彼得堡奶酪堡
臻火锅唐风火锅酒馆(公园里店),https://www.dianping.com/shop/G6rOObbBheyzwx7N,157条评价,人均-,深海手打虾滑 特色山城冰粉 优品肥牛
大千粗粮王精品海鲜自助,https://www.dianping.com/shop/H2ZCacrP56fCE8Lc,232条评价,人均-,海鲜 水果 糕点
谭鸭血老火锅(巴彦淖尔店),https://www.dianping.com/shop/H8WOUfE76EQMkWJr,331条评价,人均￥1o2,谭公鸭血 谭公酥肉 网红冰粉
川缘坊水煮鱼2号店(北欧印象店),https://www.dianping.com/shop/k7ciAbe4BdJFb7kd,79条评价,人均-,招牌水煮鱼 香辣鸡翅虾 流汁宽粉
水浒烤肉旗舰店(峻峰华庭店),https://www.dianping.com/shop/H3BHo0IEV2KUAHHd,73条评价,人均-,李逵五花肉 杏鲍鱼菇 武松秘制牛肉
北斗水浒烤肉(泰城御景店),https://www.dianping.com/shop/G7gxF3Dqc055D0dS,111条评价,人均-,特色蘸料 土豆片 无骨鸡爪
九田家黑牛烤肉料理(欧洲假日店),https://www.dianping.com/shop/k1AUBUWLDmwg7FdL,185条评价,人均￥94,照烧鸡腿饭 秘制肥牛 调味猪五花
芳芳蛋糕(五原店),https://www.dianping.com/shop/G5tyBI8RTn11TuII,768条评价,人均￥56,玫瑰蛋糕 草莓派 水果百汇
雲云野川鲜肉火锅,https://www.dianping.com/shop/H263h0H7kOlRC4d7,39条评价,人均-,九米鸭肠 秘制小酥肉 手工虾滑
翠花大铁锅炖鱼村,https://www.dianping.com/shop/l9SpEvce4wtmVMrq,731条评价,人均￥52,东北嘎鱼 东北大拉皮 土豆
FLYPIZZA&HOODADAKCHICKEN扑来披萨胡哒哒炸鸡(维多利...,https://www.dianping.com/shop/H9yD9U9kNoWMLHje,54条评价,人均-,fly甜蜜红薯披萨 甜辣酱炸鸡 韩式烤牛肉披萨
