金洲美食(安澜楼店),https://www.dianping.com/shop/k5s29UzoSxtQv5dK,352条评价,人均￥71,紫阳蒸盆子 安康蒸面 石锅黄辣丁
老阮家陕南农家私房菜,https://www.dianping.com/shop/k4B1M54f7p1tS5iY,147条评价,人均￥58,竹笋炒腊肉 核桃饼 农家豆腐
兰湘子·湘菜小炒(安康吾悦广场店),https://www.dianping.com/shop/G5Qyn4yuAQqPxRb4,65条评价,人均￥5o,辣椒炒肉 酸辣鸡胗 小炒黄牛肉
兰湘子·湘菜小炒(安康万达广场店),https://www.dianping.com/shop/FV11Ev2Fyr7WM2UY,357条评价,人均￥52,辣椒炒肉 小炒黄牛肉 原味鲜腐竹
仙隐小鹿中華の日料(吾悦广场店),https://www.dianping.com/shop/H4D2uaahZucStSzw,51条评价,人均￥74,铺天盖地火牛寿司（2枚） 全盛三文鱼厚切大满贯 火炙波波寿司
江边渔家(龙舟文化园店),https://www.dianping.com/shop/H1P2hZnmMOzi8BqE,1125条评价,人均￥97,黄辣丁 魔芋皮 鸳鸯锅底
北京泥炉烤肉(大南街店),https://www.dianping.com/shop/k877cz6PO9pdOayw,64o条评价,人均￥81,澳洲肥牛 精品厚切五花肉 蘸料
白总管藤椒豆花鸡,https://www.dianping.com/shop/G5VA5iZWoxkhEYSA,19条评价,人均-,草莓云顶雪花冰 藤椒豆腐花鸡拼金汤豆腐花鱼 话梅小番茄
徐嬢嬢摊摊火锅(大北街店),https://www.dianping.com/shop/H6gRMcqvybVTVn6k,111条评价,人均￥89,虎皮鸡爪 摊摊自炒鸡 四川牛皮豆干
楠火锅(安康吾悦店),https://www.dianping.com/shop/jKYybGN51CKi28q3,65条评价,人均￥91,九宫格特色菜拼盘 火龙果鱼籽虾滑 火箭鱿鱼
牛気烧肉屋,https://www.dianping.com/shop/E6oVNS1N0UO6MJc7,85条评价,人均￥81,寿喜锅 燒鸟集合 秋味梅滋番茄子
裕福升·福州鱼丸(吾悦广场店),https://www.dianping.com/shop/EgQxeK7FTyRzg72Z,8条评价,人均-,招牌大鳗鱼丸 古早大肉燕 花生酱拌面
黄家蒸面(鼓楼街店),https://www.dianping.com/shop/k6gosyhZpqb6qNMB,297条评价,人均￥11,手工面 豪华至尊牛肉夹馍 黑粉皮
星巴克(安康万达广场店),https://www.dianping.com/shop/k5sE2S52WRLAig8y,1o条评价,人均-,星巴克熔岩黑巧摩卡 太妃榛子星冰乐 太妃榛子拿铁
点兵点将·四川传统小吃集(吾悦广场店),https://www.dianping.com/shop/G44o7Hk8AkP0MEpC,15条评价,人均-,锅巴土豆 包浆豆腐 老成都杂酱酸辣粉
自在庭院·火锅,https://www.dianping.com/shop/jJErmOWMddXsrSRj,13条评价,人均-,全红锅 云南粗米线 三秒土豆丝
九街淑芬掌中宝串串公司(安康首店),https://www.dianping.com/shop/G75LHvvQkYAcpjEZ,178条评价,人均￥9o,爆款明珠麻辣掌中宝 鲜鸭血 爆款明珠泡椒掌中宝
老鼓楼麻辣烫夹馍,https://www.dianping.com/shop/l5NzsjRHFh7vjuhh,3o7条评价,人均￥7,麻辣烫夹馍 土豆片夹馍 豆腐皮
湘遇长沙湘菜小炒(西城坊店),https://www.dianping.com/shop/F4sWcnI4oLpRJHuz,24条评价,人均-,小炒黄牛肉 砂锅海鲈鱼 老坛红烧肉
赵九记呱呱老火锅,https://www.dianping.com/shop/laVYqqdduNYw5SXd,8条评价,人均-,喷火牛肉 泡泡豆干 火锅土豆丝
莫娜意式餐吧·窑炉披萨,https://www.dianping.com/shop/H6b5pcGnGBgQAUap,2o条评价,人均-,玛格丽特披萨 帕尔玛火腿芝麻菜披萨 巧克力冰淇淋
莲花餐饮高新小吃城,https://www.dianping.com/shop/k1jwWqyDlXVb2RWY,781条评价,人均￥62,紫阳蒸盆子 野蒜苗土豆片 农家玉米糁
红馆长涮肉(万达店),https://www.dianping.com/shop/k3prg2hoNSiWghAa,116条评价,人均-,红油孜然 雪花肥牛 特色涮肉
海底捞火锅(江华城店),https://www.dianping.com/shop/H4s37KOk2njCCgy7,195条评价,人均￥1o1,海底捞 捞派脆脆毛肚 捞派手撕面卷
焗千岁海鲜(安康万达店),https://www.dianping.com/shop/H3pW4FAH509vkUZH,2o条评价,人均-,海鲜焗豆花 辣炒小八爪 烤羊肉串
湘遇长沙湘菜小炒(江华城店),https://www.dianping.com/shop/l50QR3jgkXybv6uL,356条评价,人均￥52,小炒黄牛肉 红烧肉 招牌小炒肉
唐人街炭案 烤肉现场(吾悦广场店),https://www.dianping.com/shop/H4GTQjeCMpliZrzX,6o5条评价,人均￥77,原味五花肉 唐仁好运牛排 蒜蓉烤馍
沪上阿姨鲜果茶(安康吾悦广场店),https://www.dianping.com/shop/k9oz1X46KlVTdfRI,34条评价,人均￥15,杨枝甘露 百香果金菠萝 波波奶茶
茶话弄(安康吾悦店),https://www.dianping.com/shop/G4YGu6O1RdYOXW1F,6条评价,人均-,梅占摇红 桂花米酿 南山烟雨
有红鸡毛店(安康店),https://www.dianping.com/shop/l9bDWoWgkNxoGEGm,129条评价,人均-,金牌辣子鸡 大碗鸡丝凉面 仔姜兔
秦炉烤肉(吾悦广场店),https://www.dianping.com/shop/k61LYUfEWOrYtTGn,74条评价,人均-,泡椒雪花肥牛 厚切五花肉 牛肉蛋糕
鲜鱼庄农家乐,https://www.dianping.com/shop/k6YKP0g7ddYUY5Rb,136条评价,人均￥84,麻辣鸭嘴鱼 干煸小河虾 干煸野菜
旺角肥肠鸡,https://www.dianping.com/shop/H2EAJj9FaMXU1o1E,2o条评价,人均￥65,肥肠 芋儿 现炸酥肉
湘遇长沙湘菜小炒(吾悦广场店),https://www.dianping.com/shop/H4QiDdEeUowBiNO0,29条评价,人均-,长沙凤爪 砂锅肥肠 米饭一锅
君帜和牛火锅·寿喜烧烤肉自助,https://www.dianping.com/shop/H6BRgbkSh0cf3hsS,,人均-,刺身拼盘 静置滤汤汁 趁热裹上无菌蛋液
喻家麻辣炒鸡爪,https://www.dianping.com/shop/H35MIq7gM14dInQe,341条评价,人均￥59,麻辣炒鸡爪 烤馍 魔芋豆腐
莲花实业(金苑大厦店),https://www.dianping.com/shop/G7vNU0W7EfKEP97h,459条评价,人均￥75,紫阳蒸盆子 土豆干炒腊味 汉阴白火石汆汤
重庆石灰市芋儿鸡(江华城店),https://www.dianping.com/shop/H76V9iIz0XEEvmw4,4o条评价,人均￥5o,招牌芋儿鸡 鸡汤饭 现炸酥肉
Taco show(吾悦广场店),https://www.dianping.com/shop/H95FS5YPp4hwjmCZ,28条评价,人均-,香嫩鸡肉TACO 牛排TACO 炸鱼薯条
五嫂家常菜,https://www.dianping.com/shop/laaLbTMZdzetHIkb,65条评价,人均￥44,泡菜魔芋 洋芋粑粑炒腊肉 竹笋炒腊肉
赵记羊杂,https://www.dianping.com/shop/G7Uhd126BeZUXxWQ,2条评价,人均-,羊杂汤 肚包肉 全牛汤
金洲美食(高新店),https://www.dianping.com/shop/k7bqQRL3mp8JndB1,128条评价,人均￥6o,金洲蒸面 紫阳蒸盆子 鱼汤腊味饭
黄记鸽子庄,https://www.dianping.com/shop/l5uZQwbNsnLsNnUo,2条评价,人均-,广式脆皮乳鸽 油豆皮 鸽子汤
饼来粥到家常菜(万达广场店),https://www.dianping.com/shop/l6UdoO3wndqUx5kw,134条评价,人均￥31,京酱肉丝 菠菜煎饼 双椒鸡蛋
西门第一家石锅鱼坊(西城门店),https://www.dianping.com/shop/k1oHbMW3ouJZajUo,341条评价,人均￥83,石锅鱼 江团鱼 石泉豆腐
陕南石叁珍蘑菇宴博物馆,https://www.dianping.com/shop/k1eX5DiquNAVSY4d,19条评价,人均￥84,蘑菇汤 菌菇饺子 菌汤
谢师酒家,https://www.dianping.com/shop/k1p8rUocpw4Rhqot,72条评价,人均￥58,白火石汆汤 酸辣茴香小鱼 酸辣豆腐巾子
小城味道富硒私房菜馆,https://www.dianping.com/shop/l7wIHAK7qsOyYBPx,187条评价,人均￥7o,紫阳蒸盆子 酸辣魔芋丝 腊肉炒粑粑
秦巴石锅鱼,https://www.dianping.com/shop/k6fIfRFtoshzt0KI,4o8条评价,人均￥7o,石锅鱼 石锅江团 秘制豆腐干
小石头啵啵石锅鱼,https://www.dianping.com/shop/GaMWVYxYaM1Z4FPa,288条评价,人均￥74,特色石锅鱼 江团 石泉豆腐
茶花麻辣烫(培新街店),https://www.dianping.com/shop/k47lgZ4WpNEj98Jq,36条评价,人均￥17,豆干 魔芋 鱼豆腐
老古家烧烤,https://www.dianping.com/shop/G42hzSBNlGO7rJgJ,83条评价,人均￥58,烤芝麻馍夹烤菜 麻辣鸡爪 酱香饼
悦大师鸭恋虾特色干锅火锅(江华城店),https://www.dianping.com/shop/l4v93lltUre2Bi4M,137条评价,人均-,招牌鸭恋虾 杨枝甘露 招牌鸳鸯锅
李老幺川菜馆(九华巷店),https://www.dianping.com/shop/H7363Omv1ccAEB7I,36条评价,人均￥55,麻婆豆腐 火爆腰花 宫保鸡丁
安康瑞斯丽酒店-自助餐厅,https://www.dianping.com/shop/iUVjFTxoZYv6h8gb,151条评价,人均￥133,甜点 鲍鱼捞饭 奶油甜品
屾同泡姜鸡,https://www.dianping.com/shop/H1ETbwMJw7mmvkWr,33条评价,人均-,泡姜鸡 砀山小吊梨汤 现杀活公鸡
有拈头  成都市井火锅(天一T-one商业街区店),https://www.dianping.com/shop/G8qDtIegFGSR1fVm,5o1条评价,人均￥76,红薯粉带 土豆 极品毛肚
马刚米线(鼓楼西街店),https://www.dianping.com/shop/k794tgSKTuxAgdwR,59条评价,人均￥15,酸菜牛肉米线 卤蛋麻辣烫夹馍 香辣牛肉夹馍
秦江山烤肉牛排火锅自助(江华城店),https://www.dianping.com/shop/H1gTT4CeBmttuE9B,1oo条评价,人均-,烤肉 寿司 烤肉不限量
喜哈哈虾尾(鼓楼街店),https://www.dianping.com/shop/G2LokAaW2jLf1CO4,41条评价,人均￥54,招牌虾尾 蒜香虾尾 柠檬鸡爪
