蜀香三绝川菜 牛蛙·烤鱼·双椒鸡(安丘泰华店),https://www.dianping.com/shop/H3XZMtMjm4GdUYIG,695条评价,人均￥39,炭烧双椒牛蛙 巫山烤鲶鱼 激情大麻鱼
銘點93号私房菜,https://www.dianping.com/shop/k9rMMHNmAqh76C5P,428条评价,人均￥64,农家炒大鹅 泡椒鱼皮 蒜泥猪皮冻
阿么一延边朝鲜族烤串,https://www.dianping.com/shop/k4TYdscsX7JG3cBs,37条评价,人均-,奥尔良鸡翅 锅包肉 烤马步鱼
家里·餐厅,https://www.dianping.com/shop/G7AABVdJ62H5j9Lu,1o条评价,人均-,刺身拼盘 澳洲龙虾仔 菲力牛排
八旗羊汤,https://www.dianping.com/shop/k48VIX9pg2PwiEk8,59条评价,人均￥74,羊汤 烤羊排 菠萝咕咾肉
破店小酒馆,https://www.dianping.com/shop/G2n4oebtHvxHEh5G,212条评价,人均￥5o,鸡尾酒 北极甜虾 姜汁松花蛋
夫子交全鸡宴(安丘店),https://www.dianping.com/shop/H6vX1S0sDbsdoM7H,59条评价,人均￥67,夫子炒鸡 火烧 砂锅南瓜煲
半天妖烤鱼(安丘泰华城店),https://www.dianping.com/shop/H65SsAy3jEzkZInC,1114条评价,人均￥6o,青花椒烤鱼 五常大米 大叉烤肉
虾滋虾味虾火锅,https://www.dianping.com/shop/G3PttnsDldXufTyP,362条评价,人均￥62,虾小锅 虾滋虾尾 火锅
新东方大酒店-自助餐厅,https://www.dianping.com/shop/kauCGkMzqgVCOOmq,1824条评价,人均￥68,特色小龙虾 酸辣土豆丝 精美果盘
大发烤肉,https://www.dianping.com/shop/G7PGvDQyscGUXwVF,317条评价,人均￥7o,金枪鱼手抓饭团 秘制五花肉 黑椒牛肉
喜洋洋大酒店,https://www.dianping.com/shop/HaGsRHIOGepbJLqX,19条评价,人均￥38,红烧肉 毛血旺 家焖鲅鱼
炭和盐日式炭火烤肉,https://www.dianping.com/shop/l1P1MHkVsb2b5l6s,2oo条评价,人均￥14o,唐扬鸡块 薄切牛五花 日式味增汤
luckin coffee瑞幸咖啡(泰华城店),https://www.dianping.com/shop/k1jsMub6mJgdexrv,4条评价,人均-,陨石生椰拿铁 陨石厚乳拿铁 海盐芝士大福
一屋一食,https://www.dianping.com/shop/H5TlZk0eR2C1E7pB,9条评价,人均-,番茄肉酱意面 卤肉饭 芝士瀑布
老北京火锅,https://www.dianping.com/shop/YHELJCC5nMtBu5KH,685条评价,人均￥5o,草原小肥羊 精品五花肉 老汤鸳鸯锅底
梨泰院烤肉,https://www.dianping.com/shop/l80gyPmiX4jXahVz,26条评价,人均-,招牌牛五花 石锅拌饭 韩式大酱汤
青云国际大酒店-全日制餐厅,https://www.dianping.com/shop/H9OwrqJ2Ks3RdCGH,2条评价,人均-,
丹香(安丘泰华外街店),https://www.dianping.com/shop/l2oo2subnaWiseDr,1464条评价,人均￥76,红颜知己 奥利奥小方 寿比南山
土财主,https://www.dianping.com/shop/k635vFafTYXyXCTA,15条评价,人均￥52,红烧肉 蛋黄狮子头 松鼠鱼
者者屋私房火锅,https://www.dianping.com/shop/Daoy4NjckztXgNtf,57条评价,人均￥83,藤椒牛肉 筷子牛肉 田园番茄鸳鸯锅
红高粱铁锅炖,https://www.dianping.com/shop/GabXuwczF5yeevDg,3条评价,人均-,蒸虾酱 筋头巴脑 铁锅炖猪手
蛮横肉蟹煲(安丘泰华店),https://www.dianping.com/shop/ipOGulGqI5XBRQvA,213条评价,人均￥75,肉蟹煲 牛肉鸡爪煲 明虾堡
仁安小炒,https://www.dianping.com/shop/G1xlGJfax7fjpVFf,11条评价,人均-,小炒肉 煎菠菜饼子 辣大肠
城西捞时尚轻火锅(墨熙鼓巷店),https://www.dianping.com/shop/EbzADBtNOTa3cwIl,26条评价,人均-,油麦菜 牛肉丸 魔芋丝
哆吉客自助牛排披萨烤肉海鲜火锅,https://www.dianping.com/shop/H2qbBdYZ5qoGnbQt,273条评价,人均￥45,榴莲披萨 茄汁牛排 大虾
豪巴斯海鲜涮烤自助餐厅,https://www.dianping.com/shop/l2FICAvVBQJdHbzJ,8条评价,人均-,油泼面 红烧鱼 炒螃蟹
COFFEE GROTTA咖啡洞(安丘店),https://www.dianping.com/shop/H8tQbgiUtDy1tlNo,4条评价,人均-,椰椰拿铁 烟熏伯爵茶咖啡拿铁 冲绳黑糖拿铁
从厨人,https://www.dianping.com/shop/G5gKhAHgfb7RKUWK,4o条评价,人均￥47,板栗炖猪蹄 老醋蜇头 特色红焖肉
小猪查理川式烤肉自助(安丘店),https://www.dianping.com/shop/l41QGQOBRRwvxwaC,479条评价,人均-,芝士玉米 五花肉 叉烧五花肉
深夜食堂(向阳路店),https://www.dianping.com/shop/H2XjGg3jZpjm4Fps,175条评价,人均￥69,章鱼小丸子 寿司拼盘 唐扬鸡块
俊和家烤肉,https://www.dianping.com/shop/k9BswIftObfbcn9n,23条评价,人均-,薄切五花 火辣鸡腿 紫薯饭团
木槿韩式料理(泰华店),https://www.dianping.com/shop/G9rZLz8Gorccludv,2o3条评价,人均￥54,精品五花 拌饭 经典培根
小熊托尼美式市井烤肉自助·烧烤(潍坊安丘泰华店),https://www.dianping.com/shop/l8F73IqV4ky14Shd,162条评价,人均-,黑椒加吉鱼 海盐五花肉 盐烤大虾
巷尚火锅(翠微路店),https://www.dianping.com/shop/l9jwtLf9bIFgZWy5,396条评价,人均￥9o,巷尚肥牛主推款 农家手擀面 海捕大虾
韩记朝天锅,https://www.dianping.com/shop/H6V1aATgZ7DITKnQ,159条评价,人均-,猪嘴巴 猪头肉 瘦肉
铭家劈柴院,https://www.dianping.com/shop/Ga057DtN51j1LUc3,4条评价,人均-,鸡翅 水煮肉片 毛血旺
生命树下韩式餐厅,https://www.dianping.com/shop/jPciwKFn52UcGsKx,241条评价,人均￥35,蛋包饭 土豆泥泡菜 意大利面套餐
张老坎轻火锅,https://www.dianping.com/shop/G5XF94IcH4IazMcA,129条评价,人均-,精品火锅培根肉 土猪肉五花肉 精品羔羊肉
风调鱼顺·板烧鱼,https://www.dianping.com/shop/H9JLNOCCPDTcjjO8,43条评价,人均-,板烧鱼 水果自助 魔芋丝
脑花面,https://www.dianping.com/shop/l6jHfOPHa0dmxHu7,1条评价,人均-,肥肠面 猪脑花 绿豆芽
简·静,https://www.dianping.com/shop/G3kdPlvUQMC4ZMXz,4条评价,人均-,意式奶油培根意面 开心果凝乳蛋糕 纽约芝士蛋糕
遇见炉鱼(墨熙鼓巷店),https://www.dianping.com/shop/l6BkjXrTqOOrkrBz,666条评价,人均￥57,湄公鱼 豆腐 金针菇
云岭人家,https://www.dianping.com/shop/k5UU3zqbG2Mhjl4S,1条评价,人均-,豆腐丸子 烤羊排 烤羊排羊腿猪排
河畔人家,https://www.dianping.com/shop/jj8MqlNMSQskW9c7,1条评价,人均-,
越南瓦烧木炭烤肉火锅,https://www.dianping.com/shop/G2u5PaoXvnxRrKm2,163条评价,人均-,芝士香菇 炭烤大肠头 鲜切梅花肉
李老四大串烤肉·淄博烧烤(安丘一店),https://www.dianping.com/shop/H8x4sbiRsGdMzCkT,1o8条评价,人均￥55,大串带皮五花肉 大串手切板筋 特色小饼
李老四大串烤肉·淄博烧烤(泰华店),https://www.dianping.com/shop/i3DB8OCyDJwS9CYX,43条评价,人均-,土豆 鱼豆腐 翅中
巴庄重庆火锅(安丘店),https://www.dianping.com/shop/H3pshm6PVIDhAj6G,9o条评价,人均￥98,鲜切内蒙牛上脑 香油蒜泥 德清虾滑
力士和牛炭火烤肉(安丘店),https://www.dianping.com/shop/Hazk3faXOJ2iJPPh,297条评价,人均￥41,生菜 小菜 上牛排肉
一中手擀面,https://www.dianping.com/shop/H4GBVILBro5TKU6W,5条评价,人均-,肉丝面 炸酱手擀面 葱油手擀面
花鲸烤肉,https://www.dianping.com/shop/jI9LNoVMePr00pAm,154条评价,人均-,焦糖糍粑 大盛猪五花 蘸料
十六巷,https://www.dianping.com/shop/G1ZDFtBrlCYOI3Ql,26条评价,人均￥72,番茄肉酱意面 黑椒牛排饭 榴莲披萨
安丘锦悦尚品,https://www.dianping.com/shop/k13c8LHKTy3HBrl4,18条评价,人均￥87,烤鸭 尚品红烧肉 海鲜毛血旺
于家大院,https://www.dianping.com/shop/k8q3QePSBcRvR6Yf,1条评价,人均-,
峡山鱼馆(安丘健康路店),https://www.dianping.com/shop/Hawh1LODjYyT7Vp5,219条评价,人均￥38,一鱼多吃 原汤鱼头 红烧鱼块
也行小馆·甜麻肥蛤,https://www.dianping.com/shop/G53x54BVpHvseekd,24条评价,人均-,辣子鸡 甜麻肥蛤 川香回锅肉
琴美烤肉,https://www.dianping.com/shop/i8imJswkZh4nhcT5,9条评价,人均-,酸菜 烤五花肉 石锅拌饭
麦浪足迹生态园,https://www.dianping.com/shop/HaNS1jLbzjfgVHGX,71条评价,人均-,金穗排骨 深海鲍鱼 三文鱼
李二鲜鱼(文景园店),https://www.dianping.com/shop/H9R14WiSuD6f4jkk,162条评价,人均￥66,番茄锅 鸳鸯锅 草鱼
