外婆味道•云南菜大当家(安宁万达店),https://www.dianping.com/shop/H2BHYAPweoRloj2x,38条评价,人均-,香茅草烤鸡 天麻三七炖土鸡 外婆小炒肉
外婆味道•云南菜大当家(伊皇店),https://www.dianping.com/shop/k7N68rcmqRU5ZiW5,462条评价,人均￥52,外婆雪花鱼 外婆小炒肉 铁锅牛肉
牧兰盛昭通小肉串烧烤(安宁店),https://www.dianping.com/shop/k58JMHmEua10mLwn,668条评价,人均￥72,昭通小肉串 蒜香牛肉 傣味罗非鱼
玉龙湾白鹭岛湖岸空间餐厅,https://www.dianping.com/shop/G2gHzJHHniIHTvRe,12条评价,人均-,精致下午茶 特色烧烤 新鲜牛排
伊壮元烤全羊.野生菌牛肉火锅-清真,https://www.dianping.com/shop/G53JCLiTyabHXqUG,89条评价,人均-,烤羊排 烤全羊 烤羊腿
咖咖火锅(安宁万达广场店),https://www.dianping.com/shop/G3wsgRBJlG04XTTK,13条评价,人均-,招牌卤鸡爪 香贡丸子 暴打青柠冰冰茶
滇骄云南人家·品味云南菜(大屯店),https://www.dianping.com/shop/l3BK4b6iKQS2Bsfd,1374条评价,人均￥67,果木碳烤片皮鸭 生态包谷粑粑 蟹黄豆花
布罗城堡海鲜牛排烤肉自助餐厅(安宁万达广场店),https://www.dianping.com/shop/l8lv5Kp9FXMNLP7V,35条评价,人均-,凉菜 烤肉 海鲜
云双喜腾冲菜,https://www.dianping.com/shop/l5s979WdyKaXV4aL,14条评价,人均-,腾冲大救驾 腾冲赶马肉 秘制状元烤猪脚
碳在烧·烤肉(安宁万达店),https://www.dianping.com/shop/H1iudD3Ud5trQNO6,48条评价,人均￥67,葵花五花排 厚切五花肉 辣烤鸡腿肉
韩小悦韩式烤肉(安宁万达店),https://www.dianping.com/shop/H5e0r2swN3PRCkIE,43条评价,人均-,麻辣龙利鱼 韩式冷面 厚切五花
酤居湖景音乐餐吧,https://www.dianping.com/shop/l1PLfilcxYEuqADM,443条评价,人均￥75,水果披萨 沾益辣子鸡 砂锅时蔬汤
三根葱云南小吃(砂之船店),https://www.dianping.com/shop/l91nr5DoCB91kJYC,5o6条评价,人均￥2o,韭菜花小锅米线 小锅卤饵丝 招牌烤牛肉串
香正府勐海烤鸡,https://www.dianping.com/shop/G50SyV07UJi85WTz,266条评价,人均￥58,勐海烤鸡 炭烤五花肉 包烧金针菇
酒北韩都烤肉(安宁店),https://www.dianping.com/shop/H6zV4h1w4OFXv36X,29条评价,人均-,蒜香黑牛肋条 松阪猪颈肉 樱花寿司卷
雲一腿山里人家(安宁店),https://www.dianping.com/shop/l39Tj5FWFVq8tY2A,3o1条评价,人均￥69,宣威小炒肉 宣威2年老火腿 烤黄豆腐
西江月•明膳,https://www.dianping.com/shop/iF9YQY1TWmIsptej,25条评价,人均-,高锶山泉水炖鸡 酸汤肥牛 蒜蓉粉丝开边虾
九街淑芬掌中宝串串公司(安宁店),https://www.dianping.com/shop/l4JyfGUqOZBeBU3P,75条评价,人均￥94,爆款酸辣味掌中宝串串 纵横四海大刀腰片 喜剧之王鲜毛肚
亦如园火锅,https://www.dianping.com/shop/H6N4hS0sjgWM65MN,62条评价,人均￥54,酸汤脆皮猪脚火锅 脆皮猪脚 番茄汤
最云味•山里人家宣威菜(万辉店),https://www.dianping.com/shop/l68Qf0oMSTHnvCou,748条评价,人均￥59,宣威小炒肉 干酸菜红豆汤 苞谷粑粑
炊渝庄•毛肚火锅(万辉总店),https://www.dianping.com/shop/l593TFJY8QdblT3P,726条评价,人均￥83,渝庄脆毛肚 贵妃牛肉 大刀腰片
海屿梦·自助海鲜餐厅(万达店),https://www.dianping.com/shop/laaSBqC2KpJWiAcs,14条评价,人均-,鲜烤生蚝 小龙虾 刺身
奇遇森林营地烧烤,https://www.dianping.com/shop/l8QjrxN4bHo1I7cR,39条评价,人均￥142,营地烧烤 野生香菇 土豆
小龙坎火锅(金色时代店),https://www.dianping.com/shop/H62Pd5WSOcI2a5pZ,352条评价,人均￥88,霸王牛肉 红糖糍粑 极品鲜毛肚
隔水蒸鸡,https://www.dianping.com/shop/k2a5LVD9UpvoH2Wq,8条评价,人均￥61,隔水蒸鸡 炒鸡杂 鲜鸡汤
婷婷肠旺米线,https://www.dianping.com/shop/k3xfmZQoqY0tDUvr,29条评价,人均￥18,米线 焖肉
老谢肥肠鸡,https://www.dianping.com/shop/laP7zhR9TSQQgyju,35条评价,人均￥82,肥肠鸡 麦片糕
汉堡王(砂之船店),https://www.dianping.com/shop/G2KXHyNvopDnHJfq,397条评价,人均￥32,双层天椒鸡排堡 经典安格斯厚牛堡（原味/天椒） 王道川蜀鸡翅
麓椿料理和牛火锅·火山石烤肉(安宁店),https://www.dianping.com/shop/H6BBeVmQJ8LqA065,8条评价,人均-,墨鱼肠 横隔膜
读书铺酸笋鸡创始店,https://www.dianping.com/shop/k8lLYlf5klgB6b6D,738条评价,人均￥75,苦竹笋鸡 炸土豆片 黄金洋芋
深海派对海鲜烤肉自助(安宁吾悦广场店),https://www.dianping.com/shop/k9Eb4WwV88EoxMX9,6o2条评价,人均￥82,雪花肥牛 黑椒五花肉 皮皮虾
醉仙聚特色火锅,https://www.dianping.com/shop/kamsNCJ9At071BcK,22条评价,人均￥55,石屏臭豆腐鸡 臭豆腐 豌豆尖
猎人苑,https://www.dianping.com/shop/l1qbtzBYOhIshYTV,181条评价,人均￥61,潮水豆花 烤饵块 小锅米线
康大妈泡萝卜,https://www.dianping.com/shop/k2fTZ0WV8RzC60Us,47条评价,人均￥24,瓶装生态小黄瓜 泡萝卜 泡菜
虾吃虾涮(安宁万达店),https://www.dianping.com/shop/l2wsULwNrITvs4kV,11条评价,人均-,招牌虾香辣味 毛肚 香辣虾
珀玉莲花白米线店,https://www.dianping.com/shop/H9OvIbDGlBAAXkYi,123条评价,人均￥14,小碗莲花白鲜肉小锅米线 泡莲花白 烧烤
老王麻辣鸡(老公路店),https://www.dianping.com/shop/kaDO2Ded7hOcr5f0,164条评价,人均￥54,麻辣鸡 拔丝红薯 薄荷
阪秋•寿喜烧和牛自助(吾悦广场店),https://www.dianping.com/shop/G1TB3InVTCXfeZIU,21条评价,人均-,招牌牛肉 牛肉 寿喜锅
有局火锅(宁湖里店),https://www.dianping.com/shop/H3J9B6whaM3h5sow,218条评价,人均-,番茄麻辣子母锅 有局脆毛肚 爽口嫩肉
九田家黑牛烤肉料理(安宁吾悦广场店),https://www.dianping.com/shop/l6hGsnDGYF0yygGB,437条评价,人均￥113,风花雪月 谷饲黑牛上脑 谷饲黑牛肋条
海底捞火锅(安宁吾悦广场店),https://www.dianping.com/shop/k84PM4UFy1mh0TsO,43条评价,人均￥1o6,真香锅 捞派豆花 内蒙特色沙葱羊肉卷
高品会牛排海鲜自助(安宁吾悦店),https://www.dianping.com/shop/G22xCI2FvWKKpuaZ,185条评价,人均￥72,（美团晚市）成人自助餐39.9 海鲜咖锅 红烧猪蹄
克上头螺蛳砂锅煲,https://www.dianping.com/shop/H58KYXK3G5a9ha5f,8条评价,人均-,耙鸡爪 虎皮猪脚 蜂窝炸蛋
傣香原味(安宁吾悦广场店),https://www.dianping.com/shop/H8ybB3tVySD5Jizj,218条评价,人均￥53,香茅草烤鱼 手抓饭 黄金猪皮
八街双双卷粉(华西店),https://www.dianping.com/shop/Hah7MX15PeMEzOqH,143条评价,人均￥18,双双凉卷粉 汤圆 小锅卷粉
安宁老火腿饭店,https://www.dianping.com/shop/l7q2QRR6YEx1841F,5o条评价,人均￥53,老火腿 花卷 凉鸡
熙龙湾花园餐厅,https://www.dianping.com/shop/G3Dw24h4BgsFWWWT,43条评价,人均-,凉拌皮蛋 白糖西红柿 豆豉油麦菜
玉龙湾会所餐厅,https://www.dianping.com/shop/k1aycHILk4IMCXGu,3oo条评价,人均￥63,过桥米线 黑糖豆花 手抓饼
本贞精品自助烤肉(安宁吾悦店),https://www.dianping.com/shop/l2eB4XDgo7ic99yJ,19o条评价,人均￥64,酸辣肥牛 大虾 五花肉
秋麟山庄,https://www.dianping.com/shop/ilxdexf4dpeRiD2P,47条评价,人均￥82,花椒鸡 大理沙坝鱼 烤猪蹄
滇食聚·滇味家常菜,https://www.dianping.com/shop/H6efHMPniC12iyRF,645条评价,人均￥53,蟹黄豆腐 酱香排骨 老坛酸菜鱼
可以烤肉(金色时代广场店),https://www.dianping.com/shop/k7H42q3uV0CP2wq5,71条评价,人均-,招牌五花肉 蒜蓉虾滑 云南胡辣子爆腌牛肉
茄子恰恰·创意云南菜(安宁吾悦广场店),https://www.dianping.com/shop/G4FsTaOPXL7HjjJ5,2o6条评价,人均￥61,脆皮小麻鸭 恰恰茄子 秘制酱洋芋
妙香酸汤脆皮猪脚火锅,https://www.dianping.com/shop/H9hhVZYb8zVPgrnK,1o条评价,人均-,脆皮猪脚 西红柿 宽粉
邓妈妈土灶柴火鸡(安宁店),https://www.dianping.com/shop/l8OUwxEFFfm37FSs,111条评价,人均-,包谷粑粑 土灶柴火鸡 现杀活鸡
爱伲牛肉(安宁店),https://www.dianping.com/shop/l3Erf5Jxs6GhWbqL,64o条评价,人均￥74,牛肉自助火锅 滑嫩牛肉 时蔬
昆钢南大门浸长村毛驴馆(安宁店),https://www.dianping.com/shop/l5sqzTlrIgoQZVQe,173条评价,人均￥74,红烧毛驴肉 毛驴干巴 小炒毛驴肉
明泰·柠檬泰(安宁吾悦广场店),https://www.dianping.com/shop/H3OUxfByxF0OLaZH,339条评价,人均￥72,芒果糯米饭 冬阴功海鲜汤 酥皮马来咖喱鸡
天添私厨餐厅,https://www.dianping.com/shop/G45v4DyvMHOg8pBg,74条评价,人均-,酥香牦牛粒 清香木瓜鸡 水煮肉片
鑫凤傣味(金色时代广场店),https://www.dianping.com/shop/GaMaY0eZmjIu2T5t,319条评价,人均￥56,手抓饭 烤罗非鱼 烤五花肉
