秦巴故里(白河店),https://www.dianping.com/shop/H5UCR2OXUj3LyGa7,2条评价,人均-,长沙臭豆腐
福运饭庄(白河店),https://www.dianping.com/shop/FT0J42IM7HwY6H3R,1o条评价,人均-,蒸菜排骨 小白菜豆腐汤 酸辣肥肠
乡村人家一锅炖(白河县店),https://www.dianping.com/shop/jgyGwa0NMOnY3gmh,1条评价,人均-,五花腊味 腊猪脚 醋味海带丝
黄老大农家饭庄(白河店),https://www.dianping.com/shop/H18L4MmNeMHHsBx0,9条评价,人均-,酸辣土豆片 辣炒血肝 蒸猪蹄
豆豆牛肉面(白河店),https://www.dianping.com/shop/k9pOJZ2U1cMzIVos,3条评价,人均-,豆豉炒芹菜 牛肉面
匠心蛋糕(一分店),https://www.dianping.com/shop/H6K5LYoxUfYzKLMe,,人均-,酸奶腹肌包 酸奶大麻花 丹麦热狗
谭鸭血老火锅(白河店),https://www.dianping.com/shop/G3Vi34aSDH7wBBBL,79条评价,人均-,谭公鸭血 豆腐 谭公鸭血王
李二鲜鱼(白河店),https://www.dianping.com/shop/k2ZB6D7cC9264bqq,1条评价,人均-,冻豆腐 李二酱牛肉 酸辣凉粉
胡来娃酒楼,https://www.dianping.com/shop/H2IOtT48flozOtjA,5条评价,人均-,剁椒鱼头 酸辣土豆片 番茄牛腩面鱼
李想大虾(白河县店),https://www.dianping.com/shop/G8dVEz5kNWceoyrV,2o条评价,人均-,锅底土豆粉 经典大锅 锅底黑土皮
幸福小馆(兴狮东街店),https://www.dianping.com/shop/G3hJU9PRHxdjRKZ4,1条评价,人均-,
一锅炖,https://www.dianping.com/shop/G1y0wZKMdinbyrdc,1条评价,人均-,
阿郎烧烤(城关镇店),https://www.dianping.com/shop/k26k5GtC8O6GJD6Q,5条评价,人均-,
重庆一品红火锅,https://www.dianping.com/shop/k3D5vBjjmFHNO80B,3条评价,人均-,
一六八豆花牛肉,https://www.dianping.com/shop/G5HKP12bcKGXQE7J,,人均-,
秦巴风情,https://www.dianping.com/shop/H2yqX60AWQQnMkGe,,人均-,麻辣烫 大漠烤鸡 环保包
527大排档(白河店),https://www.dianping.com/shop/G5YFUkgXW8jLu57h,1条评价,人均-,麻辣烫 牛蹄筋 鸡翅
艾美士(运动广场店),https://www.dianping.com/shop/G3KZezCVge23Qoni,1条评价,人均-,米饭 红酒 酸菜肉丝面
吉阿婆麻辣烫(白河店),https://www.dianping.com/shop/k2GgNQmhfgAja9bz,1条评价,人均-,龙虾丸子 香菜 培根
匠心蛋糕,https://www.dianping.com/shop/k6ALZh64tBWjwXW2,,人均-,脏脏包 酸奶腹肌包 酸奶大麻花
石泉石锅鱼,https://www.dianping.com/shop/G9mpjaRlZhIQP1LR,1条评价,人均-,
金龙肥牛火锅,https://www.dianping.com/shop/H8AKYIfrHtmrKMkK,1条评价,人均-,
六味真火(狮子山新城店),https://www.dianping.com/shop/k2ufIDiksvpcGiJQ,,人均-,
时光季音乐餐厅(白河店),https://www.dianping.com/shop/H1BWiCO1C50vFAXt,1条评价,人均-,
王健烧烤,https://www.dianping.com/shop/l6GzwNnZtXZnl4sd,,人均-,
黄老二饭店,https://www.dianping.com/shop/G8gVuCygD6UqX4UE,,人均-,
汉中米面皮,https://www.dianping.com/shop/H6pCyftvjHkCYuSX,,人均-,
黄家蒸面(白河店),https://www.dianping.com/shop/l28hkcBfAqmOPIOL,3条评价,人均-,
美食每客,https://www.dianping.com/shop/k7ZkmOjuPTq1jT0r,,人均-,
景悦私厨,https://www.dianping.com/shop/EV9JOVqTmLt0B4Rz,,人均-,
鱼你在一起(狮子山新城店),https://www.dianping.com/shop/j6i5vvz9O2eHTKbG,,人均-,
阿姨奶茶(金融路店),https://www.dianping.com/shop/k95kYM1jlMJIJgOK,,人均-,仙草 西瓜汁 芋见小红
渝香楼酒店,https://www.dianping.com/shop/k3UKiIiBFQxxhYYc,,人均-,
客缘饭店,https://www.dianping.com/shop/H6iqlFY7Pdd34fct,,人均-,香干肉丝 蚂蚁上树 西芹炒虾仁
新疆阿卜杜羊肉串,https://www.dianping.com/shop/l6lPirUSabD6rzLp,,人均-,
山里人罐罐面(白河店),https://www.dianping.com/shop/l5dk4C6WICzYDHtv,2条评价,人均-,牛肉丸面 牛肉罐罐土豆粉 牛肉罐罐米线
元千霸王牛肉(车站东路店),https://www.dianping.com/shop/H6p6Olj8aeGAxPKy,,人均-,
老阮肉饼店(白河店),https://www.dianping.com/shop/l4i4bedlBNbSGo8I,2条评价,人均-,热米皮 肉饼
重庆7石咕咕鱼(白河店),https://www.dianping.com/shop/H8Qd43yRCPavckCe,,人均-,
家园姥姥家(狮子山步行街店),https://www.dianping.com/shop/k6K4jukSvmV8ikMW,,人均-,
月满大江火锅(白河店),https://www.dianping.com/shop/GafcL294pQyA4Jhn,,人均-,
香酥腊汁肉夹馍,https://www.dianping.com/shop/k3Xq4lvhJfVTcMpc,,人均-,酸菜米线 白馍 肥肠绿豆汤
清真兰州拉面刀削面,https://www.dianping.com/shop/H5JjRWRgXY5hxfWH,2条评价,人均-,牛肉拉面 鸡蛋拉面 凉拌木耳
白河县功成山庄,https://www.dianping.com/shop/k6WrxCmRZy4bRyVA,1条评价,人均-,
巴鲜锅海火锅(白河店),https://www.dianping.com/shop/H1qh91nfPrAsZ0e5,8条评价,人均-,牛肉卷 羊肉卷
大嘴巴酸辣粉(白河店),https://www.dianping.com/shop/k2jRHfBxnxYFHNai,3条评价,人均-,酸辣粉 鱼排 棒棒鸡
铭典酒吧(人民路店),https://www.dianping.com/shop/k4lrqMc8uVxhL3fc,,人均-,
优味多(白河店),https://www.dianping.com/shop/FHQaVoTDvyYtQ3HV,5条评价,人均￥16,老川江牛肉 草莓干 红烧肉
白河县城关镇游记精鲜包,https://www.dianping.com/shop/G4T0PmzCUHFf3YpA,,人均-,
老夏干果炒货店,https://www.dianping.com/shop/H9sjZ38dQonLZI8H,,人均-,
狮子山鲜鱼冷冻蔬菜批零部,https://www.dianping.com/shop/l7oFGrSHqsRkULw5,,人均-,
杨家面馆,https://www.dianping.com/shop/G16iZQlwmZmClJa1,,人均-,
河畔烤吧,https://www.dianping.com/shop/G3IOyrjeaJARpKZS,,人均-,
今日早点,https://www.dianping.com/shop/k8UQibfSCwRMkT8T,,人均-,
川味王氏现捞(车站东路店),https://www.dianping.com/shop/H9gHFu1RRLmIcrZF,,人均-,
福建千里香馄饨王(白河分店),https://www.dianping.com/shop/lauTTdoW6Il7SmIV,,人均￥13,
鑫浪烧烤,https://www.dianping.com/shop/G7SJR9V7HF3a1gxF,,人均-,
香吧佬(茅坪分店),https://www.dianping.com/shop/l6BxEPlY4g9VRSVz,,人均-,
白云边钖城家常菜馆,https://www.dianping.com/shop/H8JsgzL8QYi2MkcT,,人均-,
钖城别院农家菜,https://www.dianping.com/shop/ivcPypSbymvabrrm,,人均-,
