新醉鹅饭店,https://www.dianping.com/shop/H9UmTa67N9ZgIfWu,51条评价,人均￥72,醉鹅 油爆河虾 鹅肉
英姐夜宵,https://www.dianping.com/shop/l3smMfStfoI6NQ8w,6条评价,人均-,炒粉 捞饺 猪脚
同庆酒楼,https://www.dianping.com/shop/k7L8DT7jdMPlPkDt,8条评价,人均-,咸蛋黄炒土豆丝 椒盐猪蹄 酸鱼汤
老北京铜火锅,https://www.dianping.com/shop/k1UprmkTe7NxPM5m,3条评价,人均-,卤海鱼 小龙虾 小布丁
洪都酒家(祥和路),https://www.dianping.com/shop/G3FaQxKLdjaJ6BQi,1o条评价,人均￥4o,捞叶炒鸡 招牌白灼虾 五指山野菜
粥记世家,https://www.dianping.com/shop/k2E4wrfK4ESG4a23,2条评价,人均-,
芳姐烤羊腿羊排(白沙店),https://www.dianping.com/shop/k81IHlP2lkDlXnjF,1条评价,人均-,
食正味餐厅(白沙店),https://www.dianping.com/shop/kafUSc9dkpPsKgsn,1条评价,人均￥15,
人民公社食堂,https://www.dianping.com/shop/HaPnVzHm7twKgpDs,9条评价,人均￥17,
椰林食府,https://www.dianping.com/shop/k24HE7LdMnRpYH0e,4条评价,人均-,
鑫之鑫哇哇香火锅(白沙店),https://www.dianping.com/shop/l4zepHbHGaI86RiW,1条评价,人均-,
东北人食府,https://www.dianping.com/shop/k863frIpSu6o4pdC,14条评价,人均-,
多美丽(白沙分店),https://www.dianping.com/shop/kaS1roGKPL4uqLOw,18条评价,人均￥22,
山西面馆,https://www.dianping.com/shop/H4CIsms0GSsCEImS,9条评价,人均-,
牙叉红树林农家庄,https://www.dianping.com/shop/l7418wSjQK1KewLC,1条评价,人均-,
阿罗多甘生态酒店,https://www.dianping.com/shop/HaFhteovB4PtuVfr,11条评价,人均-,椰子鸡 淮山龙骨汤
阿婆牛杂(牙叉中路),https://www.dianping.com/shop/G1b2Q53tfBZYnNCQ,3条评价,人均-,
彪哥海鲜城,https://www.dianping.com/shop/k6FpWCUSOgFZHeZE,3条评价,人均-,海南粉
王小锅海派旋转小火锅,https://www.dianping.com/shop/H3Mb0BYePh0Y7Zmv,5条评价,人均-,香辣牛肉炒饭 黑椒牛肉炒饭 香辣虾仁炒饭
白沙牙叉茶园云祥农家乐饭店,https://www.dianping.com/shop/l45yOgSsTTsyM6fE,2条评价,人均-,糖醋罗非鱼 紫菜蛋花汤 时令蔬菜
陨石咖啡屋,https://www.dianping.com/shop/G6Zd3ZTMiVvrNING,1条评价,人均-,
金来美食店,https://www.dianping.com/shop/G6IeWyE41lqstwy4,1条评价,人均-,伊面汤
阿莲饺子店,https://www.dianping.com/shop/H2kcBZt7WXEiakx8,3条评价,人均-,蒸饺 尖椒焖鸭下巴 炒粉
德克士(白沙店),https://www.dianping.com/shop/jyLsV1GCx8cUV5nS,3条评价,人均-,铁板嫩煎鸡腿堡 厚椰拿铁 麻辣啃骨鸡
金沙园,https://www.dianping.com/shop/imhoWTDS2wvHO4Qx,1条评价,人均-,蛋炒饭 小炒肉盖浇饭 红烧茄子饭
山海饭庄,https://www.dianping.com/shop/G6po4QDWZ4VOJsOT,1条评价,人均-,
光哥美食店,https://www.dianping.com/shop/GaI2b63ECdADZbAO,,人均-,
喜厨,https://www.dianping.com/shop/k9Gx1hNIjiJ5uLzI,,人均-,
张亮麻辣烫(白沙店),https://www.dianping.com/shop/k2NX3xFB1WG5xA7o,,人均-,
多美丽,https://www.dianping.com/shop/l18ypV9tfuDNXvu4,,人均-,
遇见后安粉(白沙县商业城店),https://www.dianping.com/shop/k6LODtz9IwXXSiXa,2条评价,人均-,后安粉加鸡蛋 牛肉面 湘西香干煲仔饭
新疆阿凡提烧烤,https://www.dianping.com/shop/G7c06J3M5DaXurZd,,人均-,鸭翅膀 花菜 小青菜
来香源羊肉火锅店,https://www.dianping.com/shop/k1kWTFSu8kseThjY,2条评价,人均-,
佳琦茶餐厅,https://www.dianping.com/shop/k9DRysMywhqkyZG6,2条评价,人均-,红烧猪蹄 西红柿炒鸡蛋 清炒油麦菜
益禾堂(白沙店),https://www.dianping.com/shop/l7Bj7t7bWfiy0G6r,12条评价,人均￥1o,泷珠奶茶 杨枝甘露 牛奶烧仙草
大大大烧烤吧(夜宵烧烤店),https://www.dianping.com/shop/la2VhLBCOx3X11Dt,,人均-,特色烤鸡 烤干鱿鱼 烤茄子
黄大姐餐饮店,https://www.dianping.com/shop/H6HDPZKAuUfE8eoO,3条评价,人均-,粉仔汤 香菇肉包 牛腩腌粉
梅园专业烘焙,https://www.dianping.com/shop/k2xlfEftaX9G9ko7,4条评价,人均-,可爱冰粉。
大榕树饭店(卫生路店),https://www.dianping.com/shop/F4qprJxKAIGKKC5G,,人均-,鸭血炒韭菜 清蒸福寿鱼 炒山螺
韶山冲湘宴,https://www.dianping.com/shop/l4tPRXDfAo5RPIEG,3条评价,人均-,土匪猪肝 酸辣鸭血 千叶豆腐
妮妮早餐店,https://www.dianping.com/shop/k4aGZlWFmLdG52dc,1条评价,人均-,炒面 腌粉 煮蛋
葛记砂锅土豆粉,https://www.dianping.com/shop/k4sQjxU8WFfmoniU,1条评价,人均-,麻辣砂锅米线 香辣砂锅土豆粉 珍菌砂锅土豆粉
康发饭店,https://www.dianping.com/shop/l5qtOzsiyqdw169H,1条评价,人均-,水煮肉片 酸菜大肠 红烧羊肉
雄发火锅城,https://www.dianping.com/shop/Dd8V5kOv8VfTZgvx,3条评价,人均-,
邦溪农贸市场,https://www.dianping.com/shop/GaqzrfQpqqD9Q2yC,1条评价,人均-,
糖水小吃,https://www.dianping.com/shop/k3sDaMvxec2CxCeH,,人均-,椰奶芋圆芋儿西米露 椰奶汤团 炸猪排
吾饮良品水果茶(万家惠店),https://www.dianping.com/shop/G5MKyYZVbId4m77p,5条评价,人均￥11,桃桃四季春 鸡翅包饭 阿华田布丁拿铁
塔斯汀·中国汉堡(白沙县牙叉中路店),https://www.dianping.com/shop/k9TEoX1t4FsUbMjj,1条评价,人均-,肉丝面 啃定好鸡脖 板烧凤梨中国汉堡
大自然醉鹅(邦溪店),https://www.dianping.com/shop/kaK93MCNb8EE4pft,1o条评价,人均-,火焰醉鹅二至三人餐 干煸鹅 小海鱼煲
汕头饭店,https://www.dianping.com/shop/k9mLxKmFBY2uMtD4,6条评价,人均-,腰果炒肉丁 香辣牛肉 雷公笋炒猪肚
江都火锅城,https://www.dianping.com/shop/H1cI83MODMbm06wb,1条评价,人均-,豆腐包
湘鑫源饭店,https://www.dianping.com/shop/l1EOsa16Dr4947S5,1条评价,人均-,
粥员外(白沙店),https://www.dianping.com/shop/k1mWpHZHzI7WnMfZ,,人均-,地瓜丸 藤椒鸡腿 鲜虾粥
满江红大排档,https://www.dianping.com/shop/H20u6LbyGGTfJZDs,1条评价,人均-,土豆 牛肉 豆角
李记饭店(祥和街店),https://www.dianping.com/shop/l7SLhm3Y51suVCLZ,1条评价,人均-,粉汤 炒面 椰子包
六合食府,https://www.dianping.com/shop/l4r6rsK4i24ZZZJU,,人均-,
麦麦烤吧,https://www.dianping.com/shop/HamVqR6GuA9YbiiB,,人均-,
星食茶(七坊镇店),https://www.dianping.com/shop/G3cInTLN4P020ExV,,人均-,
遵义羊肉粉,https://www.dianping.com/shop/H3vJpPJg3y2HcndZ,,人均-,
鼎级香烤肉火锅,https://www.dianping.com/shop/HawlUxIxB7uDd1G3,1条评价,人均-,
