遇宴主题餐厅(国光店),https://www.dianping.com/shop/H1VnQffM5sSbBjQv,137条评价,人均￥73,酸菜鱼 招牌猪手 遇宴水鸭
武功传说,https://www.dianping.com/shop/jMB62ZAdcPxkkEBQ,16条评价,人均￥56,胶原猪手 滋补高汤 小炒黄牛肉
季季红火锅(安福恒祺店),https://www.dianping.com/shop/H9wgGKd4yMpqiBzy,1o7条评价,人均￥37,毛肚片 手工虾滑 3秒海带芽
福瑞悦享来烤肉海鲜自助(安福店),https://www.dianping.com/shop/G7bMMZrPogffcSTO,71条评价,人均-,油焖虾 牛排 大份五花肉
醉江南(安福店),https://www.dianping.com/shop/l1MW25L74NqOkp73,94条评价,人均￥58,烧鸡公 农家小炒肉 枫田豆腐
重庆刘一手火锅(安福店),https://www.dianping.com/shop/G60SO6hUa76vpV1U,81条评价,人均-,红糖糍粑 招牌刘毛肚 团圆鸭血
老安福大排档,https://www.dianping.com/shop/l9RP1wRuLDx3Uhcw,2条评价,人均-,黄金牛油 豪华炒粉 螺蛳
寻隐日式料理,https://www.dianping.com/shop/l6BjclcgK3yzuPD2,12条评价,人均-,榴莲冰皮手握 抹茶大福 台式卤肉饭
农家小院,https://www.dianping.com/shop/G6MNHpBat1GWj5ks,1条评价,人均-,香菇炒肉 萝卜干炒蛋 酸辣土豆丝
玉琳小院,https://www.dianping.com/shop/G56V4eZI3cOBs611,1条评价,人均-,土鸡汤 血鸭 白灼虾
阿姆源(安福店),https://www.dianping.com/shop/k8n9fRVtQYuLRm7W,6条评价,人均-,
佬湘厨(天玺家园店),https://www.dianping.com/shop/G481a1gT1tNZiGjj,3条评价,人均-,
农家私房菜(安福店),https://www.dianping.com/shop/G3rHyra180i3Sxou,74条评价,人均￥48,
午云烧鸡公酒店(安福店),https://www.dianping.com/shop/l5K5n4pc7dPdLkJ2,4条评价,人均-,
麦当劳(泸水河大道店),https://www.dianping.com/shop/ErZLjrCxOChpXV4y,1条评价,人均-,
来点烤肉(安福店),https://www.dianping.com/shop/k17Uo1LsBjUpGSe8,65条评价,人均-,招牌五花肉 来点小牛排 生菜
羊狮慕农庄,https://www.dianping.com/shop/k2BRLvpsfOzhzr3p,3条评价,人均-,莲花血鸭 酸辣土豆丝 蒸香肠
湖南特色米粉(安福店),https://www.dianping.com/shop/H7pznndrC6zifZOE,11条评价,人均-,牛肉粉 木耳炒肉粉 牛肉面
西柚家,https://www.dianping.com/shop/E9pyCYkuS59cfajc,5条评价,人均-,玫瑰荔枝蛋糕 抹茶巧克力慕斯 青柠雪梨
聚百福私房菜(安福店),https://www.dianping.com/shop/H3qnXW84Yad8PDx4,1条评价,人均-,烤鱼干 紫薯干 牛油
洞氮胡记羊肉馆(安福店),https://www.dianping.com/shop/k31LxTRWv0984BzI,,人均-,
牛好客(国光店),https://www.dianping.com/shop/H9cf5l17MqptHpiC,55条评价,人均￥49,
泸潇老家(安福店),https://www.dianping.com/shop/H6FW7rF75CUREGJr,5条评价,人均-,
菲尔雪FRESHCafe(武功山大道店),https://www.dianping.com/shop/l4Yaun7XNG1OXQ6o,5条评价,人均-,
慕巴夫鲜花主题蛋糕(浅水湾店),https://www.dianping.com/shop/E9wyZW5q314EnX6E,4条评价,人均-,
祥泰楼食府(安福店),https://www.dianping.com/shop/G8NKuaUiNvxQwP2E,2条评价,人均-,
CoCo都可(安福国光店),https://www.dianping.com/shop/H3WEn3JsGOAS5In4,25条评价,人均-,
老村长私房菜,https://www.dianping.com/shop/G6U0Qc5VsFM9wMkq,1条评价,人均-,
西门伢仔婆饭庄(西一店),https://www.dianping.com/shop/l7yT0o1U5JRrNKZL,3条评价,人均-,
安福县武功山竹山农家,https://www.dianping.com/shop/G3IY8BRuM2kAYoBV,14条评价,人均-,
小时代主题餐厅(安福宾馆店),https://www.dianping.com/shop/H9bZNJxvUDnQH0VN,2条评价,人均-,桂花发糕 清炒小白菜 家乡豆腐
安福大食堂,https://www.dianping.com/shop/l9akogbfYwsfLMd5,1条评价,人均￥23,黑木耳炒肉 香菇烧鸡 扣肉
龙记烧烤(安福店),https://www.dianping.com/shop/l6P0hTyVRBP4VVHt,2条评价,人均-,烤娃娃菜 烤鸭胗 烤鱿鱼脚
兔子的厨房,https://www.dianping.com/shop/l82yj0spzbBoDmm1,1条评价,人均-,烫锅毛肚 韵味鸭 啤酒鸭
江南庭院,https://www.dianping.com/shop/l4q8sSpUN3SKHhLX,1条评价,人均-,豆角茄子 蒸腊味 墨鱼肉丝
人民公社(安福店),https://www.dianping.com/shop/l5ChUn24Rc8O9T9b,18条评价,人均￥57,一品香 开胃鱼头 不知名的蹄膀
年年有鱼,https://www.dianping.com/shop/k8WWbIbsroZKa2Nt,1条评价,人均-,日式锅贴 黄焖大盘鸡 水煮牛肉
天津风味包子店(铁井店),https://www.dianping.com/shop/l3Jcj9lx0ZtoM5rQ,3条评价,人均-,伊利优酸乳 伊利畅意乳酸菌 蒙牛红枣风味酸牛奶
财金夜宵(文塔店),https://www.dianping.com/shop/k9cb8kynUZphDayn,2条评价,人均-,螃蟹 青菜汤 麻辣鱼
安福文山大酒店-中餐厅,https://www.dianping.com/shop/laqmVGVpCpJa3BH6,7条评价,人均￥4o,血鸭 红烧肉 脆皮鹌鹑
喜姐炸串(铁井店),https://www.dianping.com/shop/EVy3ZaWsDPjc1map,5条评价,人均-,
赶海人家小海鲜大排档,https://www.dianping.com/shop/l9MJbIVKa12WmOpQ,,人均-,
徐记龙虾馆(安福店),https://www.dianping.com/shop/k8Zv0OC6yKnnyuWN,1条评价,人均-,
金冠蛋糕(金岸店),https://www.dianping.com/shop/H461lirznTuQnqqY,7条评价,人均-,
水意工坊(安福二店),https://www.dianping.com/shop/l2WNQvYVA6mUmNOf,1o条评价,人均-,
曾源源粉面馆,https://www.dianping.com/shop/iodicKif3ewCjs50,1条评价,人均-,卤豆腐 小炒黄牛肉汤面 香辣牛肚汤面
晓篮家食福居宴会酒店,https://www.dianping.com/shop/G8IFJRRxKBm4I6VO,1o条评价,人均-,北京烤鸭 干锅菜花 养生萝卜
武功山饭庄(安福店),https://www.dianping.com/shop/H4tMlbgAQoTslAg2,1条评价,人均-,酸菜鱼 蒜苔 炖鸡
福至尊鱼羊馆,https://www.dianping.com/shop/G78paxCvW3zkM3BF,4条评价,人均-,小炒黄牛肉 黑椒牛排 砂锅粉丝煲
城北妈妈私房菜(城北商业街店),https://www.dianping.com/shop/k3grFp8Dg1kAGrcR,1条评价,人均-,鱼尾 田螺炒鸡 爆炒大肠
福宴安福(商会大厦店),https://www.dianping.com/shop/l6jFeMlQHKdba3UW,2条评价,人均-,牛肉酱 红烧鲳鱼 烧鸡公
潮正和牛肉火锅(安福店),https://www.dianping.com/shop/H5IhzC3wLX3e1u3m,,人均-,
麦莎帝斯烘焙,https://www.dianping.com/shop/k5pmHSa8bL4EMyOU,4条评价,人均-,榴莲千层 推推乐 珍珠包浆
泥巴小院市井火锅(国光店),https://www.dianping.com/shop/H3lgL2rqsaJaSdMA,21条评价,人均-,鸳鸯锅 炒面 银耳红枣莲子汤
友益蛋糕,https://www.dianping.com/shop/H51hRRFGpnXZvMFB,87条评价,人均￥73,草莓心愿 蓝莓之宴 粉红布朗熊
老长沙(安福店),https://www.dianping.com/shop/G6iKx30ouKzvobTA,5条评价,人均-,
古茗(安福百顺苑店),https://www.dianping.com/shop/k5CgeiQku5XtfyLJ,31条评价,人均-,
老丁农家(安福店),https://www.dianping.com/shop/l8lAeRM2ROnXpkPm,2条评价,人均-,
湘味砍肉粉,https://www.dianping.com/shop/k7bTrZvawk3OaXOF,1条评价,人均-,
一味烧烤(安福店),https://www.dianping.com/shop/G4gisULwJ6pWWJ7k,1条评价,人均-,
