红茶中餐小厨,https://www.dianping.com/shop/G7jjpkF3UE4fjIGc,66条评价,人均￥125,酥不腻烤鸭 潮汕神仙鸡 脆皮高钙虾
喜厨餐馆,https://www.dianping.com/shop/G4z3NCeQ5sXXIq13,15条评价,人均￥61,冷串 红烧肉 酸菜鱼
安三胖韩国烤肉专门店,https://www.dianping.com/shop/k1LmMX6yZhQKn5uc,332条评价,人均￥83,烤菠萝 三胖吾桑格 鸡蛋糕
伍月蓝融合菜馆,https://www.dianping.com/shop/H89rrnP43oPHAMmH,18条评价,人均￥8o,双椒鱼头 伍月神仙鸡 压锅地瓜鸡翅
香满家园菜馆(朝阳路店),https://www.dianping.com/shop/G5kVfKv5je4xATQD,115条评价,人均￥5o,锅包肉 排骨炖豆角 地三鲜
郭记烤肉(幸福北大街店),https://www.dianping.com/shop/iaocVoqwzZqixEfc,456条评价,人均￥64,特味牛肉 猪五花 特色牛肉
李先生牛肉面大王(白城大润发店),https://www.dianping.com/shop/G1z0LxMeW0rllW0Y,971条评价,人均￥51,招牌牛肉面 李先生牛肉面卤蛋套餐 红油葱拌肚丝
蒙香缘烤羊腿总店,https://www.dianping.com/shop/G5fXaP9vsytiVMlb,436条评价,人均￥93,烤羊腿 烤羊排 翅中
牛拾叁.炭火烤肉烤鳗鱼,https://www.dianping.com/shop/l8jIqBYxnytILo2N,2o条评价,人均-,老式肥牛 蔬菜沙拉 老式鲜拌肉
金小姐有一个锅(白城店),https://www.dianping.com/shop/G3fquTJzEANKWXqT,91条评价,人均￥73,亲咕肥牛八爪鱼锅 亲咕芝士鸡爪锅 芝士
高丽城韩式料理,https://www.dianping.com/shop/GarO6xwjEKE8j6eJ,75条评价,人均￥57,冷面汤 锅包肉 石锅拌饭
一九二八铁锅炖,https://www.dianping.com/shop/l1RW7b3vaHgepVjH,5o条评价,人均￥54,宽粉 排骨 小笨鸡
丰泽园(辽北路店),https://www.dianping.com/shop/H1Pz6NNqqZsQoqoz,12条评价,人均￥55,锅包肉 铁锅炖杂鱼 溜肉段
倍斯特海鲜自助烤场,https://www.dianping.com/shop/l73hZx5OJRH8QEqR,422条评价,人均￥56,蛋挞 阿根廷大虾 烤牛排
要得大虾火锅(白城店),https://www.dianping.com/shop/k9sZujVI5F9HoMQN,423条评价,人均￥58,钰兴香辣虾特大锅 金针菇 相间肥牛
蛙三爷铜炉蛙锅,https://www.dianping.com/shop/H4IMfn8IEItL3EPE,137条评价,人均￥82,素拍有机黄瓜 招牌蛙锅 香辣虾爱上蛙
福田日本料理自助,https://www.dianping.com/shop/l3zXeHVpef4rrFZW,182条评价,人均￥225,半斤三文鱼刺身 寿喜锅 葱香牛肉粒
小球烘焙,https://www.dianping.com/shop/k6fbyJq3VPTJAzvQ,5条评价,人均-,抹茶千层 芋泥麻薯盒子 杨梅切块
食壹泥炉烤肉,https://www.dianping.com/shop/k7MVJNQAQ51rAKQc,8条评价,人均-,食壹鲜切牛肉 鲜切牛肋条 乾隆白菜
必胜客(欧亚购物中心店),https://www.dianping.com/shop/l8mOcguBTgmxyjWe,1条评价,人均-,麻辣超级至尊披萨 黄金松阪肉披萨 金枕榴莲多多披萨
小张手把签火盆烧烤,https://www.dianping.com/shop/k6Y80SX4QcAZEGLC,389条评价,人均￥69,翅中 烤肉 冷面
一九二八五谷丰登铁锅炖,https://www.dianping.com/shop/la4ESQFZ1ZsAYYld,71条评价,人均￥55,铁锅炖小鸡 铁锅炖大鹅 铁锅炖江鱼
六大厨烧蒸酱烤(洮南店),https://www.dianping.com/shop/jaBzN0aVsZ8om6cY,725条评价,人均￥52,烧蒸五花肉酸菜 烧蒸豆腐 酱烤鸡头
北村韩屋韩式炸鸡(白城店),https://www.dianping.com/shop/G1TzGU7rEye8agmo,11条评价,人均-,韩式胖子年糕 芝士球 北村摇摇薯
辣莊重庆老火锅(白城店),https://www.dianping.com/shop/H7ehz9xvL5OVijXq,3233条评价,人均￥94,气泡牛肉 深海蟹棒 鲜虾滑
澳洲肥牛(民生东路店),https://www.dianping.com/shop/H74r6Lfxq9cE17sV,158条评价,人均￥86,素蒸饺 雪花肥牛 菌汤锅
石锅小海鲜中餐馆,https://www.dianping.com/shop/laLiRYqKdKHvNX1H,277条评价,人均￥86,海鲜盛宴锅 扇贝 虾爬子
九谷寿喜烧,https://www.dianping.com/shop/G7wmEL0ku3apjk2H,2oo条评价,人均￥153,M8和牛 和牛上脑 高级刺身拼盘
天穆村海鲜城,https://www.dianping.com/shop/l8tMWoaHO6x0cjzQ,11条评价,人均-,馅饼 黄金钩豆角 花菜
俄罗斯大串(锦华路店),https://www.dianping.com/shop/H9YDPTRzDoX1bncj,43条评价,人均￥51,可乐鸡翅 牛肉 蜜汁烤翅
老金家烤肉烧烤城(民生西路店),https://www.dianping.com/shop/k7xR3HeBTpFqYpHx,215条评价,人均￥83,金品冷面 烤牛肉串 现串羊肉串
阿如汗蒙餐(白城店),https://www.dianping.com/shop/G6xhKBhl3Vi9pJag,94条评价,人均￥46,烤鱼 蘸酱菜 茶菊鸡
大福源红牛馆,https://www.dianping.com/shop/H8QDI6mi6vJhDW75,148条评价,人均￥69,牛肉萝卜馅饼切开 牛肉炖萝卜 牛肉大葱蒸饺
小李布车,https://www.dianping.com/shop/k8M80vUP6c4iD7gh,16条评价,人均￥95,拉丝芝士球 炭烤牛排 火辣鸡爪锅
泥锅麻辣串(白城店),https://www.dianping.com/shop/H5ZkYmPiZ2QBbEhc,16o条评价,人均￥55,腊肠 泥锅串串 毛肚
状元阁,https://www.dianping.com/shop/k9LYzVct7t3ntoaC,6条评价,人均-,
刘记光大火锅鸡(长庆店),https://www.dianping.com/shop/G5The2Z8Sw6H5uII,226条评价,人均￥54,
王府私房菜(捺钵大街店),https://www.dianping.com/shop/k7hQ9tBdgOARVnT0,1条评价,人均-,
恩你小木屋米酒店(白城分店),https://www.dianping.com/shop/H4JMc96cz9Dj1NhG,1269条评价,人均￥74,
地道炭火烤羊排,https://www.dianping.com/shop/G5JN59ZhtsX2yIz1,9条评价,人均￥75,
咱们屯(大润发店),https://www.dianping.com/shop/G5ZkOFfS3RjmnIT9,28条评价,人均￥44,
东直园酒店,https://www.dianping.com/shop/G2uXyUP0YPrpLSwS,8条评价,人均-,
照亮牛烧,https://www.dianping.com/shop/G9nx5gGvNU7rrJEQ,132条评价,人均￥47,
咱屯子锅台鱼(洮南店),https://www.dianping.com/shop/k9KkzeyjJVJrWgUd,28条评价,人均￥35,
京門烤鸭(长庆南街店),https://www.dianping.com/shop/H8cBgcTZz1Yed2UR,8条评价,人均-,
鼎红金牌海鲜自助烤场,https://www.dianping.com/shop/k5nVmgDuCwbphylw,1619条评价,人均￥4o,海鲜饼 葡萄 韩式烤肉
谷八戒烤肉,https://www.dianping.com/shop/l3xxQzw8OXPiSj8H,912条评价,人均￥48,培根 特味肥牛 猪五花
大熊家的咖啡馆,https://www.dianping.com/shop/l1Mi6evt2u1mkCXt,27条评价,人均￥31,黑糖咖啡 华夫饼 原味华夫
老八件(洮南店),https://www.dianping.com/shop/H8Re2lqSqX5zeitN,1条评价,人均-,
金碑炭缸烧烤(胜利店),https://www.dianping.com/shop/G2J7m6e6JKuFo0oS,179条评价,人均￥64,小羊肉串 鸡爪 烧土豆
四季春,https://www.dianping.com/shop/G1skPkce3BgsY6hi,9条评价,人均-,烤鸭 牛肉酱 麻酱
萌小盼自助火锅,https://www.dianping.com/shop/k6MjgDcHui58Ww2Q,1条评价,人均-,
东方肥牛王(南湖街店),https://www.dianping.com/shop/l44QHL9VrN9fXllZ,6条评价,人均-,北极贝刺身 肥牛 手擀面
巴卤社老火锅(白城店),https://www.dianping.com/shop/l2PrC6eqBsYngrWp,17条评价,人均-,秘卤鸡爪 红糖糍粑 冰粉
8632赵弘记老味烤肉店,https://www.dianping.com/shop/l485Z6IziLJPWCBk,2条评价,人均-,经典牛肉 上脑肉 炸小馒头
小王福地摊烤肉,https://www.dianping.com/shop/k77rhtqEVaEisHxL,4条评价,人均-,
老街口烤肉,https://www.dianping.com/shop/H8WFvLVmH3ymaXrL,225条评价,人均-,
围炉广东打边炉,https://www.dianping.com/shop/GaiCrd6Fu3uDTSp5,4o条评价,人均￥114,
海之星日本料理,https://www.dianping.com/shop/H8jCnwoMtsqjnU7a,49条评价,人均-,
王记自助酱骨头烧烤火锅,https://www.dianping.com/shop/H3DmfxqMY6yosYjn,7条评价,人均-,
