山崎精致料理(宝清店),https://www.dianping.com/shop/l9MfxoKsbriPma1Q,2条评价,人均-,鹅肝寿司 豚骨乌冬面 飞鱼籽军舰
百膳居,https://www.dianping.com/shop/k6C64yCPRl4717KA,8条评价,人均￥57,东坡肉 老式汆锅底 红烧海鲈鱼
炭之家烤肉(宝清店),https://www.dianping.com/shop/G4cyIzKbjMyAO7zw,183条评价,人均￥86,黑胡椒大片牛肉 酱油炒饭 飘香梅肉
宝清县阿田大虾火锅店(文体路店),https://www.dianping.com/shop/l6qXqsAi37ktTo6w,1条评价,人均-,
痴火锅(宝清旗舰店),https://www.dianping.com/shop/H7SfMSPmafc2J7ej,7条评价,人均-,
京福海鲜自助烤肉,https://www.dianping.com/shop/EHoCo7hkay6KH7aO,1条评价,人均-,
悦海楼,https://www.dianping.com/shop/G1C3jLUqhmfHziUO,4条评价,人均-,海鲜约会 肉段烧茄子 芹菜肉饺
健晟星期天火锅(宝清店),https://www.dianping.com/shop/H8EMhzIb41NszCwb,21条评价,人均￥71,水煮千层肚 菌拼 肥牛一号
32坐炖涮锅,https://www.dianping.com/shop/G3eVgJoeVbgGsae0,83条评价,人均-,招牌火锅鸡 时蔬大拌菜 解腻杏皮水
大尚户烤肉,https://www.dianping.com/shop/l3xe5hh8tzhvxAKH,1条评价,人均-,
大嫂铁锅炖(总店),https://www.dianping.com/shop/H5EMfugH67DepP7T,1条评价,人均-,
有拈头成都市井火锅店(宝清店),https://www.dianping.com/shop/laOvGicgY3iDzE4L,21条评价,人均-,
利民回民饭店(胜利街店),https://www.dianping.com/shop/G2PoeDzYryo9frws,4条评价,人均-,
三元阁烤肉,https://www.dianping.com/shop/G1ucbgFedhKtfwlZ,9条评价,人均-,
1916源味道牛蛙锅,https://www.dianping.com/shop/G2nnscNezpNkRR8u,22条评价,人均-,
法慕摩妃,https://www.dianping.com/shop/H7JsnOs4uXrTYg63,3条评价,人均-,巧克力麻薯 莓果提拉米苏 抖臀蛋糕
大嫂铁锅炖,https://www.dianping.com/shop/k2KD4WL8hyruweJY,5条评价,人均-,铁锅炖大鹅 花卷 铁锅炖鱼
张大叔成都市井火锅,https://www.dianping.com/shop/G5vu60NHAzG1mRzZ,6条评价,人均-,冻豆腐 鸭肠 安井墨鱼丸子
老青松品味酱骨(文体路店),https://www.dianping.com/shop/G1WGYbcSNiQ7KQQz,9条评价,人均￥25,锅包肉 金汤瓦罐鸡手 干锅鸭头
京福肥牛火锅品味店,https://www.dianping.com/shop/FKbsYASyCsDwj0ZO,16条评价,人均-,手切鲜羊肉
农家鸽屋(宝清分店),https://www.dianping.com/shop/ELBeJhsC3u5kAV0W,1条评价,人均-,珍珠汤 烤鹅蛋
煮动力时尚火锅(宝清店),https://www.dianping.com/shop/ixQUaWyEcq0UmxtF,21条评价,人均-,麻辣锅 手打鲜虾滑 主动力肥牛
宝清县零晨午夜火锅,https://www.dianping.com/shop/k5tKwc4D9iRgbY7p,1条评价,人均-,秘制嫩牛肉 特色虾仁滑 千层肚条
伊品尊清真涮羊肉(宝清店),https://www.dianping.com/shop/H4L7zu28xkNlSPWT,6条评价,人均-,
咱屯子锅台鱼(新盟福园店),https://www.dianping.com/shop/la5i1pAXM6d71tzw,15条评价,人均-,排骨粉条 炖大鹅 烤大鹅
金园烤肉,https://www.dianping.com/shop/k9KZhpJzizPPHpnD,4条评价,人均-,
久香居熏酱小酒馆,https://www.dianping.com/shop/G7Bifbuaz4xGHwhC,2条评价,人均-,
金汉斯南美烤肉,https://www.dianping.com/shop/GazVPc9U37EXo4n5,2条评价,人均-,
爱拉屋蛋糕烘焙坊,https://www.dianping.com/shop/laNtLRf2KTEY3r15,435条评价,人均￥3o,
巴洛克西餐(天龙购物广场店),https://www.dianping.com/shop/H8DX6Fpxa0hieWcb,8条评价,人均-,
百姓鹅府铁锅炖,https://www.dianping.com/shop/H5fzal3w66hNj7Rl,31条评价,人均-,鲜大鹅 花卷 排骨锅
海先生贝烤贝(宝清总店),https://www.dianping.com/shop/l9D35cYK1Xjghvu1,8条评价,人均-,香煎晶鱼 秘制小板筋 韩式烤肠
建行大篷车涮串(利民小区店),https://www.dianping.com/shop/k3wMBbLfNgi1vMMP,1条评价,人均-,鸡丸子 炸大头菜 薯塔
粉房子烧烤,https://www.dianping.com/shop/l8T8iymQpaHjGuOn,1条评价,人均-,鸡胗 猪肉串 凉拌牛鞭
老船长海鲜加工店(宝清店),https://www.dianping.com/shop/l6h1PeAHkqEBa3TV,7条评价,人均-,压锅鸡爪 辣炒虾爬子 锅包肉
金旺全羊馆,https://www.dianping.com/shop/H48PRr8LDRHJ6LqG,,人均-,
龙井冷面馆,https://www.dianping.com/shop/l1mm6sI1yaMC4DBY,5条评价,人均-,脆骨肠炒饭 脆骨肠 鸡柳棒
华祥苑茶楼,https://www.dianping.com/shop/k1qVWBYsVr1LMd1E,2条评价,人均-,
赛家香面馆(一高店),https://www.dianping.com/shop/l3kfG8MsfCUoosuO,185条评价,人均-,油泼面 清汤面 家常小馄饨
德克士(宝清店),https://www.dianping.com/shop/k6TJ76O6WXQMLCU7,797条评价,人均￥17,超级鸡腿堡 菠萝鸡腿堡 脆皮炸鸡
金六合寿司,https://www.dianping.com/shop/k5Y9cRjmOPeKTOpa,38条评价,人均￥3o,寿司拼盘 三文鱼丰春卷 蛋黄卷
铭泰昌坛肉砂锅风味居,https://www.dianping.com/shop/H9QIW2NE7gVdbAMN,2条评价,人均-,
黑牛小镇市集烤肉(富贵世家店),https://www.dianping.com/shop/k2Bqk3wQwA7GncNW,1条评价,人均-,蘸料 牛肉黑椒泡菜炒饭 口蘑
阿里郎韩餐(宝清百盟国际广场店),https://www.dianping.com/shop/G73DMo2dULVh3piY,1条评价,人均-,炒年糕
承志饭店,https://www.dianping.com/shop/k47aYuToERj9O2fW,3条评价,人均-,水爆肚 鸡丝拉皮 尖椒干豆腐
风味鱼馆,https://www.dianping.com/shop/H10dJV0wm5ebRQrO,1条评价,人均￥35,水煮鱼 捞汁什锦 清蒸白鲢
根据地烧烤,https://www.dianping.com/shop/FQHJAiMt1mL2KL8P,12条评价,人均￥3o,牛肉筋 实蛋 心管
老郑羊汤馆(宝清店),https://www.dianping.com/shop/G7JZ6HHCXTDyV0fp,,人均-,毛肚汤 肠肺汤 羊肉卷汤
老鼎丰,https://www.dianping.com/shop/H3FQuxZooEoeQZLO,1条评价,人均-,椰蓉奶酥 椰蓉蔓越莓 全麦切片
五爷拌面(宝清店),https://www.dianping.com/shop/H5o2DqFQ7s6GAqsO,1条评价,人均-,五爷炸酱面 五爷蛋 五爷纯肉烤肠
有年头铜火锅,https://www.dianping.com/shop/H9hsWXSiNxIUI4Gz,1条评价,人均-,
半山坡明火烤肉,https://www.dianping.com/shop/G2BsZ2qdKMxQ8r9o,23条评价,人均￥38,素拍黄瓜 干豆腐丝拌海带丝 烤饼
新疆库尔勒烧烤,https://www.dianping.com/shop/H6EsUzWbNt5CUv1t,6条评价,人均-,烤牛肉 烤肉串 烤玉米
小把头渔馆,https://www.dianping.com/shop/k4sgp3AShD4Lt146,1条评价,人均-,鱼籽炖豆腐
野兽派鲜花蛋糕连锁店(宝清店),https://www.dianping.com/shop/l3kBSUeDW9eZjJ9T,,人均-,
小巷火塘烤肉店,https://www.dianping.com/shop/G7TByr78ZXlKyw6g,7条评价,人均-,猪五花 蒜蓉金针菇 飘香猪排
仁民公社大锅台,https://www.dianping.com/shop/kapUEGkoKTeLlRBt,4条评价,人均-,大鹅 排骨+鸡爪
老字号冰花煎饺,https://www.dianping.com/shop/G9dKgYhfAQnfsvDM,6条评价,人均-,冰花煎饺 锅包肉 五花肉炖干豆腐
玛奇朵蛋糕(二道街店),https://www.dianping.com/shop/k8W5YTYU3hdLttwf,1282条评价,人均￥1o,彩虹蛋糕 黑森林面包 波士顿蛋糕
川麻婆泥锅涮肚(宝清店),https://www.dianping.com/shop/H7k3xW0d59HjQw1m,6条评价,人均-,鸳鸯锅底 草原毛肚 麻酱伴侣
