令氏家外家周秦食府(高新店),https://www.dianping.com/shop/l54tdyukiePyf4Kh,2644条评价,人均￥47,臊子排骨 岐山擀面皮 一口香
楠火锅(盛世广场·食尚街店),https://www.dianping.com/shop/k60HaX4fU0udNjQX,98o条评价,人均￥93,麻辣牛肉 九宫格特色菜拼盘 耙鸡爪
陳麻婆豆腐(盛世广场·食尚街店),https://www.dianping.com/shop/l2B2cx3fCC1q64t1,451条评价,人均￥65,麻婆豆腐 夫妻肺片 招牌麻麻鱼
盡膳口福跷脚牛肉(盛世广场食尚街店),https://www.dianping.com/shop/k7xjQxRvCPEjTIZ5,576条评价,人均￥147,澳洲谷饲九秒牛肉 四季草本鸳鸯锅 红糖糍粑
东来顺(盛世广场·食尚街店),https://www.dianping.com/shop/G6ILzJQGWcgpbj6j,121o条评价,人均￥1o5,秘制京味芝麻酱 传统手切鲜羊后腿 东来顺精品羊肉
令氏家外家周礼食府(桥南店),https://www.dianping.com/shop/FTa3IGZNaH0FOc8N,1551条评价,人均￥42,一口香臊子面 岐山擀面皮 臊子排骨
漏香·新川菜(银泰城店),https://www.dianping.com/shop/HastTFZtKIRsxWe6,87条评价,人均￥72,最初的鱼香肉丝 非遗酸菜烧鲈鱼 飘香辣子鸡
我家食尚小馆(盛世广场·食尚街店),https://www.dianping.com/shop/H4jEsQlT0vNBtBla,398条评价,人均￥57,麻麻鱼 湘西小炒肉 白灼金蒜西生菜
卤校长重庆火锅(渭滨店),https://www.dianping.com/shop/k5bToaR6MTjbqkep,7o3条评价,人均￥88,七大招牌辣卤 杨枝甘露 白雪冰糖圆
谭鸭血老火锅(盛世广场·食尚街店),https://www.dianping.com/shop/G2ryimqkM3OISfxb,1724条评价,人均￥82,谭公鸭血 红糖糍粑 极品鲜毛肚
马路边边麻辣烫(盛世广场·食尚街店),https://www.dianping.com/shop/FKjNO6TEMqferv48,583条评价,人均￥63,经典鸳鸯锅 路边嫩牛肉 滋味冒宽粉
李记清真酸菜涮牛羊肉(盛世广场·食尚街店),https://www.dianping.com/shop/G3X1r8sohiYmSOtO,855条评价,人均￥69,酸菜锅底 牛肉 羊肉
煮小篓盘盘麻辣烫(宝鸡店),https://www.dianping.com/shop/G9dNAst90KwmZF5b,54条评价,人均￥32,盘盘麻辣烫 腾冲冒洋芋片片 优选五常米饭
东岭皇冠假日酒店品味自助餐厅,https://www.dianping.com/shop/G47c5CLHPWAPuHQU,117o条评价,人均￥179,小龙虾 海鲜 烤羊排
五子湘·长沙市井菜,https://www.dianping.com/shop/l1W112dV4DLDCJyQ,14o条评价,人均￥54,芋儿青菜汤 酸辣椒炒鸡 铜钱蛋
今夕·新中餐(高新店),https://www.dianping.com/shop/G1MycNVvsRtNcwma,3o4条评价,人均￥117,藏红花宫保大明虾 意大利黑醋汁带鱼 蟹籽烧麦皇
凤膳轩天麻土鸡养生滋补汤锅(宝鸡宏欣国际店),https://www.dianping.com/shop/l900ukQRLA2RABVV,44条评价,人均￥61,天麻土鸡汤 贵州竹荪 茼蒿
臻火锅(盛世广场·食尚街店),https://www.dianping.com/shop/imEpNyROXgpux7PU,1299条评价,人均￥57,麻辣牛肉 清油鸳鸯锅 一品肥牛
佟家老灶(高新四路店),https://www.dianping.com/shop/G6B0J43kO7KwAFDH,744条评价,人均￥64,铁锅炖排骨 铁锅炖鸡 铁锅炖鱼
花田煮·臻牛(盛世广场·食尚街店),https://www.dianping.com/shop/H5CyCno1UHosnwKQ,1o99条评价,人均￥82,高钙牛骨锅底 秘制牛肉 三花腱
五子湘·长沙大食堂,https://www.dianping.com/shop/G64XVoYvGr3vkDQY,15条评价,人均￥58,擂椒茄子皮蛋 小炒香干 洪湖藕汤
山城鱼庄(曙光路店),https://www.dianping.com/shop/G9zxLZoHpUQhIND9,39条评价,人均￥65,水煮鱼 鱼头豆腐汤 溜鱼片
壹品長安(盛世广场·食尚街店),https://www.dianping.com/shop/k3emcc39AviMDaZF,32条评价,人均￥142,胡芦鸡 黄金烤羊腿 手打年糕黄花鱼
张记木桶鱼(盛世广场食尚街店),https://www.dianping.com/shop/iZncRBU6NUlNwO3Z,359条评价,人均￥63,酸菜木桶鱼 特色玉米饼 木桶清香锅
盘盘烤第一(盛世广场·食尚街店),https://www.dianping.com/shop/H8lYbkmIZZOMJ8EX,694条评价,人均￥58,秘制五花肉 骰子雪花牛肉 烤肉
蓉记香辣蟹爬爬虾(盛世广场·食尚街店),https://www.dianping.com/shop/k9fIrTmMKNCHX5wT,332条评价,人均￥74,
新古家铜火锅(盛世广场·食尚街店),https://www.dianping.com/shop/k77is3GZx5mQbzFl,32o条评价,人均￥61,
蚝英雄鲜蚝自助专门店,https://www.dianping.com/shop/k98AJB2VqE25THII,316条评价,人均￥117,
炽舞居酒屋(一品大街店),https://www.dianping.com/shop/H5VJpHKcR9A2I2DR,39条评价,人均￥59,
螺大胆·螺蛳粉火锅(高新天下汇店),https://www.dianping.com/shop/G5RHMazf7E7fNlZp,41条评价,人均-,
轻食·花椒涮牛肉火锅(盛世广场·食尚街店),https://www.dianping.com/shop/ka7GKQ5RtbrSPABB,495条评价,人均￥54,鲜青花椒锅 精品肥牛 自制虾滑
飞象比萨·石烧牛排(经一路店),https://www.dianping.com/shop/H2An3czmKIWKCy04,29条评价,人均￥56,黑金爆汁炸鸡 和风海苔薯条 石烧M3雪花牛排
仙隐小鹿中華の日料(宝鸡首店),https://www.dianping.com/shop/H9SvCbHvjWb17ADV,58o条评价,人均￥93,焦糖烤布丁 温泉蛋爆浆土豆泥 金芒火炙帝王蟹棒卷
跷脚牛肉养生锅汤锅火锅,https://www.dianping.com/shop/l9b6vQEufykpqWSH,27条评价,人均￥74,嫩牛肉 牛杂 跷脚牛肉养生锅
PIZZA KARCH卡奇披萨,https://www.dianping.com/shop/l7TRX2RzN4mDeF8D,318条评价,人均￥89,传统提拉米苏 意大利面配肉酱 烟熏火鸡披萨
亚米咖喱饭(金陵中学店),https://www.dianping.com/shop/H8qGjT7BfSclpCwl,56条评价,人均￥19,咖喱鸡排饭 一颗老盐柠檬水 咖喱猪排饭
亮健容天羊蝎子羊排火锅·颐品江湖牛杂煲(盛世广场·...,https://www.dianping.com/shop/FPZsWuZX3BGqMqeZ,487条评价,人均￥54,羊蝎子 羊蝎子羊排 牛杂煲
去野·日咖夜酒露营吧(吾悦广场店),https://www.dianping.com/shop/l6JI2c4uP7EJdKXy,8条评价,人均-,拿铁咖啡 手撕烤鸭 秘制鳕鱼
汶家蒸饺,https://www.dianping.com/shop/H1cwBlDfmOzHwgt8,13条评价,人均￥17,素蒸饺 肉蒸饺 大馅馄钝
大四喜老火锅(宏文路店),https://www.dianping.com/shop/G5Yp3XKeeMgjv7zn,15条评价,人均￥73,瀑布土豆丝 脑花 红汤锅底
东岭皇冠假日酒店-知味火锅餐厅,https://www.dianping.com/shop/Es8FzSJfuJuwK6l4,6o4条评价,人均￥125,高钙羊肉 基围虾 精品上脑肥牛
木辛水水冰煮羊(宝鸡总店),https://www.dianping.com/shop/H9SB4NjoA4ZzUQ0n,341条评价,人均￥77,木辛水水冰煮羊 羔羊肉 拉克申蘸料
九街淑芬掌中宝串串公司(宝鸡店),https://www.dianping.com/shop/G3zI5gVut0TASVYw,3条评价,人均-,炸蛋 干贡菜虾滑
今夕菜·新中餐(第五大道店),https://www.dianping.com/shop/k3m0wHRfbwCCMu9X,515条评价,人均￥86,法国黑松露虎皮鸡爪 九层塔咖喱大虾 黑松露文火烧肉
东北人家,https://www.dianping.com/shop/l1BvPhpaom0ofkMx,33条评价,人均￥52,锅包肉 酸菜汆白肉 铁板罗非鱼
令氏家外家岐山面(火炬路店),https://www.dianping.com/shop/l1yYTO3eHW4hnxuJ,1472条评价,人均￥38,岐山擀面皮 一口香面条 臊子排骨
震惊世界·辣条站,https://www.dianping.com/shop/l73zLQPMIOPOtrgJ,11条评价,人均-,吮指豆卷 霸汽酸梅汤
晓彭肥肠鸡(盛世广场食尚街店),https://www.dianping.com/shop/l1WiHFdyvMAILmMf,6o6条评价,人均￥58,肥肠 凉拌黄瓜 阿妈玉米饼
阿记烧烤(高新店),https://www.dianping.com/shop/k9JEqUkZ4Zq53SRS,617条评价,人均￥88,烤花肉 烤筋 鸡翅
岳记偶遇花甲,https://www.dianping.com/shop/H71JKWgpWcaGDP53,145条评价,人均￥57,特辣花甲 烤生蚝 手擀粉一份
上男.壹号烧肉集市,https://www.dianping.com/shop/l1MEt0LiWeJhO1Bd,549条评价,人均￥126,澳洲雪花牛小排 烤牛乳冰淇淋吐司 一本壶渍牛肋肉
蓝狐狸(第五大道店),https://www.dianping.com/shop/G64jhk1M82z4fR48,119条评价,人均￥1o9,杨枝甘露 熟醉蟹 烤黑虎虾
佰仟萬烧烤,https://www.dianping.com/shop/k2GHAcnmBxCez3Ti,384条评价,人均￥66,秘制五花肉 烈焰牛肉 辣炒鸡爪
雾·泰式海鲜BBQ,https://www.dianping.com/shop/G1aM0aiVwO2ZIVEc,1条评价,人均-,生蚝
老太太火锅(南关路店),https://www.dianping.com/shop/k8jGk09iaKty4vmS,379条评价,人均￥56,涮粉 涮腰子 老式麻辣烫
铁蛋扣碗居,https://www.dianping.com/shop/GajrXNrgJ8V9K6VF,86条评价,人均￥81,烤挂肉 炒面片 烤筋
山中井老火锅(新天地店),https://www.dianping.com/shop/H2FGXWAx8BWKtaoF,34条评价,人均￥97,红油锅底 虎皮耙鸡爪 毛肚梗子
重庆老家耗儿鱼(盛世广场·食尚街店),https://www.dianping.com/shop/H1BIdaP8hPaabsi6,365条评价,人均￥79,耗儿鱼 红油耗儿鱼 特色味碟
奶香铺子(高新大道店),https://www.dianping.com/shop/l8Gppejvonc8ZJeb,49条评价,人均￥16,杨枝甘露 缤纷水果酸奶 清补凉
本发泥炉烤肉,https://www.dianping.com/shop/H6QJae29GpAbNJeP,3o条评价,人均-,牛小排 调味秘制五花肉 秘汁牛肋
