枫火渔家铁锅炖(宝坻店),https://www.dianping.com/shop/H48ye2fpxgd0HNLb,1785条评价,人均￥68,野生杂鱼锅 卷子 玉米饼子
小肥羊(宝坻渠阳大街店),https://www.dianping.com/shop/k3pkQTLw5zwN84zs,36条评价,人均￥69,清汤香辣鸳鸯锅 蟹黄鱼子蛋 牛羊三叠三拼
汉江里韩国炸鸡(宝坻店),https://www.dianping.com/shop/H6KRcVX1VOpelENz,16条评价,人均￥63,芝士球 一米十拼炸鸡 琥珀甜辣炸鸡
叁谦串串火锅,https://www.dianping.com/shop/H8Sz3E6qDM1Tlwsv,39o条评价,人均￥62,鸳鸯锅 串串 现炸酥肉
欣达小吃,https://www.dianping.com/shop/l6yUjtoYC6YNoH8M,37条评价,人均￥67,猪蹄 鸡抓 鸡脖
好灶头一号厨房(泰达小区店),https://www.dianping.com/shop/H1XfKG52jS5fpe94,122条评价,人均￥76,压锅豆腐 临沂炒鸡 耳朵眼炸糕
愚公婆佳宴脆皮烤鸭,https://www.dianping.com/shop/G8FYxUDGxfTtUNQ9,427条评价,人均￥97,烤鸭 毛血旺 凉皮
一雲·料理,https://www.dianping.com/shop/l5VEMj9t821Hl98q,298条评价,人均￥1o5,大葱鸡肉串 名古屋鸡翅 豚骨拉面
庞家湾牛庄·大牛慢炖筋头巴脑,https://www.dianping.com/shop/k1AUyQBQIxUbUKaU,365条评价,人均￥67,筋头巴脑 牛气冲天 杂果
胡桃里音乐酒馆(宝坻店),https://www.dianping.com/shop/H4wSihzTxgIEGWhA,294条评价,人均￥8o,胡桃里烤鸡 自磨黑豆腐 青柠酸菜鱼
仁家韩式快餐店,https://www.dianping.com/shop/l77xhQV19Wn6EeAD,37条评价,人均￥58,韩式牛肉拌饭 韩式黄金炸酱面 韩式炒年糕
烧江南烤肉(宝坻逸城雅园店),https://www.dianping.com/shop/k1PmS5wgWIljZpWj,332条评价,人均￥117,照烧鸡腿饭 雪花牛肉 日式焗蟹宝
芸座炉端烧·烧肉(龙熙中路店),https://www.dianping.com/shop/l6OCJZjFXzExG5aT,192条评价,人均￥123,鸡肉丸 寿喜锅 鳗鱼饭
辣椒炒肉(商贸街店),https://www.dianping.com/shop/kaDFdHtq4gFl3DEV,55条评价,人均￥58,辣椒炒肉 蒜香鸡翅 剁椒鱼头。
亲古哟自助烤肉(宝坻新都汇店),https://www.dianping.com/shop/G7VCH47WzJXVS0ii,272条评价,人均￥54,厚切五花肉 原切肥牛 爽口小菜
潮白河旺海泉1号农家院,https://www.dianping.com/shop/k4zHmSHLAtIAcaqy,27条评价,人均￥73,大锅炖鱼 雀巢优活 冰露矿泉水
仙台和牛烤肉.寿司料理,https://www.dianping.com/shop/l3dYXsmfSb5VyM9E,569条评价,人均￥113,牛小排 三文鱼刺身 芝士焗生蚝
湉coffee,https://www.dianping.com/shop/l9bOcu9hIJwxnyIw,8条评价,人均-,生椰丝绒拿铁 桂花拿铁 美式咖啡
17,https://www.dianping.com/shop/Haylgx5nHEo03ATO,2条评价,人均-,肥牛部队火锅
半天妖烤鱼(天津宝坻怡购店),https://www.dianping.com/shop/k12Bhongzwukc1hg,111o条评价,人均￥87,青花椒烤鱼 五常大米 时蔬拼盘
胡胜锐辣椒炒肉(六中店),https://www.dianping.com/shop/G1S4myk1PxnxHcyB,163条评价,人均￥71,辣椒炒黑猪肉 武大郎烧饼 菠萝咕咾肉
九田家黑牛烤肉料理(逸城雅园店),https://www.dianping.com/shop/k1mbeyUNYHQOKU0Y,282条评价,人均￥137,调味猪五花 小牛排 小料
小龙坎老火锅(长城新天地店),https://www.dianping.com/shop/k7JWu8Lp2rL144dJ,134条评价,人均￥92,麻辣牛肉 红糖糍粑 现炸酥肉
诸葛良活鱼现烤(宝坻店),https://www.dianping.com/shop/G39xbfAp8TOGWexE,1168条评价,人均￥65,荔枝香辣 草鱼 花边泡饼
董家湾重庆老火锅(宝坻店),https://www.dianping.com/shop/iD5sdHkWY8Wh39dq,278条评价,人均-,手工鲜打牛肉 肥牛一号 胭脂鸭血
旮旯烤肉,https://www.dianping.com/shop/H2uQrLj0r8hTW2zZ,146条评价,人均￥94,石锅拌饭 厚切五花肉 烤瘦牛
高乐雅咖啡(宝坻店),https://www.dianping.com/shop/k4ns79NFwYfrBErd,18条评价,人均-,爱尔兰榛果拿铁 cappuccino 澳式白咖啡
小猪查理川式自助烤肉(宝坻店),https://www.dianping.com/shop/j88kZDyI4KcVY2fM,334条评价,人均￥66,芝士玉米 霸王五花肉 奥尔良鸡翅中
慕巴夫鲜花主题蛋糕(怡购店),https://www.dianping.com/shop/l851bVnUokh7qPhd,28条评价,人均-,食新鲜水果便当蛋糕盲盒 晴王奶油盒子 草莓冰淇淋水果蛋糕
京·东驴肉馆(商贸街店),https://www.dianping.com/shop/FQKG5Crk2JkUJbvo,122条评价,人均￥6o,驴肉蒸饺 驴肉大锅贴 香糯红豆粥
大喜龙虾(环城南路店),https://www.dianping.com/shop/G1OT8CVexkGxg183,71条评价,人均￥118,小龙虾 皮皮虾 葱油饼
8号蒸饺精品炖鸽子,https://www.dianping.com/shop/l80OMQZXElBK5soa,8o条评价,人均￥55,牛肉大葱蒸饺 驴肉大葱 白菜豆豉蒸饺
闽丰渔村,https://www.dianping.com/shop/H2uNye6aIOjOszTe,8o条评价,人均￥86,大锅熬鱼 大锅炖鸡 贴饼子
礼舍和牛料理(宝坻区店),https://www.dianping.com/shop/l6b7KDWwJlQK4cUa,192条评价,人均￥134,M9和牛眼肉 和牛保乐肩 和牛后胸
二妹烙饼卷带鱼(二店),https://www.dianping.com/shop/H30SvkKiS0IL57fT,9o条评价,人均￥6o,烙饼卷带鱼 津门老爆三 老醋六样
彤德莱火锅(宝坻店),https://www.dianping.com/shop/kabno9UVr8iBSZA4,1631条评价,人均￥78,特色虾仁滑 秘制嫩牛肉 冰虾
Casablanca•Bar卡萨布兰卡 音乐酒吧,https://www.dianping.com/shop/k713s1emCRoidPZJ,7条评价,人均-,长岛冰茶 特调鸡尾酒 暴打柠檬红茶
虾扯蛋火锅鸡,https://www.dianping.com/shop/G6TK9aGZ7X7ezWHQ,34条评价,人均-,鸡锅 羊大骨棒 羊蝎子
顺祥源涮肉,https://www.dianping.com/shop/k9TVowCv0DB4TpRK,12条评价,人均-,北京卤煮火烧 牛肉烧饼 八仙包
沧州特色火锅鸡,https://www.dianping.com/shop/l6nhVO9TOIX1fuMk,8条评价,人均-,水晶葡萄 冻豆腐 姜汁松花蛋
BLESSING&福气餐厅,https://www.dianping.com/shop/G5sDgvwVT697lA3b,8条评价,人均-,牛肉堡 美式香菜烤鸡腿 凯撒沙拉
咖啡之翼(天津宝坻店),https://www.dianping.com/shop/k6eg4bzU6G3oLF63,98条评价,人均￥91,卡布奇诺 黑椒牛肉意面 香辣海鲜意面
屯老二农家铁锅炖(宝坻店),https://www.dianping.com/shop/l1OU6RRYdreugslY,251条评价,人均￥88,五花肉 柴鸡锅 榛蘑
绝味坊猪肚鸡·广式火锅,https://www.dianping.com/shop/H6sMCsaehOCp1P25,39条评价,人均￥72,猪肚鸡 炸豆皮 鲜竹升面
九記港式打边炉,https://www.dianping.com/shop/G3jPICdAnrLmCQPy,67条评价,人均-,金牌花胶鸡 竹升面 潮汕牛肉丸
袁记串串香(宝坻店),https://www.dianping.com/shop/l62Zr8RribKdlxLh,167条评价,人均￥57,麻辣牛肉 香菜牛肉 串串
好利来(宝坻店),https://www.dianping.com/shop/GadS0zZ8cjyfcyNA,437条评价,人均￥93,草莓心情 巧克力玫瑰蛋糕 黑森林
Your COFFEE FLORAL,https://www.dianping.com/shop/lamPqEEOs8kcFbAh,11条评价,人均-,荒诞的荔枝冷萃茶 澳白 有灵魂的西柚气泡水
庞小贰披萨(步行街店),https://www.dianping.com/shop/EyriQP9XuMKKD0z2,45条评价,人均￥58,薄饼特色榴莲披萨 金枪鱼手抓饭 新奥尔良鸡肉披萨
头锅汤一碗香羊汤馆(康特街店),https://www.dianping.com/shop/EQ05i3y7o90RGsTv,17条评价,人均-,羊肉汤 烧饼 精品羊杂汤
砂锅居(进京路店),https://www.dianping.com/shop/H9qeKULcIXn8Sd9c,45条评价,人均￥39,花卷 砂锅香辣鸡 砂锅肉烩菜
老北京涮肉(渠阳大街店),https://www.dianping.com/shop/H2O7owU9cvyEpBUX,315条评价,人均￥87,鲜虾滑 八旗秘制麻酱料 涮肉
三小水煮鱼(商贸街店),https://www.dianping.com/shop/l5fO8rdm4rj0PdwR,84条评价,人均￥62,水煮鱼小份 鸭黄豆角 重庆毛血旺
领头羊东乡手抓,https://www.dianping.com/shop/HaBFNHTC9c0rnUAM,1条评价,人均-,清水煮羊
半天妖烤鱼(富达珠宝广场店),https://www.dianping.com/shop/H1tx0hgaZFUjH1Ut,118o条评价,人均￥72,五常大米 青花椒烤鱼 酱香烤鱼
如在蜀毛肚老火锅(宝坻店),https://www.dianping.com/shop/HaqJgxxFNbnwUwoh,74条评价,人均￥82,嫩牛肉 铺盖毛肚 鱼籽虾滑
两串两串麻辣烫,https://www.dianping.com/shop/l75YXJbtxHTh6QSp,2条评价,人均-,圆白菜
呷哺呷哺(宝坻富达珠宝城店),https://www.dianping.com/shop/jMAhK92mlmcw9RrN,117条评价,人均￥63,草原羔羊肉炸串 印度风味咖喱锅底 什锦鲜蔬大拼盘
清真小吃店(南三路店),https://www.dianping.com/shop/H3MXIE2gusJTFvco,15条评价,人均￥32,京东肉饼韭菜 牛肉烧饼 羊汤
牛天下火锅,https://www.dianping.com/shop/k6o5aJ5BXnhjbnn1,22条评价,人均￥99,吊龙 五花趾 匙柄
