打酱油•国民饭堂(宝应嘉得禾店),https://www.dianping.com/shop/Ga5N9bupDwgEdE8o,166条评价,人均￥62,竹林手撕鸡 传统京酱肉丝 民间狮子头炖鱼头
奎梨(扬州宝应时代广场店),https://www.dianping.com/shop/G1CoNAU2KZkVXkmx,298条评价,人均￥88,韩国手打奶茶 玫瑰女神红 生牛乳冰淇淋
周大厨辣椒炒肉(宝应吾悦广场店),https://www.dianping.com/shop/H4IX54fvIPA7mApx,1条评价,人均-,辣椒炒肉 小炒黄牛肉 网红柴火手撕鸡
渝大狮老火锅(宝应吾悦广场店),https://www.dianping.com/shop/l2HqAM38EwEtVPyP,26条评价,人均￥8o,步步高鲜虾滑 现切吊龙黄牛肉 鸭血
老土灶民间菜(宝应吾悦广场店),https://www.dianping.com/shop/l9XFT5YO4YO5ViLq,49o条评价,人均￥65,首创青花椒鱼 成都口水鸡 干锅羊脆骨
玖木餐饮,https://www.dianping.com/shop/jjWOhlYOQx3D9xCJ,13条评价,人均-,肉食拼盘 红丝绒热饮 榴莲披萨
滋奇火锅(宝应吾悦广场店),https://www.dianping.com/shop/k4i21VWLDc7MPjM9,168条评价,人均￥86,手打鲜虾滑 滋奇小酥肉 精品肥牛
盛天毛血旺(扬州宝应总店),https://www.dianping.com/shop/H9yHeGedSKZUjTCu,165条评价,人均￥7o,盛天毛血旺 辣子鸡 水煮鱼
七欣天(五洲国际店),https://www.dianping.com/shop/k4oLVnBA4XcvgGWl,65条评价,人均￥126,Q弹墨鱼仔 神鲜虾 波格力蟹
玖茴巷(时代国际店),https://www.dianping.com/shop/jUM0rFD6tHfyeN53,5条评价,人均-,牛肋条 原味黑五花肉肉 青花椒鸡块
蘇鄉蘭亭(宝应吾悦店),https://www.dianping.com/shop/l91e0zisLusx7Epj,27o条评价,人均￥93,七味小豆腐 荔枝贵妃虾球 杏仁小桃子
蜀风小火锅(宝应大润发店),https://www.dianping.com/shop/G2IuMofDg2H753ZQ,416条评价,人均￥35,骨肉相连 奥尔良鸡腿 奥尔良鸡胸肉
鸭杂馆,https://www.dianping.com/shop/kaMdMPp6wTTBA01H,12条评价,人均￥52,鸭杂 大煮干丝 酸菜鱼
抚仙渔王(宝应吾悦店),https://www.dianping.com/shop/l2kQI5S680yI1xCO,7条评价,人均-,养生清汤锅 叉尾鮰鱼 土豆面
有杏食肆,https://www.dianping.com/shop/H6qUSoyGRGeuaZkr,7条评价,人均-,豆乳叮叮马卡龙 肥牛小煮 芋泥小蛋糕
崧寻·烤肉寿喜烧海鲜自助(宝应吾悦广场店),https://www.dianping.com/shop/EDZESWtcfsQJAScs,1o55条评价,人均￥162,刺身 芝士焗大虾 蒜蓉生蚝
东北传统菜,https://www.dianping.com/shop/EAgylHa0usPsCaFc,6条评价,人均-,锅包肉 地三鲜 拔丝红薯
胡家长鱼面,https://www.dianping.com/shop/l62SAuHBhXJZzXI9,1o9条评价,人均￥26,长鱼面 长鱼单加 肉丝鱼汤面
木桶滋滋火锅,https://www.dianping.com/shop/k5TJRAQhnVn0p0bo,328条评价,人均￥6o,滋补猪筒骨锅 手工鲜虾滑 高钙肥羊
唐·盛都毛肚火锅烤肉自助(吾悦广场店),https://www.dianping.com/shop/G3F7k7fBJWwkN3AM,172条评价,人均￥114,毛肚 生蚝 涮菜
与甜,https://www.dianping.com/shop/EUDKej43vo0GUst8,37条评价,人均￥9o,
熊师傅中国鲜料水饺(扬州宝应店),https://www.dianping.com/shop/kaVXlWbPQGV65n6n,2条评价,人均-,
泸溪河桃酥(宝应新城吾悦店),https://www.dianping.com/shop/l94pOvRgA5ZEymme,84条评价,人均￥38,
味知觉美蛙鱼头,https://www.dianping.com/shop/H1UcxkDndBoctAAj,3条评价,人均-,
RELAX CAFE(宝应吾悦店),https://www.dianping.com/shop/G4CfFaTHGMMwl7gw,38条评价,人均￥45,
尚食卢记烧饼(大昌路店),https://www.dianping.com/shop/jy6yB9v7PUR4jWBI,7条评价,人均-,
Max Coffee(宝应时代国际店),https://www.dianping.com/shop/GaFJCoy4F6PZHWul,5条评价,人均￥22,
北柳酒肆(宝应店),https://www.dianping.com/shop/l3zv1ctXMuFTLYJ7,21条评价,人均￥1o9,
秋铭·日式料理·铁板烧(时代国际店),https://www.dianping.com/shop/k355LdDPLr1Ld8OZ,227条评价,人均￥1o3,
马三面店,https://www.dianping.com/shop/H4YcB2Ady8vHkAcE,8条评价,人均-,
晨怡大酒店(鱼市口店),https://www.dianping.com/shop/G7fSqXrnqpPMVQWb,79条评价,人均￥43,蟹粉蒸饺 面条 烧卖
爸爸炒料牛排老火锅(宝应吾悦店),https://www.dianping.com/shop/k681GIgvq7xjCdsS,13o条评价,人均￥99,椰子奶冻 爸爸煮牛排骨 手工虾滑
本清素我家酸菜鱼(宝应店),https://www.dianping.com/shop/G60xUpeppNqRKPJU,1oo2条评价,人均￥77,酸菜鱼 印度飞饼 香蕉飞饼
梧桐·印象餐厅(宝应一店),https://www.dianping.com/shop/G4kdhrn9H0ZJPOZC,129条评价,人均￥87,虎皮凤爪 红烧鱼杂配薄饼 柠檬酸菜黑鱼片
海底捞火锅(金源生活广场店),https://www.dianping.com/shop/l8EkMCJnJvV2o4Fi,92条评价,人均￥1o8,招牌虾滑 番茄锅底 牛肉粒
绿色吴家粥铺(宝应吾悦店),https://www.dianping.com/shop/l1skpxSf0TW3HVXK,129条评价,人均￥67,招牌皮蛋瘦肉粥 皮蛋粥 京酱肉丝
朱大跳面馆,https://www.dianping.com/shop/G6q2M8MRmTfX5sTf,16条评价,人均-,红烧牛肉面 三鲜鱼汤面 阳春面
高丽苑韩国烤肉(宝应吾悦广场店),https://www.dianping.com/shop/H6hP2Ji4MbmivIkY,1o7条评价,人均￥85,南瓜粥 烤宫廷秘制雪花牛排 烤极品牛五花
福气鸡公煲,https://www.dianping.com/shop/lapgEt0bIcthtYnv,1条评价,人均-,牛蛙煲
九田家黑牛烤肉料理(宝应吾悦店),https://www.dianping.com/shop/k3k7OP8pYpqzYw8R,499条评价,人均￥115,黑牛牡蛎 烤肉 风花雪月
金橡泰(吾悦广场店),https://www.dianping.com/shop/G6SC8t6KcwD2HW1o,78条评价,人均￥78,
口口椰(扬州宝应吾悦店),https://www.dianping.com/shop/l27o5sWJnFLHYjsU,33条评价,人均-,
晋家门(宝应吾悦广场店),https://www.dianping.com/shop/G513eJUQaCG8H7DH,93条评价,人均￥74,
牛本加寿喜烧自助(吾悦广场店),https://www.dianping.com/shop/H39yFlJsDQKdWDUj,115条评价,人均￥142,
古茗(宝应时代国际店),https://www.dianping.com/shop/G5N4KLhjJM3PasQC,5条评价,人均-,
鸭得堡 老鸭汤鸭血粉丝(宝应吾悦店),https://www.dianping.com/shop/k4gLnktb4oEPP6H3,3条评价,人均-,JP酸辣老鸭粉丝汤 鱼香肉丝盖浇饭 新品藤椒老鸭粉丝汤
鲲日料(金源生活广场店),https://www.dianping.com/shop/k2LTZGVMRybF1jGo,223条评价,人均￥198,蒜香牛肉 法式鹅肝 三文鱼刺身
胡同里,https://www.dianping.com/shop/lakzCbP99JR6WEW9,36条评价,人均￥46,蒜香排骨 羊肉汤 炭火牛蛙
雾造(宝应时代店),https://www.dianping.com/shop/H1FGrq5ezGzOaosc,13条评价,人均￥47,莓果香草噗噗冰 芒果香草噗噗冰 泰奶麻薯
桃谜日式料理,https://www.dianping.com/shop/j2MkRGjklce5qxSV,1o4条评价,人均￥7o,焗蟹煲 章鱼小丸子 李公主卷
晨春茶社特色面,https://www.dianping.com/shop/l5UCzysctBHIeSQ8,16条评价,人均￥19,三鲜汤 牛肉面 鸡蛋面
小菜园新徽菜(扬州宝应吾悦店),https://www.dianping.com/shop/H3IFuicHEZjQGKe0,2o8条评价,人均￥77,农家红烧肉 红烧鸡爪 京酱肉丝
茉莉餐厅,https://www.dianping.com/shop/k2VXN0eudktal9ye,16条评价,人均￥75,砂锅鱼头 双爪蟹 酸菜鱼
半天妖烤鱼(宝应吾悦广场店),https://www.dianping.com/shop/k4rr5c9HU6weQJ2C,399条评价,人均￥9o,半天妖烤鱼 青花椒烤鱼 五常大米
橙鱼落宴,https://www.dianping.com/shop/HajONJRds2We6qnS,27条评价,人均-,激情椒麻鱼 麻辣水煮鱼 酸汤鱼
李肆烤串,https://www.dianping.com/shop/k2gYOa4sPLk8pK2R,12条评价,人均-,芝士南瓜 重庆万州烤鱼 烤秋刀鱼
星期五自助餐厅,https://www.dianping.com/shop/H1lV7DGrixTqxf5Q,19条评价,人均-,猪脑花 梭子蟹 蛋炒饭
無同烤右,https://www.dianping.com/shop/j5vq8ygniyCMiu6y,71条评价,人均￥72,烤面包 南瓜粥 厚切五花肉
仟本悦烧烤自助餐厅(宝应吾悦广场店),https://www.dianping.com/shop/H11Bnn7hojWNxWAX,317条评价,人均￥72,烤肉自助 寿司自助 水果自助
尚食•香酥鸡烧饼(时代国际店),https://www.dianping.com/shop/FX2iyMnIRIfBGcPa,1条评价,人均-,香酥鸡 尚食·香酥鸡烧饼 可乐
