老田家的私房菜馆(时光店),https://www.dianping.com/shop/H62wMWcprz5VV4k3,2o4条评价,人均￥44,干背土豆丝 小炒肉 韭菜腌菜抄肉
小华侨农家院,https://www.dianping.com/shop/G1KK2Ym6lbfjoHU7,22条评价,人均￥61,沙嗲 越南春卷 鸡丝银耳羹
石房子海稍鱼,https://www.dianping.com/shop/k3YIJZIin9dsC4sP,65条评价,人均￥84,海稍鱼 沾水 炸豌豆粉
二对咖啡(宾川店),https://www.dianping.com/shop/k67364A4p3IDMFao,1o6条评价,人均￥26,炸洋芋 绿豆沙 炸火腿肠
宾川海稍鲜鱼店(第一家海稍鲜鱼店),https://www.dianping.com/shop/k3OjAOLcMgu0npQ8,8o条评价,人均￥59,海稍鱼 沾料 时鲜蔬菜
活化石咖啡馆,https://www.dianping.com/shop/ka8hE1BxTOxwlMFa,2条评价,人均-,澳白
小越南餐厅,https://www.dianping.com/shop/G4WCzbIv7od0pej8,1oo条评价,人均￥66,小卷粉 炸春卷 糖醋鱼
善德美食府,https://www.dianping.com/shop/H5pqUUBRguvqIwgi,57条评价,人均￥47,海稍鱼 干煸土豆饼 玫瑰鸡蛋饼
挥一刀重庆火锅(宾川店),https://www.dianping.com/shop/k5zqjzjx1L3mWQ8z,34条评价,人均-,特色小郡肝 乌鸡卷 黑白千层肚
赛姐侨味园,https://www.dianping.com/shop/lafmXNmm1tWb5IkP,8条评价,人均￥68,炸春卷 鸡丝银耳羹 小卷粉
柒柒别院东南亚餐厅,https://www.dianping.com/shop/l38SvA4GcZEcfsgq,42条评价,人均￥81,梅菜扣肉 青柠蒸鱼 熟春卷
正宗酸排骨烧烤店,https://www.dianping.com/shop/G3KkFkJzFzP1PIri,,人均￥4o,正宗酸排骨 韭菜 牛筋
国福酒店-餐厅,https://www.dianping.com/shop/k8hdfguAikXqP7JS,16条评价,人均￥29,海稍鱼 油炸排骨 牛干巴
高品会牛排海鲜自助(宾川高品会餐饮中心街店),https://www.dianping.com/shop/la8CJPd0PvQj3qfL,31条评价,人均-,酸馊柠檬汁
老字号竹林羊肉馆,https://www.dianping.com/shop/l27O09aoPsYLgSVd,2条评价,人均-,竹林羊肉 羊肉粉蒸 萝卜汤
衡会蒸饺店,https://www.dianping.com/shop/l2KnoTK43atn0P0B,18条评价,人均￥35,饺子 冰豆浆 凉菜拼盘
如家饭庄,https://www.dianping.com/shop/k3C8lKBK1DatDBLM,88条评价,人均-,海稍鱼 黄焖鸡 酸菜鱼
二对咖啡(侨乡文化城店),https://www.dianping.com/shop/k60xFCOHGlbGSV5w,1条评价,人均-,拿铁 焦糖玛奇朵 冰激凌奶茶
顺昌羊肉食馆(宾川太和路店),https://www.dianping.com/shop/G77Fg4lRQ0jDNPc5,23条评价,人均￥61,粉蒸 青椒炒羊肉 汤锅
台北帮厨(宾川店),https://www.dianping.com/shop/H7Pd35wSWUAyc4of,257条评价,人均-,牛排 香辣虾 扇贝
张晓琴辣螃蟹(宾川总店),https://www.dianping.com/shop/l4zRvFIbgaSc0vMI,6条评价,人均-,皮蛋瘦肉粥 辣螃蟹 蒸饺
天骄功勋冰煮羊火锅,https://www.dianping.com/shop/H5ZYet2CCvYq0UCr,47条评价,人均-,冰煮羊 滋补鸳鸯锅 山药
鸡足山灵山饭店,https://www.dianping.com/shop/G9NDgkHYShha2XzV,7条评价,人均￥38,白参炒鸡蛋 青椒炒腊味 时鲜小炒
安贵海稍鱼(宾川店),https://www.dianping.com/shop/k6gq8f6Hx3MYMdUJ,1o条评价,人均-,海稍鱼 三鲜馄饨 酸菜鱼片
食鲜记野生菌牛排火锅(金城印象店),https://www.dianping.com/shop/EC5ywQvVXASRB0MY,28条评价,人均-,刀叉黄牛肉 菌汤锅 美味牛肝菌
天骄功勋炭火烤肉,https://www.dianping.com/shop/H93EPG1OUuiaThvK,79条评价,人均￥55,夏威夷水果披萨 自制肉肠 小瓜
福宁楼白族庭院美食园,https://www.dianping.com/shop/l2H7GrmSIPZi7r2r,31条评价,人均￥49,宾川海稍鱼 白参蒸鸡蛋 农家腊肉
小院风景海稍鱼庄,https://www.dianping.com/shop/l5v9gS6KUiL2jfiZ,12条评价,人均-,海稍鱼 春卷 黄粉
缅泰苦笋鸡火锅(宾川店),https://www.dianping.com/shop/k4YTjfATkPquw9Wz,6条评价,人均￥71,酸排骨 金针菇 土豆
鸡足山甘露云素食馆,https://www.dianping.com/shop/l2i0tJXo04Eh7MSI,8条评价,人均-,东北手工馒头 青椒豆干 素水饺
小掌柜老火锅(宾川店),https://www.dianping.com/shop/k6rk4IkY52z6vmaU,9条评价,人均-,孜然麻辣牛肉 冰火毛肚拼盘 牵肠挂肚
小白十八度,https://www.dianping.com/shop/k3NCzdAW6wwlUZ3H,1o条评价,人均-,蒜蓉开背虾 拌洋芋 脆皮鸡翅
永诚饭店(鸡足山店),https://www.dianping.com/shop/H2Koh2odKiMgDlwa,4条评价,人均-,番茄炒蛋 麻婆豆腐 青椒炒肉
鸡足山望山老宅,https://www.dianping.com/shop/H8A6orFt3hrWJsIf,16条评价,人均-,排骨 凉拌树花 鸡肚
舞夜蓝烤肉酒馆,https://www.dianping.com/shop/G9LyOspLdKfYJ9dJ,1条评价,人均-,
老店海稍鱼家,https://www.dianping.com/shop/GaeAemb05Wt1H6VZ,2条评价,人均-,海鞘鱼
怒江挑手鱼观音箐龙泉饭店,https://www.dianping.com/shop/kahSCWsoOjgg4Ssx,3条评价,人均-,怒江挑手鱼 羊肉 汽锅排骨
华侨卷粉小卷筒,https://www.dianping.com/shop/l5QOD77CpB3oOxnW,,人均-,杂酱煮饵丝 杂酱煮米线 九阳豆浆
傣族一家人,https://www.dianping.com/shop/l3qkdIU0d5FwLArm,71条评价,人均￥4o,双人手抓饭 苦瓜炒鸡蛋 香辣虾
他·她咖啡西餐厅(宾川店),https://www.dianping.com/shop/H1oLVhgpqwRQPRbX,1924条评价,人均￥38,海鲜炒饭 香辣牛排 水果披萨
兰亭别院肥肠酸汤鸡(宾川店),https://www.dianping.com/shop/G2PLuoQSoWYcqDJT,2条评价,人均-,肥肠 藕片
鸡足缘—野生菌火锅,https://www.dianping.com/shop/l8uG0qud8NtzyV8v,13条评价,人均-,海稍鱼 土鸡野生菌火锅 野生菌
城边烧烤,https://www.dianping.com/shop/H9vIrfy8TaHox5JE,28条评价,人均￥35,香辣鸡脚 酸排骨 辣的爽罗非鱼
生蚝王海鲜烧烤大排档(宾川店),https://www.dianping.com/shop/k1wpVMhweiCb1nY8,3条评价,人均-,招牌牛X轰轰小肉串 黯然销魂炒花甲 蚝王招牌活螃蟹
董记万州烤鱼(宾川店),https://www.dianping.com/shop/l9NkQiPCluJHH0T4,2条评价,人均-,香辣烤鱼 菜香烤鱼 海鲈鱼
灵缘饭店,https://www.dianping.com/shop/izFpTLaL98cAol0j,1条评价,人均-,炸排骨 野菜汤 竹笋炒肉
泰国咖啡老店,https://www.dianping.com/shop/k3bvgIpyWDkPcUOm,34条评价,人均-,椰奶咖啡 鸡柳 鸡皮
CHAGEE霸王茶姬(宾川店),https://www.dianping.com/shop/H70kekICvzlTKyB4,1条评价,人均-,七里香 桃花茉 茉莉仙椰
老湘好,https://www.dianping.com/shop/HaLg2Ad1H9GFG6uk,,人均-,青椒焖鱼块 招牌吊锅老鸭 口味乌鸡爪
众善缘之家幸福小院,https://www.dianping.com/shop/H8HGzYctYerj7uqw,1条评价,人均-,私房菜二十一年的时间
柳州螺蛳粉,https://www.dianping.com/shop/l7kOzfkvJay5Eica,,人均-,卤蛋螺蛳粉 招牌干捞螺蛳粉 酸辣蛋炒面
水上人家民俗餐厅,https://www.dianping.com/shop/k9UBPY2WjkNYI5mW,34条评价,人均￥93,
地瓜老火锅(宾川店),https://www.dianping.com/shop/H8PAvj4kIY9kJ8bx,22条评价,人均-,泡椒牛肉 地瓜毛肚拼盘 鸭血
零下一度鱼庄(宾川店),https://www.dianping.com/shop/k7Jum3nfm6GYd3VF,4条评价,人均-,泡菜鱼 蛋炒饭 腌菜炒肉炒饭
灵山庭院餐厅,https://www.dianping.com/shop/G2Gn5KVgIne9epNT,48条评价,人均-,韭菜炒蕨菜 有机青菜汤 干煸洋芋丝
胖孃蛋糕(仁和路店),https://www.dianping.com/shop/l9r45ZkMWqGmbn7m,53条评价,人均￥22,生日蛋糕 元旦风蛋糕 芭比蛋糕
阿穆佳清真饭店,https://www.dianping.com/shop/k8CAZcQF7VoWMvs7,,人均-,
袁家轩羊肉馆(宾川店),https://www.dianping.com/shop/l2yxiqZyguXaYYVK,2条评价,人均-,豆尖汤 凉拌折耳根黄瓜 凉拌羊血
杨桂梅凉粉店(宾川店),https://www.dianping.com/shop/iVKhr8FgsqKkWtVi,14条评价,人均-,凉卷粉 凉米线 米凉虾
双吉口口香甲鱼火锅(宾川店),https://www.dianping.com/shop/H1ViCCVBMtCwlDU2,1条评价,人均-,银丝卷 窝窝头 南瓜饼
