江南美食店(保靖店),https://www.dianping.com/shop/k83iYreOvVTdTfsE,166条评价,人均￥28,酱香萝卜皮 香辣口味虾 红烧猪脚
五哥私家菜馆,https://www.dianping.com/shop/G87PZin8kErUQoI2,2条评价,人均-,
毛四家菜馆,https://www.dianping.com/shop/k8IRsQ3czlPqUNgr,6条评价,人均-,稻花鱼 回锅肉 西红柿拌汤
五囍火锅店,https://www.dianping.com/shop/G6mmTMJ4ZLKJPPY3,,人均-,
田趣园餐厅,https://www.dianping.com/shop/G4avv8UrInJUF4IM,5条评价,人均￥57,茄子炒豆角 炝拌有机生菜 擂辣椒皮蛋
姚一夹姚家传统杠子面,https://www.dianping.com/shop/FsIixow6Ki0hYmY0,2条评价,人均-,海带萝卜猪血汤 辣妹香菇鸡杠子面 美容卤蛋
来自星星的豆腐,https://www.dianping.com/shop/l83iR5JfDR6qu6WV,7条评价,人均-,牛肉 星星豆腐 鸡翅
巴蜀鱼庄(酉水南路店),https://www.dianping.com/shop/l30Mk9pUd7O2WVv2,4条评价,人均-,排骨 蒜蓉青口 海鲜粥
金色农家(迁陵东路),https://www.dianping.com/shop/l98yfQHb0BWuyIYW,4条评价,人均-,
柴味鱼(保靖店),https://www.dianping.com/shop/iSpxOOM3Cy4xf9DE,7条评价,人均-,宁乡花猪肉 擂椒排骨 香酥蕨耙
朝歌暮酒,https://www.dianping.com/shop/H3rOYiSS6pOFcXzT,1条评价,人均-,
保靖县小石子烧烤,https://www.dianping.com/shop/G46UYWD3MWj4KUie,1条评价,人均-,
麦当劳(保靖店),https://www.dianping.com/shop/iv037U01FuwrKims,33条评价,人均￥3o,麦乐鸡 火腿扒蛋可颂 辣鸡堡
偏岩土菜馆,https://www.dianping.com/shop/l5OCAxQriEM8T884,2条评价,人均-,
伯晶餐馆,https://www.dianping.com/shop/k7aPKiQ5MdSOAKp4,1条评价,人均-,爆炒牛肚 小炒肉丝 回锅肉
重庆佬大排档(NO.002),https://www.dianping.com/shop/k8ekaKdmzF07vUwO,1条评价,人均-,重庆烤活鱼 锅巴 花生米
古茗(保靖商贸中心店),https://www.dianping.com/shop/k9RFC6r5DAhpH6HK,44条评价,人均-,杨枝甘露 杨枝甘露椰奶 酒酿麻薯豆乳茶
田记印象,https://www.dianping.com/shop/k2PmN0ZEChzHJtmU,,人均-,猪肉拌面 米豆腐 麻辣牛肉拌面
张记卤肉凉拌菜,https://www.dianping.com/shop/H6hWCdEVuxgnBwb9,,人均-,五香童子鸡 五香卤猪皮 五香鸡爪
德克士(保靖店),https://www.dianping.com/shop/H5Epkn9PszXl3oaj,1o2条评价,人均-,香辣鸡翅 大口吃鸡排 咔滋脆皮手枪腿
二兵牛鸭馆,https://www.dianping.com/shop/FjTPQe37rKSBLxeR,1条评价,人均-,牛脚火锅 鸭子火锅 特色片片鱼
虾乐活(保靖店),https://www.dianping.com/shop/H8rgLoPGS965JGI4,,人均-,
老敏酸汤面,https://www.dianping.com/shop/l8IK1PqALQ23RPoc,1条评价,人均-,
开小灶吊锅饭,https://www.dianping.com/shop/l5IglIqEciuUOrU6,,人均-,特色吊锅口味鸡 酸菜粉皮 鱼羊一锅鲜
民本酸辣粉,https://www.dianping.com/shop/G4Duqf7BPqJybCTF,4条评价,人均-,酸辣粉 三鲜砂锅粉 番茄蛋炒饭
小当家串串火锅,https://www.dianping.com/shop/k9HBQU3WNn9BUOAg,8条评价,人均-,
重庆鸡公煲,https://www.dianping.com/shop/k1LTSWkjGUN1sy7J,1条评价,人均-,
兰州正宗牛肉拉面,https://www.dianping.com/shop/l2rnFSHWgyRGJI6f,1条评价,人均-,
特色铁板炒饭,https://www.dianping.com/shop/k9wDUOpnKAt9LhOE,1条评价,人均-,
风铃屋私房蛋糕店,https://www.dianping.com/shop/G5Nx87qhrSRxoMtt,2条评价,人均-,
丸子姐姐披萨店,https://www.dianping.com/shop/l2DzQBFcUYqurOoJ,5条评价,人均-,芝士玉米披萨 酸奶玉米披萨 巧克力酥心披萨
万利隆活力烘焙(保靖店),https://www.dianping.com/shop/k53b3RG2Bn3kaRcq,179条评价,人均￥17,迷你红豆包 红豆沙包 分享蛋糕
胖小串·湘西烧烤(保靖店),https://www.dianping.com/shop/G6nhavxTvh7uWAVG,,人均-,大鸡腿 胡葱蛋炒饭 碳烤秋刀鱼
杨矮子酱辣鱼,https://www.dianping.com/shop/l5ANWZ7rHSOmeGti,,人均-,郎酒 木瓜丝 醋黄瓜
大胡子鲜卤肥肠(商贸中心),https://www.dianping.com/shop/k3X6sRpNXzwsvASr,,人均-,肥肠粉 猪舌头
保靖老粉馆,https://www.dianping.com/shop/H4uYEByJ63bMzaLa,1条评价,人均-,木耳肉丝面 排骨面 牛肉粉
康堂客锅巴饭—中国拌饭(保靖店),https://www.dianping.com/shop/k7dPIR8K47co3F8h,1条评价,人均-,辣翻天锅巴饭 梅菜扣肉锅巴饭 香菇锅巴拌饭。
抖小二.三汁焖锅店,https://www.dianping.com/shop/k7WER1pmYMrJcDqj,,人均-,酸奶 牛蛙焖锅 韩式铁板饭
寻鲜记,https://www.dianping.com/shop/G1h6Y4RGKuxqBajG,1条评价,人均-,酱油炒饭 香煎拉丝饼 干锅臭桂鱼
天天粉馆,https://www.dianping.com/shop/l80hBPtYGAqnPqit,1条评价,人均-,木耳肉丝粉 红烧肉面 肥肠粉
馒哥粉管(1号店),https://www.dianping.com/shop/H9LsdRoZse3WPT4l,2条评价,人均-,凉面 凉拌米豆腐 凉皮
兄弟粉面馆,https://www.dianping.com/shop/k22Juo52tW8lhAMO,2条评价,人均-,木耳肉丝粉 麻辣牛肉 油粑粑
十七门重庆火锅(保靖店),https://www.dianping.com/shop/G1H5wiqQyzO9wTIO,,人均-,油麦菜 冬瓜 冻豆腐
小蛮螺螺蛳粉(沙水井店),https://www.dianping.com/shop/G9WHGCKGfx5QwVNu,1条评价,人均-,原味螺蛳粉 猪肉丝螺蛳粉 炸鸡蛋
相遇早餐店,https://www.dianping.com/shop/FJtnkfI8oESNo5Th,,人均-,木耳肉丝细粉 木耳肉丝湿面 红烧肉面
小当家串串火锅店,https://www.dianping.com/shop/l3AKSvDfupkDWl6y,1条评价,人均-,
序茶,https://www.dianping.com/shop/G4dhRfZ9dgqX4nWy,,人均-,番茄汤 清汤 香辣鸡米花
烤乐滋烤串店,https://www.dianping.com/shop/H7BDg5Ho3JXfdIem,,人均-,烤白菜 鸡柳 烤热狗
巴蜀潭鱼头,https://www.dianping.com/shop/GaWDySfnCQ2x5wrm,,人均-,
凤凰特色烧烤(魏竹路店),https://www.dianping.com/shop/G9nYSKeDua5fHGTi,2条评价,人均-,肉丝炒饭 豆腐 鸡屁股
马永贞功夫酱骨头自助火锅,https://www.dianping.com/shop/l3sYBLnSf46VtvF0,,人均-,
味粥鲜,https://www.dianping.com/shop/l4xRkbVz4qyFzwor,,人均-,甜酒汤圆 冰镇养胃小米粥送配菜 元宵水煮黑芝麻汤圆
桃花溪,https://www.dianping.com/shop/G7wyPbB9iqnhOpG0,,人均-,
好再来餐馆,https://www.dianping.com/shop/k8VDaQMetCZu5xao,,人均-,
四哥牛肉馆,https://www.dianping.com/shop/l8fI5i6bPNw4pl35,,人均-,
酉水小吃店,https://www.dianping.com/shop/H4jvQ8cMXSOpE20Q,,人均-,酸辣汤 红茶 可乐
老上海馄饨王,https://www.dianping.com/shop/l9wVW5ZdLfSY6PgN,,人均-,冰露矿泉水 虾仁香菇鲜肉大馄饨 鲜肉小馄饨
牛魔系烤串(现烤苕皮·烧烤·建新路店),https://www.dianping.com/shop/H7fdfHXZaB6XB2Uf,,人均-,小黄鱼 香辣小龙虾 黄金薯塔
乡辣香三脆馆,https://www.dianping.com/shop/l1bb0gf3TOXUujvW,,人均-,酸菜炒饭 蛋炒饭
水果零食,https://www.dianping.com/shop/k74X0609NfLejCge,,人均-,
