德克士(保德店),https://www.dianping.com/shop/k2cPRY2NSzZ4Rh6q,38条评价,人均￥17,柠香鸡腿堡 咔滋薯霸 脆皮炸鸡
食为先饭庄,https://www.dianping.com/shop/l6oKgTQz9ZU0pwEJ,2条评价,人均-,卤水猪手 干锅土豆片 宫保鸡丁
花榕稻(保德店),https://www.dianping.com/shop/G7ZyXEH7sIKeioRp,,人均-,黄金小馒头 茴香小油条 爆浆糍粑
朝天门火锅(保德店),https://www.dianping.com/shop/k44wI1etAcfp5Viw,9条评价,人均-,麻辣牛肉 虾滑 鸳鸯锅底
辣欢天火锅城(府前大街店),https://www.dianping.com/shop/H2NIDSjK34gNapXL,6条评价,人均-,香辣虾 香辣鸡翅 火锅
巴黎岛餐厅,https://www.dianping.com/shop/G2WNyD4nWOf15j3B,51条评价,人均-,六小福披萨 川椒牛排 儿童牛排
猫觅烤肉,https://www.dianping.com/shop/GaNhNDRAyP4bvYgj,4条评价,人均-,猫觅烤肉 炭烤猪梅肉 泡菜五花肉
鸭爪爪·吴大师特色干锅,https://www.dianping.com/shop/G2QjYyVlISqOsDS9,5条评价,人均-,鸭掌大虾锅 红糖糍粑 风味洋葱卷
爱上那家烤鱼(保德店),https://www.dianping.com/shop/k4241KSF51rh1oIK,13条评价,人均￥4o,小馒头 土豆泥板酸菜 特色下酒菜
又见三晋酒楼,https://www.dianping.com/shop/l3MksC5yg3AkVQE3,9条评价,人均-,鱼香肉丝 玻璃饺 地皮菜包
银河飞渡·飞刀削面专门店,https://www.dianping.com/shop/jf8gdTapMocCJ2Ty,8条评价,人均￥15,素炒面 香辣肉丝盖饭 酸菜牛肉面
F1塞北八旗国人烤肉(神华路店),https://www.dianping.com/shop/G90ktNLowcrtNyGe,2条评价,人均-,奥尔良鸡脆骨 牛肉串 锡纸娃娃菜
荷炉青花椒烤鱼,https://www.dianping.com/shop/G3Az5NVLu7nTQn0F,,人均-,
小桃梨,https://www.dianping.com/shop/kaWbGUoJfPqcBTFE,1条评价,人均-,炸鸡拼盘 爆浆芒果榴莲披萨 金枪鱼拌饭
遇上鲜海鲜自助火锅,https://www.dianping.com/shop/G1KfZrtwZCeoSxH4,,人均-,干锅花菜 醋熘白菜 北京烤鸭
地中海自助烤肉餐厅,https://www.dianping.com/shop/l5ALHHHtDXfjKVOZ,5o7条评价,人均￥55,牛排 水果 猪蹄
口口香虾吃虾涮(保德店),https://www.dianping.com/shop/G5GVsJkJseaHEHrA,83条评价,人均￥24,虾中锅 玉米汁 虾小锅
金顶鲜北京烤鸭·川湘菜馆,https://www.dianping.com/shop/F4Q6KOTezreNKIT0,6条评价,人均-,胡牛排虾 胡羊排虾 金汤老坛酸菜鱼
麦克思汉堡(保德店),https://www.dianping.com/shop/G8y0LolCjD5prWGm,117条评价,人均￥17,香嫩咖喱鸡块饭 麦克思鸡腿堡 照烧饭
来一锅羊蝎子(保德店),https://www.dianping.com/shop/l389TTtPbJxaH5sK,2条评价,人均￥5o,海三鲜水饺 特色猪肉大葱水饺 油麦菜
西北莜面村,https://www.dianping.com/shop/l9AUlbyumXqpDj2i,1条评价,人均-,干锅有机菜花 红烧茄子 西北毛血旺
假日烤吧,https://www.dianping.com/shop/k83jrlU3WOjmqrHc,,人均-,烤羊排 肚包肉 砂锅米线
小泥炉烤肉店,https://www.dianping.com/shop/k79ltD6l5KRMHnC1,1条评价,人均-,豆角炖茄子 醋熘白菜 干锅花菜
蒙骨香羊蝎子,https://www.dianping.com/shop/G1SxyhBHTRlBrKLG,,人均-,海带 腐竹 冻豆腐
百盛生鲜超市,https://www.dianping.com/shop/k6Bd1ry41W5jSSWN,1条评价,人均-,芒果 猕猴桃
焖锅世家,https://www.dianping.com/shop/jPAKDbsRIYNmMGBm,,人均-,干锅花菜 北京烤鸭 醋熘白菜
桃园酒楼,https://www.dianping.com/shop/G1NmWsyWwX0cpWKk,1条评价,人均-,素汤面 肉炒面 素炒面
华莱士·全鸡汉堡(府前街店),https://www.dianping.com/shop/l2s7Hy1F6eEGHeC6,4条评价,人均-,小番茄酱 劲脆鸡米花 小食套
巴蜀老大纸包鱼(保德旗舰店),https://www.dianping.com/shop/G8jDueiQYfCtRnYt,8条评价,人均-,纸包鱼 米奇酸奶 豆腐竹
锅天下麻辣香锅,https://www.dianping.com/shop/HaxFauA7ERtUgYxM,,人均-,面筋 素鸡肠 龙利鱼
喜阳阳擀面皮,https://www.dianping.com/shop/k4FkmkcPqPJCc7g2,4条评价,人均￥1o,麻酱擀面皮 肉夹馍 酸辣米线
云南过桥米线,https://www.dianping.com/shop/l55403RtQ6W5ViaY,1条评价,人均-,墨鱼丸 河曲海红蜜 醒目
老潼关肉夹馍(文笔塔店),https://www.dianping.com/shop/k8E2Np7hp6p9Bg6h,1条评价,人均-,韭菜饺 原味奶茶 热牛奶
三岔黑肉烩菜馆,https://www.dianping.com/shop/kaq2TsOeJIviClrs,,人均-,猪黑肉烩菜 火爆腰花 勇闯天涯
百姓源包子铺,https://www.dianping.com/shop/H4gwQJ2vrAlDxCMb,1条评价,人均-,
麦塔基炸鸡·汉堡(梅花路店),https://www.dianping.com/shop/G9JdEyiNc3ywYDjI,1条评价,人均-,薯条 至珍鲜虾堡 香鸡排
雅贤居地锅炖,https://www.dianping.com/shop/H8BLaM1MHVYH36Kq,,人均-,北京烤鸭 豆角炖茄子 宫保鸡丁
小魏焖面烩菜,https://www.dianping.com/shop/jKPBzIF5jBSiodt3,,人均-,小炒肉 干锅猪手 葱花鸡蛋
竹雨轩生态火锅,https://www.dianping.com/shop/lavIy5ZVCcf1O8MH,6条评价,人均-,番茄锅底 烤鸡翅 麻辣牛肉
梁子焖面馆,https://www.dianping.com/shop/G38mC3rXlNzvGzcg,,人均-,自制蒸肉 醋煎碗托 梅菜扣肉夹饼
骨斤印象大盆骨,https://www.dianping.com/shop/G9511SY2O5AsxTgz,4条评价,人均-,
杨记鑫芦小花泡泡鸡,https://www.dianping.com/shop/G8qKczuWxDsF18rV,,人均-,
巧夫人过桥米线麻辣拌,https://www.dianping.com/shop/H5wHoaXL76Xi8mGf,,人均-,
保德县孙记铁锅现炖羊肉馆,https://www.dianping.com/shop/l5syZMTugtMAVNAG,,人均-,
她喜爱I DO Bakery烘焙坊(同舟店),https://www.dianping.com/shop/k4r5D0T3bCmAV3cZ,2条评价,人均-,
亚斌牛肉丸子面,https://www.dianping.com/shop/H3KH3gqtVjNcWaqJ,,人均-,牛肉丸子面 麻花 涮牛肉
塞外鼓楼羊汤四十里铺羊肉面(保德店),https://www.dianping.com/shop/l4Ce9BeuZdEzlCjm,,人均-,
四十一铺羊肉面,https://www.dianping.com/shop/l1aiMbtybK6kES4e,,人均-,酸菜鱼 长山药炒木耳 过油肉
羊天下(保德店),https://www.dianping.com/shop/G2ZwyAigLzMPhB88,1条评价,人均-,羊蝎子 五彩拌汤 烤羊排
兰州拉面(同舟广场店),https://www.dianping.com/shop/GanE1sGkhkUPIyyF,,人均-,牛肉饺子 虾仁炒饭 果粒葡萄汁饮料
花小小新疆炒米粉(忻州保德店),https://www.dianping.com/shop/l6pTcD6dnXTZpyQe,,人均-,招牌鸡肉炒米粉 鸡肉炒年糕 酸菜鸡肉炒米粉
阳武鹏飞骨头纸包鱼,https://www.dianping.com/shop/l1e5g3vTq8DHJD9x,,人均-,木耳 油豆皮 茼蒿
冰雪情缘(保德店),https://www.dianping.com/shop/H4T4EFLQyIIZIwmQ,1条评价,人均-,醇香烤奶
Baby BaoBao擀面皮,https://www.dianping.com/shop/Ha57pQE6dS7ihRj4,1条评价,人均-,擀面皮 砂锅红薯粉 肝子面皮
哈尔滨海鲜烧烤旗舰店,https://www.dianping.com/shop/H4PuhiGfjKUU8C8k,,人均-,羊肉串 鸡爪 猪腰子
茶主张(河滨市场店),https://www.dianping.com/shop/H6B5SSkeME9FyIbT,6条评价,人均-,满杯玫果冻 芋圆烧仙草（大杯） 吨吨蜜桃（超大桶）
烩菜大骨头,https://www.dianping.com/shop/la6dkiMMBUyETcea,,人均-,麻辣豆腐 瓜角子 冰糖银耳雪梨汤
二擀子面,https://www.dianping.com/shop/E8KI46OZXBIGUpJ4,2条评价,人均-,宫保鸡丁 豆角炖茄子 干锅花菜
三晋芙蓉民间菜,https://www.dianping.com/shop/larboScUEXqgkByO,2条评价,人均-,
胡羊排香辣虾火锅店,https://www.dianping.com/shop/k8IbGSmI42jKzZvS,,人均-,
