庆红生鱼馆(总店),https://www.dianping.com/shop/Hap9EJrDANUlgY5T,235条评价,人均￥76,杀生鱼 鱼汤 鱼皮卷
福满楼(庆丰路店),https://www.dianping.com/shop/l7901TLmcVZTfL7h,12条评价,人均-,锅包肉 炖豆角 火爆大头菜
泰和居滨州老号,https://www.dianping.com/shop/l5vSelAZ7aRShiln,7条评价,人均-,蛋挞 烤肉汉堡 烤鸡翅
高鸣石板烤肉专门店,https://www.dianping.com/shop/H57em6bu1N7YVqbY,7条评价,人均￥59,炒饭 薄五花肉 芝士玉米
味美金牌锅烙,https://www.dianping.com/shop/l6Zh5ItZv2pTXVqC,18条评价,人均￥4o,味美素馅锅烙 猪肉青椒锅烙 牛肉锅烙
刘炭长牛烧大块烤肉(宾县店),https://www.dianping.com/shop/k9NspqjNBXaPLYcs,5条评价,人均-,鸡蛋糕 糯米肠 啤酒牛肉
小院时光土窑宴,https://www.dianping.com/shop/k5ant83EbPQr3tgJ,2条评价,人均-,烤大虾 烤地瓜 烤羊排
孙师兄成都市井火锅,https://www.dianping.com/shop/G6Mk68z4IpJtNboy,15条评价,人均-,鸳鸯锅 肥牛卷 豆皮
炭火烧烤肉(交通路店),https://www.dianping.com/shop/EHMQ7sy5sD0yZLf5,429条评价,人均￥62,酸菜五花肉 秘制猪颈肉 秘制牛排肉
老船长海鲜,https://www.dianping.com/shop/k9jG577xWFH06is6,9条评价,人均-,珍珠汤 螃蟹 小龙虾
德善记老道外麻辣面,https://www.dianping.com/shop/l3hakj02MERevA6j,4条评价,人均-,麻辣面 牛肉馄饨 清汤面
干锅鸭头(建设西路店),https://www.dianping.com/shop/G7CIdxgzpqn9JsT1,12条评价,人均￥73,干锅鸭头 大拌凉菜 粉面蒸饺角瓜鸡蛋
何庆红烧鸡,https://www.dianping.com/shop/H23W0U3MF2QvDS3j,69条评价,人均￥7o,高州烧鸡 何庆红烧鸡 烤鸭
九鼎记老北京涮肉(迎宾西路店),https://www.dianping.com/shop/l6vi10wL0wynCs3z,6条评价,人均-,至尊鱼豆腐 烙饼 蟹腿肉
尹二烧烤大全,https://www.dianping.com/shop/l6sY1sOwMnVbdLHM,2o条评价,人均￥73,猪肉串 面包片 羊肉串
李二粥铺,https://www.dianping.com/shop/k23FjjcVpH7d4vRb,2条评价,人均-,小米粥 小鸡炖蘑菇 猪血
直冒汗杀猪菜(宾州南路店),https://www.dianping.com/shop/G9IXFqT42V3z86H2,14条评价,人均￥45,杀猪菜 蒜泥血肠 大骨棒
于凌云酱汤面,https://www.dianping.com/shop/H4DvL7mUOWkTjhWo,7条评价,人均-,红焖牛肉面 麻辣面 鱼香炒面
海鲜烧烤火锅自助美食汇,https://www.dianping.com/shop/H6D4pTd61FoK0Mul,1条评价,人均-,
雪儿蛋糕,https://www.dianping.com/shop/G3Hi9VxrgSncWaeP,2条评价,人均-,蛋黄小小酥 拿破仑 芒果多多
岭成自选火锅,https://www.dianping.com/shop/G975yQU7DHmIamKE,1条评价,人均-,康师傅冰红茶 雪碧厅 康师傅水
金手勺(兴宾大道店),https://www.dianping.com/shop/ENYmWzKUNuCTUzYR,2o条评价,人均￥53,可乐鸡翅 尖椒干豆腐 黑皮肘子
武三生鱼馆,https://www.dianping.com/shop/H6f9vgltDmRDLLZs,36条评价,人均￥77,生鱼 一鱼四吃 铁板鱼腩
李记食府干锅鸭头(NO.12店),https://www.dianping.com/shop/k5DryOwzS7FeMukY,3条评价,人均-,干锅鸭头 锅包肉 香煎土豆丝
赵长青涮馆,https://www.dianping.com/shop/G16KnKqGQ7jcIdtu,6条评价,人均-,卤牛肚 无骨鸡爪 炸里脊
鸽子楼(宾县店),https://www.dianping.com/shop/H2HZyt8RgYbK0uDm,1条评价,人均￥97,特色鸽子 土豆丝 烧鸡蛋
您作煮火锅(公仆路店),https://www.dianping.com/shop/G4c9b3VPHHXadgMe,6条评价,人均￥62,海鲜拼盘 番茄小锅 虾滑
红军龙虾(宾县首店),https://www.dianping.com/shop/EnoeOOM9q3xSfM3H,,人均-,油焖龙虾 香辣皮皮虾 香辣大虾
梁盅盅火锅烧烤,https://www.dianping.com/shop/G21sKZIE8R4iCwcC,1条评价,人均-,特色鲜鸭血 麻辣牛肉 烤鸭
白石烧鸡,https://www.dianping.com/shop/l4Tcj6iLZWhfBHlJ,17条评价,人均-,白石烧鸡 白石鸡手 特色熏肘子
领鲜捞猪肚鸡(宾县店),https://www.dianping.com/shop/EJUMUFE10kzBgMQ5,1条评价,人均-,
仙仙家的下午茶时光(宾县店),https://www.dianping.com/shop/Hai5amKQ88Cbd0oR,16条评价,人均￥43,水果捞 原味韩式炸鸡 冰淇淋
炭百年烤肉(宾县店),https://www.dianping.com/shop/G598EXUSR3CM7Qcp,,人均-,
肯德基(宾州商厦店),https://www.dianping.com/shop/H98nK1rymLQsWKsl,23条评价,人均￥3o,老北京鸡肉卷 五味小食拼盘 香辣鸡翅
老独一处鲜蒸饺,https://www.dianping.com/shop/k11bobxUlskf3tGJ,3条评价,人均-,锅包肉 驴肉蒸饺 猪肉蒸饺
三胖石板烤肉,https://www.dianping.com/shop/H9ypBDMJXlsF0PBb,3条评价,人均-,石板炒饭 牛肉拌饭 芝士辣白菜炒饭
一口猪粗粮馆(东路店),https://www.dianping.com/shop/G8EFXTsRuDjQMrJ7,12条评价,人均-,杀猪菜 家常凉菜 煎豆包
好梦来蛋糕店(地税店),https://www.dianping.com/shop/G46VGPK3GG8gHV8G,13条评价,人均-,真爱 皇冠蛋糕 全家福
绿园火锅(建设东路店),https://www.dianping.com/shop/k2TyFPl17JPsAXns,1条评价,人均-,肥牛卷 金针菇 刀削面
福成宴席楼,https://www.dianping.com/shop/H3WXnKFJZNMOFLy2,3条评价,人均-,
蝶香源,https://www.dianping.com/shop/H2rwRlgLzlUBGePp,12条评价,人均-,炒木耳 豆角 清蒸鱼
新疆兄弟烧烤城(红旗路店),https://www.dianping.com/shop/G4nge4DzIqSCLVMn,1o条评价,人均-,虾尾 鸡蛋炒饭 鸡手
醇厚味道,https://www.dianping.com/shop/k9phOsvatZdFQk0n,8条评价,人均-,干煸豆角 锅包肉 油泼鱼
芝道披萨(通达家园店),https://www.dianping.com/shop/k9y0mPiQOBfyExiq,1条评价,人均-,榴莲至尊 开心薯 玛格丽特披萨
松木烧烤(宾县店),https://www.dianping.com/shop/k5G6oXHA5RtyyFAg,4条评价,人均-,烤面包片 烤鸭 红糖糍耙
羊汤烧饼店,https://www.dianping.com/shop/G8CHRiq2xD8o098K,1条评价,人均-,羊汤 蒸饺 冷面
尹大叔拌饭,https://www.dianping.com/shop/G74hJVze7C9YPJVg,12条评价,人均￥31,石锅拌饭 金枪鱼沙拉拌饭 金枪鱼饭团
聚胜源熏匠家常菜,https://www.dianping.com/shop/l7KfgdiJhyYnIpqT,4条评价,人均-,老式烧鸡 熏酱拼盘 手掰肝
玖零涮肚特色火锅(煤建胡同店),https://www.dianping.com/shop/k78Yh78thK1djka8,5条评价,人均-,手切羊排卷 手擀面 鸭血
张家大院铁锅炖,https://www.dianping.com/shop/l4QxYrQOpHBQ5X2N,7条评价,人均-,特色鱼锅 压锅鸡爪 清蒸鱼
漫拾光咖啡冷饮牛排披萨(宾西融兴店),https://www.dianping.com/shop/k3BF0F2EdL2Z0jiF,5条评价,人均￥29,
状元阁烧烤(煤建胡同店),https://www.dianping.com/shop/G8ZTDIolP5aNdAzf,9条评价,人均￥51,
夏日阳光自助烤吧(宾县分店),https://www.dianping.com/shop/l52SOhFvtXZR3i1r,8条评价,人均-,
大丰收铁锅炖鱼,https://www.dianping.com/shop/k2fFGk437wQhE6LX,6条评价,人均-,
缘生泰火锅(哈尔滨宾县店),https://www.dianping.com/shop/H1iAI0oCdvzsFRTe,134条评价,人均￥54,
韩小厨,https://www.dianping.com/shop/iLoOA0OVYGhkI3Ar,12条评价,人均-,
军全羊蝎子火锅,https://www.dianping.com/shop/G6bm5sYA1r0e8aRM,4条评价,人均-,
杨国福麻辣烫(三中店),https://www.dianping.com/shop/l8e9dWsKiJniRj5M,1条评价,人均￥25,
刘传江京味羊蝎子火锅(兴宾大道店),https://www.dianping.com/shop/lah2QPyrRWtRmwi3,1条评价,人均-,
老康火锅(宾县店),https://www.dianping.com/shop/G3dhGohJrbpFC0ST,,人均-,
