麦苗冷饮店,https://www.dianping.com/shop/k78V9j6XI8MPRvEO,86条评价,人均￥27,芒果炒冰 清补凉炒冰 芒果肠粉
阿清嫂农家乐,https://www.dianping.com/shop/k7hSp1Uxmap6BAgr,6o3条评价,人均￥167,黎窑原味烤鸡 五指山野菜 苗家三色饭
朋来阁醉鹅,https://www.dianping.com/shop/G5CG69VKohBRO3Gj,4o1条评价,人均￥62,特色醉鹅 小白菇 木耳菜
仙岭酒家,https://www.dianping.com/shop/l2DCNLfSyHlIDwT6,1o3条评价,人均￥63,锅包肉 地三鲜 东北大拉皮
大婶清补凉,https://www.dianping.com/shop/H7xsGidGul2bURpz,1o4条评价,人均￥22,椰奶冰沙清补凉 传统椰奶清补凉 薏粑
脏鸭子农家乐,https://www.dianping.com/shop/H8pH2l4Ufui3JnTZ,397条评价,人均￥116,黎家原味烤鸡 黎家野菜豆腐 野菜煲
少即是多LESS IS MORE,https://www.dianping.com/shop/k9aXpyn01jluxDj0,7条评价,人均-,西班牙拿铁 生椰拿铁 凤梨百香果冷萃
正隆园,https://www.dianping.com/shop/Hapgpo8xwAHBif8M,38条评价,人均￥89,南瓜花 白切鹅 清炒革命菜
七仙岭雨林仙境酒店-雨林餐厅,https://www.dianping.com/shop/k5sVMbyEvnAbEQsd,446条评价,人均￥1o2,干煸带皮小黄牛 栳叶炒鸡 清蒸温泉鱼
桃源小馆农家乐,https://www.dianping.com/shop/H7Jwpq3etsUC5Azq,841条评价,人均￥126,雷公根什菌汤 石锅黄牛肉 石锅小黄牛
二桥烧烤摊,https://www.dianping.com/shop/G8SxcgxdqLMv5bSk,8条评价,人均￥31,烤鸡中翅 空心菜 粉卷
潮汕饭店,https://www.dianping.com/shop/G4pLRlBa9wvnTxUj,262条评价,人均￥76,炸响铃 清蒸石头鱼 南瓜花
南大门田园土鸡馆(呀诺达店),https://www.dianping.com/shop/k5XwmDjofWaEYI4G,454条评价,人均￥93,清蒸水库野生鱼 招牌田园干锅土鸡 捞叶炒鸡
川妹火锅(保亭店),https://www.dianping.com/shop/H7U4OWtcvcw7u3oD,7条评价,人均-,毛肚
德克士(保亭万家惠店),https://www.dianping.com/shop/G1guI8SAPi8RHDzg,46条评价,人均￥28,咔滋脆皮手枪腿单人餐套餐 双层香酥炸鸡堡 照烧嫩煎鸡腿饭单人餐
老北京炭火锅(保亭店),https://www.dianping.com/shop/F7Da9JpsEIYOL1Ip,162条评价,人均￥11o,招牌羊肉 牛肉 自助小料
七仙黎家乐·农家乐,https://www.dianping.com/shop/k8tpjzQOQ7yqiMsd,225条评价,人均￥74,石头鱼煲 捞叶炒鸡 清炒四角豆
神玉岛度假酒店·神玉堂餐厅,https://www.dianping.com/shop/G7IncG1ardAcHKt6,52条评价,人均￥1o7,老椰生蚝炖鸡 神玉炝锅面 素拍黄瓜
七仙岭希尔顿逸林酒店,https://www.dianping.com/shop/l9KSyB6f4GRjP9Es,65条评价,人均￥124,木瓜椰子鸡锅 椰子冻 精美下午茶
湘味伙夫,https://www.dianping.com/shop/l1m2D2iZBPYB89nw,3条评价,人均-,湖籍龙骨汤 伙夫好食鸡 香辣小龙虾
尚福乐猪肚鸡(保亭店),https://www.dianping.com/shop/k2pQage0yAeHBDbW,178条评价,人均￥96,胡椒猪肚鸡锅 娃娃菜 胡椒猪肚鸡
壹屋茶湘(保兴东路店),https://www.dianping.com/shop/k7Tbx747bxFcZKCp,6o条评价,人均￥112,五指山野菜 手工笋 窝窝头
左岸1号,https://www.dianping.com/shop/G5ADRdtkkN2wdlLf,111条评价,人均￥11o,至尊烧鹅皇 韭菜花炒河虾仔 刺身拼盘
广通大排档,https://www.dianping.com/shop/k89Ynnfo6AFcjC5d,7条评价,人均-,尖椒牛肉 黄骨鱼煲 酸菜猪肠
因为咖啡,https://www.dianping.com/shop/G25KDavyn4egkgaY,1o条评价,人均￥1o,华夫饼 拿铁咖啡 冰摩卡
热带雨林餐厅,https://www.dianping.com/shop/H1wHpNFagEMI4Z5M,32条评价,人均￥83,自助餐 蔬菜沙拉 酸粉
龙缘小食店,https://www.dianping.com/shop/k4Dl149ehPLC6mTv,7条评价,人均￥34,海昌鱼煲 捞叶炒蛋 米饭
黄氏姜撞奶,https://www.dianping.com/shop/k5upac4NK3QlgKxh,69条评价,人均￥22,黄氏姜撞奶 红豆双皮奶 芒果冰沙
金汤勺,https://www.dianping.com/shop/k7PPhhYsFMwuOimU,41条评价,人均-,海南椰子鸡 响铃卷 小白菜
青云缘庄,https://www.dianping.com/shop/l3X64XTouWgD9pNO,33条评价,人均￥172,猪肚汤 鸭子 小肚汤
山寮房黎族秘制烧烤音乐餐吧,https://www.dianping.com/shop/G8ydtWCKlh9RqVse,8条评价,人均-,炭烤五花肉 炒粉 炒田螺
神玉岛度假酒店-璞玉餐厅,https://www.dianping.com/shop/EWR8ZOYW3Fa6Q456,6条评价,人均-,自制猪肉丸子 精选炒饭 自制面包配橄榄油醋汁
七仙岭龙湾珺唐酒店-唐苑中餐厅,https://www.dianping.com/shop/l8xOqBxGdyCSQIGQ,65条评价,人均￥111,白切文昌鸡 雷公根炖松茸汤 雷公根炖珍菌汤
HELLO原创饮品店,https://www.dianping.com/shop/ETMT6gOefOASyZsH,8条评价,人均-,椰椰拿铁 冰博克拿铁 爆款生椰拿铁
广场烧烤园,https://www.dianping.com/shop/l8nL8a9KtbFHX82o,5条评价,人均-,生蚝 豆芽汤 鱼豆腐
老哥油饼民间菜(丽都西),https://www.dianping.com/shop/k2smuVEW8bGcid3N,1条评价,人均-,什锦油饼 干炸丸子 肘子
亮堂海南家宴,https://www.dianping.com/shop/G1oFsNfzzZ06e4mM,38条评价,人均￥163,虾饺皇 酱汁蒸排骨 香炸河虾
东北人家常菜,https://www.dianping.com/shop/H1KMGbSA3sdrj3k3,6o条评价,人均￥64,老式锅包肉 支书大拌菜 小鸡炖蘑菇
湘富园牛庄,https://www.dianping.com/shop/k9v1PXmyovzfr0AC,9条评价,人均-,手切牛肉 爆肚 牛柳
布隆赛·谷语餐厅,https://www.dianping.com/shop/Gapy4RlOc1myuKJo,41条评价,人均￥98,白切鸡（半只） 鲜蔬沙拉 凤梨虾球
小二美蛙鱼头火锅(保亭店),https://www.dianping.com/shop/H16qTekg8mW6bWq7,9条评价,人均-,鱼头 牛蛙 干锅田鸡香辣虾
黎家菜馆,https://www.dianping.com/shop/l7MES17TinS09f2S,6o条评价,人均￥1o5,阿公下酒小牛肉 虫草花炖鸡汤 三色饭
客家王餐厅(呀诺达南店),https://www.dianping.com/shop/l47WOfAZmqybRSeL,15条评价,人均￥57,蛤蜊蒸蛋 辣椒炒肉 红烧茄子
雨林1号度假酒店-香巴拉养生餐厅,https://www.dianping.com/shop/Ga6ymdbEhxTvEyen,11条评价,人均-,菠萝咕咾肉 煎酿豆腐 椰子鸡汤
三味小吃屋,https://www.dianping.com/shop/H21itoJXVfoSPSmo,19条评价,人均￥9,抱罗粉汤 海南粉 河粉汤
槟榔谷波隆人家餐厅,https://www.dianping.com/shop/iCsV7JoW9PQZ3rUu,88条评价,人均￥1o6,清炒山野菜 黎家椰子饭 簸箕饭
芳姐烤羊腿羊排(保亭店),https://www.dianping.com/shop/iCYAdVCdepWeB2n6,23条评价,人均-,烤生蚝 羊腿 蛋炒饭
正宗潮汕兄弟牛肉火锅店,https://www.dianping.com/shop/G2pA4jgcCehZeJa9,2条评价,人均-,番茄鱼 麻辣鸭肠 牛鞭壮阳滋补汤
18度生态湘菜馆,https://www.dianping.com/shop/k3l776LQupfiGup3,74条评价,人均￥61,椰子鸡 手工水饺 四川酸菜鱼
福瑞饭店,https://www.dianping.com/shop/G8unfZJhxSx317xn,2条评价,人均-,蒜蓉空心菜 酥炸沙丁鱼 海南日本豆腐
保亭第一家烤羊腿(民族风情街店),https://www.dianping.com/shop/H3UDmJdvJlK1rBE8,1o条评价,人均￥112,烤羊腿 烤羊排 酸菜饺子
传统客家豆腐(红毛丹西街店),https://www.dianping.com/shop/F3V5qc27MGsaRbPy,1条评价,人均-,白斩鸡 咸水鸭
七仙农乐乐,https://www.dianping.com/shop/k3p8dOR3bWloDeMq,152条评价,人均￥94,红焖五脚猪 野菜煲 姜葱鸡
七仙岭龙湾珺唐酒店大堂吧,https://www.dianping.com/shop/l9Tv6VYFCoh3E0V6,12条评价,人均￥7o,香酥捞叶 百香果柠檬汁 老盐柠檬汁
张亮麻辣烫(保亭店),https://www.dianping.com/shop/H1mToinkQfykBjxj,9条评价,人均-,面牛肉丸鱼肉丸 麻辣烫 油碟
肯德基(保亭店),https://www.dianping.com/shop/ka1SDTnJrquevqKu,4条评价,人均-,汁汁厚作牛肉汉堡 燕麦雪糕 鸡爪香骨多多桶
琼味羊肉庄,https://www.dianping.com/shop/G3t8h8fZ3kjoCcif,7条评价,人均-,羊肉汤 自家腌制萝卜片（超级脆爽下酒神菜） 羊蹄煲
七仙岭君澜度假酒店-7/5餐厅,https://www.dianping.com/shop/H23ksrsPGZVFZmiU,125条评价,人均￥138,时令果盘 野溪养生火锅 青菜素面
呀诺达雨林食府,https://www.dianping.com/shop/H7yu3xQXZ6Sy1kOZ,75条评价,人均￥96,热带雨林 清蒸鱼 小黄牛肉
德克士(呀诺达店),https://www.dianping.com/shop/H1QAxNFXdr2TxzHT,77条评价,人均￥42,咔滋脆皮手枪腿 脆皮炸鸡 椰香咖喱鸡腿饭
