花姐私房菜,https://www.dianping.com/shop/H3M2RQJcp4uUCx4V,1735条评价,人均￥16o,八宝饭 养生鸡汤 自酿果酒
妈妈的味道,https://www.dianping.com/shop/k24wlerEMMnip8iN,4676条评价,人均￥8o,铜瓢牛肉 柠檬鱼 大救驾
边疆缘正宗腾冲风味菜馆,https://www.dianping.com/shop/G4qsHCV1RhhB84Qe,411条评价,人均￥51,火烧猪 大救驾 火山香猪
牛牛家铜瓢牛肉(和顺古镇店),https://www.dianping.com/shop/iEzb1qNxCOowcmuK,1784条评价,人均￥86,铜瓢牛肉 带皮牛肉 酸梅汤
食野菌火塘(墨脱石锅菌菇火锅),https://www.dianping.com/shop/it1JxqdIxB3R85sS,362条评价,人均￥15o,贡山土鸡锅 鸡枞菌 竹荪菌
腾越荟•花园私厨,https://www.dianping.com/shop/H6Dou3e6fxcWfFAT,455条评价,人均￥241,缅甸芝麻蒜香鱼 和顺八宝饭 桃胶炖雪燕
数数·書局·咖啡厅,https://www.dianping.com/shop/G3jq33udUU2BRQv6,1o条评价,人均-,黑椒意面 澳白 卡布奇诺
寻味汤王野山菌(腾越古镇店),https://www.dianping.com/shop/l5JJYcnIL5yWuVlx,543条评价,人均￥152,招牌多菌炒饭 菌菇火锅 野生鸡纵菌
西董花园餐厅,https://www.dianping.com/shop/iFrlKVSkybg3Nlwf,527条评价,人均￥1o6,明光烤小耳朵猪 热海大滚锅 大救驾
朝伟清真铜瓢牛肉馆,https://www.dianping.com/shop/FI3qGI3p77kfaO5s,2365条评价,人均￥69,铜瓢牛肉 牛肉牛杂锅(斤) 制作沾水的调料
大地茶海餐厅,https://www.dianping.com/shop/G2xPAi4UkSivImtS,2o8条评价,人均￥111,马帮烤肉 驼峰牛肉 葱香土豆
鸟鸣涧森林野生菌餐厅,https://www.dianping.com/shop/G2OUx1PWc02LGnn6,7o1条评价,人均￥11o,百香果炖鸡 林间烤肉 小炒杏鲍菇
近水阁,https://www.dianping.com/shop/G4MJY1RDwLvhNM6M,6o7条评价,人均￥92,肉丸汤 小黑牛肉 烤小耳朵猪
明记烧肉米线烧肉卷粉(中心小学店),https://www.dianping.com/shop/G8A6tBWAYLuiS5wM,135条评价,人均￥1o,烧肉卷粉 烧肉米线 烧肉豌豆粉
蒲密荷畔Cafe,https://www.dianping.com/shop/k9JiC2y6oekUegwJ,133条评价,人均￥46,手冲 冰咖啡 和顺咸蛋拿铁
寸大妈豆粉餐馆,https://www.dianping.com/shop/l7VnRRLpt1opHPtT,748条评价,人均￥22,稀豆粉 油条 油炸黄金酥
老字号龙江傣味撒撇(跃才城店),https://www.dianping.com/shop/FSrwNDTk1ig0WmGj,24o条评价,人均￥47,泡鲁达 柠檬撒 舂鸡脚
品腾冲特色菜,https://www.dianping.com/shop/G4EQFiSdP7ixl6lv,1996条评价,人均￥72,清蒸蒜香鱼 ［界头］瓦片牛肉 大救驾
三棵棕包树农家小院,https://www.dianping.com/shop/l2vgvgocGAT58Fsg,524条评价,人均￥63,招牌火炖鱼 大救驾 葱花洋芋
山野咖啡 Wild Coffee Studio,https://www.dianping.com/shop/G8YGRqbrYMoOoSRN,86条评价,人均￥59,SOE澳白 埃塞俄比亚·耶加雪菲 SOE拿铁
寸大官私房菜,https://www.dianping.com/shop/l6ueqtK7udlwQxdb,532条评价,人均￥138,汽锅松茸蒸蛋 八宝饭 三宝鸡汤
无有观景餐厅,https://www.dianping.com/shop/H2kVSVUHmNJaBjT8,1o91条评价,人均￥85,巧克力熔岩蛋糕 土猪肉炒鲜竹笋 无有秘制腰果虾仁
腾北饭店,https://www.dianping.com/shop/H38I5OiA0o8mRaMm,462条评价,人均￥62,燕窝煮鸡 脆皮茄子 凉拌荞米线
YLK云里咖精品咖啡馆(三号店),https://www.dianping.com/shop/jmwpb1ehJ4qHcz4z,677条评价,人均￥58,手冲铁毕卡.顶级圆豆 手冲咖啡 柠檬冰咖
小象咖啡(和顺店),https://www.dianping.com/shop/k8VpQi3HNEymTgSt,141条评价,人均￥24,泡鲁达 拿铁咖啡 手冲咖啡
滇之味菌王府(福建路店),https://www.dianping.com/shop/j19VgUp8bGUjsOE8,5oo条评价,人均￥118,野生菌土鸡锅锅 鸡纵 白葱
侨香斋,https://www.dianping.com/shop/H5UZS1D9bGWWwU0A,449条评价,人均￥85,稀豆粉 侨香烤鱼 烤罗非鱼
永昌火瓢,https://www.dianping.com/shop/H7nTq6H3rcbIqRDx,79条评价,人均￥82,牛肉火锅 火瓢牛肉 毛肚
牛和家·深山小黄牛＆鲜切牛肉火锅）,https://www.dianping.com/shop/k51K4VBhYS1t2NIx,5o6条评价,人均￥1o7,冷吃牛肉 至尊牛筋丸 青茶萌萌
九街淑芬掌中宝串串公司(保山店),https://www.dianping.com/shop/G48r2mdAV53L8ejY,14条评价,人均￥85,喜剧之王鲜毛肚 大颗玫珑蜜瓜冰汤圆 麻辣味掌中宝
板桥老九饭馆,https://www.dianping.com/shop/H5eC1gbeq2TrDJn3,38条评价,人均￥49,火烧肉 洋芋丝 腌蒜头
新寨咖啡庄园,https://www.dianping.com/shop/l1erKVJwPlmily7I,8o条评价,人均￥51,新寨咖啡 咖啡文化长廊 咖啡基地
段家圆子(三馆店),https://www.dianping.com/shop/H1vHXvflGUPQpOex,24o条评价,人均￥17,甩粑粑 段家圆子饵丝 牛肉圆子
外婆味道•云南菜大当家(五洲国际店),https://www.dianping.com/shop/H8cyoOKp3LZCMnSJ,372条评价,人均￥6o,外婆雪花鱼 铁锅牛肉 外婆小炒肉
缅甸甩粑粑,https://www.dianping.com/shop/G7olkT1HlwrYb9Bx,36条评价,人均￥14,椰子味甩粑粑 菠萝甩粑粑 香蕉味甩粑粑
松柏 Coffe&Tea,https://www.dianping.com/shop/k5x8Wn4LylGDSQKz,6条评价,人均-,
和顺婆媳私房菜,https://www.dianping.com/shop/G9L3RkRoZeHncYtf,233条评价,人均￥48,
中咖黑钻臻选店,https://www.dianping.com/shop/l2YKlZcVhn5BF5e6,1o2条评价,人均￥42,
蔺大妈松花糕,https://www.dianping.com/shop/G43WTmsszI4elAfg,442条评价,人均￥4,
木翠稀豆粉,https://www.dianping.com/shop/G6gfoLE5SX61ASlc,42条评价,人均￥8,
王记菌汤牛肉·王记十味菌汤,https://www.dianping.com/shop/H5wGOUbP6fO0p1FY,571条评价,人均￥76,
侨城驿站铜瓢牛肉,https://www.dianping.com/shop/H7R7nDS0XNWr7GnP,1235条评价,人均￥69,
溪隐山谷森林餐厅,https://www.dianping.com/shop/H95vH6fdi2OGeZjV,45条评价,人均￥123,
正宗腾品铜瓢牛肉•腾冲总店,https://www.dianping.com/shop/k85raX4XiYbpzciB,6o1条评价,人均￥81,
泊度咖啡厅•下午茶•私厨,https://www.dianping.com/shop/H4KpFSixbnnjkOyv,18条评价,人均￥1o7,
腾益清真铜瓢牛肉馆,https://www.dianping.com/shop/G27Uy890thSTFBLG,167条评价,人均￥7o,铜瓢牛肉 牛肚 土豆饼
比顿咖啡(和顺古镇店),https://www.dianping.com/shop/H21RvRSmDmabywoT,519条评价,人均￥39,拿铁 招牌手冲咖啡 招牌手工酸奶
和顺寸家味道,https://www.dianping.com/shop/G7tBqtdecaaBmWcv,218条评价,人均￥66,寸家鱼 炒时蔬 大救驾
YLK云南小粒咖啡·云里咖(二号店),https://www.dianping.com/shop/k86E3qeaASILSY2y,489条评价,人均￥48,铁毕卡顶级圆豆 手冲咖啡 咖啡雪糕
龙姐私房菜,https://www.dianping.com/shop/jqgFLAzqaPgqeOA5,1156条评价,人均￥9o,土猪糖醋排骨 稻花鱼 纯手工油鸡枞
凯哥的餐吧·新派云南菜·菌菇暖锅,https://www.dianping.com/shop/k5bI8NatEcIqZDxh,258条评价,人均￥148,凯哥招牌火山石喷枪炙烤雪花牛肉 菌菇土鸡锅 凯哥爱吃的卤味拼盘
比顿咖啡产业文化园,https://www.dianping.com/shop/laioAf0kML50xMSQ,44条评价,人均￥161,海盐咖啡 咖啡壳茶 红蜜处理
灶王生室内餐厅,https://www.dianping.com/shop/k6QF3uqBdLU3K4y8,18条评价,人均-,灶王生烤鸡 百香果柠檬虾 洋芋粑粑
老奶烧肉米线,https://www.dianping.com/shop/G2HPxIbUQeY8fKTO,56条评价,人均￥18,烧肉米线 百香果汁 鸡爪
目木涧·创意茶馆,https://www.dianping.com/shop/l5L5M39kmyK2pY8m,9条评价,人均-,暖翠竹筒十里香 浮岚椰青茉莉 檬顶薄荷甘露
小刘家铜瓢牛肉(和顺古镇店),https://www.dianping.com/shop/H5Kd4ggvD05nPCXB,156条评价,人均￥52,牛肉 铜瓢牛肉 特色酱牛肉
比顿咖啡文化馆(升阳路店),https://www.dianping.com/shop/H7nTJkDpE7P68JkI,182条评价,人均￥4o,焦糖玛奇朵 冰咖啡 卡蒂姆咖啡
花语点点烧烤,https://www.dianping.com/shop/H25almAJP6KP1NqB,9条评价,人均-,
余鮨匠日式料理(仓巷店),https://www.dianping.com/shop/H3dyZuP8nNZ2Mlcu,16条评价,人均-,章鱼小丸子 三文鱼刺身 鹅肝手握
朝花溪食民族菜,https://www.dianping.com/shop/G82HE9RJKuYRjyEU,67条评价,人均￥89,橄榄撒撇 泡鲁达 香草排骨
