花椒籽火锅(滨州万达店),https://www.dianping.com/shop/k6OOPZlZ4jdH6XJG,1127条评价,人均￥72,花椒籽肥牛 虾滑 毛肚
贤合庄卤味火锅(吾悦广场店),https://www.dianping.com/shop/k8ORF01xmj5icI4G,8条评价,人均-,摇摇鲜酥肉 糯鸡爪 屠场鲜毛肚
汉江赋烤肉工厂(吾悦广场店),https://www.dianping.com/shop/H6K7bdEzwcrbUCHN,62条评价,人均-,传统吾桑格 美颜云朵拌饭 霸气猪五花
富贵春饼·烤鸭(吾悦广场店),https://www.dianping.com/shop/l5ivLDAvd9xG0YFK,158条评价,人均-,黄金菠萝肉 富贵烤鸭 XO酱爆六合菜
白石の深夜食堂(万达广场店),https://www.dianping.com/shop/k7VcPQb15FS7PKdC,92条评价,人均-,寿喜锅 芝士芒果虾 鳗鱼饭
安三胖韩国烤肉(滨州万达店),https://www.dianping.com/shop/l6k7kQVBrooRvRa0,6o9条评价,人均￥8o,首尔提拉米苏雪花冰 秘制牛五花 辣炒海灵菇饭
先启半步颠小酒馆,https://www.dianping.com/shop/jLaW5CwyeVemgevt,64条评价,人均￥54,泰椒土豆丝 黯然销魂饭 小炒汤团
燃尖儿串物局自助火锅(吾悦广场店),https://www.dianping.com/shop/H4Cn73o8RYv85XEQ,8条评价,人均-,牛肉卷香菜 经典鸳鸯骨汤锅 销魂奔驰锅
安三胖韩国烤肉(滨州吾悦店),https://www.dianping.com/shop/Haq2fttFytexNlkL,2o3条评价,人均￥8o,济州岛青柠绿茶 首尔生米米酒 部队锅拉面
溢香源特色菜,https://www.dianping.com/shop/k2BSr1nTUkZHAUPo,1o条评价,人均￥49,排骨压土豆yyds 锅包肉 凉拌苦菊
太子浓心港式招牌炸酱小锅米线(万达广场店),https://www.dianping.com/shop/H8LKCiWzzRezeg34,51条评价,人均-,招牌炸酱小锅米线 溏心蛋 太子柠茶
東丸烧肉酒場·活鳗现烤(金廷公馆店),https://www.dianping.com/shop/iPSuQQwdm2LjZo4e,148条评价,人均￥129,白烧活鳗 和牛五花 面包冰淇淋
三盛肥蛤(滨州店),https://www.dianping.com/shop/laj0KJymTSU5uDjI,5条评价,人均-,麻辣肥蛤(甜麻辣) 炸馒头片 香辣蟹
富贵春饼·烤鸭(邹平店),https://www.dianping.com/shop/l1adOGsyTzFPxFT7,225条评价,人均￥47,菠萝肉 招牌京酱肉丝 摇滚拉皮
新周记•粤宴,https://www.dianping.com/shop/k354JjwQvhk0d4md,53条评价,人均-,杨枝甘露配天鹅酥 鱼跃龙门贵妃鱼 黑椒澳龙配意大利米面
鹏成海鲜(新立河西路店),https://www.dianping.com/shop/H48D6d7I9G8DHCiY,5o条评价,人均￥1o9,佛跳墙 鲅鱼水饺 海鲜全家福
漁乐圈烧烤椰子鸡打边炉,https://www.dianping.com/shop/k8178PcOL79FdweI,44条评价,人均-,花椒鸡养生锅 炒牛河 牛腩锅
朴家火锅铺子(博兴店),https://www.dianping.com/shop/G9Eu39Vn1aCfqXgV,167条评价,人均-,土豆泥 雪花牛肉 鲜牛肉
鲜牛捞潮汕鲜牛肉火锅,https://www.dianping.com/shop/G7Dq7dfpUo1sTdup,499条评价,人均￥62,牛肉丸 精品牛腩锅 吊龙
虾屿虾巡,https://www.dianping.com/shop/H5gns43g7Qdo087K,4条评价,人均-,蟹味菇 东来顺高钙羊肉 虾仁蛋炒饭
麋鹿森林,https://www.dianping.com/shop/l15tTjZYkuHbZS4f,3条评价,人均-,和牛侧边肉 牛肝菌奶油蘑菇意面 树莓鸭肝蛋糕
月满大江成都火锅(滨州旗舰店),https://www.dianping.com/shop/l1xBe5wAqm5Yvciv,261条评价,人均￥12o,九大碗 川卤虎皮凤爪 招牌脆毛肚
滨州大饭店-–地中海自助餐厅,https://www.dianping.com/shop/k3lBHFnV1jC2KMr3,3o94条评价,人均￥88,烤牛肉 烤鸭 小羊排
洪九爺炭烤大骨(全福元店),https://www.dianping.com/shop/laK7tcJAH23YYf6o,1o68条评价,人均￥66,芝士地瓜 碳烤棒骨 锡纸金针菇
诺丁牛排(吾悦广场店),https://www.dianping.com/shop/H5kP0wQWfdkYDZhS,8条评价,人均-,红胡椒厚切肋眼牛排 诺丁招牌牛排 红胡椒劲骨战斧牛排
裕禧·日式拉面(滨州学院店),https://www.dianping.com/shop/k4UzRNutJnhK1IUv,14条评价,人均-,中华叉烧豚骨日式拉面 唐扬炸鸡块 销魂麻辣叉烧日式拉面
佰烧海鲜烤肉自助(滨城店),https://www.dianping.com/shop/k3MVse6PjPKo98tM,31o条评价,人均-,烤肉畅享 自助饮品 海鲜畅吃
自由捞•自助小火锅(滨州万达店),https://www.dianping.com/shop/k8o89fsMF98p6r2Q,38条评价,人均-,虾仁 鱼豆腐 千层肚
观照·暖室,https://www.dianping.com/shop/l9iDYQVK7RHikvJ3,5条评价,人均-,发财肥肠辣子鸡 酸菜鱼 大煮干丝
太阳牛潮汕牛肉火锅(吾悦广场店),https://www.dianping.com/shop/G4cT5KAuh91jP53t,5条评价,人均-,自制牛肉丸 雪花 自助零食
江西饭店(黄河六路店),https://www.dianping.com/shop/k7qmCxGDnT4rdW3W,12条评价,人均￥75,梅干菜鸡爪 干锅鱼杂 家乡煎豆腐
新周记•金牌花胶鸡(田园牧歌店),https://www.dianping.com/shop/H3UcZauSMToyoR9p,1o6条评价,人均￥131,花胶鸡 特色花胶鸡 小炒黄牛肉
東更道点心行(滨州万达店),https://www.dianping.com/shop/G802QVGAqCEqtn5w,61条评价,人均-,奶香提子麻薯 草莓爆浆麻薯 绿豆冰糕
朴家白丁烤肉(邹平店),https://www.dianping.com/shop/l3DhzW2KUKtL6iHw,341条评价,人均￥63,调味猪排肉（水果腌制） 南瓜粥 土豆泥
西岸牛排披萨自助(爱琴海购物公园店),https://www.dianping.com/shop/H7FwSjTwO1hfkhIo,6o条评价,人均-,饮品自助 中餐自助 新鲜蔬菜
月满大江,https://www.dianping.com/shop/HaucEyctFlJBN184,579条评价,人均￥82,红酒牛肉 麻辣小郡肝 九尺鲜鸭肠
正宗流钟锅子饼(总店),https://www.dianping.com/shop/G8uhLuOO0L1gTrDo,151条评价,人均￥51,驴肉锅子饼 猪头肉锅子饼 土豆丝锅子饼
八零公社怀旧主题餐厅,https://www.dianping.com/shop/jDehGAxYJdqvSlZc,1o6o条评价,人均￥57,八零年代红烧肉 公社特色烤鱼 瓦罐南瓜
味庄•滨周疙瘩汤,https://www.dianping.com/shop/k8OTsYmutWvFKQ9w,27条评价,人均￥51,味庄红烧肉 高压杂粮锅 大张鱼头烙饼
虎食炭火烧肉场,https://www.dianping.com/shop/Em76hBQW7jEHQ2Zr,2o9条评价,人均￥69,安格斯牛上脑 三味大福 横刀猪五花
三好烤肉,https://www.dianping.com/shop/HalwBHZy2rT8w4p6,7条评价,人均-,冷面 烤东北酸菜 苏子叶
蓝海御华大饭店•蓝钻国际美食自助百汇,https://www.dianping.com/shop/FDua0nE19055qK9h,1445条评价,人均￥113,铁板煎牛排 香煎鹅肝 酥皮奶油蘑菇汤
桉树披萨,https://www.dianping.com/shop/jGdRTTHxs0xEa5jw,6条评价,人均-,金沙蛋黄芋泥披萨 奥尔良鸡翅中 抹茶奥利奥
鸿月楼,https://www.dianping.com/shop/G7ypEmblJIWNqLKe,64条评价,人均￥66,辣炒花蛤 和味小炒 水果虾仁
朴家白丁烤肉(万达店),https://www.dianping.com/shop/k5JOUc6nhK63Ja8b,823条评价,人均￥84,南瓜粥 芝士玉米 精品五花肉
ditto dessert,https://www.dianping.com/shop/l3Hvt31wIQI7Y4Xt,8条评价,人均-,拿铁 一人食抹茶慕斯 伯爵红茶布朗尼
唐府东北烧烤大锅台(黄五渤七店),https://www.dianping.com/shop/k44AbS65Xs946hE1,121条评价,人均￥38,特色排骨鸡 特色蒸虾酱 黄金小饼
新疆伊犁河餐厅(博兴店),https://www.dianping.com/shop/H1WcF8T2Bkx61MyO,23o条评价,人均￥6o,新疆馕坑烤包 烤羊排 招牌风味凉菜
禾木·烧烤(丽景店),https://www.dianping.com/shop/k3HSAPPSH1BgfjPN,296条评价,人均￥85,羊肉串 烤鸡爪 焦烤五花肉
锦斗云海捕虾水饺,https://www.dianping.com/shop/G4aSlVJRvzo1vyQ5,42条评价,人均-,捕虾水饺 私房稻香肉 石斛老鸽汤
海底捞火锅(IFC购物店),https://www.dianping.com/shop/G5DTFJNW8b0YJmYo,59条评价,人均￥85,番茄锅底 经典麻辣锅底 牛肉粒
西堡传统餐厅,https://www.dianping.com/shop/k55Dp0sq22ugg0FP,61条评价,人均￥6o,猎人汉堡 黑椒汉堡 牛肉汉堡
玛黎娜铁板牛排(滨州吾悦店),https://www.dianping.com/shop/H89oPHfA2R4XZAs2,5条评价,人均-,香煎鸡肉沙拉 妙脆鸡腿排 麻辣小龙虾披萨
头牌铁锅炖(乐安大街店),https://www.dianping.com/shop/k3wOgQeiU60QjLqH,91条评价,人均-,铁锅炖大鹅 铁锅炖排骨 铁锅炖鱼
花榕稻青花椒烤鱼音乐餐厅(吾悦广场店),https://www.dianping.com/shop/H7NtKbzrCnl8E8Qx,49条评价,人均-,青花椒烤鱼 稻花香五常大米 大叉烤肉
半天妖烤鱼(滨州博兴店),https://www.dianping.com/shop/G2U1ehtIJDk69hLo,852条评价,人均￥52,五常大米 青花椒烤鱼 大叉烤肉
小龙坎老火锅(鹤伴一路店),https://www.dianping.com/shop/jpU9IfQEh2cWAwfc,1271条评价,人均￥65,红糖糍粑 小龙坎毛肚 手工虾滑
福口居(博兴店),https://www.dianping.com/shop/l4xbP3JhMs6TEGx9,462条评价,人均￥85,手切鲜羊肉 肥牛 海鲜小料
半天妖烤鱼(邹平圣豪广场店),https://www.dianping.com/shop/k5FpNKNg8jQP6N9u,3118条评价,人均￥98,大叉烤肉 主食饮料小吃自助 时蔬拼盘
遇荐私厨,https://www.dianping.com/shop/G4MKq9xTeHxj4b5J,1条评价,人均-,
