树厨地道黔菜餐厅,https://www.dianping.com/shop/karpyvl3e5D0VNMk,326条评价,人均￥74,香辣炝锅鱼 软哨土豆片 火焰香辣鸡
九街淑芬掌中宝串串公司(铜仁店),https://www.dianping.com/shop/HabFBIvWYnGRF67K,16条评价,人均￥78,酸奶奥利奥厚切冰汤团 孜然掌中宝 重庆牛油锅
安德撸•海鲜•牛排•烤肉•火锅自助餐厅(悦萃城购物中心...,https://www.dianping.com/shop/laE4hu0dgs9QJEfQ,837条评价,人均￥74,大闸蟹 小龙虾 牛排
袁小生四川小吃世家(铜仁悦萃城店),https://www.dianping.com/shop/k12Don2wDK0Qtp9j,448条评价,人均￥53,钵钵鸡 水果冰粉 袁小生钵钵鸡
蒋春燕成都市井老火锅(悦萃城店),https://www.dianping.com/shop/H4fDl9tal4yNNtNR,728条评价,人均￥93,特色九宫格 千丝黄喉 精品大刀腰片
废墟里烤肉店,https://www.dianping.com/shop/k9SpKgiyPyl1EaIW,134条评价,人均-,特级肥牛 芝士红薯 青椒鸡爪
烙小锅锅活油烙锅(北门店),https://www.dianping.com/shop/EP8B7awEm1Q8o40t,56条评价,人均-,五花肉 锡纸鸭血 锡纸脑花
快活林苗家酸汤鱼(小十字步行街店),https://www.dianping.com/shop/l6Zec512NkHZWTW3,812条评价,人均￥86,快活林酸汤鱼（江黄鱼） 快活林烤冷面 红酸锅底
COMMUNE(铜仁古城店),https://www.dianping.com/shop/k19yMVrfUS1GCvWC,18条评价,人均-,特色烤鸡翅 黑松露菌菇意面 红豆啵啵奶茶
卤校长老火锅(铜仁店),https://www.dianping.com/shop/laJot2TbyWldMv2G,337条评价,人均￥1o7,辣卤肥肠 辣卤牛筋 校长肥牛肉
勇洪大竹签火盆烧烤,https://www.dianping.com/shop/l1DGw1IXMBRGNXWv,311条评价,人均￥55,
渝大狮毛肚老火锅(铜仁店),https://www.dianping.com/shop/k5B55tZbaOpg5Tgb,181条评价,人均￥77,
畔山院(花果山店),https://www.dianping.com/shop/l27rAl24U5Z2gPJY,17条评价,人均-,
德克士(民主路店),https://www.dianping.com/shop/l5QsyCSKwE853sEt,275条评价,人均￥28,
留一手特色烤鱼(文笔峰2号门面店),https://www.dianping.com/shop/k8PCEhEvTJuKH4gB,93o条评价,人均￥63,
铜仁大食府,https://www.dianping.com/shop/G3oqksnIp6sMIhVi,5o条评价,人均-,青椒辣子鸡 牛打滚 老盐菜东坡红肉
蜀大侠四川传统主义火锅(铜仁火车站店),https://www.dianping.com/shop/H4OOTCCpLeuTfzsg,634条评价,人均￥131,花千骨 牛羊天下 贵妃牛肉
国宾馆超值海鲜自助餐,https://www.dianping.com/shop/l8BqSsfXk7n4HRUJ,944条评价,人均￥145,海鲜 刺身三文鱼 生蚝
梨花餐厅(金滩店),https://www.dianping.com/shop/jQNrH0gwDBs8yQUu,71条评价,人均￥65,豆汤什菌 干锅排骨虾 梨花葱油饼
芳姨妈丝娃娃—铜仁总店,https://www.dianping.com/shop/GacjnTI722FqqASD,442条评价,人均￥31,原味丝娃娃 招牌洋芋粑粑 招牌红糖冰粉
宝珠姐的摩登饭厅铜仁店,https://www.dianping.com/shop/H3zoiuUERjiGosTc,65条评价,人均-,暴富黄金漏奶华 怀旧四宝 小熊港式奶茶
食秀•黔菜馆,https://www.dianping.com/shop/H90Qr85XSpcElQEg,24条评价,人均￥97,农家小炒肉 凉拌腐竹 青椒辣子鸡
牛嘎嘎原味农庄(八里岗店),https://www.dianping.com/shop/k4fCBM2TPU38GThi,584条评价,人均￥69,黄牛肉 红酸汤 酸汤牛肉
锦江宾馆海鲜自助餐,https://www.dianping.com/shop/G19jMUSYiGg7LBoa,2414条评价,人均￥117,烤牛排 烤生蚝 冰淇淋
小腕儿烤肉(时代商汇店),https://www.dianping.com/shop/k2DvQ1PLFoRTpmwn,458条评价,人均￥74,精品五花肉 招牌黑椒牛排 椒麻鸡皮
油菜花旁老柴房(铜仁悦萃城店),https://www.dianping.com/shop/G875hxAWxbrdnERJ,188条评价,人均-,石磨豆腐 张氏香辣锅贴鸡 有菠萝的糖醋里脊
西小串重庆地摊串串体验馆(中南门古城店),https://www.dianping.com/shop/laAdVqSgBzughswS,195条评价,人均￥71,冷锅鸭血 鸭舌 秘制脆骨
湖南浏阳菜,https://www.dianping.com/shop/l9SvFISbpjHmvmd3,15条评价,人均-,芋儿青菜汤 虎皮扣肉 蒸柴火腊鱼块
原生精致日式料理,https://www.dianping.com/shop/l6HfQTrUmPURyFfI,84条评价,人均-,刺身拼盘 培根炒饭 豚骨拉面
柒酒烤肉(铜仁时代商汇店),https://www.dianping.com/shop/kaEAiaTVdUjWKHib,397条评价,人均￥7o,精品五花肉 香辣黄牛肉 酱爆龙利鱼
小尖椒私房菜(火车站店),https://www.dianping.com/shop/G50dnMHRzAtDaYe7,654条评价,人均￥55,农家小炒肉 小炒黄牛肉丝 锅粑
王记高山小黄牛,https://www.dianping.com/shop/G51rawkxjSrP2BeV,1条评价,人均-,牛脚
重庆7°自助火锅,https://www.dianping.com/shop/jkbiAygSJObSRTE5,372条评价,人均-,毛肚 鸳鸯锅 基围虾
不二肥肠鸡(悦萃城店),https://www.dianping.com/shop/H93UMfASVaDjtFWn,19o条评价,人均-,肥肠鸡 肥肠 养生瓦罐煨汤
遵义虾子张六羊肉粉(金码头店),https://www.dianping.com/shop/hbvzDv44Ooke94VU,126条评价,人均￥17,遵义羊肉粉 素粉 羊肚包羊肉
张记木桶鱼(碧江店),https://www.dianping.com/shop/l86eEBZoDaiqHLYP,18条评价,人均-,清香锅 原味锅 青花椒锅
芷江鸭店,https://www.dianping.com/shop/laiwi79hYtjAeqHk,17条评价,人均￥71,芷江鸭 西红柿鸡蛋 炝锅鱼
钢五区顾大姐小郡肝串串香火锅(古城店),https://www.dianping.com/shop/H1ApbsJvoJV8crE2,75条评价,人均￥6o,吊龙牛肉 九秒毛肚 香菜牛肉
花果山贰号咖啡馆,https://www.dianping.com/shop/j8gswh8SSaQAumoa,89条评价,人均￥33,美式咖啡 原味拿铁 澳白
小毛碳烤排骨(金码头店),https://www.dianping.com/shop/jTAj3LQMEJVRHlXR,8条评价,人均-,炭烤排骨 牛油 脆骨
滇娘子小春日和·提拉米苏(铜仁店),https://www.dianping.com/shop/k9bsUmhrcTyEwF3b,91条评价,人均-,莓果车厘子提拉米苏
巴陵茶油鸭馆,https://www.dianping.com/shop/H4dbTd2ldFFKFwgS,13条评价,人均￥59,茶油鸭 秘制鸭肠 鸭血
铜仁一锅鱼一锅羊,https://www.dianping.com/shop/H1X4pqMSXXycgMdI,97条评价,人均￥65,一锅鱼 一锅鲜 一锅羊
耍爷火锅,https://www.dianping.com/shop/l8bRELi5IpaocHAv,388条评价,人均￥167,双椒牛肉 现切吊龙 棒打鲜虾滑
何锅锅地摊辣子鸡,https://www.dianping.com/shop/H7LlF7amq5Pow3eZ,48条评价,人均-,多种水果 甜品稀饭 蘑菇鸡汤
重庆小毛火锅城(金滩店),https://www.dianping.com/shop/l3f9WCzqatnCgwQ5,3524条评价,人均￥65,鸳鸯锅底 精品脆毛肚 精品鸭肠
徐掌柜地摊辣子鸡火锅,https://www.dianping.com/shop/G572cZQrLr2q22sR,8条评价,人均-,卤鸡爪 配菜 徐掌柜招牌辣子鸡
小腕儿烤肉(八里岗店),https://www.dianping.com/shop/k922LeQaR2531sl8,3o7条评价,人均￥61,雪花牛肉 爆浆小豆腐 精品五花肉
四喜院子,https://www.dianping.com/shop/G87m6ADs5agXy1Jl,1条评价,人均-,
豪巴斯海鲜烤肉自助餐厅,https://www.dianping.com/shop/G63DXYLUenF28Pb3,1条评价,人均-,清蒸鲈鱼
马路边边串串香火锅(铜仁店),https://www.dianping.com/shop/H9h5Pg750unRMfnZ,131条评价,人均￥135,红糖糍粑 冒脑花 冰甜酒
大黄牛红烧牛肉粉(碧江店),https://www.dianping.com/shop/H6y4k0KqwmjpOLVc,28条评价,人均￥15,经典特色牛肉炖粉 牛杂粉 牛肉干
仟味一鼎自助小火锅(东太大道店),https://www.dianping.com/shop/l2IQBfwtsOTuVMg3,24条评价,人均-,番茄辣鲜锅
蒙古嘻哈大叔烤羊肉串(古城店),https://www.dianping.com/shop/l2KqMzin8yiRN1H5,44条评价,人均-,羊肉串 羊排 呼伦贝尔烤羊蹄
咀一口咖啡,https://www.dianping.com/shop/H27DRYTjnuc1PIhV,64条评价,人均￥31,dirty 榛子茶拿铁 澳白
恰胡子·滋胃羊肉坊,https://www.dianping.com/shop/G28RuqGJHZMybQY0,77条评价,人均-,红薯粉 羊蝎子 私房羊脚
味巢时尚连锁餐厅,https://www.dianping.com/shop/H3mTzenl0WEWu4Fx,342条评价,人均￥73,有机花菜 飞饼 牛蛙爱大虾
陆子哥地摊火锅,https://www.dianping.com/shop/l9As5gtPALaTmvak,1oo条评价,人均-,香辣锅 陆子哥地摊火锅 酸汤锅
霸王尖椒兔·来凤鱼(时代商汇店),https://www.dianping.com/shop/k3P4Gx2Ho7vxzD3A,99条评价,人均-,尖椒兔 尖椒鸡 香辣鸡
ZAZAKUMO芝士蛋糕(铜仁店),https://www.dianping.com/shop/G5Lhasmqyq92ndyQ,6条评价,人均-,经典原味芝士蛋糕 咸蛋黄芝士蛋糕 巧克力芝士蛋糕
