崃山饭店,https://www.dianping.com/shop/l7fSrjQ3cujBJtSU,21条评价,人均￥134,酸菜鱼 石锅鸡 香辣烤鱼
娜秀洒店隔壁川菜馆,https://www.dianping.com/shop/l2gP51Px2fsJXfts,1条评价,人均-,火爆腰花 烧粉条 西红柿鸡蛋汤
渝都川味食府,https://www.dianping.com/shop/j11ECxDyYICFfyQR,1o条评价,人均-,烧肥肠 腊排骨汤锅 酸菜鱼
白嘎冯姐饭馆,https://www.dianping.com/shop/G517FzfgdvUTdA4a,2条评价,人均-,干锅排骨 辣子鸡 水煮肉片
聚鲜阁川菜馆,https://www.dianping.com/shop/H2ev6S9zEA689gVH,1条评价,人均-,
伊清源手抓餐厅,https://www.dianping.com/shop/k1gXzmwMCg1kywD3,1条评价,人均-,新疆大盘鸡
广福记冒菜(S303店),https://www.dianping.com/shop/H4AXojwZbwDVXeCE,,人均-,
竹都川菜(比如店),https://www.dianping.com/shop/FwgHndsGx7qcN5js,,人均-,
不夜天烧烤,https://www.dianping.com/shop/H5V2xfiYnXUH8vgv,,人均-,
洪成饭店,https://www.dianping.com/shop/jlhDaK7UzPFxKbyK,,人均-,梅菜扣肉
聚香味,https://www.dianping.com/shop/H7HWICnrFmSXmWQX,,人均-,
朝嘎仓粮油店,https://www.dianping.com/shop/H5piz4FNJaBeKiF3,,人均-,
传奇冒菜(比如店),https://www.dianping.com/shop/G98QqFDpS9Fos3sk,1o条评价,人均￥33,冒菜 生菜 毛肚片
兴隆小吃,https://www.dianping.com/shop/H9pNNG2VaZ7b7F3p,,人均-,
顺馨饺子馆,https://www.dianping.com/shop/G10cmMdid7ymKMUa,,人均-,
雪域同胞餐馆,https://www.dianping.com/shop/G5To5RGGmlR3vgrr,1条评价,人均-,甜茶
四川饭店,https://www.dianping.com/shop/l8pqw334zUcVB4RV,,人均-,
遇见川菜,https://www.dianping.com/shop/G1iAOOKorWhUAoRk,1条评价,人均-,上海青 青菜蛋汤 小炒肉
重庆鸡公煲,https://www.dianping.com/shop/G7AcIhTNUC8n2oeD,,人均-,
一品川食府,https://www.dianping.com/shop/H2TLHQ1i7yQtNIDY,,人均-,麻辣鱼
牛大碗牛肉面(比如店),https://www.dianping.com/shop/l2yLtEiyrfHIrymD,1条评价,人均-,
拉萨便民菜店,https://www.dianping.com/shop/H6l0FWF7y4xdwBeC,,人均-,
十里香特色中餐馆,https://www.dianping.com/shop/G9R6ycSSKDK7wS70,17条评价,人均-,香辣烤鱼 川式卤菜 菌汤鸡锅
娜秀真真蹄花(比如店),https://www.dianping.com/shop/Ga8lhsKeTnR0F605,14条评价,人均￥68,养生蹄花 酸菜鱼 酸辣黄瓜
菊辉川菜馆(比如店),https://www.dianping.com/shop/k4ItFLthuWQxCNmB,,人均-,
暑风川菜馆,https://www.dianping.com/shop/H4sZccJ8zAwIlqvv,1条评价,人均-,清炒小白菜 回锅肉 青椒肉丝
必来客炸鸡汉堡(占嘎尔路店),https://www.dianping.com/shop/G4TfUe0Krh2ftR21,,人均-,川香鸡柳 杨枝甘露 柠檬红茶
比如遂宁菜店,https://www.dianping.com/shop/FREfB0sZs1knO8ZI,,人均-,
喜客小铺,https://www.dianping.com/shop/FUNTtESEvepUChcr,,人均-,
钱钱蔬菜店,https://www.dianping.com/shop/H5uMBtvqjKTy6Med,,人均-,
七婆串串香火锅(比如宁波东路店),https://www.dianping.com/shop/laZiVZ1yc5vhqdYV,,人均-,
一来顺饭馆,https://www.dianping.com/shop/k18odN5Q5oxxOJUy,,人均-,
贝克汉堡(宁波东路店),https://www.dianping.com/shop/G904XcI159ZUDz9c,,人均-,
渝记老麻抄手(绍兴北路店),https://www.dianping.com/shop/k2MBhQUMKtUPPxD6,,人均-,
兴旺蛋糕(比如店),https://www.dianping.com/shop/lah1lvY0Y98mSKrL,1条评价,人均-,
曲英美味藏餐,https://www.dianping.com/shop/k8YKjA8ImQhTEL4y,,人均-,
九九绝味卤菜,https://www.dianping.com/shop/kapSReMW16S1tWV6,,人均-,
欣欣菜店,https://www.dianping.com/shop/FWHxZIOBzqFgtRXU,,人均-,
黑牛小镇,https://www.dianping.com/shop/k4kXx9rUCDF8XoUf,,人均-,鸡翅 麻辣牛肉 鸡爪
岗坚拉萨扎西藏餐馆(布曲路店),https://www.dianping.com/shop/jaBfANvql4YY7jQD,,人均-,
食全食美特色中餐,https://www.dianping.com/shop/G4rKqREbqWGRyLhX,1条评价,人均-,
老赵蔬菜百货店(比如店),https://www.dianping.com/shop/H4k1rN85coHaTuCV,1条评价,人均-,
成都饭馆(三一七国道店),https://www.dianping.com/shop/G6vcXruEINtm6qm7,,人均-,
天府饭店(成那线店),https://www.dianping.com/shop/H41A1KWc2mFBqcOj,,人均-,
奥尔良烧烤,https://www.dianping.com/shop/G5pBCljYt818U8ej,,人均-,烤金针菇 鸡脚筋串 回锅肉炒饭
七婆串串香(白嘎分店),https://www.dianping.com/shop/G4qlA6pfVeRaoM7t,,人均-,
达珍凉粉(夏曲分店),https://www.dianping.com/shop/l3OzINavykAwkJ4s,,人均-,
比如赵氏手搓面,https://www.dianping.com/shop/H9R7DAytIN9vi3ON,,人均-,
伊穆清饭店(比如店),https://www.dianping.com/shop/H2MyELy54LicaNoC,,人均-,
家家乐水果蔬菜店,https://www.dianping.com/shop/G3sErIxJQziWlWrY,,人均-,
比如蔬菜批发店,https://www.dianping.com/shop/H3PsBM99j3z9NnLy,,人均-,
娜秀蔬菜店,https://www.dianping.com/shop/G6rJCnPVkRYJJGWR,,人均-,
射洪信誉蔬菜店,https://www.dianping.com/shop/G3tBp0Gdj3Dk0Mxo,,人均-,
娜拉吉祥藏餐,https://www.dianping.com/shop/l2qHTyWGZuOCyHzr,,人均-,
老朋友蔬菜百货店,https://www.dianping.com/shop/l22ufBdnmTHp7HSS,,人均-,
日喀则格桑嘎吉茶馆,https://www.dianping.com/shop/ka5j8goGv2AYmt2P,,人均-,
香皖吴记饭馆(比如店),https://www.dianping.com/shop/k424ggT8pUpNhoye,2条评价,人均-,干锅牛肉 牛肉面
广福记冒菜白嘎店,https://www.dianping.com/shop/l7ziBgaLFbn1ovKU,,人均-,
