五斗米大饭店,https://www.dianping.com/shop/G2CpUfklazF1fpCn,15条评价,人均￥117,豆芽面筋 奶白菜 烤豆腐
肯德基(西大街店),https://www.dianping.com/shop/l1mn829b2sSyv0O7,17条评价,人均-,薯条 新奥尔良烤鸡腿堡 醇香土豆泥
码头故事火锅(彬州店),https://www.dianping.com/shop/l33ulLIF4NVE7Snk,37条评价,人均-,印度飞饼 鞭炮笋 玫瑰牛肉丸
苟八豆腐脑(彬州市店),https://www.dianping.com/shop/l7hMI72igQAuX2SX,29条评价,人均￥11,豆腐脑 酱辣子 包子
贝爱丸捞汁海鲜小酒馆,https://www.dianping.com/shop/l7Jm1HDf7uv58v5i,1条评价,人均-,酸辣无骨凤爪 鸭脖 鸭头
然后茶饭,https://www.dianping.com/shop/G1TofElliGNQNdvr,27条评价,人均-,秦椒嫩滑鱼 猪蹄 西湖牛肉羹
八号虾馆(彬州店),https://www.dianping.com/shop/k3G9DhvhIKC6exRg,2条评价,人均-,老碗鱼 蛋炒饭 酸辣白菜饺子皮
九门巷子里韩式烤肉(彬州市店),https://www.dianping.com/shop/FrLYvRR1Jz6MBz4S,241条评价,人均￥66,黑椒牛肉 芝士玉米粒 秘制五花肉
鹿鼎记音乐餐厅,https://www.dianping.com/shop/l3QFgaDhN00TH6zc,5条评价,人均-,韭菜鸡蛋 麻婆豆腐 香辣鸭翅
欣食尚自助39元酱排骨火锅,https://www.dianping.com/shop/l7HeLCNHqZspuhQD,7条评价,人均-,哈滨啤酒 鸳鸯锅 果啤
嗨味串串(彬州店),https://www.dianping.com/shop/jAOLmbQTbLuvm4Wp,6o条评价,人均-,串串不限量随便吃 茴香牛肉 麻辣锅
豳風苑大牌檔,https://www.dianping.com/shop/G3eNOICs2IHkBVkb,67条评价,人均￥63,彬州御面 豆腐烧黄鱼 葫芦鸡
两岸咖啡,https://www.dianping.com/shop/G7rkt7hXNwxHqoUW,6o6条评价,人均￥21,黑椒炒意面 牛排套餐 铁板鸡扒配意面
瓜西西火锅(彬州店),https://www.dianping.com/shop/FSxPS732OyeNGZGL,7条评价,人均-,三娘嫩牛肉 卤肥肠 辣卤泡泡豆干
百岁鱼(彬县店),https://www.dianping.com/shop/FQW6cLcqteMXjsv3,3o1o条评价,人均￥48,百岁干锅鱼 黑鱼 开胃泡菜
安旗(蓝波店),https://www.dianping.com/shop/G9H8wayys1P32H8k,5条评价,人均-,草莓炸弹 芒果蛋糕杯 网红蛋糕
清真西夏饭莊马宾餐厅(豳风街店),https://www.dianping.com/shop/l71kY0NuTLP1Q3uF,36条评价,人均￥49,烩牛肉 炒肉片 烩羊肉
彬州大厦花园酒店(餐饮部),https://www.dianping.com/shop/k9n2GdrhExHMJIS2,158条评价,人均￥66,陕北小炒肉 川香老碗鱼 麻婆豆腐
彬县御面,https://www.dianping.com/shop/l1z22vNfwbEbbAgU,5条评价,人均-,彬县然面 馒头
汉唐面庄(彬县总店),https://www.dianping.com/shop/l7kBvSYDi7yY7nHM,59条评价,人均￥48,菠菜面 汉唐肚一把 菠菜豆芽拌面筋
乔乔一诺生日蛋糕,https://www.dianping.com/shop/l8aDJUIUDPtm2ciP,16条评价,人均-,双莓奥利奥 草莓love 小清新蓝莓款
三顾香牛羊肉泡馍馆(彬县店),https://www.dianping.com/shop/G4LzSUxe0wMWi43Q,16条评价,人均￥28,优质泡馍大馍 优质牛羊肉泡馍馍 优质小炒泡馍馍
亭口赵师炒面(西大街店),https://www.dianping.com/shop/G15Y9wn7HUnM37Kf,2条评价,人均-,节节炒面 亭口炒面 鸡蛋炒面片
尚克拉拉(彬县店),https://www.dianping.com/shop/H6fUSOpOFv3jAUpz,181条评价,人均￥83,白兰地火焰 龙利鱼 零度爱恋冰淇淋
鸭掌门特色火锅,https://www.dianping.com/shop/G4X6g0t0AvKOoisZ,544条评价,人均￥65,锅中锅鸭掌小锅 掌中翅大锅 翅中虾小锅
锅老大重庆老火锅(彬州店),https://www.dianping.com/shop/G4cZOTU2XMgOqLle,1o4条评价,人均-,牛油鸳鸯 特色油碗 精品鸭血
月红仟禧自助涮烤(彬州市店),https://www.dianping.com/shop/k2D9dSGfDEmteYX9,1227条评价,人均￥46,单人自助午餐 皮皮虾 培根肉
泊琳家川菜,https://www.dianping.com/shop/laS5MzP3c6WNSo0l,7条评价,人均-,素炒手撕包菜 仔姜龙利鱼 铁板泡菜水晶粉
龙宫海鲜蒸锅,https://www.dianping.com/shop/jn7poyM4NK24me2F,4条评价,人均-,海鲜小咖 生菜 爆炒牛蛙
蛋糕地带·布丁生日蛋糕(彬州市店),https://www.dianping.com/shop/l8A9OuUGNToo8zON,71条评价,人均-,独角兽女生款 寿比南山 布朗熊可妮兔女生款
麻辣空间(彬州店),https://www.dianping.com/shop/l9nr4kalAUQXOn0i,111条评价,人均-,麻辣牛肉 雪花肥牛 鸳鸯锅
京城一锅(彬县店),https://www.dianping.com/shop/k2q1Htd1zXJJ16qX,7条评价,人均-,精品牛肉卷 雪里红 四川泡菜
徐府一品大虾(彬县店),https://www.dianping.com/shop/G3tUvCgnGIHI9QlJ,1414条评价,人均￥63,一品香辣虾 鱿鱼 干锅虾
秦谷坊,https://www.dianping.com/shop/k2pQDzXsCPOWFGU2,167条评价,人均￥2o,黑鱼 金针菇 麻辣锅
渝乡石锅鱼(彬县店),https://www.dianping.com/shop/jZMQdRfnkfWgd3s2,37o条评价,人均￥73,干锅石锅鱼 粉带 豆腐皮
醉初烧烤店,https://www.dianping.com/shop/H7QSBj46lAXrkntE,,人均-,干煸豆角 双椒娃娃菜 黄鱼烧豆腐
零点海鲜涮烤城,https://www.dianping.com/shop/G96KwyaAqIGPNfYz,17条评价,人均-,海鲜大咖 生蚝 扇贝
鑫德牛肉面(彬州市店),https://www.dianping.com/shop/l1grT2jNXWVUCLoI,1条评价,人均-,拉面配凉菜 蒜泥豆角 油炸花生
家常川菜馆(轩和店),https://www.dianping.com/shop/i16hJnNi6k6V58JG,12条评价,人均-,鱼香肉丝 水煮肉片 农家小炒肉
大厨小馆江湖菜,https://www.dianping.com/shop/H2HvpKcTj2kOBHoF,27条评价,人均￥78,老干妈土豆丝 干锅牛杂 干锅虾
城西往事秘制火锅烧烤,https://www.dianping.com/shop/H5oUWl8nXCVNEoHe,,人均-,酸辣海笋 水晶粉 手打虾滑
娘家纸包鱼彬州店,https://www.dianping.com/shop/G7K7m1h0IMWerdAB,23条评价,人均￥33,鱼丸 鱼豆腐 浆水菜
大厨小馆江湖菜,https://www.dianping.com/shop/k4onzB8DwNJWCO1F,9条评价,人均-,彬州御面 鱼香肉丝 水煮肉片
宝德利形象店,https://www.dianping.com/shop/HaQOaKuwoUudQsPN,19条评价,人均￥24,牛羊肉泡馍 优质牛肉泡馍 绝味饺子皮
二师兄私房酒肆,https://www.dianping.com/shop/H1sgGgzbZ1qgf6GX,1条评价,人均-,香炝莲藕丁 烤鸡胗 香芹黑腐竹
买卖提烤肉,https://www.dianping.com/shop/k4WaKdMYMFkXVY9m,2条评价,人均-,麻辣猪蹄 麻辣虾尾 手撕面筋
顺福祥泡馍馆(彬州市店),https://www.dianping.com/shop/G952TS7fHHpl4fos,62条评价,人均-,牛肉泡馍 羊肉泡馍 素拼
蓝波火吧(彬州店),https://www.dianping.com/shop/l6HQCyDOTWmvjwZU,1条评价,人均-,耳菜拌耳丝 黄瓜驴肉 老陕下酒菜
老西安泡馍,https://www.dianping.com/shop/H3bOE43ythxKitmB,15条评价,人均-,秘制豆腐 香芹黑腐竹 梅菜扣肉
辣动时代自助小火锅(彬州市店),https://www.dianping.com/shop/G8fNOoEWgVuid7Ef,27条评价,人均-,料碗 香辣锅底 花蛤
维尼咖啡,https://www.dianping.com/shop/H2blZnDwrMtiDV2p,12条评价,人均￥38,
巴黎蜜糖Cake(城关中学店),https://www.dianping.com/shop/G1c1f9DwbvA9kEfO,222条评价,人均￥68,
夜宴海鲜烧烤,https://www.dianping.com/shop/l20M157hC8qvt1hQ,8条评价,人均-,
霸气烤肉,https://www.dianping.com/shop/i6ZmFsFZyjPbMF0f,6条评价,人均-,
南府花园酒楼,https://www.dianping.com/shop/G3z4PuycyOk8nK5w,1o条评价,人均-,
乔乔私家烘焙(彬州市店),https://www.dianping.com/shop/H3RfsSJx2usSc0Hh,65条评价,人均-,
初味轩,https://www.dianping.com/shop/k9I0oSshAq4f8rDQ,,人均-,
老乾州,https://www.dianping.com/shop/l4mX7YXy8vS90LDD,6条评价,人均-,
福禄源牛羊肉泡馍(西街小学店),https://www.dianping.com/shop/G45aP5bURTDSiOxX,12条评价,人均-,
东府串串,https://www.dianping.com/shop/H7pSKuMkRU4qhNxX,2条评价,人均-,
