玉龙藏餐馆,https://www.dianping.com/shop/G3hCtJW7TDQGccdi,,人均-,兰州拉面 凉拌猪肘花 爆炒腰花
弟兄饭店,https://www.dianping.com/shop/Hast5fkgtU52JjDf,,人均-,
边坝县利民饭店,https://www.dianping.com/shop/H6bSLF5sJ7tQUbkE,,人均-,兰州拉面 木须肉 爆炒腰花
四季饭店,https://www.dianping.com/shop/k26L2Euw38p7nHV2,,人均-,
极祥饭店,https://www.dianping.com/shop/l47Kg8tSzoRXy11e,1条评价,人均-,东坡肘子 干锅鸡 红烧肥肠
汉洲川菜馆,https://www.dianping.com/shop/l5NU793ZEXg5sniT,,人均-,爆炒腰花 凉拌猪肘花 凉拌白菜
紫馨老麻抄手(滨河西路店),https://www.dianping.com/shop/G7zYZuzsbNvtlEOJ,,人均-,
妙春鲜果店,https://www.dianping.com/shop/l5Hle5nAba3SLKQf,,人均-,
全味面馆(S303店),https://www.dianping.com/shop/l9Csu1DTJywFna3N,2条评价,人均-,爆炒腰花 木须肉 凉拌白菜
名不虚串砂锅串串,https://www.dianping.com/shop/Ffb4kF9DGrP2FohH,,人均-,
贝克汉堡专卖店,https://www.dianping.com/shop/H45vidAkDit49GNB,,人均-,
雅州小四川饭店(边坝店),https://www.dianping.com/shop/l5liJMYAHOqvhYrb,1条评价,人均-,卤鸡尖 酸辣土豆丝 炸丸子
王老表火锅,https://www.dianping.com/shop/k2qxxUkDAo8c297w,,人均-,
澳斯堡,https://www.dianping.com/shop/H6Xb8SGpSgUwmfqH,,人均-,
喜成小吃,https://www.dianping.com/shop/k6ZflCgmmiSdeOF6,,人均-,
重庆手工面馆(滨河西路店),https://www.dianping.com/shop/G1yLFr3PeN8oSI3Z,3条评价,人均-,手工水饺 牛肉米线 炸酱面
云南蔬菜店,https://www.dianping.com/shop/l6tFPFim0ye8PC0r,,人均-,
辣韵小郡肝串串火锅(拓新路店),https://www.dianping.com/shop/k6q4hnq9IHqmDBrp,,人均-,
食全酒美(滨河西路店),https://www.dianping.com/shop/H8ntEUsIsYmEFqNU,,人均-,
黄手艺冒菜,https://www.dianping.com/shop/infIRQYJ6D627iGv,,人均-,
兵立王(边坝店),https://www.dianping.com/shop/HaomfccFOfmfoYpa,1条评价,人均-,
边坝县牛庄涮烤一体火锅,https://www.dianping.com/shop/G5ZFzoAd3lh5SH0Z,,人均-,
三川烧烤店(云南店),https://www.dianping.com/shop/G1qFXrdeaFgTz7HG,,人均-,
东北饺子馆,https://www.dianping.com/shop/k24rD2YxfOJ58TEa,,人均-,
四面藏香,https://www.dianping.com/shop/G1l9vmcE5QqsYEH3,,人均-,
堡格垒,https://www.dianping.com/shop/H5xYOiD0w8sTtngW,1条评价,人均-,水果蛋糕10寸 生日蛋糕10寸 黑椒蘑菇牛肉意面
家常味(边坝店),https://www.dianping.com/shop/k2BafXXvLwByYSTG,5条评价,人均￥15,爆炒腰花 凉拌白菜 木须肉
味香楼,https://www.dianping.com/shop/l6cwCHQcGW0joDmn,3条评价,人均-,椒盐花生 酸菜鱼 麻婆豆腐
小张馒头店,https://www.dianping.com/shop/G6LSkGCyTo34noJZ,1条评价,人均-,炒饭
玉龙藏餐馆,https://www.dianping.com/shop/G3hCtJW7TDQGccdi,,人均-,兰州拉面 凉拌猪肘花 爆炒腰花
弟兄饭店,https://www.dianping.com/shop/Hast5fkgtU52JjDf,,人均-,
边坝县利民饭店,https://www.dianping.com/shop/H6bSLF5sJ7tQUbkE,,人均-,兰州拉面 木须肉 爆炒腰花
四季饭店,https://www.dianping.com/shop/k26L2Euw38p7nHV2,,人均-,
极祥饭店,https://www.dianping.com/shop/l47Kg8tSzoRXy11e,1条评价,人均-,东坡肘子 干锅鸡 红烧肥肠
汉洲川菜馆,https://www.dianping.com/shop/l5NU793ZEXg5sniT,,人均-,爆炒腰花 凉拌猪肘花 凉拌白菜
全味面馆(S303店),https://www.dianping.com/shop/l9Csu1DTJywFna3N,2条评价,人均-,爆炒腰花 木须肉 凉拌白菜
妙春鲜果店,https://www.dianping.com/shop/l5Hle5nAba3SLKQf,,人均-,
紫馨老麻抄手(滨河西路店),https://www.dianping.com/shop/G7zYZuzsbNvtlEOJ,,人均-,
名不虚串砂锅串串,https://www.dianping.com/shop/Ffb4kF9DGrP2FohH,,人均-,
贝克汉堡专卖店,https://www.dianping.com/shop/H45vidAkDit49GNB,,人均-,
雅州小四川饭店(边坝店),https://www.dianping.com/shop/l5liJMYAHOqvhYrb,1条评价,人均-,卤鸡尖 酸辣土豆丝 炸丸子
王老表火锅,https://www.dianping.com/shop/k2qxxUkDAo8c297w,,人均-,
澳斯堡,https://www.dianping.com/shop/H6Xb8SGpSgUwmfqH,,人均-,
喜成小吃,https://www.dianping.com/shop/k6ZflCgmmiSdeOF6,,人均-,
重庆手工面馆(滨河西路店),https://www.dianping.com/shop/G1yLFr3PeN8oSI3Z,3条评价,人均-,手工水饺 牛肉米线 炸酱面
食全酒美(滨河西路店),https://www.dianping.com/shop/H8ntEUsIsYmEFqNU,,人均-,
辣韵小郡肝串串火锅(拓新路店),https://www.dianping.com/shop/k6q4hnq9IHqmDBrp,,人均-,
云南蔬菜店,https://www.dianping.com/shop/l6tFPFim0ye8PC0r,,人均-,
黄手艺冒菜,https://www.dianping.com/shop/infIRQYJ6D627iGv,,人均-,
边坝县牛庄涮烤一体火锅,https://www.dianping.com/shop/G5ZFzoAd3lh5SH0Z,,人均-,
三川烧烤店(云南店),https://www.dianping.com/shop/G1qFXrdeaFgTz7HG,,人均-,
兵立王(边坝店),https://www.dianping.com/shop/HaomfccFOfmfoYpa,1条评价,人均-,
四面藏香,https://www.dianping.com/shop/G1l9vmcE5QqsYEH3,,人均-,
堡格垒,https://www.dianping.com/shop/H5xYOiD0w8sTtngW,1条评价,人均-,水果蛋糕10寸 生日蛋糕10寸 黑椒蘑菇牛肉意面
家常味(边坝店),https://www.dianping.com/shop/k2BafXXvLwByYSTG,5条评价,人均￥15,爆炒腰花 凉拌白菜 木须肉
东北饺子馆,https://www.dianping.com/shop/k24rD2YxfOJ58TEa,,人均-,
味香楼,https://www.dianping.com/shop/l6cwCHQcGW0joDmn,3条评价,人均-,椒盐花生 酸菜鱼 麻婆豆腐
小张馒头店,https://www.dianping.com/shop/G6LSkGCyTo34noJZ,1条评价,人均-,炒饭
玉龙藏餐馆,https://www.dianping.com/shop/G3hCtJW7TDQGccdi,,人均-,兰州拉面 凉拌猪肘花 爆炒腰花
弟兄饭店,https://www.dianping.com/shop/Hast5fkgtU52JjDf,,人均-,
四季饭店,https://www.dianping.com/shop/k26L2Euw38p7nHV2,,人均-,
边坝县利民饭店,https://www.dianping.com/shop/H6bSLF5sJ7tQUbkE,,人均-,兰州拉面 木须肉 爆炒腰花
汉洲川菜馆,https://www.dianping.com/shop/l5NU793ZEXg5sniT,,人均-,爆炒腰花 凉拌猪肘花 凉拌白菜
极祥饭店,https://www.dianping.com/shop/l47Kg8tSzoRXy11e,1条评价,人均-,东坡肘子 干锅鸡 红烧肥肠
紫馨老麻抄手(滨河西路店),https://www.dianping.com/shop/G7zYZuzsbNvtlEOJ,,人均-,
全味面馆(S303店),https://www.dianping.com/shop/l9Csu1DTJywFna3N,2条评价,人均-,爆炒腰花 木须肉 凉拌白菜
妙春鲜果店,https://www.dianping.com/shop/l5Hle5nAba3SLKQf,,人均-,
贝克汉堡专卖店,https://www.dianping.com/shop/H45vidAkDit49GNB,,人均-,
名不虚串砂锅串串,https://www.dianping.com/shop/Ffb4kF9DGrP2FohH,,人均-,
雅州小四川饭店(边坝店),https://www.dianping.com/shop/l5liJMYAHOqvhYrb,1条评价,人均-,卤鸡尖 酸辣土豆丝 炸丸子
喜成小吃,https://www.dianping.com/shop/k6ZflCgmmiSdeOF6,,人均-,
王老表火锅,https://www.dianping.com/shop/k2qxxUkDAo8c297w,,人均-,
澳斯堡,https://www.dianping.com/shop/H6Xb8SGpSgUwmfqH,,人均-,
辣韵小郡肝串串火锅(拓新路店),https://www.dianping.com/shop/k6q4hnq9IHqmDBrp,,人均-,
云南蔬菜店,https://www.dianping.com/shop/l6tFPFim0ye8PC0r,,人均-,
重庆手工面馆(滨河西路店),https://www.dianping.com/shop/G1yLFr3PeN8oSI3Z,3条评价,人均-,手工水饺 牛肉米线 炸酱面
食全酒美(滨河西路店),https://www.dianping.com/shop/H8ntEUsIsYmEFqNU,,人均-,
黄手艺冒菜,https://www.dianping.com/shop/infIRQYJ6D627iGv,,人均-,
边坝县牛庄涮烤一体火锅,https://www.dianping.com/shop/G5ZFzoAd3lh5SH0Z,,人均-,
兵立王(边坝店),https://www.dianping.com/shop/HaomfccFOfmfoYpa,1条评价,人均-,
三川烧烤店(云南店),https://www.dianping.com/shop/G1qFXrdeaFgTz7HG,,人均-,
四面藏香,https://www.dianping.com/shop/G1l9vmcE5QqsYEH3,,人均-,
堡格垒,https://www.dianping.com/shop/H5xYOiD0w8sTtngW,1条评价,人均-,
家常味(边坝店),https://www.dianping.com/shop/k2BafXXvLwByYSTG,5条评价,人均￥15,
东北饺子馆,https://www.dianping.com/shop/k24rD2YxfOJ58TEa,,人均-,
味香楼,https://www.dianping.com/shop/l6cwCHQcGW0joDmn,3条评价,人均-,
小张馒头店,https://www.dianping.com/shop/G6LSkGCyTo34noJZ,1条评价,人均-,
玉龙藏餐馆,https://www.dianping.com/shop/G3hCtJW7TDQGccdi,,人均-,兰州拉面 凉拌猪肘花 爆炒腰花
弟兄饭店,https://www.dianping.com/shop/Hast5fkgtU52JjDf,,人均-,
四季饭店,https://www.dianping.com/shop/k26L2Euw38p7nHV2,,人均-,
边坝县利民饭店,https://www.dianping.com/shop/H6bSLF5sJ7tQUbkE,,人均-,兰州拉面 木须肉 爆炒腰花
汉洲川菜馆,https://www.dianping.com/shop/l5NU793ZEXg5sniT,,人均-,爆炒腰花 凉拌猪肘花 凉拌白菜
极祥饭店,https://www.dianping.com/shop/l47Kg8tSzoRXy11e,1条评价,人均-,东坡肘子 干锅鸡 红烧肥肠
紫馨老麻抄手(滨河西路店),https://www.dianping.com/shop/G7zYZuzsbNvtlEOJ,,人均-,
全味面馆(S303店),https://www.dianping.com/shop/l9Csu1DTJywFna3N,2条评价,人均-,爆炒腰花 木须肉 凉拌白菜
妙春鲜果店,https://www.dianping.com/shop/l5Hle5nAba3SLKQf,,人均-,
名不虚串砂锅串串,https://www.dianping.com/shop/Ffb4kF9DGrP2FohH,,人均-,
贝克汉堡专卖店,https://www.dianping.com/shop/H45vidAkDit49GNB,,人均-,
雅州小四川饭店(边坝店),https://www.dianping.com/shop/l5liJMYAHOqvhYrb,1条评价,人均-,卤鸡尖 酸辣土豆丝 炸丸子
喜成小吃,https://www.dianping.com/shop/k6ZflCgmmiSdeOF6,,人均-,
王老表火锅,https://www.dianping.com/shop/k2qxxUkDAo8c297w,,人均-,
澳斯堡,https://www.dianping.com/shop/H6Xb8SGpSgUwmfqH,,人均-,
辣韵小郡肝串串火锅(拓新路店),https://www.dianping.com/shop/k6q4hnq9IHqmDBrp,,人均-,
云南蔬菜店,https://www.dianping.com/shop/l6tFPFim0ye8PC0r,,人均-,
重庆手工面馆(滨河西路店),https://www.dianping.com/shop/G1yLFr3PeN8oSI3Z,3条评价,人均-,手工水饺 牛肉米线 炸酱面
食全酒美(滨河西路店),https://www.dianping.com/shop/H8ntEUsIsYmEFqNU,,人均-,
黄手艺冒菜,https://www.dianping.com/shop/infIRQYJ6D627iGv,,人均-,
边坝县牛庄涮烤一体火锅,https://www.dianping.com/shop/G5ZFzoAd3lh5SH0Z,,人均-,
兵立王(边坝店),https://www.dianping.com/shop/HaomfccFOfmfoYpa,1条评价,人均-,
三川烧烤店(云南店),https://www.dianping.com/shop/G1qFXrdeaFgTz7HG,,人均-,
东北饺子馆,https://www.dianping.com/shop/k24rD2YxfOJ58TEa,,人均-,
味香楼,https://www.dianping.com/shop/l6cwCHQcGW0joDmn,3条评价,人均-,椒盐花生 酸菜鱼 麻婆豆腐
小张馒头店,https://www.dianping.com/shop/G6LSkGCyTo34noJZ,1条评价,人均-,炒饭
四面藏香,https://www.dianping.com/shop/G1l9vmcE5QqsYEH3,,人均-,
堡格垒,https://www.dianping.com/shop/H5xYOiD0w8sTtngW,1条评价,人均-,水果蛋糕10寸 生日蛋糕10寸 黑椒蘑菇牛肉意面
家常味(边坝店),https://www.dianping.com/shop/k2BafXXvLwByYSTG,5条评价,人均￥15,爆炒腰花 凉拌白菜 木须肉
玉龙藏餐馆,https://www.dianping.com/shop/G3hCtJW7TDQGccdi,,人均-,兰州拉面 凉拌猪肘花 爆炒腰花
弟兄饭店,https://www.dianping.com/shop/Hast5fkgtU52JjDf,,人均-,
四季饭店,https://www.dianping.com/shop/k26L2Euw38p7nHV2,,人均-,
边坝县利民饭店,https://www.dianping.com/shop/H6bSLF5sJ7tQUbkE,,人均-,兰州拉面 木须肉 爆炒腰花
汉洲川菜馆,https://www.dianping.com/shop/l5NU793ZEXg5sniT,,人均-,爆炒腰花 凉拌猪肘花 凉拌白菜
极祥饭店,https://www.dianping.com/shop/l47Kg8tSzoRXy11e,1条评价,人均-,东坡肘子 干锅鸡 红烧肥肠
全味面馆(S303店),https://www.dianping.com/shop/l9Csu1DTJywFna3N,2条评价,人均-,爆炒腰花 木须肉 凉拌白菜
妙春鲜果店,https://www.dianping.com/shop/l5Hle5nAba3SLKQf,,人均-,
紫馨老麻抄手(滨河西路店),https://www.dianping.com/shop/G7zYZuzsbNvtlEOJ,,人均-,
名不虚串砂锅串串,https://www.dianping.com/shop/Ffb4kF9DGrP2FohH,,人均-,
贝克汉堡专卖店,https://www.dianping.com/shop/H45vidAkDit49GNB,,人均-,
雅州小四川饭店(边坝店),https://www.dianping.com/shop/l5liJMYAHOqvhYrb,1条评价,人均-,卤鸡尖 酸辣土豆丝 炸丸子
喜成小吃,https://www.dianping.com/shop/k6ZflCgmmiSdeOF6,,人均-,
王老表火锅,https://www.dianping.com/shop/k2qxxUkDAo8c297w,,人均-,
澳斯堡,https://www.dianping.com/shop/H6Xb8SGpSgUwmfqH,,人均-,
玉龙藏餐馆,https://www.dianping.com/shop/G3hCtJW7TDQGccdi,,人均-,兰州拉面 凉拌猪肘花 爆炒腰花
弟兄饭店,https://www.dianping.com/shop/Hast5fkgtU52JjDf,,人均-,
四季饭店,https://www.dianping.com/shop/k26L2Euw38p7nHV2,,人均-,
边坝县利民饭店,https://www.dianping.com/shop/H6bSLF5sJ7tQUbkE,,人均-,兰州拉面 木须肉 爆炒腰花
汉洲川菜馆,https://www.dianping.com/shop/l5NU793ZEXg5sniT,,人均-,爆炒腰花 凉拌猪肘花 凉拌白菜
极祥饭店,https://www.dianping.com/shop/l47Kg8tSzoRXy11e,1条评价,人均-,东坡肘子 干锅鸡 红烧肥肠
紫馨老麻抄手(滨河西路店),https://www.dianping.com/shop/G7zYZuzsbNvtlEOJ,,人均-,
全味面馆(S303店),https://www.dianping.com/shop/l9Csu1DTJywFna3N,2条评价,人均-,爆炒腰花 木须肉 凉拌白菜
妙春鲜果店,https://www.dianping.com/shop/l5Hle5nAba3SLKQf,,人均-,
名不虚串砂锅串串,https://www.dianping.com/shop/Ffb4kF9DGrP2FohH,,人均-,
贝克汉堡专卖店,https://www.dianping.com/shop/H45vidAkDit49GNB,,人均-,
雅州小四川饭店(边坝店),https://www.dianping.com/shop/l5liJMYAHOqvhYrb,1条评价,人均-,卤鸡尖 酸辣土豆丝 炸丸子
喜成小吃,https://www.dianping.com/shop/k6ZflCgmmiSdeOF6,,人均-,
王老表火锅,https://www.dianping.com/shop/k2qxxUkDAo8c297w,,人均-,
澳斯堡,https://www.dianping.com/shop/H6Xb8SGpSgUwmfqH,,人均-,
辣韵小郡肝串串火锅(拓新路店),https://www.dianping.com/shop/k6q4hnq9IHqmDBrp,,人均-,
云南蔬菜店,https://www.dianping.com/shop/l6tFPFim0ye8PC0r,,人均-,
重庆手工面馆(滨河西路店),https://www.dianping.com/shop/G1yLFr3PeN8oSI3Z,3条评价,人均-,手工水饺 牛肉米线 炸酱面
食全酒美(滨河西路店),https://www.dianping.com/shop/H8ntEUsIsYmEFqNU,,人均-,
黄手艺冒菜,https://www.dianping.com/shop/infIRQYJ6D627iGv,,人均-,
兵立王(边坝店),https://www.dianping.com/shop/HaomfccFOfmfoYpa,1条评价,人均-,
三川烧烤店(云南店),https://www.dianping.com/shop/G1qFXrdeaFgTz7HG,,人均-,
边坝县牛庄涮烤一体火锅,https://www.dianping.com/shop/G5ZFzoAd3lh5SH0Z,,人均-,
堡格垒,https://www.dianping.com/shop/H5xYOiD0w8sTtngW,1条评价,人均-,水果蛋糕10寸 生日蛋糕10寸 黑椒蘑菇牛肉意面
家常味(边坝店),https://www.dianping.com/shop/k2BafXXvLwByYSTG,5条评价,人均￥15,爆炒腰花 凉拌白菜 木须肉
四面藏香,https://www.dianping.com/shop/G1l9vmcE5QqsYEH3,,人均-,
东北饺子馆,https://www.dianping.com/shop/k24rD2YxfOJ58TEa,,人均-,
味香楼,https://www.dianping.com/shop/l6cwCHQcGW0joDmn,3条评价,人均-,椒盐花生 酸菜鱼 麻婆豆腐
小张馒头店,https://www.dianping.com/shop/G6LSkGCyTo34noJZ,1条评价,人均-,炒饭
玉龙藏餐馆,https://www.dianping.com/shop/G3hCtJW7TDQGccdi,,人均-,兰州拉面 凉拌猪肘花 爆炒腰花
弟兄饭店,https://www.dianping.com/shop/Hast5fkgtU52JjDf,,人均-,
四季饭店,https://www.dianping.com/shop/k26L2Euw38p7nHV2,,人均-,
边坝县利民饭店,https://www.dianping.com/shop/H6bSLF5sJ7tQUbkE,,人均-,兰州拉面 木须肉 爆炒腰花
汉洲川菜馆,https://www.dianping.com/shop/l5NU793ZEXg5sniT,,人均-,爆炒腰花 凉拌猪肘花 凉拌白菜
极祥饭店,https://www.dianping.com/shop/l47Kg8tSzoRXy11e,1条评价,人均-,东坡肘子 干锅鸡 红烧肥肠
紫馨老麻抄手(滨河西路店),https://www.dianping.com/shop/G7zYZuzsbNvtlEOJ,,人均-,
全味面馆(S303店),https://www.dianping.com/shop/l9Csu1DTJywFna3N,2条评价,人均-,爆炒腰花 木须肉 凉拌白菜
妙春鲜果店,https://www.dianping.com/shop/l5Hle5nAba3SLKQf,,人均-,
名不虚串砂锅串串,https://www.dianping.com/shop/Ffb4kF9DGrP2FohH,,人均-,
贝克汉堡专卖店,https://www.dianping.com/shop/H45vidAkDit49GNB,,人均-,
雅州小四川饭店(边坝店),https://www.dianping.com/shop/l5liJMYAHOqvhYrb,1条评价,人均-,卤鸡尖 酸辣土豆丝 炸丸子
喜成小吃,https://www.dianping.com/shop/k6ZflCgmmiSdeOF6,,人均-,
王老表火锅,https://www.dianping.com/shop/k2qxxUkDAo8c297w,,人均-,
澳斯堡,https://www.dianping.com/shop/H6Xb8SGpSgUwmfqH,,人均-,
辣韵小郡肝串串火锅(拓新路店),https://www.dianping.com/shop/k6q4hnq9IHqmDBrp,,人均-,
云南蔬菜店,https://www.dianping.com/shop/l6tFPFim0ye8PC0r,,人均-,
重庆手工面馆(滨河西路店),https://www.dianping.com/shop/G1yLFr3PeN8oSI3Z,3条评价,人均-,手工水饺 牛肉米线 炸酱面
食全酒美(滨河西路店),https://www.dianping.com/shop/H8ntEUsIsYmEFqNU,,人均-,
黄手艺冒菜,https://www.dianping.com/shop/infIRQYJ6D627iGv,,人均-,
边坝县牛庄涮烤一体火锅,https://www.dianping.com/shop/G5ZFzoAd3lh5SH0Z,,人均-,
兵立王(边坝店),https://www.dianping.com/shop/HaomfccFOfmfoYpa,1条评价,人均-,
三川烧烤店(云南店),https://www.dianping.com/shop/G1qFXrdeaFgTz7HG,,人均-,
堡格垒,https://www.dianping.com/shop/H5xYOiD0w8sTtngW,1条评价,人均-,水果蛋糕10寸 生日蛋糕10寸 黑椒蘑菇牛肉意面
家常味(边坝店),https://www.dianping.com/shop/k2BafXXvLwByYSTG,5条评价,人均￥15,爆炒腰花 凉拌白菜 木须肉
四面藏香,https://www.dianping.com/shop/G1l9vmcE5QqsYEH3,,人均-,
东北饺子馆,https://www.dianping.com/shop/k24rD2YxfOJ58TEa,,人均-,
味香楼,https://www.dianping.com/shop/l6cwCHQcGW0joDmn,3条评价,人均-,椒盐花生 酸菜鱼 麻婆豆腐
小张馒头店,https://www.dianping.com/shop/G6LSkGCyTo34noJZ,1条评价,人均-,炒饭
玉龙藏餐馆,https://www.dianping.com/shop/G3hCtJW7TDQGccdi,,人均-,兰州拉面 凉拌猪肘花 爆炒腰花
边坝县利民饭店,https://www.dianping.com/shop/H6bSLF5sJ7tQUbkE,,人均-,兰州拉面 木须肉 爆炒腰花
汉洲川菜馆,https://www.dianping.com/shop/l5NU793ZEXg5sniT,,人均-,爆炒腰花 凉拌猪肘花 凉拌白菜
极祥饭店,https://www.dianping.com/shop/l47Kg8tSzoRXy11e,1条评价,人均-,东坡肘子 干锅鸡 红烧肥肠
弟兄饭店,https://www.dianping.com/shop/Hast5fkgtU52JjDf,,人均-,
四季饭店,https://www.dianping.com/shop/k26L2Euw38p7nHV2,,人均-,
全味面馆(S303店),https://www.dianping.com/shop/l9Csu1DTJywFna3N,2条评价,人均-,爆炒腰花 木须肉 凉拌白菜
妙春鲜果店,https://www.dianping.com/shop/l5Hle5nAba3SLKQf,,人均-,
紫馨老麻抄手(滨河西路店),https://www.dianping.com/shop/G7zYZuzsbNvtlEOJ,,人均-,
雅州小四川饭店(边坝店),https://www.dianping.com/shop/l5liJMYAHOqvhYrb,1条评价,人均-,卤鸡尖 酸辣土豆丝 炸丸子
名不虚串砂锅串串,https://www.dianping.com/shop/Ffb4kF9DGrP2FohH,,人均-,
贝克汉堡专卖店,https://www.dianping.com/shop/H45vidAkDit49GNB,,人均-,
澳斯堡,https://www.dianping.com/shop/H6Xb8SGpSgUwmfqH,,人均-,
喜成小吃,https://www.dianping.com/shop/k6ZflCgmmiSdeOF6,,人均-,
王老表火锅,https://www.dianping.com/shop/k2qxxUkDAo8c297w,,人均-,
重庆手工面馆(滨河西路店),https://www.dianping.com/shop/G1yLFr3PeN8oSI3Z,3条评价,人均-,手工水饺 牛肉米线 炸酱面
食全酒美(滨河西路店),https://www.dianping.com/shop/H8ntEUsIsYmEFqNU,,人均-,
辣韵小郡肝串串火锅(拓新路店),https://www.dianping.com/shop/k6q4hnq9IHqmDBrp,,人均-,
云南蔬菜店,https://www.dianping.com/shop/l6tFPFim0ye8PC0r,,人均-,
黄手艺冒菜,https://www.dianping.com/shop/infIRQYJ6D627iGv,,人均-,
边坝县牛庄涮烤一体火锅,https://www.dianping.com/shop/G5ZFzoAd3lh5SH0Z,,人均-,
兵立王(边坝店),https://www.dianping.com/shop/HaomfccFOfmfoYpa,1条评价,人均-,
三川烧烤店(云南店),https://www.dianping.com/shop/G1qFXrdeaFgTz7HG,,人均-,
东北饺子馆,https://www.dianping.com/shop/k24rD2YxfOJ58TEa,,人均-,
味香楼,https://www.dianping.com/shop/l6cwCHQcGW0joDmn,3条评价,人均-,椒盐花生 酸菜鱼 麻婆豆腐
小张馒头店,https://www.dianping.com/shop/G6LSkGCyTo34noJZ,1条评价,人均-,炒饭
堡格垒,https://www.dianping.com/shop/H5xYOiD0w8sTtngW,1条评价,人均-,水果蛋糕10寸 生日蛋糕10寸 黑椒蘑菇牛肉意面
家常味(边坝店),https://www.dianping.com/shop/k2BafXXvLwByYSTG,5条评价,人均￥15,爆炒腰花 凉拌白菜 木须肉
四面藏香,https://www.dianping.com/shop/G1l9vmcE5QqsYEH3,,人均-,
玉龙藏餐馆,https://www.dianping.com/shop/G3hCtJW7TDQGccdi,,人均-,兰州拉面 凉拌猪肘花 爆炒腰花
边坝县利民饭店,https://www.dianping.com/shop/H6bSLF5sJ7tQUbkE,,人均-,兰州拉面 木须肉 爆炒腰花
汉洲川菜馆,https://www.dianping.com/shop/l5NU793ZEXg5sniT,,人均-,爆炒腰花 凉拌猪肘花 凉拌白菜
极祥饭店,https://www.dianping.com/shop/l47Kg8tSzoRXy11e,1条评价,人均-,东坡肘子 干锅鸡 红烧肥肠
弟兄饭店,https://www.dianping.com/shop/Hast5fkgtU52JjDf,,人均-,
四季饭店,https://www.dianping.com/shop/k26L2Euw38p7nHV2,,人均-,
妙春鲜果店,https://www.dianping.com/shop/l5Hle5nAba3SLKQf,,人均-,
全味面馆(S303店),https://www.dianping.com/shop/l9Csu1DTJywFna3N,2条评价,人均-,爆炒腰花 木须肉 凉拌白菜
紫馨老麻抄手(滨河西路店),https://www.dianping.com/shop/G7zYZuzsbNvtlEOJ,,人均-,
雅州小四川饭店(边坝店),https://www.dianping.com/shop/l5liJMYAHOqvhYrb,1条评价,人均-,卤鸡尖 酸辣土豆丝 炸丸子
名不虚串砂锅串串,https://www.dianping.com/shop/Ffb4kF9DGrP2FohH,,人均-,
贝克汉堡专卖店,https://www.dianping.com/shop/H45vidAkDit49GNB,,人均-,
澳斯堡,https://www.dianping.com/shop/H6Xb8SGpSgUwmfqH,,人均-,
喜成小吃,https://www.dianping.com/shop/k6ZflCgmmiSdeOF6,,人均-,
王老表火锅,https://www.dianping.com/shop/k2qxxUkDAo8c297w,,人均-,
重庆手工面馆(滨河西路店),https://www.dianping.com/shop/G1yLFr3PeN8oSI3Z,3条评价,人均-,手工水饺 牛肉米线 炸酱面
食全酒美(滨河西路店),https://www.dianping.com/shop/H8ntEUsIsYmEFqNU,,人均-,
辣韵小郡肝串串火锅(拓新路店),https://www.dianping.com/shop/k6q4hnq9IHqmDBrp,,人均-,
云南蔬菜店,https://www.dianping.com/shop/l6tFPFim0ye8PC0r,,人均-,
黄手艺冒菜,https://www.dianping.com/shop/infIRQYJ6D627iGv,,人均-,
三川烧烤店(云南店),https://www.dianping.com/shop/G1qFXrdeaFgTz7HG,,人均-,
兵立王(边坝店),https://www.dianping.com/shop/HaomfccFOfmfoYpa,1条评价,人均-,
边坝县牛庄涮烤一体火锅,https://www.dianping.com/shop/G5ZFzoAd3lh5SH0Z,,人均-,
东北饺子馆,https://www.dianping.com/shop/k24rD2YxfOJ58TEa,,人均-,
味香楼,https://www.dianping.com/shop/l6cwCHQcGW0joDmn,3条评价,人均-,椒盐花生 酸菜鱼 麻婆豆腐
小张馒头店,https://www.dianping.com/shop/G6LSkGCyTo34noJZ,1条评价,人均-,炒饭
堡格垒,https://www.dianping.com/shop/H5xYOiD0w8sTtngW,1条评价,人均-,水果蛋糕10寸 生日蛋糕10寸 黑椒蘑菇牛肉意面
家常味(边坝店),https://www.dianping.com/shop/k2BafXXvLwByYSTG,5条评价,人均￥15,爆炒腰花 凉拌白菜 木须肉
四面藏香,https://www.dianping.com/shop/G1l9vmcE5QqsYEH3,,人均-,
