春山日料店,https://www.dianping.com/shop/G2aTt5zKa791z6cf,1条评价,人均-,儿童款寿司拼盘 和风泡菜 超级小拼盘
常来地摊,https://www.dianping.com/shop/EJLXnFfDoCV6Cpg4,21条评价,人均￥56,猪手握鸡爪 乱炒 烤鸡脚
火炉家牛十九烤肉,https://www.dianping.com/shop/G6qiSneT37Yqc5bT,23条评价,人均￥28,黑胡椒牛排肉 四人套餐 爽口海带根
喜利来蛋糕(总店),https://www.dianping.com/shop/H2T50UimQrdAWQ65,3o1条评价,人均￥98,水果蛋糕 冰淇淋蛋糕 面包蛋糕
秦皇岛涮排骨,https://www.dianping.com/shop/l4JL7D1CBCGqKosh,6条评价,人均-,排骨护心肉锅 大骨棒锅 筋头排骨加
昌龙小酒馆(勃利店),https://www.dianping.com/shop/k3CswDngd4ItmIUh,1条评价,人均-,锅包肉 木须番茄汤 陷饼
老田热面(副食店),https://www.dianping.com/shop/HapGTtosfltOWwMn,25条评价,人均￥1o,塑封热面 鸡蛋 炸肉肠
龙记斑鱼庄,https://www.dianping.com/shop/G3ssP90S1CWQNpLP,15条评价,人均￥35,鱼肉 芝士丸子 鱼汤
独一处地摊,https://www.dianping.com/shop/k5HaQBkJQFpeDJB5,1条评价,人均-,哈皮纯生 羊拐筋 雪花原汁麦
有拈头成都市井火锅(勃利店),https://www.dianping.com/shop/G9grDERvlnfSxPvR,11条评价,人均-,蒜末 卤鸡翅 卤味拼盘
中德冷饮(温州花园店),https://www.dianping.com/shop/l4qUOZuZeO65V7kU,2条评价,人均￥2o,爆米花 大榛子 蛋挞
滋味名厨,https://www.dianping.com/shop/i8UJUnSc5OVw3dux,14条评价,人均￥72,锅包肉 凉拌大拉皮 鸡肉炖粉条
小回回地摊,https://www.dianping.com/shop/G6nVIFnc8kasY3Qx,3条评价,人均-,蚕蛹 脊骨 板筋
中德冷饮(东正店),https://www.dianping.com/shop/H1OTjlDUnIx4d7FL,11条评价,人均￥2o,爆米花 雪花勇闯天涯 花生炒冰果
张宇松阳光龟锅,https://www.dianping.com/shop/k10KXxB52pHvTi61,2条评价,人均-,龟锅 红苹果 老虎菜
32坐炖涮锅,https://www.dianping.com/shop/H7pWn4OdrTeFb2ls,,人均-,精品蔬菜拼盘 柠檬百香果冰粉 牛蛙火锅鸡
鄂尔多斯烤羊腿,https://www.dianping.com/shop/kadkzw8guDCoMNPY,4条评价,人均-,年糕 菌王酱 生菜
新道李地摊烤肉(勃利店),https://www.dianping.com/shop/l4oGZ6rVGfBtjYMD,4条评价,人均-,彩虹芥籽虾 拍黄瓜 冷面
老亮勃利地摊涮肚,https://www.dianping.com/shop/H14aLjnfkuijo9gu,2条评价,人均-,酸辣竹笋尖 麻辣鸭头 麻辣鸭锁骨
专业热面(学府路店),https://www.dianping.com/shop/l7VNZPvy4zJjxxJF,6条评价,人均-,热面一蛋一肉肠一雪碧 卤蛋 秋森粉肠
王家大院(向阳街店),https://www.dianping.com/shop/i1wI5IadwahUzIwj,8条评价,人均-,排骨鸡爪锅 豆角焖排骨 花卷
红兴海鲜烧烤,https://www.dianping.com/shop/l4CNI2fCWkSjWGvL,3条评价,人均-,手撕明太鱼 七分熟小串 锡纸花甲粉
红尘有味融合烤肉,https://www.dianping.com/shop/l9EbRjLTb9PS3iZy,2条评价,人均-,四人套餐 锡纸鳕鱼 烤牛心管
品味小厨,https://www.dianping.com/shop/H3JYI4dKqixhm3Q6,,人均-,永动循环鱼 一鱼三吃 回锅二手口水鱼
木兰小吃狗肉馆,https://www.dianping.com/shop/H67RhZVE2H2uiEaZ,4条评价,人均-,五仁酱 鸭血 沙茶酱
春丽60年代老菜馆,https://www.dianping.com/shop/l31ZwILFmCAGQQ6z,1条评价,人均-,
紫竹林砂锅油饼,https://www.dianping.com/shop/l3D1tLvsZ1ZICOMC,,人均-,
伊鑫小厨,https://www.dianping.com/shop/FMy0v2WgkdIJv3j3,1条评价,人均-,
五餐约会,https://www.dianping.com/shop/l9OtpMwGlneU0BB5,,人均-,
老橡家炖牛肉(明华路店),https://www.dianping.com/shop/k8uD8DCCTAhBFb4U,1条评价,人均-,
鲜味拌面馆,https://www.dianping.com/shop/G2wzhqgNwKCMbcHc,1条评价,人均-,特色拌面 特色拌饭 牛肉丝
庄稼院年猪馆(长安街店),https://www.dianping.com/shop/G17wqmTf4TXzfb04,3条评价,人均￥72,锅包肉 杀猪菜 酸菜白肉
百世麦香手工面条,https://www.dianping.com/shop/HaWxumBCQbUZEphg,1条评价,人均-,尖椒鸡蛋打卤面 火腿炒面 黑椒牛柳炒面
王小二烧烤(勃利店),https://www.dianping.com/shop/H87ocjTPlHVjGHM5,1o4条评价,人均￥2o,羊肉 生筋 烤金针蘑
咖饮格部西餐厅,https://www.dianping.com/shop/k5zvpSRX4WNk99Xu,66o条评价,人均￥35,至尊肉香披萨 水果披萨 肠仔松仁菠菜饭
客拉客串烧工房(长安街店),https://www.dianping.com/shop/HaeaNqIABh7Cwsml,4条评价,人均￥66,
来一份冰粥,https://www.dianping.com/shop/l5UvCrFzpIhIKTWd,,人均-,
部落烤羊腿,https://www.dianping.com/shop/G7oxGxl1m549jzUz,,人均-,
韩乐酱肉小炒,https://www.dianping.com/shop/k6GCp43XT4WtPJf1,1条评价,人均-,
同福大碗麻辣烫(勃利总店),https://www.dianping.com/shop/G3ZDPBnDBsKvWkjM,5条评价,人均-,
金岛热面,https://www.dianping.com/shop/GaxOPkyjaCSJhhSs,,人均-,
罗泉羊场全羊汤,https://www.dianping.com/shop/H9suJAGW9rUJgQdq,5条评价,人均￥18,
一麻二辣麻辣香锅,https://www.dianping.com/shop/HaukfMQ7GuJT3Ytv,3条评价,人均￥32,
紫竹林家庭烤肉,https://www.dianping.com/shop/l5Bl7Umo8TXaslzv,,人均-,
红师傅烤全羊羊蝎子锅,https://www.dianping.com/shop/H6DcbalPneNM8noh,,人均-,
榴芒先生(勃利店),https://www.dianping.com/shop/G9wxTJdSmE0ulib4,1条评价,人均-,草莓奥利奥 椰奶水果捞加榴莲 火龙果酸奶露
酱肉小炒,https://www.dianping.com/shop/k2dJ3WsZzOEQ8TUW,,人均-,炒肚芯 渍菜粉 韭菜鸡蛋
胖嘴肉蟹煲(向阳街店),https://www.dianping.com/shop/gC3OdMs5kFdpt7Kn,4条评价,人均-,香辣鸡翅煲 香辣肉蟹煲 小猪仔排煲
李记熏烧鸡,https://www.dianping.com/shop/iY6hpW4C7jNdfzkS,1条评价,人均￥26,水煮花生米 水饺 可乐
小胡同铁锅炖鱼(分店),https://www.dianping.com/shop/k2SvJtcF6eL8NTNp,1条评价,人均-,小料 铁锅鱼 蒜泥熟筋
重庆老火锅,https://www.dianping.com/shop/k4bgfwxY3H890mVF,,人均-,
冰之侣冷饮,https://www.dianping.com/shop/G4iOa2BqCQEDRvhu,2条评价,人均-,
李记茉莉香鸭颈王,https://www.dianping.com/shop/l1AojRsR7Vduzof9,,人均-,
三兄弟烤鸭(勃利店),https://www.dianping.com/shop/k3yPmWofEoKdZKr6,52条评价,人均￥22,
尚品火锅烧烤食材,https://www.dianping.com/shop/H97yLgYrHiz3NWfb,,人均-,
贵哥安徽板面店,https://www.dianping.com/shop/G6jIaaGSA6I9Qlth,,人均-,
正宗龟锅烧烤,https://www.dianping.com/shop/l7CEToksHJv8UfMt,,人均-,
东方快餐,https://www.dianping.com/shop/l3q67iG10AN3KHI5,1条评价,人均-,
柏记水饺(长安街店),https://www.dianping.com/shop/H692F1osV97Ny7PK,1条评价,人均￥25,
曹记刀削面,https://www.dianping.com/shop/iVAeFLLcJakEwNrZ,1条评价,人均-,
