傣香园,https://www.dianping.com/shop/G71iT2Odh3he1x3O,14条评价,人均￥4o,莴笋炒豆米 炸猪皮 茴香豆米汤
集芳楼铜瓢牛肉,https://www.dianping.com/shop/l6T3sUDX2KiGSfkB,3条评价,人均-,
香村老汉木桶鱼(昌宁店),https://www.dianping.com/shop/G5e762OxBNNM1TX3,1条评价,人均-,辣卤大鸭头 功夫黄瓜片 功夫青笋片
滇西石锅宴,https://www.dianping.com/shop/G1IskC2GJqHkwtT3,146条评价,人均￥4o,铜锅洋芋饭 砂锅鱼 蔬菜
锅房破店(保山昌宁店),https://www.dianping.com/shop/l1AlKgP37ncToFax,9条评价,人均-,椒麻酥肉 暴走牛骨 手打牛肉丸
大理宾川海稍鱼馆,https://www.dianping.com/shop/lamUPwbgJOEgocwq,1条评价,人均-,罗非鱼 豆尖汤 麻辣烤鱼
昌宁风味饭店,https://www.dianping.com/shop/Gazw60bkaNfGBeUo,,人均-,鸡蛋炒饭 炒饵块 酸笋牛肉炒饭
菌王府,https://www.dianping.com/shop/EDkLCLMSj8Zv9uoP,1条评价,人均-,
昌宁三川酒店,https://www.dianping.com/shop/HaREVlK8MfDSDpWt,2条评价,人均-,
老怀兴饭店,https://www.dianping.com/shop/H5zuUkXpdbCURVR7,2条评价,人均-,炒猪肝 黄焖鸡 凉拌猪皮
回味斋清真饭店,https://www.dianping.com/shop/lacolDD0jRVx5PTM,1条评价,人均-,蒜香豆腐 盐水鹅 青椒炒牛肉
泰炭泰式火锅,https://www.dianping.com/shop/k6obZhZ9bc37AiNK,1条评价,人均-,
台北帮厨牛排美食自助餐厅,https://www.dianping.com/shop/l9ikXj21HaQlfeqE,3条评价,人均-,鸡肉洋葱圈 鸡米花 黄金春卷
聚鑫饭店(右甸东路店),https://www.dianping.com/shop/H90DqFilyoHJ7nqz,1条评价,人均-,手撕鸡 青菜汤 乔叶豆粉汤
重庆崽儿火锅(昌宁清真店),https://www.dianping.com/shop/k75tNCADotnkky6u,8条评价,人均-,崽儿梦幻鸭肠 金桔柠檬汁 金桔百香果汁
李记老坛酸菜牛肉火锅(昌宁店),https://www.dianping.com/shop/k3qvgCQzoO3koHaR,7条评价,人均-,鸳鸯锅底 老坛酸菜秘制雪花牛肉 口袋豆腐
盛世金樽大酒店-自助餐厅,https://www.dianping.com/shop/lamM8fflfNssgNkW,3条评价,人均-,安格斯牛排 特色小火锅 海南文昌鸡
香辣虾·品味干锅,https://www.dianping.com/shop/G66TCXidcS7ImPkE,25条评价,人均-,品味香辣虾 墨鱼仔香辣虾 冰稀饭
小城故事火锅(（昌宁店)),https://www.dianping.com/shop/H6fTl8dx2MuvSnKM,29条评价,人均-,红糖糍粑 精品鸭血 精品五花肉
腾冲味道(田园镇店),https://www.dianping.com/shop/l9ETDo5T1o9cgwLH,3条评价,人均-,炒米线 酱肉饵丝 罐罐饵块
德克士(金樽时代广场店),https://www.dianping.com/shop/H1PADN4vnqIani6u,66条评价,人均￥22,脆皮炸鸡 香草冰淇淋 百事可乐中
秀韩式炭烤肉,https://www.dianping.com/shop/G15z76nol8heNc7y,,人均-,乐堡 葡萄味美年达 嘉士伯
大理海稍鱼(昌宁店),https://www.dianping.com/shop/l5MSs5Zi9OinkRMe,43条评价,人均-,铜锅饭 娃哈哈矿泉水 猪血
湖泽酸菜牛肉(昌宁店),https://www.dianping.com/shop/H30YfeXHNb10VmgE,13条评价,人均-,秘制牛肉 秘制酸菜锅 秘制酸笋锅
泰莱泰式烤肉店,https://www.dianping.com/shop/k91tcqv2GsBiPF3M,6条评价,人均-,泰绿手打柠檬 烤五花肉 苏打水咸肉
土坛酸汤片片鱼,https://www.dianping.com/shop/GaqbaH2suQuBPoTM,,人均-,片片鱼 番茄 宽粉条
渔跃派美蛙鱼头火锅(昌宁店),https://www.dianping.com/shop/ElgYlfj1wAADMJUZ,14条评价,人均-,牛蛙 藤椒锅底 豆皮
韩国纸上烤肉馆(昌宁店),https://www.dianping.com/shop/G8YZJSqic9sfi1Zk,1条评价,人均-,
阿拉丁(昌宁店),https://www.dianping.com/shop/l7hgMclcDuo8ql0M,4条评价,人均-,腊鹅焖饭 红烧牛排 牛肉
李家大烧米线(昌宁店),https://www.dianping.com/shop/HasI4pal0XA7oyu2,6条评价,人均-,米线加大烧 李家大烧米线 鲜肉米线
入里今碗饭店,https://www.dianping.com/shop/k8rbPuCHlZeTREmP,,人均-,蒜蓉粉丝虾 砂锅牛肉红烧 腊味杂菜汤
重庆凯文自助火锅店,https://www.dianping.com/shop/l3X7XIngB76axRXY,4条评价,人均-,猪脚 五花肉 花甲
甩一碗羊汤锅,https://www.dianping.com/shop/EvurwMAVLe8LXJ7T,,人均-,香辣虾 小炒羊肝 小炒羊肉盖饭
田园山茅田鸡鲜活馆(昌宁店),https://www.dianping.com/shop/H9YwdFuItaDSUiAO,9条评价,人均-,木耳 丝瓜 凉拌猪耳朵
一品驴肉馆,https://www.dianping.com/shop/G73XIpAfaoi0gtvI,,人均-,红烧驴肉 驴干巴 蛋卷
火塘人家山庄,https://www.dianping.com/shop/H2oqeUF8ernBNuVh,,人均-,
永平黄焖鸡(新文小区店),https://www.dianping.com/shop/G7WCrp0iKkEqY0fY,,人均-,
雾造·Sled Ice,https://www.dianping.com/shop/H8hDCyLEuZGOfWK1,3条评价,人均-,
蟹逅(隆祥花园店),https://www.dianping.com/shop/kaqZOP8UCVnYXSPp,1条评价,人均-,
贝乐谷花园餐厅,https://www.dianping.com/shop/EwuwQ8rgMojDCTGn,,人均-,
渝味锅底捞自助火锅(生态公园店),https://www.dianping.com/shop/H3XiaG3tUieqqwXn,6条评价,人均-,
昌宁县田园镇小二芒怀食馆,https://www.dianping.com/shop/l9V7dYNNO7RWstPT,,人均-,
我家酸菜鱼(宝达路店),https://www.dianping.com/shop/k3S8kFvuBSJCP0ke,,人均-,
重庆毛儿老火锅(昌宁店),https://www.dianping.com/shop/l6B1ZBLV89bK4Xkk,2条评价,人均-,
华莱士·全鸡汉堡(昌宁餐厅店),https://www.dianping.com/shop/FDWQWOOBFkKJeGiM,12条评价,人均-,
昌宁海鲜大咖,https://www.dianping.com/shop/l5uc6eOwme62Yuh7,,人均-,蒜蓉粉丝 香辣蟹 干锅香辣牛蛙虾
网红奶茶,https://www.dianping.com/shop/G9WmWKQUgkUIWx0k,,人均-,橙萝碰见西瓜 菠萝舂鸡脚 泡鲁达
波澜阁(昌宁店),https://www.dianping.com/shop/k1m2koFYYCjS8ID2,2条评价,人均-,泡鲁达 酸竹笋牛肉炒饭 豪华龙虾
庞客pumk bor(金樽时代广场店),https://www.dianping.com/shop/l5Dll3wd1PUAYhJQ,1条评价,人均-,红烧肉套饭 酸菜鱼套饭 小米辣牛肉炒饭
煜善自助火锅城,https://www.dianping.com/shop/G1npK4mZkwFfwOYR,1条评价,人均-,
瑞和人家,https://www.dianping.com/shop/G3WkQdnX7AgFy2jB,3条评价,人均-,甘蓝 烤鸭 小炒肉
钟大华麻辣烫,https://www.dianping.com/shop/H3I2JzoI9BBaBGRN,,人均-,羊肉串 猪粉肠 豆尖
艳华烤鱼,https://www.dianping.com/shop/hK2IEkvj7RHrKDUG,3条评价,人均-,炸洋芋 烤鱼 烤韭菜
大理鱼庄,https://www.dianping.com/shop/k7WN43dSGKDFuOv2,,人均-,爆炒腰花 泡椒猪肝盖饭 干巴洋芋丝炒饭
吾饮良品水果茶(文昌街店),https://www.dianping.com/shop/EB1KvhlzV6kzjCEd,12条评价,人均-,招牌珍珠奶茶 满杯烧仙草 杨枝甘露
正宗富源酸菜猪脚火锅,https://www.dianping.com/shop/l6xTkUWAgoVWvQp9,,人均-,豆芽 黄花菜 白菜
小城大吃(昌宁店),https://www.dianping.com/shop/GakiHtEKx0R5MTSD,2条评价,人均-,泡豆腐 生芒果 拌李子
四合府小吃,https://www.dianping.com/shop/k9cipR2S3zokSwhy,,人均-,牛肉串 鸡脚筋 牛彪
益禾堂(昌宁县文昌街店),https://www.dianping.com/shop/l3z4nKTUpYZI7I04,2条评价,人均-,益杯烧仙草 禾堂奶绿 栗上茉香
景颇岩罕人家音乐餐吧,https://www.dianping.com/shop/HadDDNBLdQbJPUai,,人均-,柠檬水 番茄炒鸡蛋 柠檬拌黄瓜
