香勤夜宵,https://www.dianping.com/shop/kak3RndC97N1twwg,222条评价,人均￥99,爆炒鲜鱿鱼 海瓜子肉 炸饺子
家合海鲜店(棋子湾店),https://www.dianping.com/shop/H7cfF2iTKAgM84IV,264条评价,人均￥83,海瓜子 家合秘制辣炒蟹 茄盒
海南棋子湾开元度假村·祺咖啡,https://www.dianping.com/shop/l8yicNuGqRz9oZIw,511条评价,人均￥158,海鲜自助晚餐 自助早餐 白切文昌鸡
小柴米川厨,https://www.dianping.com/shop/GaLWGtwZZGT6JhZL,1o1条评价,人均￥7o,鱼香肉丝 香辣蟹 白灼虾
三得正宗羊羔店,https://www.dianping.com/shop/l22rNjIPeaxHkuCC,116条评价,人均￥117,白斩羊 炸羊肉 红烧羊
木棉饭店,https://www.dianping.com/shop/l3C7xoG808pnJWoC,67条评价,人均￥73,水煎包 糯香排骨 黑椒牛仔骨
叶姐海鲜(棋子湾店),https://www.dianping.com/shop/EVQJa35wJnRwzpiF,5o4条评价,人均￥99,爆炒螃蟹 炒四角豆 杂鱼煲
十八碗(昌江恒基广场店),https://www.dianping.com/shop/H4fGJyXIvElYSJTw,152条评价,人均￥4o,美极蒸鱼头 梅菜扣肉 豆角茄子
棋子湾万国大酒店-木棉中餐厅,https://www.dianping.com/shop/k7xvqYv104kfQXmQ,15条评价,人均￥118,野竹笋东坡肉 双菇手工豆腐 秘制毛血旺
真记海鲜店(棋子湾店),https://www.dianping.com/shop/H2TvVeUDbHRBB2bX,117条评价,人均￥116,椒盐虾 蒜香排骨 海鲜蒜蓉开边蒸虾
重庆刘一手火锅(全球第1132家门店),https://www.dianping.com/shop/H62paH7xIa5Uvwm4,1o4条评价,人均￥128,
CoCo都可(昌江恒基店),https://www.dianping.com/shop/k7VxWY4GAG80Vrc8,4条评价,人均-,
祺味馆中餐厅,https://www.dianping.com/shop/k4LT7DxP9nOllQ3g,133条评价,人均￥123,
迎海海鲜楼,https://www.dianping.com/shop/l19oRLdQBI7OX4df,45条评价,人均￥61,
玩煮炭火锅,https://www.dianping.com/shop/k1AYYg52qCIOdgVU,156条评价,人均￥79,
匠子烤鱼(恒基广场店),https://www.dianping.com/shop/l6sSA7lSYT4qlnxq,2o5条评价,人均￥68,香辣味烤鱼 匠子酱香土豆味 柠檬茶
正耀烤肉,https://www.dianping.com/shop/l6R19tQ7twfY5gcv,26条评价,人均-,自助烤肉火锅 丰富素食菜 寿司
杨记串串香,https://www.dianping.com/shop/l48XYV1rvsXxklFx,8条评价,人均-,茼蒿
SYF水一方,https://www.dianping.com/shop/H9sjioYBxguyFDJf,9条评价,人均-,
新达东羊肉店,https://www.dianping.com/shop/H7F2MQOCahGzKG0k,11条评价,人均￥1o6,清炖羊肉 牛肉酱 麻酱
新港生生海鲜酒楼,https://www.dianping.com/shop/k4RxudM26JJpNmGM,29条评价,人均￥157,清蒸石斑鱼 海南大虾 半边螃蟹
怪咖z,https://www.dianping.com/shop/k3aDGA60NN42P1lw,1条评价,人均-,薄荷苏打 刺身生蚝 生腌蟹
海南万国棋子湾海滩大酒店·浪全日西餐厅,https://www.dianping.com/shop/G51G6Lmbho5w3aAR,6条评价,人均-,
原味主张椰子鸡(昌江恒基广场店),https://www.dianping.com/shop/H32f6wN1qle7TmCz,77条评价,人均￥97,原味椰子鸡汤 天然珍珠马蹄 超级腊味饭
小黄牛牛排店(环城东路店),https://www.dianping.com/shop/G5LbCJ8oIwkaWAG3,1条评价,人均-,
沙姜鸡食味馆,https://www.dianping.com/shop/k5mYXfLmB5VDTX2m,14条评价,人均￥67,沙姜鸡 咸鱼茄子煲 鱿鱼
大众海鲜大排档,https://www.dianping.com/shop/k1hAiSqoS6x4T25T,51条评价,人均￥138,海鲜 螃蟹 鱿鱼
花梨坊,https://www.dianping.com/shop/laLKqFUKF5hqr0Dy,5条评价,人均-,番茄炒蛋 豆腐 山药
红林老鸭店,https://www.dianping.com/shop/l6D7agBjD9SzXkr2,15条评价,人均￥59,干煸鸭 炖老鸭 白切鸭
芳姐烤羊腿羊排全羊(昌江店),https://www.dianping.com/shop/l3CogYTRlpGfHzCc,35条评价,人均-,烤羊腿 羊肉串 生蚝
昌港海鲜店(棋子湾店),https://www.dianping.com/shop/G3692MGNiiAWgyF8,18条评价,人均￥4o,白灼大海虾 丝瓜螺肉 麻辣豆腐
福满园农家饭店,https://www.dianping.com/shop/kaQj8Nc1gdvcpdTY,4条评价,人均-,豆豉排骨 干煸鸭 炸鱿鱼
麦当劳麦乐送(昌江恒基广场店),https://www.dianping.com/shop/G47fu6mOYFkd2qz0,45条评价,人均￥26,辣腿翅乐套餐 薯条冰淇淋混搭拼盘 麦麦脆汁鸡
海龙甲甲鱼餐厅(恒基广场店),https://www.dianping.com/shop/l9iPqeB7fUXzd19B,4条评价,人均-,筒子骨炖甲鱼
三棵树粉店,https://www.dianping.com/shop/k9L6GYBgAZoUhRGD,8条评价,人均-,腌海南粉 炒粉瘦肉 捞饺
东升饭店号三得正宗羊羔,https://www.dianping.com/shop/k1F2T9TdKt4rIFQK,14条评价,人均￥81,黄金大饼 白斩羊肉 白斩乳羊
西岸苏尔,https://www.dianping.com/shop/l2Vd1xV4SPFHhsgW,17条评价,人均-,薯条 鳗鱼饭 乌冬面
湖南人家(昌化镇店),https://www.dianping.com/shop/k2o8yN5XF4Vf0FCO,7条评价,人均-,花菜 凉拌皮蛋 油炸花生
泉聚鹅食庄,https://www.dianping.com/shop/kaR0bBWoZT9AwVqO,1条评价,人均-,白斩鹅 清炒空心菜
琼潮渔村,https://www.dianping.com/shop/k8rVGRbRI1MPtB7v,6条评价,人均-,烧鹅， 煎蛋 赖尿虾
冰城东北味道连锁饺子馆,https://www.dianping.com/shop/jh9neb8g6ku7r1GA,19条评价,人均￥56,锅包肉 煎饼盒子每 酸菜猪肉水饺
鹏江春美食城,https://www.dianping.com/shop/H4ojnURY2iCklmjL,14条评价,人均￥91,芋头卷 潮州肉卷 橄榄猪肺汤
汉釜宫,https://www.dianping.com/shop/k1OoBEDmL1K0clJz,16条评价,人均￥76,秘制鲜牛肉 韩式炒饭 雪花猪颈肉
顺顺饭店,https://www.dianping.com/shop/kaRIjcaPzt6J6pSV,1条评价,人均-,鱼煲 炸排骨
松之光酒店·黎香味道,https://www.dianping.com/shop/H7ELmOaezJO8KiRy,7条评价,人均-,海鲜炒饭 黎家炒饭 炸酥肉
简鹿糖水铺(恒基广场店),https://www.dianping.com/shop/H3OHB85NN7N8yQlq,1o条评价,人均-,椰香芋奶红豆 椰香芋奶桃胶 雪燕银耳炖椰汁
时尚川妹火锅(昌江店),https://www.dianping.com/shop/G3zQB329Tc2GSlZN,26条评价,人均-,红糖糍粑 巴蜀毛肚 手工虾滑
嘉陵巷卤味火锅(昌江店),https://www.dianping.com/shop/l68NfIvFhSPtsZOI,66条评价,人均￥85,精品肥牛 闹海虾滑 团圆鸭血
红望海鲜店,https://www.dianping.com/shop/HaIEObFbHnsi4Qku,3条评价,人均-,椒盐皮皮虾 白灼麻虾 杂鱼煲
妙蛙种子,https://www.dianping.com/shop/H5sFIdxXeo8s3ci3,3条评价,人均-,香菜 金针菇 骨肉相连
老字号加积鸭饭店,https://www.dianping.com/shop/H93p5Ak24DZnY3rt,7条评价,人均-,加积鸭 加积鸭簸箕菜 自制辣酱
龙记(肠粉店),https://www.dianping.com/shop/EQDZ3x5ZOWhnj9nb,2条评价,人均-,云吞粉汤 牛肉鸡蛋肠 鸡蛋瘦肉肠粉
甜瑗小记,https://www.dianping.com/shop/H85zZEH7dPaF1cf9,1o条评价,人均￥9,芋圆鸡屎藤 椰奶芋圆清补凉 豆浆
泰式手标奶咖,https://www.dianping.com/shop/k36C1jG0GfwdFImX,1条评价,人均-,泰式绿色甜心 百香果凤梨啵啵 哈密瓜汁
老周文昌鸡饭店,https://www.dianping.com/shop/G3DBxTpAfstsnppD,2条评价,人均-,冬瓜海螺汤 红烧牛腩 正宗文昌阉鸡
川粤·印象,https://www.dianping.com/shop/isdLdwGjcWbxnEHs,11条评价,人均￥61,核桃包 香菜饺 葡挞
姐妹农家菜馆,https://www.dianping.com/shop/H2RgiNmc8Vu6Lz4X,12条评价,人均￥56,炸蛋 炸河鱼河虾 红烧猪脚
哇哇香辣坊,https://www.dianping.com/shop/k1Wq9wNi2mIdgaOL,38条评价,人均-,香辣牛蛙 小酥肉 芽菜炒饭
鼎味儋州米烂(兴业广场店),https://www.dianping.com/shop/H4Y9tgglnfVEYWtJ,4条评价,人均-,碱水馍 芝麻馍 豆角猪肠粉
微微安串串香,https://www.dianping.com/shop/GaXR8owEhCcGppXw,2条评价,人均-,油豆腐 嫩鸭血 掌中宝
