蜀香三绝 川菜·牛蛙·烤鱼·双椒鸡(昌邑 中央商务区...,https://www.dianping.com/shop/Ea942ApLIzoxw30O,1682条评价,人均￥87,蜀香三绝 牛蛙餐 巫山特色烤鱼
鹿卡西餐厅(解放路店),https://www.dianping.com/shop/G3GjGOxt3b8M1p5H,33条评价,人均￥125,多汁鸡扒佐沙拉 澳洲安格斯谷饲牛排 黄咖喱鸡肉配香米饭
半天妖烤鱼(潍坊昌邑全福元店),https://www.dianping.com/shop/jaWw9D2krxVrKuMK,1291条评价,人均￥65,五常大米 无限自助 麻辣烤鱼
郝家菜馆,https://www.dianping.com/shop/k65hHqRbdFBPYHgH,174条评价,人均￥53,海鲜疙瘩汤 锅包肉片 老昌城炸肉
蒸尚游蒸汽海鲜,https://www.dianping.com/shop/k8o2ljrbDsPo5Fsk,149条评价,人均￥62,蒜蓉粉丝大扇贝 营养海鲜粥锅底 海鲜粥
养善斋,https://www.dianping.com/shop/G2LY4BGDLiLRvuRo,2条评价,人均-,手切羊肉 安格斯谷饲牛小排 醉蟹
众兽山·和牛料理,https://www.dianping.com/shop/k721LpeOn2hikI6A,4条评价,人均-,牛排 加州卷 章鱼小丸子
鱼汇鲜蒸汽石锅,https://www.dianping.com/shop/l6LwRkG9Bu29YVxi,238条评价,人均￥39,石锅鱼 鮰鱼锅 草鲤鱼
四海饭店,https://www.dianping.com/shop/l9iPSS1OPUW6F9fS,18条评价,人均￥122,咸菜丝炒八带 一品蛋酥 烤羊腿
天香谷烧烤(城里街店),https://www.dianping.com/shop/j96iE8S4uiH0e9El,925条评价,人均￥86,五花肉 猪肉串 芝士玉米粒
东北家常菜,https://www.dianping.com/shop/G6OWTVrs2fxTpqHj,5条评价,人均-,锅包肉 溜三样 溜肝尖
森林野兽花园火锅(天水路店),https://www.dianping.com/shop/k1g0VKLflg9crVBy,72o条评价,人均￥6o,秘制嫩牛肉 牛芭比 虾滑
齐氏牛肉包,https://www.dianping.com/shop/H5o5rtbPTqQ34M3q,3条评价,人均-,
全福楼酒店,https://www.dianping.com/shop/G3K9P61k2ZrmNQZm,2o6条评价,人均￥39,山药绿豆粥 家焖鲈鱼 全福大煎饼
关东铁锅炖(昌邑店),https://www.dianping.com/shop/k659OaKADLIAylJv,52条评价,人均-,灶台排骨锅 土豆 干豆角
九府羊(昌邑店),https://www.dianping.com/shop/G3GBqo5q8nCYWB4y,3条评价,人均-,羊排 娃娃菜 菌类拼盘
金鼎楼海鲜食府,https://www.dianping.com/shop/ka2zGYjzhtvYHX9X,114o条评价,人均￥145,菠萝香米饭 红烧肉 金鼎香熏鸡
蜀香宫重庆老火锅(奎聚路店),https://www.dianping.com/shop/k2uuhqKmXl7iuWxW,188条评价,人均￥7o,极品嫩牛肉 秘制鸳鸯大锅 手工鲜鱼滑
小猪查理川式烤肉（昌邑天水路店）(昌邑店),https://www.dianping.com/shop/G5czgdBVi2UR2ez3,4o8条评价,人均￥79,坨坨牛肉 叉烧五花肉 芝士玉米
东北农家院,https://www.dianping.com/shop/H6QHD6t2xwbRk8wa,9o条评价,人均￥41,锅包肉 酸菜炖大骨头 香酥辣子鸡
鱼记·鲸麓,https://www.dianping.com/shop/l9cT1wubHV5PHks7,7条评价,人均-,鱼头泡饼 金汤鱼丸 酥油饼
昌邑宾馆·惠宾楼,https://www.dianping.com/shop/l7QBWSqFBsWthTt4,7条评价,人均-,炖白菜炖刀鱼 热合菜 酱香牛肉
小熊托尼美式市井烤肉·自助·烤串(潍坊昌邑店),https://www.dianping.com/shop/k3zsrNU2z4GCGhq6,56条评价,人均-,锡纸花甲 撩妹五花 奥啃鸡翅
真火•老东北烤肉(昌邑店),https://www.dianping.com/shop/l1GxnwyF5GZy7Cnp,172条评价,人均-,芝士玉米粒 精品五花肉 招牌蜜汁梅肉
海玲全羊馆,https://www.dianping.com/shop/l2kmQPWKgoiSfLXT,2条评价,人均-,羊汤 全羊 羊杂
人外人重庆火锅(昌邑四合院店),https://www.dianping.com/shop/l7PM8IAYsldPDV3A,58条评价,人均-,
洪福人家海鲜烧烤大排档(一部城里街店),https://www.dianping.com/shop/G29mxexfBqzAkaOM,16o3条评价,人均￥63,
简鹿糖水铺(昌邑店),https://www.dianping.com/shop/l4hBvX70XctEahSP,7条评价,人均-,
遇见炸串店,https://www.dianping.com/shop/EeYr0NRB1f6wvali,1o条评价,人均-,
金陵御景湾酒店,https://www.dianping.com/shop/Ekr1W0EMhRhFjC9q,21条评价,人均-,
相隅精宿shang餐吧,https://www.dianping.com/shop/k9tDT6LI2mQNEvoe,227条评价,人均￥34,生炒小公鸡 陈醋花生 玫瑰包
聚鲜阁(昌邑总部),https://www.dianping.com/shop/H6MOoaxhX5GZvj3K,14条评价,人均-,鲍鱼 海鲜三拼 海草
秋风红叶精致寿司,https://www.dianping.com/shop/kaoFbEuHwWqs8QV1,124条评价,人均-,红叶定制寿司 澳洲牛五花 鳗鱼炒饭
酥乾隆昌邑店,https://www.dianping.com/shop/H3Ap4yq95qYR18xH,22条评价,人均-,奥利奥肉酥小贝 手指麻薯 原味牛乳泡芙
悦羊楼,https://www.dianping.com/shop/G97pwlfoYZtSEbcv,7条评价,人均-,羊肉 肥牛 丸子
青麻小馆(昌邑店),https://www.dianping.com/shop/H36dUygGUH2PGmmv,131条评价,人均-,红酒雪梨 芝麻水煮鱼 口水鸡
也行小馆,https://www.dianping.com/shop/H9QBK9KCMQ10OyoW,1条评价,人均-,也行土豆丝 甜麻花蛤 肉末麻婆豆腐
三只羊妈妈菜,https://www.dianping.com/shop/GaaaqxI4bzpNmtsL,78条评价,人均-,烤羊排 特色烤全羊 油条拌黄瓜
191重庆新派火锅,https://www.dianping.com/shop/k7iEcv05gL3xbFIS,293条评价,人均-,红糖糍粑 草原羔羊肉 鸳鸯番茄锅底
老西関手抓海鲜,https://www.dianping.com/shop/l6IGdwLL3K6TMusI,239条评价,人均￥58,铁锹海鲜 徒手海鲜 徒手排骨
金汉亭自助烤肉(利民街店),https://www.dianping.com/shop/k5tsfirul7hDdGn8,114条评价,人均-,藤椒牛肉 寿司 韩式猪梅肉
老王肉火烧,https://www.dianping.com/shop/H28UTjZWh1a8ovSQ,1条评价,人均-,花生萝卜咸汤 手切肉火烧 榨菜芯
燦然焼肉酒场(昌邑店),https://www.dianping.com/shop/jyXpO7ou6GkJM2i1,59条评价,人均￥12o,明太鱼籽土豆 牛肉饭 精品香葱牛舌
印象昌邑,https://www.dianping.com/shop/k6qxdPqRwyOM1zYa,1o条评价,人均-,蛋花大虾盅 精品海鲜锅 糖醋鲤鱼
好爸爸蛋糕(文昌路店),https://www.dianping.com/shop/G7XapAALl0bZVoiJ,47o条评价,人均￥4o,芒果千层切块 榴莲千层切块 水果蛋糕
永盛鱼馆,https://www.dianping.com/shop/l9PtvRH9Y9sRb0bj,268条评价,人均￥35,酸菜鲶鱼 酱香猪蹄 糖醋里脊
聚义堂火锅烤肉,https://www.dianping.com/shop/H2g76V6brcqpER9a,9条评价,人均-,卢俊义玉米 戴宗豆皮金针菇 阮小七鱼豆腐
小团圆八大盆No.2,https://www.dianping.com/shop/Haeu6fIBBfyyGE9H,11条评价,人均-,水煮肉片 风味茄子 老坛酸菜鱼
Blue-0831咖啡,https://www.dianping.com/shop/G2cRooTuQ1cQQRkv,3条评价,人均-,生椰拿铁 燕麦拿铁 丝绒拿铁
丹香(昌邑全福元店),https://www.dianping.com/shop/l5JjhgTVWaBQ9R5e,379条评价,人均￥8o,美式泥巴 雪顶奥利奥 西西里
我和青春有个约会·炭火烤肉(昌邑店),https://www.dianping.com/shop/k9Xfr4U10TpxSmtQ,79o条评价,人均￥49,芝士玉米粒 KFC小饼 精品五花肉
捉鸭记(全福元店),https://www.dianping.com/shop/G3W4BloSXLwefBKg,78条评价,人均-,招牌爪翅干锅 香酥薯饼 招牌超值爪翅干锅大锅
丽湖蒸菜(奎聚路店),https://www.dianping.com/shop/k5Gnz2Ugr4op5lwk,777条评价,人均￥5o,丽湖扣肉 梅菜扣肉 糖醋里脊
南浦洞肉家,https://www.dianping.com/shop/F7dSWizc41dRmRjz,47条评价,人均-,土豆泥 五花肉 泡菜
金满城韩式自助烤涮(昌邑店),https://www.dianping.com/shop/H9oBvf7k17ejetn1,1849条评价,人均￥52,火锅烤肉 羊肉卷 冰淇淋
韩炉村碳火烤肉,https://www.dianping.com/shop/H6dWJ4ebEoJ6vDd3,3条评价,人均-,原味牛五花 和风牛仔骨 法式小羊排
张老坎时尚轻火锅,https://www.dianping.com/shop/laQHMyLBcvL9Uyjk,261条评价,人均￥47,素菜自助 精品五花肉 手切羊肉
人民公社大锅台,https://www.dianping.com/shop/G4OesGPH5u5fzFyS,6条评价,人均-,铁锅炖排骨 铁锅炖 铁锅炖鸡
地锅炖(奎聚路店),https://www.dianping.com/shop/G62uhwsPV4qLGJK2,27o条评价,人均￥26,地锅炖鸡 炖大鱼 花卷窝窝头
多福饺(昌邑店),https://www.dianping.com/shop/l7BwHhhg83wZ5hgM,74条评价,人均-,虾仁三鲜水饺 白菜肉水饺 黄瓜鸡蛋水饺
