北27號·黄河入海,https://www.dianping.com/shop/l1zMgG7jalZoRAYo,14o7条评价,人均￥78,酿皮子 牛奶鸡蛋醪糟 臊子面 （小）
常季海鲜(阿那亚店),https://www.dianping.com/shop/l6v5X8A6jlUgHNhU,384条评价,人均￥251,生焗海鲜 杏仁茄子 水手海肠捞饭
Restaurant y·sea,https://www.dianping.com/shop/k6cKbDOtDT5uvOBy,2o67条评价,人均￥256,日式蒜香牛里脊饭 餐包 蒜香黑虎虾
naive理想国(阿那亚店),https://www.dianping.com/shop/H7VSl10paQiGIYUl,127条评价,人均￥64,dirty 白咖啡 白桃乌龙冷萃
晓麦穗大餡蒸餃,https://www.dianping.com/shop/la58YIVu2CX2fIW4,198条评价,人均￥72,海苔鲜贝蒸饺 臻品海胆蒸饺 手剥大虾蒸饺
味从山海(阿那亚店),https://www.dianping.com/shop/laCwIsed23LnpiJR,195条评价,人均￥94,西柚波波酸酸乳 柚子奶黄分子珠 普洱冰淇淋
森海隐泉·SHINKAI(黄金海岸店),https://www.dianping.com/shop/G47ksjamHFYZGThj,1164条评价,人均￥297,蝴蝶卷 鹅肝牛肉 寿喜烧
珍滋味海鲜火锅酒家(阿那亚店),https://www.dianping.com/shop/G4th1qg9gt5qoYvz,6o条评价,人均￥349,招牌瑶柱粥火锅 特价黑金鲍 龙虾海鲜拼盘
阿那亚·阿村烘焙aranya bakery(小镇广场店),https://www.dianping.com/shop/l2c7UXzGc17tNr2G,37条评价,人均￥44,豆咖小白 开放式什锦三明治 奶酪黑提子欧包
阿那亚海风酒吧 Breeze Bar,https://www.dianping.com/shop/H34MZy9bk7pvR07i,2312条评价,人均￥145,烧烤 烤串 摩天牛肉汉堡
XXSHOKU宿咕(阿那亚店),https://www.dianping.com/shop/G6HD5Ddl1tTB12H4,149条评价,人均￥55,蛋挞 羊角可颂 苹果派
He Kitchen&Co(邻里中心店),https://www.dianping.com/shop/H8iIPQOp5Jfjj6Mo,877条评价,人均￥113,安格斯牛眼肉汉堡 牛油果鸡肉藜麦沙拉 迷迭香炸鸡块
禧粤啫啫茶(阿那亚店),https://www.dianping.com/shop/HaqOQQZmUoTJpJFz,128条评价,人均￥155,玻璃脆皮乳鸽 经典腊味煲仔饭 麻辣皮皮虾
阿那亚第三食堂 Cafeteria 3,https://www.dianping.com/shop/G19ReBJ5img8uhqf,945条评价,人均￥47,兰州牛肉拉面 油条 巴西烤肉
NINER’S阿那亚美式餐厅,https://www.dianping.com/shop/G6URcptAHgHSNKS9,333条评价,人均￥1o6,经典美式牛肉堡 美式炸鸡 墨西哥Tacos拼盘
戴河香地方名吃海鲜大馅蒸饺(黄金海岸一店),https://www.dianping.com/shop/k3heMTXJPSu6FD98,31o1条评价,人均￥99,获奖三鲜大馅 极品大虾大馅蒸饺 戴河香招牌鲈鱼
阿那亚鱼市 Fish Market(剧场店),https://www.dianping.com/shop/G28zN49RHnXi2Vjx,1o1条评价,人均￥125,蒜蓉口蘑 奶油意面 烤蔬菜
熙成烧烤旗下·熙隐烤串酒场(黄金海岸店),https://www.dianping.com/shop/G5sjNE02LSfyIeXO,199条评价,人均￥136,五花鱼籽 极品宫后筋 精酿啤酒
桐爷小馆(昌黎店),https://www.dianping.com/shop/G3g32R0BdACp85n9,146条评价,人均￥81,飘香臭鳜鱼 辣椒炒肉 臭豆腐
BLG法式小馆(阿那亚店),https://www.dianping.com/shop/G6Whm0oXVEWvU0WT,35条评价,人均￥155,餐前面包 煎牛排配鹅肝 澳洲安格斯汉堡
羊汤大饼馅饼,https://www.dianping.com/shop/ladO0DRreL1pLmvB,4条评价,人均-,羊头肉汤 大饼 羊肚汤
熹堂·火锅(阿那亚店),https://www.dianping.com/shop/H8NwH9oNlh3qhxcL,47条评价,人均￥131,羔羊后腿 麻酱烧饼 菌汤泉水清汤小锅
正亮农家院·海鲜本地菜,https://www.dianping.com/shop/l5uNzsJ2FErZYmVV,447条评价,人均￥69,八爪鱼炖肉 香辣鱿鱼 椒盐皮皮虾
az街角咖啡店,https://www.dianping.com/shop/l3VDRaiXRwDdZfWg,7o条评价,人均￥45,山楂dirty 生椰拿铁 牛肉卷薄饼披萨
BACCO意大利酒庄牛排餐厅,https://www.dianping.com/shop/G68kA98CklOGc2R3,527条评价,人均￥344,餐前面包 黑松露披萨 猪肋排
DOE Coffee(阿那亚店),https://www.dianping.com/shop/H6CWn0xbxoQHj15P,18条评价,人均-,南瓜拿铁 招牌冷泡 姜姜好
嘉园酒店,https://www.dianping.com/shop/l5IEZPeciCuiVOhI,6条评价,人均￥27,全羊汤 水煮鱼 羊杂汤
TIENSTIENS将将(阿那亚店),https://www.dianping.com/shop/k5G5fghlAm7kXb4U,189条评价,人均￥87,舞蹈家小节 皇后 马卡龙
米村拌饭(昌黎兴龙广缘店),https://www.dianping.com/shop/k1ca77365oeGD2ve,36条评价,人均￥26,石锅拌饭 金枪鱼拌饭 安格斯肥牛
海客厅(阿那亚店),https://www.dianping.com/shop/G8sdFfJVkhXJID5s,112条评价,人均￥164,烤鸭 红烧带鱼 杨枝甘露
合品记•湖南私房菜&小龙虾(阿那亚店),https://www.dianping.com/shop/H9KMCgimmZyD7ccN,56条评价,人均￥122,臭豆腐酸菜肥肠 臭桂鱼 招牌干爆虾
勾勾烤,https://www.dianping.com/shop/Gap0o25SkQi6yvRw,66条评价,人均￥23o,勾勾肉 秘制五花肉 泡菜饼
Manner Coffee(阿那亚店),https://www.dianping.com/shop/H5gWhdpEKy9QPDFK,62条评价,人均￥24,冰美式 清橙拿铁 燕麦拿铁
誠記糖水鋪,https://www.dianping.com/shop/Ga6VHkDJ65rdfQq0,283条评价,人均￥4o,杨枝甘露 陈皮红豆沙 芒果白雪黑糯米
熙成烧烤(昌黎店),https://www.dianping.com/shop/Ff7io7O5bN9AlBvy,682条评价,人均￥75,宫后筋 五花鱼籽 冷面
品味西班牙,https://www.dianping.com/shop/G7PINO9RheyqMdLu,23条评价,人均￥245,
傻丫头,https://www.dianping.com/shop/H1xIrUbwkJ7hWYw4,2o条评价,人均-,
大蒲河嘉园业主食堂,https://www.dianping.com/shop/l4T3UdzQFacriqbX,3o条评价,人均-,
云海肴·云南菜 蒸汽石锅鱼(阿那亚店),https://www.dianping.com/shop/Fn2dYOnQrWjFLitZ,14o条评价,人均￥124,
THE WILD ORCHID洋兰泰,https://www.dianping.com/shop/G2U08iU61EjHuqbF,93条评价,人均￥141,
深夜食堂,https://www.dianping.com/shop/H9f42TJx4h56FaKs,94条评价,人均￥138,
PHO越南粉,https://www.dianping.com/shop/k9fdgHl8lMOJQ4dc,236条评价,人均￥81,
晓渔村地方菜(民生路店),https://www.dianping.com/shop/G4fvTHan02nDDYHz,154条评价,人均￥72,
赵家馆(总店),https://www.dianping.com/shop/laU2vtR9Ke81a86a,932条评价,人均￥71,
老地方昌黎宴(昌黎二店),https://www.dianping.com/shop/l99KrsvCfdIOFVOb,134条评价,人均￥73,
上海私房菜,https://www.dianping.com/shop/l7gxkrN07ADOcxNj,1o4条评价,人均￥161,红烧肉 葱油拌面 糖醋排骨
冲浪熊意式餐厅(昌黎店),https://www.dianping.com/shop/G5d6v2oy99ZZKykX,682条评价,人均￥82,金牌土豆披萨缤纷系列 榴莲披萨 美式粗薯
晓渔村地方菜(碣阳大街店),https://www.dianping.com/shop/G1PpeGmz0IJyIZbP,1o4条评价,人均￥84,石锅碟鱼头 昌黎炸千子 渔村海渔锅
秋洪海鲜(海鲜市场对面2店),https://www.dianping.com/shop/H1NYAMhNi6FxHFW5,143条评价,人均￥76,生蚝 清蒸梭子蟹 虾爬子
Chi 北方菜,https://www.dianping.com/shop/k1GpbIvekMMAx42p,129条评价,人均￥154,牛肉饭 海鲜疙瘩汤 酸菜肥肠
阿村小火锅,https://www.dianping.com/shop/l2q42sEqUpJRqPtr,2o1条评价,人均￥99,小火锅 精品羔羊肉 虾滑
1402,https://www.dianping.com/shop/j5EqURK282IbaVVK,351条评价,人均￥43,绮季澳白 dirty 冷萃
东道煮古韵新派火锅,https://www.dianping.com/shop/l5MCcYn3YllN9wma,146条评价,人均￥72,广东湛江虾滑 东道煮毛肚 招牌肥牛
半天妖烤鱼(昌黎兴龙广缘店),https://www.dianping.com/shop/G2XvTMz3aXdsK68R,155o条评价,人均￥67,半天妖烤鱼 五常大米 青花椒烤鱼
川三·号重庆火锅,https://www.dianping.com/shop/G4EvyXAEhPCuIcDn,21条评价,人均￥166,鲜毛肚 鲜鸭血 鲜鸭肠
蓝点鳐·泰餐厅(昌黎店),https://www.dianping.com/shop/G4u4hn7s941mzz99,69条评价,人均￥7o,冬阴功海鲜套餐 椰子冻 芒果糯米饭
呷哺呷哺(兴龙广缘店),https://www.dianping.com/shop/H8FNuXzRcERDaGXw,313条评价,人均￥64,呷哺人气草原羔羊肉 田园番茄锅 珍鲜菌汤锅
椰品生活海南椰子鸡-咖啡下午茶(阿那亚店),https://www.dianping.com/shop/k3YMELWa34xltHnz,843条评价,人均￥112,椰子鸡火锅 椰奶黄金冻（新鲜手工制作） 三秒起响铃卷
晓渔村地方菜(阿那亚店),https://www.dianping.com/shop/k3A4jzNUeSq2fQaS,967条评价,人均￥145,鲅鱼水饺 渔村海鱼锅 金丝饼
Blueglass(阿那亚店),https://www.dianping.com/shop/k6AYeLAQz0WhbbiF,37o条评价,人均￥39,藻蓝蛋白晚安酸奶 活力羽衣甘蓝牛油果酸奶饮 草莓酸奶
