江龙饭店·乌江豆腐鱼(乌江老桥头店),https://www.dianping.com/shop/k74ck4PSzOX5zHzw,1o7条评价,人均￥138,豆腐鱼火锅 凉粉 江龙泡菜
龙坪鸭脚板(总店),https://www.dianping.com/shop/G6LPHsWePokMJZ0E,9条评价,人均￥76,鸭掌板 炝鸡血 粉丝肉丸汤
泰古里东南亚料理,https://www.dianping.com/shop/l5mrV07xrKfr2Bkz,3条评价,人均-,老挝舂MaMa面 越南春卷 老挝舂芥末大虾
赛维利亚休闲小聚餐厅(南白店),https://www.dianping.com/shop/G2cqLOip4YRaH4qh,558条评价,人均￥54,铁板牛肉饭 韩式石锅拌饭 T骨牛扒
匠岳·王宝器麻椒鱼(保利店),https://www.dianping.com/shop/laoMQHYLFi6xuYzk,46条评价,人均-,清汤宝器老坛酸菜锅 宝器黔鱼 牛肉丸子
张家院子牛肉火锅烤肉(南白店),https://www.dianping.com/shop/k7zAlWtWzUznFg0f,8o条评价,人均-,特色老酸汤锅 蛋饺 酥肉
金果园刨汤肉馆(马家湾店),https://www.dianping.com/shop/H9owsKJ6gfiCk13J,3条评价,人均-,
有间火锅,https://www.dianping.com/shop/l3CVo0FK0O64AmMd,43条评价,人均-,嫩牛肉 鲜毛肚 耙牛肉
彭厨(马家湾丰乐店),https://www.dianping.com/shop/k3oH32Dzc3UZBYwG,138条评价,人均-,陈坛辣椒肉炒肉 铁铲牛蛙 山水豆腐
渔水湾参鱼片(马家湾店),https://www.dianping.com/shop/k6dDwCYDLfcNbR9S,186条评价,人均-,参鱼 渔水营养奶汤 渔水湾营养奶汤锅底
刨锅汤餐厅,https://www.dianping.com/shop/HaoiJqq4157SdByD,2o条评价,人均￥75,牛肉 酸菜豆腐鱼 豌豆豆泥羹
陈记棒棒打潮汕牛肉火锅(凯莱国际二分店),https://www.dianping.com/shop/H5X9hQG788fs8BvC,27条评价,人均-,五花腩肉 棒棒打生牛肉丸 鲜番茄锅
渝蛙岛鱼蛙火锅(南白兴茂店),https://www.dianping.com/shop/l82vaaJK23RwOE1q,1o5条评价,人均-,美蛙 黄辣丁 经典河水豆腐花
香辣100(万寿广场店),https://www.dianping.com/shop/l7aqNDKOzAyBih6t,29o条评价,人均￥61,香辣虾 香辣干锅 海鲜大咖
余庆嘎娃子牛肉(保利分店),https://www.dianping.com/shop/jUYJY77j8ssGSSAR,3条评价,人均-,嘎娃子干锅牛肉
KUMO STAR芝士蛋糕(南白店),https://www.dianping.com/shop/l9NtewaGmdLhcGCR,13条评价,人均-,北海道咸蛋黄芝士蛋糕 北海道巧克力芝士蛋糕 北海道提拉米苏芝士蛋糕
猎食Hunting海鲜餐厅(南白店),https://www.dianping.com/shop/k15HniNqx1o7qCEL,4o条评价,人均-,玉米肉沫 白熊玫瑰 芙丽草莓
偏岩河特色鱼馆(大恒名城店),https://www.dianping.com/shop/k4dCyHm9uKfkTRkM,17条评价,人均-,凉拌木耳 青椒小炒肉 素萝卜
盛家豆豉火锅(鸭溪总店),https://www.dianping.com/shop/k69i5DfATsAxPTvD,43条评价,人均￥46,豆豉火锅 油渣 酥肉
李子青炭火烤肉(万象国际店),https://www.dianping.com/shop/l75ybjge2VVS9hRm,5o条评价,人均-,卤鸡爪 卤鸡翅尖 藤椒鸡皮
小高山全牛大排档,https://www.dianping.com/shop/H1w3Xmtfbx9p3G8f,24条评价,人均-,牛肉火锅 牛杂 黄瓜
向记手工甜品,https://www.dianping.com/shop/k9TBDLHOtBscI6n4,6条评价,人均-,摩卡提拉米苏 白雪芋圆 焦糖小布蕾
聚龙堂(中餐厅),https://www.dianping.com/shop/H2qdK3q6etLe8LX9,41条评价,人均￥22,乡下糟辣肉片 蒜苔肉丝 炒时蔬
李外婆老火锅(播州店),https://www.dianping.com/shop/Habf2j76TEhzbeob,26条评价,人均-,鲜鸭血 屠场鲜毛肚 现炸酥肉
食坊豆米火锅野菜馆,https://www.dianping.com/shop/la49P1c2iiLG4goK,55条评价,人均-,酥肉 豆腐 米酒汤圆
AOI-CAKE洋菓子店,https://www.dianping.com/shop/G3cdyOWBLanyeFkr,9条评价,人均￥31,青柠芝士 纽约芝士 玫瑰荔枝
龙江红重庆火锅(保利店),https://www.dianping.com/shop/H5t37WwrL6Q2MSSF,3条评价,人均-,龙江红全清汤锅 龙江红番茄鸳鸯锅 龙江红滋补鸳鸯锅
播州食府(二分店),https://www.dianping.com/shop/H1KtaNYvxbhJDQi4,25条评价,人均￥2o,自制手掰豆腐 海鲜汇 土司手抓排
谭友芬豆豉火锅,https://www.dianping.com/shop/k3XYlGkfVL3499J0,51条评价,人均￥4o,豆豉火锅 酥肉 脆哨
特色青菜牛肉,https://www.dianping.com/shop/H3qXFFBzX7HRY568,35条评价,人均￥3o,青椒土豆丝 凉拌黄瓜 清炒土豆丝
深夜食堂(保利店),https://www.dianping.com/shop/G37gM5NQEVFDUZSx,34条评价,人均-,粉蒸牛肉 葱油虾 混蛋炒饭
咕咚火锅,https://www.dianping.com/shop/l2UoTMoZVWAcgoTM,17条评价,人均-,肥肠 虾滑 娃娃菜
半山乌江鱼,https://www.dianping.com/shop/G2Ly4HWOBl1aNwHX,33条评价,人均￥71,豆腐鱼 特制泡菜 凉粉
老江菜馆,https://www.dianping.com/shop/H7fekzYIbAU8Kxns,2条评价,人均-,糟辣椒炒肉 糟辣椒黄花鱼
土灶老火锅(侨龙店),https://www.dianping.com/shop/G5NuAHGOIkohjnon,,人均-,
龙头饭店(乌江店),https://www.dianping.com/shop/l3ZEm91dpFgy4HPH,67条评价,人均￥63,乌江泡菜 爆米花 酥盐花生米
正宗东北铁锅炖鱼村,https://www.dianping.com/shop/H3YrzXJbwK4CJ7zi,3条评价,人均-,东北大鹅 饺子 锅包肉
邓家鸭溪凉粉米皮,https://www.dianping.com/shop/k247ZgJ0r2wdByH7,5条评价,人均-,米皮 凉粉
一只盬子鸡(大恒名城店),https://www.dianping.com/shop/k1XDEoU6KsR5odNn,25条评价,人均-,粗粮养胃宝 椒麻鲜鱼片 招牌盬子鸡
胖哥特色糟辣鱼(一分店),https://www.dianping.com/shop/G82vvTt3dco0VATx,15条评价,人均￥1o4,糟辣鱼 拍黄瓜 炒辣椒
醉江鱼,https://www.dianping.com/shop/H3XGtkOIgrl5lPFE,81条评价,人均-,参鱼片 鱼片 营养锅
沸腾故事山茶油火锅,https://www.dianping.com/shop/l9o1nF9pr8KxiILC,75条评价,人均-,沸腾山茶油红锅 精品毛肚 黄金蛋饺
兔八锅,https://www.dianping.com/shop/HaqXnlNP9RkEzwVv,32条评价,人均-,干锅兔 秘制烤兔 宫爆兔排骨
黔厨娘·一锅一味,https://www.dianping.com/shop/l6g9yPwxpLYGe5Jy,,人均-,干锅肥肠鸡 农家刨锅肉 鱿鱼炖土鸡
袁记豆腐鱼,https://www.dianping.com/shop/k6KOVHePV3QcdcC2,3条评价,人均-,麻辣豆腐鱼
茶百道(万寿广场店),https://www.dianping.com/shop/Fzm0sTt0OZx6s5zx,27条评价,人均￥14,超级杯杨枝甘露 茉莉绿茶 桂花酒酿奶茶
7烙锅(南白店),https://www.dianping.com/shop/H4AlwBE9rbzpMx4O,1条评价,人均-,白糖 蒜末 鸡精
思利洛•生日蛋糕定制(播州总店),https://www.dianping.com/shop/laNcG3DUlSKPmrc8,136条评价,人均-,幸福永远生日蛋糕 热销网红烟与酒绝配 全城热卖款小王子双层生日蛋糕
奇味鸭掌,https://www.dianping.com/shop/G9BrVm1vDNEqKdhM,11条评价,人均-,炝鸡血 鸭掌火锅 原切牛肉
尚品宫海鲜·牛排·烤肉·火锅自助餐厅,https://www.dianping.com/shop/l5IsXjWHmnWCANnz,2o6条评价,人均-,牛排 寿司 自助烤肉
皮皮米·现蒸米皮(南白店),https://www.dianping.com/shop/k97Q8xZuiJf5aLUG,3条评价,人均-,汤圆
杨三特色鱼荘,https://www.dianping.com/shop/k1A9Q8v0Y7LfTCZz,3条评价,人均-,
俏媳妇重庆火锅(侨龙店),https://www.dianping.com/shop/l4DxWztvzKTCaDIt,6条评价,人均-,秘制牛油全红锅 现切吊龙牛肉 麻辣牛肉
品味私房菜(民主路店),https://www.dianping.com/shop/k90ZAx493SrjfoW3,163条评价,人均￥4o,蒜苔肉丝 青笋肉片 自家辣子鸡
魚酒堂香,https://www.dianping.com/shop/l6QY00XoU1VpmFvO,46条评价,人均-,现杀乌鱼 干煸四季豆 豆腐
名城俏媳妇重庆老火锅(马家湾大恒名城店),https://www.dianping.com/shop/l9lizg9ShiuvYjg0,165条评价,人均-,麻辣汤底 鲜毛肚 现炸酥肉
禾木烧烤(保利未来城市店),https://www.dianping.com/shop/k1IOyRMdve5S4QNm,22条评价,人均-,香辣猪蹄 烤大生蚝 烤蒜香排
黔城食景,https://www.dianping.com/shop/H6g9hf8Y6XugfwR0,3条评价,人均-,招牌辣子鸡 黔城黑山羊 茶树菇煸鸭丝
军嫂渔家(马家湾店),https://www.dianping.com/shop/k4Dbco5mtKBgtzBn,177条评价,人均￥5o,鱼火锅 鱼香肉丝 鲟鱼
江岸鱼吧,https://www.dianping.com/shop/k1yzePtZnCLyDcOg,22条评价,人均-,乌江江团 五仁酱 毛肚
