茶乡拾味(三公里店),https://www.dianping.com/shop/H1eLH2yO7xggSJ4S,41条评价,人均￥71,大块红烧肉 秩堂血鸭 香酥裹肉三合一
德克士(茶陵店),https://www.dianping.com/shop/l7OEJkGAA92ZROo4,438条评价,人均￥42,香辣鸡翅（一对） 脆皮炸鸡 咔滋脆皮手枪腿
德克士(茶陵二店),https://www.dianping.com/shop/H3P2PfQwVCF9deKO,141条评价,人均￥34,脆皮炸鸡 咔滋脆皮手枪腿 香辣鸡翅（一对）
茶乡拾味(东阳老店),https://www.dianping.com/shop/l8nVazHWw9iPmSMD,4条评价,人均-,血鸭 萝卜 茄子
简鹿糖水铺(东阳商街店),https://www.dianping.com/shop/k3PbY7y9wTox4Q0i,6条评价,人均-,奥利奥脏脏冰 原味鸡蛋仔 猫爪芋圆碗
塔斯汀中国汉堡(朝阳街步步高店),https://www.dianping.com/shop/G1gbjug7Bt5t5CFv,14条评价,人均-,北京烤鸭中国汉堡 培根煎蛋中国汉堡 尖叫翅尖
慧慧手工烘焙坊(朝阳店),https://www.dianping.com/shop/HaK51vbtrCqY2bUZ,4条评价,人均-,芒果多多 水果蛋糕 脏脏蛋糕
谭鸭血老火锅店(东阳街店),https://www.dianping.com/shop/G3KGBvitt0dw48Px,32条评价,人均-,手工虾滑 谭公鸭血 肥牛
王捌院子(茶陵店),https://www.dianping.com/shop/k4hE5uOZpJTuSUvx,22条评价,人均￥1o4,甲鱼 跳水鱼 腌鱼.炒洋姜.木耳炒鸡公公
祖庵家菜,https://www.dianping.com/shop/i7PNm5XQPCsG3nIs,7条评价,人均-,祖庵烤肉 祖庵血鸭 青椒焖土鸡
酒拾烤肉(株洲茶陵店),https://www.dianping.com/shop/G7PTxyxVM0YgZkOZ,64条评价,人均￥56,和牛嫩五花 酒拾蛋炒饭 招牌五花肉
古乐牛香·鲜牛肉牛杂火锅(茶陵店),https://www.dianping.com/shop/G5dQFHX8uEd5CN85,14条评价,人均-,手打生牛肉丸 黄金炸腐竹 招牌牛杂锅
塞纳左岸·科斯塔牛排西餐厅(茶陵县店),https://www.dianping.com/shop/l249Ocl5aqR32qu0,187条评价,人均-,秘制菲力牛排 自助餐 招牌战斧牛排
茶陵大斌家串串火锅店,https://www.dianping.com/shop/H5LKGTytiaBv1jXx,3条评价,人均-,鸡爪
下江腩牛腩火锅,https://www.dianping.com/shop/lav4KHIFcaYAIa6x,,人均-,
ARTEASG,https://www.dianping.com/shop/k3NUZlqolh71Ili0,5条评价,人均-,锡兰红茶牛乳 白桃乌龙拿铁 多肉桃桃
鼎涮天下重庆火锅(茶陵店),https://www.dianping.com/shop/H57J9W2BBiqb80Rj,16条评价,人均-,201至尊毛肚 黑鱼片 虾滑
农家印象(东阳街店),https://www.dianping.com/shop/k1Gu1iBRR5Ff3UvN,26条评价,人均￥37,农家一碗香 双色鱼头 血鸭
雅鱼湾蒸汽石锅鱼,https://www.dianping.com/shop/k12e0p9cvJ8GakAT,42条评价,人均-,辣椒炒肉 鮰鱼 经典白汤锅
铁锅㸆大鹅(茶陵分店),https://www.dianping.com/shop/jYh7ZqK6dbRKZ75n,5条评价,人均-,茄子煲 石锅牛腩 茄子抖辣椒
文记虾一跳(茶陵旗舰店),https://www.dianping.com/shop/H7Iju25NIeiQ82nb,42条评价,人均￥9o,文记臭豆腐 文记口味虾 文记油焖大虾
重庆鸡公煲(朝阳街店),https://www.dianping.com/shop/k3gyVR9ynAbbByWE,4条评价,人均-,燕饺 水晶包 紫薯糯米球
许大优的炸鸡铺(茶陵店),https://www.dianping.com/shop/l6hdQeIOvULhrvWz,2o条评价,人均-,香辣小翅尖 芝士锅 海苔卷
饭菜真香(东阳街店),https://www.dianping.com/shop/G8Rbenra5m8oomhC,14条评价,人均￥74,香辣烤鱼 辣椒茄子抖皮蛋 小炒牛肉
寻香记,https://www.dianping.com/shop/laqmXoU5JK81litE,8条评价,人均-,寻香鸡 小炒黄牛肉 酱烧娃娃菜
鱼蛙大咖,https://www.dianping.com/shop/H8T44CfHgbyF9gfv,1条评价,人均-,
回家吃饭(朝阳街店),https://www.dianping.com/shop/l8ZK3pIBzwvp8o8X,8条评价,人均-,
跛子夜宵城,https://www.dianping.com/shop/k8nxiVGGKjySqb8B,22条评价,人均￥29,
鸭老倌(紫云店),https://www.dianping.com/shop/H9wXjbGwlQKGxoSi,11条评价,人均-,
储缘蛋糕(乐麦滋分店),https://www.dianping.com/shop/k2ozkeQg5aYhhJWW,419条评价,人均￥68,
柒酒烤肉(茶陵店),https://www.dianping.com/shop/iikZGz38BfOAibsb,9o条评价,人均-,烤肉（精品五花肉） 精品五花肉【头道招牌菜】 酱爆龙利鱼
湘粤粥粉城,https://www.dianping.com/shop/H58JcrfBRxrzUmBq,2条评价,人均-,粉肠瘦肉粥 杀猪粉 瘦肉粉
情湘御厨犀城宴,https://www.dianping.com/shop/kaJ3DFY1U2oRNcKu,2条评价,人均-,
柠季•手打柠檬茶(茶陵居然之家店),https://www.dianping.com/shop/k4gBP7mvSm8EuXqO,7条评价,人均-,超级传统手打柠檬茶 梅烦恼(话梅柠檬茶) 大桶茉莉手打柠檬茶
洞氮胡记羊肉馆(株洲朝阳店),https://www.dianping.com/shop/l1jy6IgfFUVJsBle,14条评价,人均-,高汤锅 千张豆腐 全成豆奶
老地方木桶饭(茶陵店)(株洲茶陵店),https://www.dianping.com/shop/H4zXd2aDjqC8wySf,12条评价,人均￥45,
鲜目录熟料寿司(茶陵店),https://www.dianping.com/shop/k8Lhm4NP1ciUuuuF,45条评价,人均￥29,
螺小二(茶陵店),https://www.dianping.com/shop/l5sjk8cRUpD0wp7u,2条评价,人均-,
luckin coffee瑞幸咖啡(茶陵交通街店),https://www.dianping.com/shop/k2OKlYlCpgg4o713,,人均-,
蒸天下,https://www.dianping.com/shop/G6XparZl2dvcRtAs,1条评价,人均-,
书亦烧仙草(茶陵犀城广场店),https://www.dianping.com/shop/G9h7G73qVO9Ig79T,57条评价,人均￥13,
张品记重庆火锅米线,https://www.dianping.com/shop/H5qlz7KW27xGtdHd,6条评价,人均-,
大良小饺,https://www.dianping.com/shop/ka4oekcvG6fGuexq,49条评价,人均￥15,
塔斯汀·中国汉堡(居然之家店),https://www.dianping.com/shop/H430YYmkqUiSEuRg,1条评价,人均-,
不见不散茶餐厅(旗舰店),https://www.dianping.com/shop/EvwNc2HTwcdm7w7G,9条评价,人均-,
欢喜烤肉(茶陵店),https://www.dianping.com/shop/H19AXGAHipQKNfwT,97条评价,人均-,欢喜五花肉 蛋炒饭 猪油拌粉
老屋里港式烧卤(炎帝大道店),https://www.dianping.com/shop/l2xjWAv00EM9w7Rl,1条评价,人均-,手撕鸡饭 叉烧饭 卤肉饭
土灶柴火鸡(茶陵店),https://www.dianping.com/shop/H9V0vGqz3i0gyhlM,2条评价,人均-,柴火鸡 香菜拌牛肉 柴火鸡。
云盘山庄胖子烧烤夜宵,https://www.dianping.com/shop/l332UxBBoNiToiay,,人均-,牛油 烤面筋 虾粥
洣水别院,https://www.dianping.com/shop/H41nbBculFRpkm0v,1条评价,人均-,大蒜叶炒腊味 茶陵花卷 干捞粉丝
大萝卜小辣椒(东阳豪庭店),https://www.dianping.com/shop/G64bBZVcSaOmFPKU,,人均-,
犀城大碗菜(金山大厦店),https://www.dianping.com/shop/l7bri1HquhTxfDW4,4条评价,人均-,
新疆兄弟烧烤火锅,https://www.dianping.com/shop/la9h1mypwLtDuepi,,人均-,
兰州拉面(朝阳店),https://www.dianping.com/shop/k16d3OHf2brp6BXi,,人均-,
鹅醉一哥(茶陵店),https://www.dianping.com/shop/jRSHVw07HKa8mfqg,8条评价,人均-,
茶乡乐厨,https://www.dianping.com/shop/H8hYrHd9fgXya5Pw,,人均-,
惜城の茶(犀城广场店),https://www.dianping.com/shop/l8xHFXzqZ31DoH6K,35条评价,人均￥21,
汇源粉饭馆,https://www.dianping.com/shop/l16ceAa1IVwTJfbs,1条评价,人均-,
ARTEASG(居然之家商业广场店),https://www.dianping.com/shop/k1Aiwq1vRRjb01TQ,,人均-,
牛爵,https://www.dianping.com/shop/k2mSDiWbcYNaLBvU,159条评价,人均￥43,
