天成家宴,https://www.dianping.com/shop/F9PwkcaxuDQDyfK5,1条评价,人均-,铁板牛柳 铁板酿豆腐 酸菜鱼
哇燕巴手工拉面馆,https://www.dianping.com/shop/H8TTCITrM469TDj6,,人均-,
川流不息川菜馆,https://www.dianping.com/shop/H3nOwAFtZ0PSOY8O,2条评价,人均-,炝炒油麦菜 麻辣鱼 青菜豆腐汤
味美轩蛋糕店,https://www.dianping.com/shop/laLvzjg6zdlNZpgK,,人均-,
渝味小吃店,https://www.dianping.com/shop/GaXOOp0vXGkjP7Zl,,人均-,
美滋味,https://www.dianping.com/shop/G69jVs8dqmhcBowd,1条评价,人均-,
聚仁川味饭店,https://www.dianping.com/shop/k23NTwQPaHJPKUc9,1条评价,人均-,
秦巴山,https://www.dianping.com/shop/H8hMJAnOU5acYdb8,,人均-,
鲜美轩,https://www.dianping.com/shop/l9cqqU8I7WKMKdjz,2条评价,人均-,牛肉面 水煮肉片 萝卜排骨汤
堡格垒餐厅,https://www.dianping.com/shop/k3ZGmpOqUcWJlfKR,,人均-,
永乐茶馆,https://www.dianping.com/shop/k8WMHwOOAzkGFC9F,,人均-,
赵家粮油批发店,https://www.dianping.com/shop/l9xwvYykpBE7oZu2,,人均-,
红满园小吃,https://www.dianping.com/shop/k1LGCV8YU7GN4KZz,,人均-,
农贸市场,https://www.dianping.com/shop/H6tpHtqkaSp44Q3v,,人均-,
七座烧仙草,https://www.dianping.com/shop/G4a8mVDefrowX4v9,,人均-,
蜀香鱼庄(西景线店),https://www.dianping.com/shop/G2S2kwstMYCPjqOx,,人均-,
云南印象火塘(吉塘店),https://www.dianping.com/shop/l11cw1ynwP3yAoV9,,人均-,腊排骨汤锅 猪肚条炖土鸡
烈焰烤吧(察雅店),https://www.dianping.com/shop/H61nQcRu47YnFjOl,,人均-,
旭湘家常菜馆,https://www.dianping.com/shop/k1yB6BNa7FrAzA6B,,人均-,
唐庆藏餐馆,https://www.dianping.com/shop/k5XcAKgodUzq9nTP,,人均-,
复活酒吧,https://www.dianping.com/shop/G44Gp8N5wZE0zYJz,,人均-,
桥堵碗香牛肉面,https://www.dianping.com/shop/H7i7S1dhghvzY7Sk,,人均-,
天成家宴,https://www.dianping.com/shop/F9PwkcaxuDQDyfK5,1条评价,人均-,铁板牛柳 铁板酿豆腐 酸菜鱼
哇燕巴手工拉面馆,https://www.dianping.com/shop/H8TTCITrM469TDj6,,人均-,
川流不息川菜馆,https://www.dianping.com/shop/H3nOwAFtZ0PSOY8O,2条评价,人均-,炝炒油麦菜 麻辣鱼 青菜豆腐汤
味美轩蛋糕店,https://www.dianping.com/shop/laLvzjg6zdlNZpgK,,人均-,
渝味小吃店,https://www.dianping.com/shop/GaXOOp0vXGkjP7Zl,,人均-,
美滋味,https://www.dianping.com/shop/G69jVs8dqmhcBowd,1条评价,人均-,
聚仁川味饭店,https://www.dianping.com/shop/k23NTwQPaHJPKUc9,1条评价,人均-,
秦巴山,https://www.dianping.com/shop/H8hMJAnOU5acYdb8,,人均-,
鲜美轩,https://www.dianping.com/shop/l9cqqU8I7WKMKdjz,2条评价,人均-,牛肉面 水煮肉片 萝卜排骨汤
永乐茶馆,https://www.dianping.com/shop/k8WMHwOOAzkGFC9F,,人均-,
赵家粮油批发店,https://www.dianping.com/shop/l9xwvYykpBE7oZu2,,人均-,
堡格垒餐厅,https://www.dianping.com/shop/k3ZGmpOqUcWJlfKR,,人均-,
红满园小吃,https://www.dianping.com/shop/k1LGCV8YU7GN4KZz,,人均-,
农贸市场,https://www.dianping.com/shop/H6tpHtqkaSp44Q3v,,人均-,
七座烧仙草,https://www.dianping.com/shop/G4a8mVDefrowX4v9,,人均-,
烈焰烤吧(察雅店),https://www.dianping.com/shop/H61nQcRu47YnFjOl,,人均-,
云南印象火塘(吉塘店),https://www.dianping.com/shop/l11cw1ynwP3yAoV9,,人均-,腊排骨汤锅 猪肚条炖土鸡
复活酒吧,https://www.dianping.com/shop/G44Gp8N5wZE0zYJz,,人均-,
旭湘家常菜馆,https://www.dianping.com/shop/k1yB6BNa7FrAzA6B,,人均-,
唐庆藏餐馆,https://www.dianping.com/shop/k5XcAKgodUzq9nTP,,人均-,
桥堵碗香牛肉面,https://www.dianping.com/shop/H7i7S1dhghvzY7Sk,,人均-,
哇燕巴手工拉面馆,https://www.dianping.com/shop/H8TTCITrM469TDj6,,人均-,
天成家宴,https://www.dianping.com/shop/F9PwkcaxuDQDyfK5,1条评价,人均-,铁板牛柳 铁板酿豆腐 酸菜鱼
川流不息川菜馆,https://www.dianping.com/shop/H3nOwAFtZ0PSOY8O,2条评价,人均-,炝炒油麦菜 麻辣鱼 青菜豆腐汤
渝味小吃店,https://www.dianping.com/shop/GaXOOp0vXGkjP7Zl,,人均-,
聚仁川味饭店,https://www.dianping.com/shop/k23NTwQPaHJPKUc9,1条评价,人均-,
味美轩蛋糕店,https://www.dianping.com/shop/laLvzjg6zdlNZpgK,,人均-,
鲜美轩,https://www.dianping.com/shop/l9cqqU8I7WKMKdjz,2条评价,人均-,牛肉面 水煮肉片 萝卜排骨汤
美滋味,https://www.dianping.com/shop/G69jVs8dqmhcBowd,1条评价,人均-,
堡格垒餐厅,https://www.dianping.com/shop/k3ZGmpOqUcWJlfKR,,人均-,
永乐茶馆,https://www.dianping.com/shop/k8WMHwOOAzkGFC9F,,人均-,
赵家粮油批发店,https://www.dianping.com/shop/l9xwvYykpBE7oZu2,,人均-,
红满园小吃,https://www.dianping.com/shop/k1LGCV8YU7GN4KZz,,人均-,
农贸市场,https://www.dianping.com/shop/H6tpHtqkaSp44Q3v,,人均-,
蜀香鱼庄(西景线店),https://www.dianping.com/shop/G2S2kwstMYCPjqOx,,人均-,
七座烧仙草,https://www.dianping.com/shop/G4a8mVDefrowX4v9,,人均-,
烈焰烤吧(察雅店),https://www.dianping.com/shop/H61nQcRu47YnFjOl,,人均-,
秦巴山,https://www.dianping.com/shop/H8hMJAnOU5acYdb8,,人均-,
云南印象火塘(吉塘店),https://www.dianping.com/shop/l11cw1ynwP3yAoV9,,人均-,腊排骨汤锅 猪肚条炖土鸡
复活酒吧,https://www.dianping.com/shop/G44Gp8N5wZE0zYJz,,人均-,
桥堵碗香牛肉面,https://www.dianping.com/shop/H7i7S1dhghvzY7Sk,,人均-,
旭湘家常菜馆,https://www.dianping.com/shop/k1yB6BNa7FrAzA6B,,人均-,
唐庆藏餐馆,https://www.dianping.com/shop/k5XcAKgodUzq9nTP,,人均-,
哇燕巴手工拉面馆,https://www.dianping.com/shop/H8TTCITrM469TDj6,,人均-,
天成家宴,https://www.dianping.com/shop/F9PwkcaxuDQDyfK5,1条评价,人均-,铁板牛柳 铁板酿豆腐 酸菜鱼
川流不息川菜馆,https://www.dianping.com/shop/H3nOwAFtZ0PSOY8O,2条评价,人均-,炝炒油麦菜 麻辣鱼 青菜豆腐汤
渝味小吃店,https://www.dianping.com/shop/GaXOOp0vXGkjP7Zl,,人均-,
聚仁川味饭店,https://www.dianping.com/shop/k23NTwQPaHJPKUc9,1条评价,人均-,
味美轩蛋糕店,https://www.dianping.com/shop/laLvzjg6zdlNZpgK,,人均-,
鲜美轩,https://www.dianping.com/shop/l9cqqU8I7WKMKdjz,2条评价,人均-,牛肉面 水煮肉片 萝卜排骨汤
美滋味,https://www.dianping.com/shop/G69jVs8dqmhcBowd,1条评价,人均-,
堡格垒餐厅,https://www.dianping.com/shop/k3ZGmpOqUcWJlfKR,,人均-,
永乐茶馆,https://www.dianping.com/shop/k8WMHwOOAzkGFC9F,,人均-,
赵家粮油批发店,https://www.dianping.com/shop/l9xwvYykpBE7oZu2,,人均-,
红满园小吃,https://www.dianping.com/shop/k1LGCV8YU7GN4KZz,,人均-,
农贸市场,https://www.dianping.com/shop/H6tpHtqkaSp44Q3v,,人均-,
蜀香鱼庄(西景线店),https://www.dianping.com/shop/G2S2kwstMYCPjqOx,,人均-,
七座烧仙草,https://www.dianping.com/shop/G4a8mVDefrowX4v9,,人均-,
秦巴山,https://www.dianping.com/shop/H8hMJAnOU5acYdb8,,人均-,
烈焰烤吧(察雅店),https://www.dianping.com/shop/H61nQcRu47YnFjOl,,人均-,
云南印象火塘(吉塘店),https://www.dianping.com/shop/l11cw1ynwP3yAoV9,,人均-,腊排骨汤锅 猪肚条炖土鸡
桥堵碗香牛肉面,https://www.dianping.com/shop/H7i7S1dhghvzY7Sk,,人均-,
复活酒吧,https://www.dianping.com/shop/G44Gp8N5wZE0zYJz,,人均-,
旭湘家常菜馆,https://www.dianping.com/shop/k1yB6BNa7FrAzA6B,,人均-,
唐庆藏餐馆,https://www.dianping.com/shop/k5XcAKgodUzq9nTP,,人均-,
哇燕巴手工拉面馆,https://www.dianping.com/shop/H8TTCITrM469TDj6,,人均-,
天成家宴,https://www.dianping.com/shop/F9PwkcaxuDQDyfK5,1条评价,人均-,铁板牛柳 铁板酿豆腐 酸菜鱼
川流不息川菜馆,https://www.dianping.com/shop/H3nOwAFtZ0PSOY8O,2条评价,人均-,炝炒油麦菜 麻辣鱼 青菜豆腐汤
渝味小吃店,https://www.dianping.com/shop/GaXOOp0vXGkjP7Zl,,人均-,
聚仁川味饭店,https://www.dianping.com/shop/k23NTwQPaHJPKUc9,1条评价,人均-,
味美轩蛋糕店,https://www.dianping.com/shop/laLvzjg6zdlNZpgK,,人均-,
鲜美轩,https://www.dianping.com/shop/l9cqqU8I7WKMKdjz,2条评价,人均-,牛肉面 水煮肉片 萝卜排骨汤
美滋味,https://www.dianping.com/shop/G69jVs8dqmhcBowd,1条评价,人均-,
堡格垒餐厅,https://www.dianping.com/shop/k3ZGmpOqUcWJlfKR,,人均-,
永乐茶馆,https://www.dianping.com/shop/k8WMHwOOAzkGFC9F,,人均-,
赵家粮油批发店,https://www.dianping.com/shop/l9xwvYykpBE7oZu2,,人均-,
红满园小吃,https://www.dianping.com/shop/k1LGCV8YU7GN4KZz,,人均-,
农贸市场,https://www.dianping.com/shop/H6tpHtqkaSp44Q3v,,人均-,
蜀香鱼庄(西景线店),https://www.dianping.com/shop/G2S2kwstMYCPjqOx,,人均-,
七座烧仙草,https://www.dianping.com/shop/G4a8mVDefrowX4v9,,人均-,
烈焰烤吧(察雅店),https://www.dianping.com/shop/H61nQcRu47YnFjOl,,人均-,
秦巴山,https://www.dianping.com/shop/H8hMJAnOU5acYdb8,,人均-,
云南印象火塘(吉塘店),https://www.dianping.com/shop/l11cw1ynwP3yAoV9,,人均-,腊排骨汤锅 猪肚条炖土鸡
桥堵碗香牛肉面,https://www.dianping.com/shop/H7i7S1dhghvzY7Sk,,人均-,
复活酒吧,https://www.dianping.com/shop/G44Gp8N5wZE0zYJz,,人均-,
旭湘家常菜馆,https://www.dianping.com/shop/k1yB6BNa7FrAzA6B,,人均-,
唐庆藏餐馆,https://www.dianping.com/shop/k5XcAKgodUzq9nTP,,人均-,
哇燕巴手工拉面馆,https://www.dianping.com/shop/H8TTCITrM469TDj6,,人均-,
天成家宴,https://www.dianping.com/shop/F9PwkcaxuDQDyfK5,1条评价,人均-,铁板牛柳 铁板酿豆腐 酸菜鱼
川流不息川菜馆,https://www.dianping.com/shop/H3nOwAFtZ0PSOY8O,2条评价,人均-,炝炒油麦菜 麻辣鱼 青菜豆腐汤
渝味小吃店,https://www.dianping.com/shop/GaXOOp0vXGkjP7Zl,,人均-,
聚仁川味饭店,https://www.dianping.com/shop/k23NTwQPaHJPKUc9,1条评价,人均-,
味美轩蛋糕店,https://www.dianping.com/shop/laLvzjg6zdlNZpgK,,人均-,
鲜美轩,https://www.dianping.com/shop/l9cqqU8I7WKMKdjz,2条评价,人均-,牛肉面 水煮肉片 萝卜排骨汤
美滋味,https://www.dianping.com/shop/G69jVs8dqmhcBowd,1条评价,人均-,
堡格垒餐厅,https://www.dianping.com/shop/k3ZGmpOqUcWJlfKR,,人均-,
永乐茶馆,https://www.dianping.com/shop/k8WMHwOOAzkGFC9F,,人均-,
赵家粮油批发店,https://www.dianping.com/shop/l9xwvYykpBE7oZu2,,人均-,
红满园小吃,https://www.dianping.com/shop/k1LGCV8YU7GN4KZz,,人均-,
农贸市场,https://www.dianping.com/shop/H6tpHtqkaSp44Q3v,,人均-,
蜀香鱼庄(西景线店),https://www.dianping.com/shop/G2S2kwstMYCPjqOx,,人均-,
七座烧仙草,https://www.dianping.com/shop/G4a8mVDefrowX4v9,,人均-,
哇燕巴手工拉面馆,https://www.dianping.com/shop/H8TTCITrM469TDj6,,人均-,
天成家宴,https://www.dianping.com/shop/F9PwkcaxuDQDyfK5,1条评价,人均-,铁板牛柳 铁板酿豆腐 酸菜鱼
川流不息川菜馆,https://www.dianping.com/shop/H3nOwAFtZ0PSOY8O,2条评价,人均-,炝炒油麦菜 麻辣鱼 青菜豆腐汤
渝味小吃店,https://www.dianping.com/shop/GaXOOp0vXGkjP7Zl,,人均-,
聚仁川味饭店,https://www.dianping.com/shop/k23NTwQPaHJPKUc9,1条评价,人均-,
味美轩蛋糕店,https://www.dianping.com/shop/laLvzjg6zdlNZpgK,,人均-,
鲜美轩,https://www.dianping.com/shop/l9cqqU8I7WKMKdjz,2条评价,人均-,牛肉面 水煮肉片 萝卜排骨汤
美滋味,https://www.dianping.com/shop/G69jVs8dqmhcBowd,1条评价,人均-,
永乐茶馆,https://www.dianping.com/shop/k8WMHwOOAzkGFC9F,,人均-,
赵家粮油批发店,https://www.dianping.com/shop/l9xwvYykpBE7oZu2,,人均-,
堡格垒餐厅,https://www.dianping.com/shop/k3ZGmpOqUcWJlfKR,,人均-,
红满园小吃,https://www.dianping.com/shop/k1LGCV8YU7GN4KZz,,人均-,
农贸市场,https://www.dianping.com/shop/H6tpHtqkaSp44Q3v,,人均-,
蜀香鱼庄(西景线店),https://www.dianping.com/shop/G2S2kwstMYCPjqOx,,人均-,
七座烧仙草,https://www.dianping.com/shop/G4a8mVDefrowX4v9,,人均-,
云南印象火塘(吉塘店),https://www.dianping.com/shop/l11cw1ynwP3yAoV9,,人均-,腊排骨汤锅 猪肚条炖土鸡
秦巴山,https://www.dianping.com/shop/H8hMJAnOU5acYdb8,,人均-,
烈焰烤吧(察雅店),https://www.dianping.com/shop/H61nQcRu47YnFjOl,,人均-,
旭湘家常菜馆,https://www.dianping.com/shop/k1yB6BNa7FrAzA6B,,人均-,
唐庆藏餐馆,https://www.dianping.com/shop/k5XcAKgodUzq9nTP,,人均-,
复活酒吧,https://www.dianping.com/shop/G44Gp8N5wZE0zYJz,,人均-,
桥堵碗香牛肉面,https://www.dianping.com/shop/H7i7S1dhghvzY7Sk,,人均-,
