0317火锅鸡(正达店),https://www.dianping.com/shop/G4AtFicCiuRk8kn5,296o条评价,人均￥72,招牌麻辣火锅鸡 腿翅小锅微辣 新鲜涮菜拼盘
绿茶餐厅(沧州华北商厦店),https://www.dianping.com/shop/H2Pem6RwT3ooOx0J,373条评价,人均￥65,面包诱惑 招牌粉丝裹虾 绿茶烤鸡
沧州老味道(颐和家园店),https://www.dianping.com/shop/GavCrs0iwk7iYACL,531条评价,人均￥5o,手擀面 千味茄子 清炖牛肉
岳记羊肠馆,https://www.dianping.com/shop/G8Aq2JhoZbMCaSSP,173条评价,人均￥24,羊肠子 羊品 烧饼
须弥炭火烧鸟居酒屋,https://www.dianping.com/shop/l4yQV3qy94dl1xnd,43条评价,人均￥122,鸡肉葱串 鸡心串 芝士焗越南虎虾
小放牛(华北商厦店),https://www.dianping.com/shop/k3nZVdxtoX11T0bj,2o8o条评价,人均￥79,河北神仙鸡 松鼠鱼 白洋淀石锅嘎鱼
海底捞火锅(华北商厦店),https://www.dianping.com/shop/k7g2TB4CQLUowU7b,27o条评价,人均￥11o,番茄锅底 番茄芹菜牛肉汤 捞派麻辣滑牛肉
五里关火锅(沧州店),https://www.dianping.com/shop/G5BFfEx4pzHRFfsM,1o3条评价,人均￥98,嫩牛肉 冰汤团 全红锅
米村拌饭(沧州华北商厦店),https://www.dianping.com/shop/H1NSjbd5b95KMmep,185条评价,人均￥32,石锅拌饭 招牌安格斯肥牛 烤牛肉拌饭
五町目居酒屋,https://www.dianping.com/shop/F2bgH4d5iKN9pKgl,525条评价,人均￥147,寿喜锅 挪威三文鱼厚切 大阪烧
高园川菜,https://www.dianping.com/shop/G4V5UCwQCPG8mcF6,9条评价,人均-,狼牙土豆 羊肉锅仔 鲜锅牛蛙
Dairy Queen.(沧州吾悦广场店),https://www.dianping.com/shop/k9UZbjivb0TI6CI6,23条评价,人均-,巧巧独角兽 满溢桑葚栀子绿 甜蜜花语蛋糕
二小海鲜(黄骅店),https://www.dianping.com/shop/H42H2Myb9Ooj6fyH,988条评价,人均￥1o3,海鲜疙瘩汤 海杂鱼泡饼 皮虾
高玛纳驴肉火烧(曙光中路店),https://www.dianping.com/shop/l6H5IH1EGg3euP8E,1291条评价,人均￥71,驴肉火烧 驴肉汤 鸡蛋汤
哈了滨餐馆,https://www.dianping.com/shop/k4IHi8Hw0jtTr8sV,17条评价,人均￥5o,锅包肉 杀猪菜 地三鲜
锦阳里火锅(悦港城店),https://www.dianping.com/shop/l2L6ndvxi6KHuO9a,998条评价,人均￥86,嫩牛肉 红糖冰粉 现炸小酥肉
额娘春饼·烤鸭(吾悦广场店),https://www.dianping.com/shop/G6XmGIfjx8j3u3mS,9o条评价,人均￥65,桂花香烤鸭 招牌京酱肉丝 摇滚拉皮
熊见见噜噜煲,https://www.dianping.com/shop/FFXPKpgE0WeVZlL6,91条评价,人均￥91,鱼腐肥肠油焖鸡噜噜煲 芝士鱼条 Blue冰粉
天天鱼港(任丘店),https://www.dianping.com/shop/G9Dx2lJRrqvqnu7u,99条评价,人均￥84,芝士烤土豆 蒜蓉粉丝蒸扇贝 红烧肉
江户川日料烤肉酒吧,https://www.dianping.com/shop/G87dYFNMjHva7CK2,454条评价,人均￥127,牛五花 芝士玉米 牛上脑
弄堂小笼包(老华北店),https://www.dianping.com/shop/G8oKtwaABPTzaJCv,225条评价,人均￥44,弄堂鸭血粉丝汤 经典蟹粉小笼包 弄堂蟹粉狮子头
喜上匠心菜,https://www.dianping.com/shop/k8CArBSQYuGHGRhS,87条评价,人均￥85,大拉皮 宫保虾球 三杯鸡
芳竹园火锅(沧州吾悦广场店),https://www.dianping.com/shop/G4lFG1W3P9StR4I4,1条评价,人均-,黄喉 无刺巴沙鱼 现炸酥肉
村上一屋(沧州吾悦广场店),https://www.dianping.com/shop/l99fiLYR2g8QBXRr,148条评价,人均￥87,极上鳗鱼饭 经典寿喜锅 火得很土豆泥温泉蛋沙拉
裕禧·日式拉面(青县店),https://www.dianping.com/shop/G6uTFGpcAogR2KYB,19条评价,人均-,销魂麻辣叉烧日式拉面 中华叉烧豚骨日式拉面 秋田雪花肥牛日式拉面
金狮国际酒店自助餐,https://www.dianping.com/shop/G1oLJJjaqd41lehS,531条评价,人均￥196,小龙虾 烤扇贝 果木烤鸭
屯老二农家铁锅炖(悦港城店),https://www.dianping.com/shop/H3YK2oKM2dcjvvbW,594条评价,人均￥63,豆角干 榛蘑 排骨
捞三国美蛙鱼头火锅店(吾悦广场店),https://www.dianping.com/shop/H2eCXLENGg4b3ZMN,84条评价,人均￥54,美蛙 自助小料 清油香辣字母锅
廣順興(御景国际店),https://www.dianping.com/shop/G1yDgwOVccJibHSm,52条评价,人均￥81,猪肚鸡 烧鹅 豉汁蒸凤爪
韩喜家烤肉(大和庄旗舰店),https://www.dianping.com/shop/FJrNGiMwTwv1lVC0,91o条评价,人均￥83,照烧鸡腿饭 调味猪五花 加州卷
渔墩墩蒸汽石锅鱼(盐山店),https://www.dianping.com/shop/k6BT0UAb2r2HQwBe,1o条评价,人均-,蒸汽石锅鱼 炸包浆豆腐 冰粉
高玛纳驴肉鲜汤,https://www.dianping.com/shop/G9biFywPQOAV50cb,182条评价,人均￥32,蒜香驴肉 鸡蛋汤 焖子
芝士遇见鸡(华北商厦店),https://www.dianping.com/shop/H4sQFRRTCHBTlHFt,1472条评价,人均￥73,料理鸡 韩式小菜 料理虾
杨家烧饼,https://www.dianping.com/shop/Gaah4nivUoM5uP9M,92条评价,人均￥19,烧饼夹牛肉 杨家烧饼 老豆腐
阿尔卡迪亚酒店爱琴海自助餐厅,https://www.dianping.com/shop/k6ntFwh4BRJzoGMU,212条评价,人均￥148,火锅鸡 清炒时蔬 蒸包
顺德糕点铺,https://www.dianping.com/shop/EVZJS1W8zfKDgYRO,4条评价,人均-,贵妃饼 京糕山楂 手工麻糍乌饭
柿子红了融合餐厅,https://www.dianping.com/shop/l7S9o6vQh6W3TTiP,25条评价,人均￥59,草莓华夫饼 黑椒牛柳面 奶茶波波华夫饼
东北地摊烧烤,https://www.dianping.com/shop/l4TwljgQyjA8Ns6P,45条评价,人均￥55,凉拌菜 烤鸡蛋 脆骨
韩釜宫(新华路店),https://www.dianping.com/shop/k2v8itTDwgjOPCcS,15445条评价,人均￥53,蛋挞西瓜 水果 羊肉涮锅
早船·深海鱼锅泡饼(沧州店),https://www.dianping.com/shop/H7VSvzP8LJviiQ7z,242条评价,人均￥76,炉烧鱼锅泡饼 高压杂粮锅 老醋凤爪
耳语家披萨(泰合星耀城店),https://www.dianping.com/shop/k4aT0sSSEavSxNA9,38条评价,人均￥69,
17海里,https://www.dianping.com/shop/H2VP5kGYqpK7UJk7,133条评价,人均￥147,
西西这里(理享山文创园店),https://www.dianping.com/shop/H2MzzalwyPL8inUM,71条评价,人均￥116,
远洋海之星铁板料理自助,https://www.dianping.com/shop/l7Taf28WheFS6RPz,19条评价,人均￥255,
五里关火锅(蕾莎店),https://www.dianping.com/shop/l59Eo4dyXl0BMLbW,5条评价,人均-,
福华泰全牛汤肥牛火锅,https://www.dianping.com/shop/G8zvCVknKJvuqjU6,12条评价,人均-,雪龙肉
齐齐哈尔车轱辘烤肉,https://www.dianping.com/shop/l7Nf0unYmxCAXx2Q,93条评价,人均￥54,牛肋条 现切鲜拌牛上脑 五花肉
弄堂小笼包(沧州吾悦广场店),https://www.dianping.com/shop/G6WdeP4tk59AAF77,173条评价,人均￥61,鲜肉小笼包 经典蟹粉小笼包 鸭血粉丝汤
盛江山碳火自助烤肉料理(吾悦广场黑金店),https://www.dianping.com/shop/G6JcNUeLIQeQYwpg,397条评价,人均￥84,水果捞 捞汁海鲜 羊腰
涮你虾说主题餐厅·清真(华北三期店),https://www.dianping.com/shop/kaoTf8gK9zrM3eGn,1361条评价,人均￥58,黑胡椒美极虾 秘制麻辣小龙虾 爽口木耳
根旺老菜馆,https://www.dianping.com/shop/G2IZUM5FMIuHw2OP,9条评价,人均-,锅塌牛肉 糖醋里脊 芥末虾仁
米村拌饭(任丘万达店),https://www.dianping.com/shop/H3y77OEGpAUL0xJ5,153条评价,人均￥35,烤牛肉拌饭 招牌安格斯肥牛 石锅拌饭
民窑小馆东北菜,https://www.dianping.com/shop/FXyB85xy5kkDUqWk,17条评价,人均￥8o,锅包肉 压锅大丰收 溜肝尖
镰仓咖喱,https://www.dianping.com/shop/H1xkn63V83i4IFyn,1o条评价,人均￥55,汉堡肉饼咖喱饭 南蛮炸鸡 鳕鱼咖喱饭
朴隆咖啡 PLAIN COFFEE,https://www.dianping.com/shop/k3KQvhXptG2iwyCQ,1o7条评价,人均￥57,DIRTY 拿铁咖啡 经典意大利面q
祖母的魔法厨房(华北商厦店),https://www.dianping.com/shop/k154gMIFBl1YJAB1,1o19条评价,人均￥7o,金枕榴莲拼菠萝烤鸡披萨 凯撒沙拉 魔法鸡肉洋葱圈
鱼酷活鱼烤鱼(华北商厦店),https://www.dianping.com/shop/G7tBZkHtLwgdCHKO,667条评价,人均￥95,荔枝香辣 泡饼 油泼香辣
仲傈院·咖啡刨冰茶饮,https://www.dianping.com/shop/jYvBdDz7pyt1KVdf,3条评价,人均-,芝士鲜果牛乳冰 芝士鲜果梅汁冰 奶砖美式
隽永WHISKEY COCKTAIL,https://www.dianping.com/shop/G9yW3ML9ZtdlXgFi,4o条评价,人均-,墨西哥牛肉卷 菲力牛排 香煎海捕大虾
东润涮羊肉,https://www.dianping.com/shop/l4CiTO6vXsdgXQV7,14条评价,人均￥38,山羊胸口朥肉卷 烤羊排串 鲜羊丸
