满記土窑烧鷄波浪山莊,https://www.dianping.com/shop/k2zCmAKkBLWdOfGc,1311条评价,人均￥74,土窑鸡 酿豆腐 炒鸡蛋
小云龙食家(罗阳店),https://www.dianping.com/shop/ladC8R1dV9yeRfON,376条评价,人均￥85,酬宾烧鹅 招牌鉢仔蒸鸡 炒鱼肚
景峰山庄·畲家屋舍,https://www.dianping.com/shop/k2KYnTbsDpqk4Qub,856条评价,人均￥69,畲家秘制窑鸡 煎酿罗浮山水豆腐 畲家碗仔肉
西语·炭烧牛排(石湾店),https://www.dianping.com/shop/H80bNJb9dAkUleo5,298条评价,人均￥82,炭烧AAA肩胛牛扒 冰岛大虾球蟹棒意大利面 芒果烤鸡肉藜麦沙拉
囍鸳鸯冰室(石湾店),https://www.dianping.com/shop/GaW9nW25ZtmUpoOa,11o4条评价,人均￥51,黯然销魂饭 暴富漏奶华 霸气芝士汉堡
源港渔村-中山脆肉皖(博罗店),https://www.dianping.com/shop/k4oG7WFV0B9sx0us,589条评价,人均￥64,脆肉皖 鱼皮 鱼片
泰·咖啡,https://www.dianping.com/shop/H5JAm7mdgx19Ogc7,47条评价,人均￥46,冰拿鐵 泰咖啡 卡布奇诺
曾氏简餐,https://www.dianping.com/shop/G9dS8pUviy0ePfwa,5条评价,人均-,黑椒牛柳炒意粉 小食拼盘 蜜糖黑椒鸡翅
大赞·火炙日料(博罗天虹店),https://www.dianping.com/shop/la2lWr2oUlOYWUob,271条评价,人均￥8o,焦糖寿司盛盒 炙烧鹅肝寿司 刺身三品
牛楠楠(博罗天虹店),https://www.dianping.com/shop/k5X1ggifqC32e6OA,199条评价,人均￥46,公司招牌牛腩牛杂煲 一口法兰西多士 招牌香汁牛腩饭
大埔药根鸡,https://www.dianping.com/shop/HaQnY2NaKdT9SzyR,741条评价,人均￥58,药根鸡煲 大埔捞面 笋粄
OKOKCOFFEE·可以可以咖啡铺,https://www.dianping.com/shop/l5hDLyXRKQwElhLB,15条评价,人均￥21,多喝拿铁 续命冰美式 椰青冰美式
鼎丰私房菜(园洲店),https://www.dianping.com/shop/l8UmzPE4QgXCKtgE,147条评价,人均￥124,老坛酸菜鱼 鲍汁有机黑豆腐 脆皮咸鹅
源港渔村中山脆肉鲩(园洲店),https://www.dianping.com/shop/k7jvzRfjt8BFdwOt,52条评价,人均￥59,鱼腩拼鱼片 鱼皮拼鱼腩 沙拉鱼柳
罗浮山·家兴园农庄,https://www.dianping.com/shop/k7M8WXtgELHNo4RP,635条评价,人均￥73,乡村窑鸡 客家煎酿豆腐 客家猪肉汤
大良公平靓正(园洲店),https://www.dianping.com/shop/l7Utdopj2L20QFfg,12条评价,人均-,牛花肉 粥底火锅 猪杂
韩金釜·韩式料理,https://www.dianping.com/shop/l3E5HQKRKwsqciL7,35条评价,人均￥51,芝士肥牛部队火锅 韩式原味炸鸡 烤肉石锅拌饭
小公园汕头甜汤(博罗店),https://www.dianping.com/shop/G5dM0GGbLMOd0B4E,5o条评价,人均￥31,玫瑰鸡翅 无米粿 雪咖撞蛋
金塘胜宴,https://www.dianping.com/shop/k7CXl5B2PVwHuGPW,278条评价,人均￥93,虾饺 鲜虾红米肠 避风塘炒蟹
囍鸳鸯冰室(博罗天虹店),https://www.dianping.com/shop/l8WlJfgGQciVJv0Z,534条评价,人均￥5o,黯然销魂饭 暴富漏奶华 小熊奶茶
大地土窑菜馆,https://www.dianping.com/shop/G6aR839UzrizZMzE,435条评价,人均￥82,窑滑豆腐 招牌窑鹅 京葱脆皮大肠
山野寻踪记·美食鸡煲,https://www.dianping.com/shop/GawjS9URmtaWQYXa,126条评价,人均￥62,碳炉浓汁鸡煲 广式啫啫生肠煲 华丰三鲜意面
越赞风味食堂,https://www.dianping.com/shop/H3a7i09xgP7RK9jC,13条评价,人均-,香茅鸡翅 越南生牛粉 冬阴功粉
壹号厨房分店·富临酒家,https://www.dianping.com/shop/H2WeEmRwexvkJeHX,222条评价,人均￥66,脆皮烧鹅 白切农家扇鸡 鲍汁豆腐
EYEDEAR甜品设计,https://www.dianping.com/shop/H6kVNNul8RDpz5Qr,15条评价,人均￥42,手打凤梨柠檬茶 芋泥爆浆 日式肥牛小煮
阿弟早茶,https://www.dianping.com/shop/l3Nee0to5f82h0ii,11o条评价,人均￥46,
小金象泰国菜,https://www.dianping.com/shop/EiURHoMP8O12NOyz,8条评价,人均-,
横河佬炖品店(罗阳一路老店),https://www.dianping.com/shop/iLV00tI12io6elWz,1o4条评价,人均￥46,
人山人海,https://www.dianping.com/shop/FZzHoJWKuODCkN24,86条评价,人均￥58,
尖竹汶府泰国菜餐厅,https://www.dianping.com/shop/k58u8WF2h8CAEUpe,53条评价,人均￥72,
非烤勿扰自助烤肉海鲜火锅(博罗天虹店),https://www.dianping.com/shop/H3H3u4wu59e15T5x,169条评价,人均￥76,自助烧烤 雪花肥牛 五花肉
江渔儿酸菜鱼(博罗天虹店),https://www.dianping.com/shop/H2BLOgdBZhfUTmBC,277条评价,人均￥69,老坛酸菜鲈鱼 辣椒炒肉 刀拍小黄瓜
农家小苑,https://www.dianping.com/shop/l2WudXmisCE1cKMD,1o2条评价,人均￥54,清蒸皖鱼 清炒时蔬 客家酿豆腐
醉得意小馆(惠州博罗天虹店),https://www.dianping.com/shop/G3hOujfqcn6zjhsj,124条评价,人均￥47,招牌现捞片片鱼 脆皮烤鸭 得意酱骨头
冠菌自助火锅(博罗天虹店),https://www.dianping.com/shop/kabcRYZTyT79DxIn,257条评价,人均￥74,肥牛 嫩牛肉 黑毛肚丝
luó lè 罗勒园泰国菜,https://www.dianping.com/shop/GarIBGAGAKBtJrvr,16条评价,人均￥72,不正宗冬阴功汤 黄咖喱基围虾 烤猪颈肉
芬芳之旅花园餐厅(博罗店),https://www.dianping.com/shop/G7KvoNnoBzOTmQpU,95条评价,人均￥1oo,芬芳肉眼扒 黑椒牛柳意粉 卡布奇诺
春润大地海南椰子鸡(博罗天虹店),https://www.dianping.com/shop/G3lWNN6eX3IxNpBQ,357条评价,人均￥72,珍珠马蹄椰子鸡 竹笙椰子鸡 腊味煲仔饭
满座MENTCHAL,https://www.dianping.com/shop/G7pDWnFr5RnjPdhd,34条评价,人均￥9o,酥皮忌廉汤 酸菜鱼 王牌海鲜鸡煲
罗浮山麻陂肉丸菜馆,https://www.dianping.com/shop/iZ9xzOXzoiNfZ5rb,228条评价,人均￥61,麻陂驰名肉丸汤 秘制窑鸡 客家酿豆腐
GOING·披萨·咖啡,https://www.dianping.com/shop/k20xa7vMU2MNKcLq,63条评价,人均￥59,德国香肠披萨 阿华田星冰乐 意式窑炉烤牛肉
Momoko Cake Boutique,https://www.dianping.com/shop/G3Ulh8U8nAckBjkx,33条评价,人均￥46,梦龙卷 抹茶卷 水果奶油蛋糕
罗浮山·罗园农庄,https://www.dianping.com/shop/k1IgErVrd6PmhU1o,256条评价,人均￥49,土窑鸡 客家酿豆腐 紫苏煎蛋
美味香大酒楼,https://www.dianping.com/shop/H25b2I1k9utVzAcx,32条评价,人均￥82,盐焗手撕鸡 脆皮烧鹅 藕尖炒牛肉
嘉盛酒楼(小金口镇店),https://www.dianping.com/shop/l7RsOP3z0GxVZ5rc,259条评价,人均￥78,手撕盐焗鸡半只 客家娘豆腐 菜干猪骨汤
成都麻酱串串(博罗店),https://www.dianping.com/shop/H5TIyHm4G3L6Wopo,21条评价,人均-,香菜牛肉 冒鸭血 五香牛肉
汤泉美土窑鸡(汤泉总店),https://www.dianping.com/shop/G1rxLm4ir4JyoYkj,86条评价,人均￥82,汤泉地标土窑鸡 荔枝木土窑鸡 豆腐花
鹅公村食府(罗阳分店),https://www.dianping.com/shop/jpJrORNYFhPAbDe5,444条评价,人均￥67,脆皮烧鹅 客家酿豆腐 滋补坑螺焖鹅火锅
泰兴肥婆宵夜档,https://www.dianping.com/shop/H5Clx0TzaMOEf43z,52条评价,人均￥36,蒸鹌鹑蛋肉 萝卜板 炒米丝
满座(园洲唐鸿时代店),https://www.dianping.com/shop/k8mUYSdZW0WNWNQr,65条评价,人均￥82,泰式烤肉 招牌菠萝炒饭 冬阴功汤
嘉盛酒楼(惠博店),https://www.dianping.com/shop/H1G2YaM53gEHiM6N,145条评价,人均￥7o,盐焗鸡 酿豆腐 蒸鱼头
蛙来哒(博罗天虹店),https://www.dianping.com/shop/G4u0TO7tPiuivBUv,444条评价,人均￥79,紫苏味牛蛙平锅 香辣味炭烧牛蛙泡锅 双椒味牛蛙平锅
雅聚休闲,https://www.dianping.com/shop/l3EtC5HUocSgYmyX,3条评价,人均￥4o,竹筒腊味饭 窑鸡 田园炒时蔬
北木南烤肉和酒(博罗天虹广场店),https://www.dianping.com/shop/k63qRb8cqdIkQ8fK,139条评价,人均￥53,厚切牛排 浓香五花肉 长不胖鸡胸肉
春花食堂,https://www.dianping.com/shop/k9yWSOz6YYwbrm2L,37条评价,人均￥54,培根鸡蛋三明治 培根奶油意面 培根泡菜炒饭
码头大排档·碳火烧烤·红焖羊肉火锅,https://www.dianping.com/shop/l2lPbtqkjXchRQGz,17条评价,人均-,清蒸原只生蚝 红焖羊肉煲 老师傅掌勺干炒牛河
汉釜宫韩式自助烤肉·自助火锅(园洲店),https://www.dianping.com/shop/H8SvkWaezFdUpcmB,425条评价,人均￥57,肥牛 水果 海鲜
昌记潮汕牛肉火锅(博罗店),https://www.dianping.com/shop/H2wiwxY4YFTqSEEB,264条评价,人均￥71,湿炒牛河 牛肉牛杂汤 牛百叶
余生可喜,https://www.dianping.com/shop/k1d4mp99zUr9fyIb,2条评价,人均-,浓缩咖啡液 橙心橙意 柚来
芭提雅•东南亚融合菜,https://www.dianping.com/shop/H2z0Oop3d0jk8bdP,18条评价,人均-,冬阴功汤 泰式鲈鱼配芒果 招牌面包咖喱鸡
