热炕头海鲜(唐海路店),https://www.dianping.com/shop/G1U3rbSE3yleF8Mv,3o9条评价,人均￥1o7,唐海名吃叉八带 热炕头海鲜面 皮皮虾清蒸
曹妃岛酒店渤海明珠餐厅(通岛路店),https://www.dianping.com/shop/H92mTCDiEHZJgcv1,262条评价,人均￥73,烤鸭 清蒸海鲈鱼 老酒烧肉
峨嵋小镇@经典小厨,https://www.dianping.com/shop/GaS0XLLkkbSawiOV,434条评价,人均￥61,三杯鸡 招牌毛血旺 金牌水煮鱼
京味烤全羊铜锅涮肉羊蝎子,https://www.dianping.com/shop/law8IZqSkdLTA0nz,6条评价,人均-,弓后筋 望京小腰 蜜汁鸡翅
百顺德烤鸭店,https://www.dianping.com/shop/l3pmHx4R8jPFAIw7,195条评价,人均￥219,精品烤鸭 鸭血旺 椒盐鸭架
阿婆私厨(阿婆私厨唐海店),https://www.dianping.com/shop/laMGtvX8HGq0mpNv,42条评价,人均￥8o,烤羊排 特色黄焖原汁牛蛙 香熏乳鸽
十里渔家(创新路店),https://www.dianping.com/shop/FRYSuAskEBl94p7f,127条评价,人均￥136,红烧肉炖八爪鱼 鲜蛏炒柴鸡蛋 红烧楞蹦鱼
百顺德海鲜自助(兴海名都广场店),https://www.dianping.com/shop/l3wZwXVtHDFjZI3i,4982条评价,人均￥57,蛋挞 羊肉串烤鸭 南美烤肉
千寻居酒屋,https://www.dianping.com/shop/G54IFL9UlbHIpyrl,17条评价,人均-,豚骨拉面 三文鱼手握 甜虾手握
木槿花开(曹妃甸店),https://www.dianping.com/shop/l9HwVegOHiUvTBLL,6o6条评价,人均￥63,南瓜粥 传统石锅拌饭 上等五花肉
小首迩炭炉吧 ,https://www.dianping.com/shop/H6g5zJ4k1EbGjeZw,62条评价,人均￥68,秘制上脑牛排 黑椒猪五花 千页豆腐
齐市沈家烤肉,https://www.dianping.com/shop/ipYHhmSxBlZDOqhg,375条评价,人均-,蒜香牛肉 齐市拌牛肉 黑椒牛柳
天豐園小炒黄牛肉,https://www.dianping.com/shop/laPFDTKqK6NDv1zJ,12条评价,人均-,湖南炒米粉 小炒黄牛肉 锦鲤干酪鱼
町上居酒屋(兴海名都广场店),https://www.dianping.com/shop/H5AVGbW5SsUrlfZO,78条评价,人均￥137,炙烤波波球 刺身拼盘 霸王卷
和仁小葱拌豆腐,https://www.dianping.com/shop/G1Vtl1QPcvOZ9SNT,22条评价,人均￥47,小葱拌豆腐 糖醋排骨 炒烤羊腿
小伍哥烧烤,https://www.dianping.com/shop/G76MJ4LXqwzwbn1L,25条评价,人均￥92,烤羊肉串 烤金针菇 烤大虾
热炕头海鲜(迎宾路店),https://www.dianping.com/shop/l9Eze1IgIFc2SpBS,158条评价,人均￥1o8,唐海名吃叉八带 麻蚶子焖米饭 叉海鲜拼盘
满山鸡火锅(曹妃甸店),https://www.dianping.com/shop/k3qIlw0eYxdZAhkD,16条评价,人均-,鸡丸子 藤椒鸡片 冰吨吨甜品
回头肉饼,https://www.dianping.com/shop/k4F4Pqzxfv1UROtm,2条评价,人均-,玉玲回头肉饼 自制咸黄瓜 大米绿豆粥
曹妃甸区后街宽板凳火锅店,https://www.dianping.com/shop/l7eBp6itHt2PQ0OB,218条评价,人均￥91,屠场鲜鸭血 传统子母鸳鸯锅 锡盟肥羊
桃源村铁锅炖鱼,https://www.dianping.com/shop/k3AqzpionBj2xSHL,1o9条评价,人均-,干豆角 玉米饼 宽粉
正好新派老北京火锅New hot pot(建设大街店),https://www.dianping.com/shop/H3TFFMnqcsYILd27,85条评价,人均￥37,优选肥牛 日式大福 沙茶酱
新华龙海鲜,https://www.dianping.com/shop/l2LJfbxqr8fnIilX,5条评价,人均-,青岛纯生
唐海印象,https://www.dianping.com/shop/H8CQ96gUVKWcs8TU,24条评价,人均-,印象红烧肉 精品烤鸭 印象大肘子
火炉家果木烤肉活烤鳗鱼,https://www.dianping.com/shop/l4NbZQlYja8JDAQx,9条评价,人均-,大拌菜 秘制鸡腿肉 解腻泡菜
胡同泥炉烤肉(唐海店),https://www.dianping.com/shop/H6BAw49w7j4K2HVX,112条评价,人均￥87,
欢聚时尚客牛排(新城大街店),https://www.dianping.com/shop/k4Fkgw2GPXDeAGpB,853条评价,人均￥74,
金鼎大酒店四季厅,https://www.dianping.com/shop/G4hwsxSWN8rNtz2K,97条评价,人均￥11o,
海澳大酒店餐饮部,https://www.dianping.com/shop/E9wBxa5ymvNneg6A,35条评价,人均￥82,
河畔人家铁锅炖农家院,https://www.dianping.com/shop/l20e85bb1rFGWf5G,111条评价,人均￥71,
小倾国花式铁板烧,https://www.dianping.com/shop/k4yj4SpekwTmAaSZ,173条评价,人均￥157,主厨秘制牛排 芙蓉开背虾 可乐
麻不老臭豆腐肥肠鸡,https://www.dianping.com/shop/Gat2kSbmpdpratXZ,13条评价,人均-,柠檬无骨鸡爪 蒜香炸鸡脖 臭豆腐肥肠鸡
祖母的魔法厨房(兴海名都店),https://www.dianping.com/shop/F7NVicf7Pbde7XGe,82条评价,人均-,白雪公主的阳光果园披萨 金枕榴莲披萨 韩式烤肉披萨
富岛西餐厅,https://www.dianping.com/shop/G7qUZFexD2YtKCIl,5条评价,人均-,蒜蓉西兰花 麻婆豆腐 玉米面饼
老五海鲜(高尚堡店),https://www.dianping.com/shop/H34kzyyBoVWJKMzs,2条评价,人均-,清蒸梭子蟹 皮皮虾 包子
孟记羊汤(垦丰大街店),https://www.dianping.com/shop/l9kah8aZJ88rSmyh,23条评价,人均￥27,羊杂汤 羊肉汤 饼块
玲珑小镇火锅烧烤音乐啤酒(广场街店),https://www.dianping.com/shop/la6OetsfwJ3PbddE,3条评价,人均-,白面
苗颖竹荪鹅(曹妃甸店),https://www.dianping.com/shop/k5LzicXt8Tu6xMfW,2条评价,人均-,竹荪鹅
小猪查理川式烤肉(唐海兴海名都店),https://www.dianping.com/shop/G9hqwy8OW3UubkC8,114条评价,人均￥73,叉烧五花肉 奥辣鸡肉 鸡软骨
巴鸿菌汤火锅(曹妃甸店),https://www.dianping.com/shop/G8oFPU600teTfjHn,12条评价,人均-,巴鸿毛肚 巴鸿锡盟羔羊 上脑肥牛
东北铁锅炖烧烤(海都广场店),https://www.dianping.com/shop/l4KIc7H5npQCedmv,83条评价,人均￥7o,
曹妃甸工业区313羊庄(中山路店),https://www.dianping.com/shop/l6G0ZPEII2c3sRBr,14条评价,人均￥114,
撸客烧烤,https://www.dianping.com/shop/H6OYRw5BiXGWwVCK,2条评价,人均-,
余乐圈火锅鸡·鸡煲(南港新城店),https://www.dianping.com/shop/l1ZeppjWY3vQE5Zh,34条评价,人均-,
糖海点心局(长丰路店),https://www.dianping.com/shop/GaEb7XIfjdwylNHc,4条评价,人均-,
满德呼涮羊肉,https://www.dianping.com/shop/l8BTE963Z8Fmqu6k,17条评价,人均-,养颜番茄子 午餐肉 脆骨高钙
鸿盛海鲜饭店,https://www.dianping.com/shop/l3TrW1JOUISEbh8C,86条评价,人均￥1oo,辣炒花蛤 皮皮虾 酱爆蛏子
海鲜大排档,https://www.dianping.com/shop/l7zTXVzp5aXVYfeE,4条评价,人均-,烤生蚝 烤串 烤香肠
德克士(唐海店),https://www.dianping.com/shop/H9qHAJDqEM5Abr2z,153条评价,人均￥24,香酥双鸡堡 咔滋脆皮手枪腿 超级鸡腿堡
麻屋·手抓海鲜(唐海店),https://www.dianping.com/shop/k9acNeJTTxPnEHXa,236条评价,人均￥1o2,土豆片 麻屋海鲜烩 皮皮虾
義湘源湘菜馆,https://www.dianping.com/shop/l6cxMpk9DjaSnCuh,17条评价,人均￥85,火爆鲜鱿鱼 青椒焖鸭 义湘源小炒黄牛肉
龙七爷跷脚牛肉面(唐山店),https://www.dianping.com/shop/G7VRNvKMa7adhLcd,2条评价,人均-,冒烟辣牛魔王拌面 凉拌木耳 凉拌豆腐丝
大草原羊蝎子红焖羊肉,https://www.dianping.com/shop/ETyvCakpN2umCu5h,15条评价,人均￥47,拌萝卜 红焖羊肉 金针菇
马路边边串串香(唐海店),https://www.dianping.com/shop/k6dVbFDG8n7fK77H,164条评价,人均￥52,现炸酥肉 冰粉 嫩牛肉
甸北桥缘,https://www.dianping.com/shop/iQ9Qn2QBi0HQumHd,3条评价,人均-,香肠皮蛋 溜肝尖 虾酱豆腐
1976烤翅·小郡肝串串香(曹妃甸工业区店),https://www.dianping.com/shop/k3QbOkB3IzcFZMI4,6条评价,人均-,
刘大勺农家院,https://www.dianping.com/shop/l3RcBYWaqYSBNDvk,26条评价,人均￥61,
焰之道优质烧烤,https://www.dianping.com/shop/l5Zy8cFtuP3at6Ow,8条评价,人均-,
四季烤羊腿,https://www.dianping.com/shop/G4Okn0HCEuI4lj2l,9条评价,人均-,
木槿花开(大学城店),https://www.dianping.com/shop/k3ZxjZZ85sXFah1p,63条评价,人均￥94,
