吉布鲁牛排海鲜自助(苍溪店),https://www.dianping.com/shop/k1Xn8L3jJ3OggaLj,74条评价,人均￥78,牛排 海鲜 小火锅
老灶房(苍溪店),https://www.dianping.com/shop/G3sDmSV14UqrMnLi,128条评价,人均￥56,小米排骨 香锅排骨虾 巴蜀水煮肉片
巴蜀大当家,https://www.dianping.com/shop/H6Xer5chjpS02j0f,187条评价,人均-,精品千层肚 麻辣功夫牛肉 雪花肥牛
米兰西饼网红蛋糕(苍溪武当市场店),https://www.dianping.com/shop/l6NLZ0kRYtiIV6KS,188条评价,人均-,水晶之恋皇冠 幸运奥利奥 奥特曼蛋糕
麻苑火锅,https://www.dianping.com/shop/ka2OngBSOAOTHLIE,22条评价,人均-,牛油鸳鸯锅 牛奶鸭血 雪花培根
守柴炉烤鸭(滨江路中段店),https://www.dianping.com/shop/H4USWTvdgKYBRniC,155条评价,人均￥42,烤鸭 酸萝卜鸭架 秘制菌香老鸭汤
重庆叉叉裤老火锅(苍溪店),https://www.dianping.com/shop/k4EfesNXDyRR8Rwv,2o条评价,人均-,千层肚 麻辣牛肉 屠场鲜毛肚
春莱·老挝冰咖啡·泰式奶茶,https://www.dianping.com/shop/l3qdlo3xRMORY6Q4,,人均-,泰式香水椰子冰沙 泰式青柠荔枝碗 招牌柠檬冰绿茶
火盆烤肉酒馆,https://www.dianping.com/shop/FPCZ2QBDe1ZiNnmE,2o条评价,人均-,大签火盆烤肉 火盆烤肉 小香猪
本味自助火锅(烤肉、牛排、海鲜),https://www.dianping.com/shop/H6j9jmdEgu9HAss5,16条评价,人均-,小兔兔可爱 牛肉丸 土豆
内江特色豆花牛肉(陵江苑滨江首座店),https://www.dianping.com/shop/H8GTKQNuxP79gpcN,47条评价,人均-,牛肉 特色豆花 酸菜
甜娜米雪diy甜品体验生活馆,https://www.dianping.com/shop/l9mV7F21lr3ZJq5M,324条评价,人均￥57,水果蛋糕 彩虹蛋糕 小披萨
一品天下巨蓉国际宴会中心,https://www.dianping.com/shop/G5RWBp7tL18GrTI9,1条评价,人均-,红肉 美味帝王蟹 巨蓉片皮鸭
金贝儿(武当市场店),https://www.dianping.com/shop/l4GAaGMDNxfQtTMk,161条评价,人均￥13,水果威尼斯 莓果橙橙 寿比南山
吴记步步香烤肉,https://www.dianping.com/shop/H5KmkE4P3H3VDveL,2o条评价,人均-,特色五花肉 鸡翅 无骨鸡爪
金贝儿(兴贤街店),https://www.dianping.com/shop/l8xHroPbGveB3y2a,125条评价,人均￥86,水果威尼斯 汤种吐司 小小毛毛虫
涮肉张·齐齐哈尔烤肉,https://www.dianping.com/shop/l9nDI4JutrUqW7yt,26条评价,人均￥97,铜锅涮肉 特色烤肉 东北酸菜
陶府家宴,https://www.dianping.com/shop/l5dgG7DEjFyHTAIb,47条评价,人均￥34,蒜泥白肉 新疆大盘鸡 拍黄瓜
拾光咖啡生活馆,https://www.dianping.com/shop/k3aSlZUiwcqevLvU,12条评价,人均-,番茄牛肉丸意面 新西兰雪花肉眼 黑椒牛柳意面
顺庆米粉,https://www.dianping.com/shop/G8timz6ubEwJre7Y,1o条评价,人均-,肥肠粉 牛肚米粉 海带丝
铜锣湾自助火锅(苍溪店),https://www.dianping.com/shop/k6RgtcHlpkVymzik,7条评价,人均-,
巴黎天使烘焙公馆(苍溪店),https://www.dianping.com/shop/k3zWhKXSoYTXZIAG,91条评价,人均-,双层蛋糕 迷你小蛋糕 巧慕之恋
陈氏香鹅掌(苍溪店),https://www.dianping.com/shop/G1QioemNnjdMcKJC,14条评价,人均-,风吹鱼 面条 芝麻球
江边渔府,https://www.dianping.com/shop/G9inwTM1actewa7o,9条评价,人均-,烧鱼 番茄养生锅 酸汤锅
春怡火锅(滨江路上段店),https://www.dianping.com/shop/GahaWp0vRz9I5S3J,66条评价,人均￥53,精品千层肚 酥肉 鸳鸯锅
肯德基(苍溪如意城店),https://www.dianping.com/shop/Ena9t4p551CFaDhf,9条评价,人均-,
蓉小纯老火锅,https://www.dianping.com/shop/k1RcbWdWEE57vXZE,14条评价,人均-,
福源饭店(市场街店),https://www.dianping.com/shop/G9Cc98o6GpvRTIcQ,1o8条评价,人均￥41,
海米亚·海鲜城,https://www.dianping.com/shop/l1mjuLIDsyiSMWC9,18条评价,人均￥71,
洪湖藕王养身汤锅(杜里路店),https://www.dianping.com/shop/HabZlzciC1P76Ke2,6条评价,人均-,
火柿子炭火鱼蛙,https://www.dianping.com/shop/k2hf4zvEZfMCi0KE,37条评价,人均-,双椒牛蛙 藕片 精品大闸蟹
重庆崽儿火锅(滨江路中段店),https://www.dianping.com/shop/G8mbgbjqtqcd1k3b,36条评价,人均-,麻辣肺片 油碗 酸水豆腐
蚝掌柜生蚝烤肉自助,https://www.dianping.com/shop/G65PN2tBLIfeotDa,27条评价,人均-,自助生蚝 自助烤生蚝
火锅故事自助火锅,https://www.dianping.com/shop/l1D1qWXL4c8EzHmF,267条评价,人均￥58,毛肚 嫩牛肉 千层肚
腊肉坊,https://www.dianping.com/shop/H4JxZvjZWKbRiTa0,11条评价,人均￥4o,腊肉馍馍 农家小炒肉 西红柿牛肉汤锅
鲜锅兔,https://www.dianping.com/shop/H3jkV8NxTlvfjrYY,1条评价,人均-,爆炒腰花 仔姜鲜锅兔 麻辣肚丝
西江民厨,https://www.dianping.com/shop/l8oAFO5MUr4cjo8q,6条评价,人均-,小米芋圆 养生铜锅汇 小米鱼丸
符缸酸菜鸡(苍溪店),https://www.dianping.com/shop/H1XFGTK9Jpf0hdEb,5条评价,人均-,美味鲜芋 招牌酸菜鸡 秘制酸菜
匠岳·王宝器麻椒鱼(苍溪店),https://www.dianping.com/shop/k5PV1K4qJF2ns06L,33条评价,人均￥78,深水花鲢鱼 麻椒鱼 宝器老坛酸菜锅
番茄犟汤锅(苍溪店),https://www.dianping.com/shop/HaUE0SJA5oPFFFKM,45条评价,人均-,手工酱肉包 口水鸡 番茄牛肉
任我行的小酒铺,https://www.dianping.com/shop/k6PKKfQlUQItWg83,24条评价,人均￥53,干锅茶树菇 黑木崖烤鱼 干锅鸭掌
留一锅火锅汤锅,https://www.dianping.com/shop/l4cKB4G2hMBZ9Wjc,3条评价,人均-,土鸡菌汤大锅 西芹腐竹 腊味馍馍
嘎嘎鸭脑壳(苍溪县店),https://www.dianping.com/shop/H3w1YQiY4O4KLE2h,51条评价,人均￥6o,干锅糯香掌 嘎嘎辣卤鸭脑壳 包浆豆腐
取意甜心连锁烘焙,https://www.dianping.com/shop/G3Pix1CSomcSGSw8,276条评价,人均￥29,榴莲千层 手工酸奶 芒果千层
侯晓厨,https://www.dianping.com/shop/k8xxIevKGgjsmGIa,4条评价,人均-,锅巴肉片 酸菜干饭 秘制麻婆豆腐
重庆老巷子火锅(苍溪店),https://www.dianping.com/shop/G437U01dPhfbhmZq,8条评价,人均-,千层肚 老巷子双椒牛肉 梅林午餐肉
茶百道(广元苍溪店),https://www.dianping.com/shop/k3Ey0dAjDMU9C23n,19条评价,人均-,超级杯杨枝甘露 草莓牛奶麻薯 茉莉奶绿
缤虹鱼府,https://www.dianping.com/shop/H8iSXzGBTsIFpcl6,5条评价,人均-,酥肉 糖蒜
荟今味,https://www.dianping.com/shop/H6sFZ8dRIxWJWuL7,1条评价,人均-,
钢管厂五区小郡肝串串香,https://www.dianping.com/shop/GamO5lwI2bDbCeO1,54条评价,人均￥91,麻辣牛肉 小珺肝 香菜牛肉
蜜斯蜜糖烘焙,https://www.dianping.com/shop/H1KB0icG7rzvEZss,12o条评价,人均-,玫瑰之约 DIY蛋糕 迷糊娃娃
爸爸炒料牛排老火锅,https://www.dianping.com/shop/H5FGdrNxf6AkyDL7,15条评价,人均￥81,爸爸煮牛排骨 豆腐 鲜毛肚
蜀大侠火锅(苍溪店),https://www.dianping.com/shop/G3iAhD1XUOQ1mkJP,26条评价,人均￥75,千层肚 冰川鹅肠 贵妃牛肉
老友记韩式烤肉火锅海鲜自助,https://www.dianping.com/shop/k9vwo3Vwiyv0ULpW,47条评价,人均-,烤肉 海鲜 烤肉系列
蕃茄述汤锅,https://www.dianping.com/shop/jNgORH7PEdAdp09E,1o条评价,人均-,蕃茄述烤鸡 蕃茄牛腩煲 番茄述鲜椒鸡
椒焗麻辣烫(汉昌国际店),https://www.dianping.com/shop/iqIQNmHoGRU4JM6N,2o条评价,人均-,虎皮鸡爪 麻辣郡肝 香菜牛肉
番茄匠汤锅,https://www.dianping.com/shop/H8gfASwutZjWIXOI,45条评价,人均-,炒河粉 酱肉包 玉米饼
一米咖啡,https://www.dianping.com/shop/ibdVWPSlAIp2TuXt,23条评价,人均-,抹茶拿铁 草莓Dirty脏脏咖啡 披萨
香辣香焖锅王,https://www.dianping.com/shop/EwHQqcqsJQDMGW4y,2条评价,人均-,鸡翅 肥肠
欣欣小吃,https://www.dianping.com/shop/H2u8Qp9FH6MSA9Sy,2条评价,人均-,苍溪油茶 肥肠米粉 汇源桃汁
