朴家火锅铺子(博兴店),https://www.dianping.com/shop/G9Eu39Vn1aCfqXgV,167条评价,人均-,土豆泥 雪花牛肉 鲜牛肉
新疆伊犁河餐厅(博兴店),https://www.dianping.com/shop/H1WcF8T2Bkx61MyO,23o条评价,人均￥6o,新疆馕坑烤包 烤羊排 招牌风味凉菜
头牌铁锅炖(乐安大街店),https://www.dianping.com/shop/k3wOgQeiU60QjLqH,91条评价,人均-,铁锅炖大鹅 铁锅炖排骨 铁锅炖鱼
半天妖烤鱼(滨州博兴店),https://www.dianping.com/shop/G2U1ehtIJDk69hLo,852条评价,人均￥52,五常大米 青花椒烤鱼 大叉烤肉
福口居(博兴店),https://www.dianping.com/shop/l4xbP3JhMs6TEGx9,462条评价,人均￥85,手切鲜羊肉 肥牛 海鲜小料
蝎味坊北京羊蝎子火锅(博兴店),https://www.dianping.com/shop/l63wxP0zNCrsbvvW,2条评价,人均-,
宁西餐厅,https://www.dianping.com/shop/G5L44oLXozIKhoSr,19条评价,人均-,
味坊小院,https://www.dianping.com/shop/k3YTjRjhDnq9S27Y,6条评价,人均￥94,
赶海红岛海鲜虾饺子(博兴店),https://www.dianping.com/shop/l3mLQU3cBzHk9o0F,21条评价,人均￥95,
桉树披萨(博兴店),https://www.dianping.com/shop/G6NNiaVzosfhYVcM,8条评价,人均-,
博城一汤,https://www.dianping.com/shop/H84JvfK3V5scGdBW,2条评价,人均-,
食集,https://www.dianping.com/shop/k8QYBVQmxvPaHZ61,8条评价,人均-,
彤德捞轻火锅(博兴店),https://www.dianping.com/shop/l2hgfkOF03RRdbzP,21条评价,人均-,
金五福赶海,https://www.dianping.com/shop/G4ARkplzkQmj1xM7,1o条评价,人均￥111,
喜牛日本料理炭火烤肉(博兴店),https://www.dianping.com/shop/k7wS5jAQsIp4GChM,12条评价,人均￥154,
烧烤小镇(博兴店),https://www.dianping.com/shop/G9sRl8mYmrVYAmtG,152条评价,人均￥59,烤五花肉 川香烤鱼 五花串
泰来院,https://www.dianping.com/shop/l124qON9PkH4QSMc,4条评价,人均-,泰式手标绿奶茶 古法黄金咖喱大虾 瀑布拉面
老槐树渔馆(博兴店),https://www.dianping.com/shop/G4XuQR32hn0bfP7H,12条评价,人均-,水煮鱼 蒸包子 麻辣小龙虾
里里面包本铺,https://www.dianping.com/shop/l5Pj9ibix7Tp1EyU,54条评价,人均￥55,里里大泡芙 法棍 盐面包
玛黎娜铁板牛排(博兴爱琴海店),https://www.dianping.com/shop/l51iGRlZwiW5A5Nz,123条评价,人均￥48,欢享双人牛排套餐 腓肋牛排 超值三人牛排套餐
豪巴斯烤肉牛排海鲜自助餐厅(爱琴海店),https://www.dianping.com/shop/G8X9gIWAu0qa1uh8,5条评价,人均-,
阪喜·居酒屋·日式料理,https://www.dianping.com/shop/H96fezxZUPoUMTwI,5o条评价,人均-,
品海蒸鲜(博兴店),https://www.dianping.com/shop/H2hAnQeg4dHZt8zd,33条评价,人均-,
喜家德虾仁水饺(博兴银座店),https://www.dianping.com/shop/l20xieEOtDuuhCUh,4条评价,人均-,
再一盘铁锅炒鸡(乐安街店),https://www.dianping.com/shop/EL7iYq5LwvqL98Ko,48条评价,人均-,
故乡私房菜(乐安大街店),https://www.dianping.com/shop/k5fc8gtyHqQQFGr6,3o条评价,人均-,
金五福老管家火锅铺子(博兴店),https://www.dianping.com/shop/EG8vFR7X8cU0ZRzX,34条评价,人均￥93,
老家烧烤大众店,https://www.dianping.com/shop/k8zNs1DdyQehXJmZ,7条评价,人均-,
领鲜潮牛鲜牛肉火锅(博兴店),https://www.dianping.com/shop/j3DcLX7cytB0omFb,115条评价,人均￥9o,
叁餐(博兴店),https://www.dianping.com/shop/k5MtCmfKMy1hkoft,1条评价,人均-,
北木南烤肉和酒(博兴店),https://www.dianping.com/shop/k1ikCBjPGrCLbUiJ,142条评价,人均￥55,浓香五花肉 厚切牛排 青花椒麻鸡
焖锅部落(博兴爱琴海店),https://www.dianping.com/shop/k7VXnxUp8oPhU6CB,556条评价,人均￥82,冰淇淋 焖鸡腿肉 鱼豆腐
九宫格子火锅,https://www.dianping.com/shop/G6gqp9Z921bVfB0o,128条评价,人均-,骨汤锅 高钙羊肉卷 红糖糍粑
蜀香三绝 川菜·牛蛙·烤鱼·双椒鸡(博兴爱琴海店),https://www.dianping.com/shop/H9xOj7JBLTNZcHqR,72条评价,人均-,绝味双椒鸡 炭火双椒牛蛙 招牌青花椒烤鱼
麦当劳(爱琴海店),https://www.dianping.com/shop/k1x0JsSES6biijWR,27条评价,人均-,薯条 猪柳蛋堡 红豆双皮奶风味圆筒
半天妖烤鱼(博兴爱琴海店),https://www.dianping.com/shop/k8aBz894p5OWxGzL,196条评价,人均￥81,青花椒烤鱼 半天妖烤鱼 五常大米
味坊家宴,https://www.dianping.com/shop/H7Yi81raLtyyIuSe,11条评价,人均￥57,香草虾仁 炊饼 烤鸭
庖丁解牛鲜肉火锅,https://www.dianping.com/shop/G1MNXDufGhum8Gdw,226条评价,人均￥1o3,雪花肥牛 虾滑 蒙古肥羊
桥峰排骨,https://www.dianping.com/shop/k7UjMyh1Nim3BodR,1条评价,人均-,桥峰肉条超 黄金鱿米花 桥峰排骨超
虾吃虾涮(博兴爱琴海店),https://www.dianping.com/shop/l85SIuDtIEJ7MAmx,1o6条评价,人均-,蟹棒 白菜 娃娃菜
席客简火锅(天元购物广场店),https://www.dianping.com/shop/k81a4X3uHVmtcKfU,83条评价,人均￥72,席客简火锅 重庆老火锅 手打鲜虾滑
虾一锅(乐安大街店),https://www.dianping.com/shop/G7PmtIDppkyqIftL,635条评价,人均￥71,经典虾锅 冰淇淋 麻汁
TiAmo缇安茉(博兴店),https://www.dianping.com/shop/l9wIhcLviDqmHTkS,1条评价,人均-,鸡蛋仔 肉松小贝 蛋黄酥
肯德基(博城店),https://www.dianping.com/shop/k3MkD7ngtwCPOGFJ,46条评价,人均￥4o,超值全家桶 老北京鸡肉卷 新奥尔良烤鸡腿堡
聚贤酒楼(博兴店),https://www.dianping.com/shop/G1YmgY9cvXgBq5ht,19条评价,人均-,炊饼 卤鸡 青岛炸肉
好牛道自助烤肉餐厅,https://www.dianping.com/shop/FKYbbacVexYxlv10,54条评价,人均-,黑胡椒牛肉
湖滨大酒店,https://www.dianping.com/shop/H3QysM0oBU0dhKON,13条评价,人均￥75,水煎鲫鱼 大馒头 大鲤鱼
董永鱼馆,https://www.dianping.com/shop/jUGsuHph0D0ggpbz,14条评价,人均￥68,醋柒小鱼 面子椒 韭菜炒海肠
齐小牛传统鲜牛烤肉·火锅(博兴店),https://www.dianping.com/shop/H6RjsQJrtMT7foRO,,人均-,牛舌 和牛寿喜烧
广茂香筋头巴脑,https://www.dianping.com/shop/kaKg2xqHVe6aq2Cl,1435条评价,人均￥35,广茂香筋头巴脑一锅香 酸梅汤 金针菇
素满香·素食自助餐厅(博兴店),https://www.dianping.com/shop/k79oVUjnT5EyPo68,391条评价,人均￥14,粥 素食炒菜 铁板豆腐
湖滨鱼饼香,https://www.dianping.com/shop/F9iDv7nC25uJJI0p,1条评价,人均-,小鱼汤 韭菜饼 辣鸭头
渔人码头(新城一路),https://www.dianping.com/shop/k9xWSQ54tnDoZCsR,6条评价,人均￥5o,辣根海蛎子 黑椒牛肉粒 酱焖梭鱼
铁瓷京派·老北京涮羊肉(兴福店),https://www.dianping.com/shop/l5ViYzOgzHFsVgpL,11条评价,人均-,锡盟六月羔羊 鲜切羊上脑 鲜羊黄瓜条
小猪查理川式烤肉(博兴店),https://www.dianping.com/shop/k3GX6fOCSs9iQvcj,73条评价,人均-,芝士玉米 霸王五花肉 黑椒牛排
赖胖子肉蟹煲(爱琴海店),https://www.dianping.com/shop/jKQekuAUqkaAp96H,123条评价,人均-,肉蟹煲 鸡爪煲 鸡翅煲
乡巴佬私房菜,https://www.dianping.com/shop/l7pfbDcXu7kSNz8e,27条评价,人均-,烧豆腐 特色炒鸡 鲜椒鸡
农家小灶花椒鸡(乐安大街店),https://www.dianping.com/shop/G5doXQyrspoXczE1,1117条评价,人均￥59,花椒鸡 香酥大饼 花生米
麻小旋旋转小火锅(博兴爱琴海购物公园店),https://www.dianping.com/shop/j1DgC1JNr7YjErQy,1条评价,人均-,
东方豪客(银座店),https://www.dianping.com/shop/k50HM0GRjevbsnqv,172条评价,人均-,澳洲牛排 西冷牛排 安第斯香草牛排
