新苏尼特蒙餐,https://www.dianping.com/shop/l9rs70cfDMOyU4vV,26条评价,人均￥116,锅茶 手扒肉 拔丝奶豆腐
杨子私家菜,https://www.dianping.com/shop/k2vbhOWuievn7RJf,6条评价,人均￥79,土豆 酱肉雁北小煎饼 干炸小黄鱼
串城缘音乐烧烤城,https://www.dianping.com/shop/H2WobZBr8Xe4frT8,12条评价,人均-,毛肚套餐 羊肉串 皮冻
科布尔国际酒店,https://www.dianping.com/shop/G3cyGILY5hvqoqsX,1条评价,人均-,夫妻肺片 糊辣鸡爪 农家大拌菜
老北京铜锅涮,https://www.dianping.com/shop/FZbfNle6nYmq8ZRI,,人均-,
韩炉村烤肉,https://www.dianping.com/shop/l8JgzXa12UdmsjQo,,人均-,黑椒烤肠 意式培根 招牌肥牛石锅拌饭
蒙良贵宾酒店(餐饮部),https://www.dianping.com/shop/l6K4LdtF2REWIMhx,6条评价,人均￥5o,红糖锅盔 蒙良凉糕 烤羊排
杨国福麻辣烫,https://www.dianping.com/shop/H7eyzaqrttQDh9b9,1条评价,人均-,橙汁饮品 茉莉柚子茶 酸甜番茄汤
麻辣香锅辣鸭头,https://www.dianping.com/shop/G1wRall27c8NPf8h,,人均￥73,排骨鱿鱼虾 排骨鸡翅虾 干锅排骨虾
丰镇焙子,https://www.dianping.com/shop/k1eHP8jA7EOo3xw7,1条评价,人均-,
法兰缇诺,https://www.dianping.com/shop/H7IXCAmKQM4imKw6,,人均-,牛肉面 砂锅土豆粉 酸辣粉
生煎包,https://www.dianping.com/shop/G8cyhOkkJE9U7kf1,,人均-,生煎酱肉香菇 生煎香菇油菜饺 生煎猪肉芹菜饺子
兰山莜面村,https://www.dianping.com/shop/k8WJ64EtIH3x4z5C,11条评价,人均-,炒猪血 凉皮 烤羊排
辉腾牧歌火锅烧烤城,https://www.dianping.com/shop/H2yh90zH95u6G0Gc,13条评价,人均-,烤羊腿 小龙虾 生蚝
鼎丰旋转小火锅,https://www.dianping.com/shop/l5FKrBeYXf6b19SJ,,人均-,乌冬面 土豆 香菇
爱尚自助骨头,https://www.dianping.com/shop/G1OqYW2PG3R8e8mb,,人均-,花卷 猪肉大葱水饺 猪肉韭菜水饺
溢香原烧麦(中旗店),https://www.dianping.com/shop/k6UOmFltdjtbUC6D,25条评价,人均￥23,锡盟羊肉烧麦 油煎烧麦 小咸菜
砂锅烩菜莜面骨头,https://www.dianping.com/shop/l18JJMsQhsts1qNv,3条评价,人均-,凉拌黄豆芽 酸萝卜 莜面鱼鱼
姊妹烤吧,https://www.dianping.com/shop/k6ggy9vDMetPhtgO,1条评价,人均-,
黄花沟金帐汗度假村,https://www.dianping.com/shop/F9dy70CxVfCNV155,138条评价,人均￥111,特色烤羊腿 特色烤羊排 血肠肉肠
莫瑞塔时尚休闲餐吧,https://www.dianping.com/shop/G2xI3nztTjxJKtMR,,人均-,巴东咖喱牛肉盖浇饭 香菇滑鸡盖饭 黑椒牛柳披萨
寂寞的豆芽(察哈尔大街店),https://www.dianping.com/shop/l3IA0g2ftMni8lKH,8条评价,人均-,干腰子 羊肉筋 手撕牛板筋
蒙霸奶食内蒙特产(中旗店),https://www.dianping.com/shop/H4uefJ7No26SUyeo,1条评价,人均-,果粒奶条 现酿酸奶
福兴火锅,https://www.dianping.com/shop/k4hqHJqppnbBQ8xK,1条评价,人均-,
东北人烤肉城,https://www.dianping.com/shop/j640PwNuuEpglH4j,2条评价,人均￥35,蔬菜拼盘 金针菇 猪五花肉
晋旺削面,https://www.dianping.com/shop/H9e0xpZSFHv37W8D,3条评价,人均-,蔬菜面 鸡蛋 素炒绿豆芽
大同四女勾刀面二部,https://www.dianping.com/shop/l9aL774yb4TLoTok,1条评价,人均-,刀削面 虎皮尖椒 尖椒肉丝炒面
双龙奶食,https://www.dianping.com/shop/l6yd8D16GhB5M362,1o条评价,人均￥3o,奶酪 奶豆 奶条
微斌烘焙食品店,https://www.dianping.com/shop/F5UrUnDfilS2zn9i,,人均-,
常来顺面食馆,https://www.dianping.com/shop/G4rAeIwbGBh9fYqY,,人均-,素包 红豆粥 混馅包
巧媳妇爆炒面筋由于串串香,https://www.dianping.com/shop/l6TnqY0mMAi8AnYn,,人均-,考冷面 小酥肉 蜂蜜烤肉拌饭
宴宾楼清真饭店,https://www.dianping.com/shop/jXz7jJcjZaV8DJpH,,人均-,麻婆豆腐 香菇油菜 韭菜炒鸡蛋
白皮馅饼私家菜(中旗分店),https://www.dianping.com/shop/H1HJHkUcPG02aRtZ,,人均-,
正宗温州八珍熟食城川味小菜,https://www.dianping.com/shop/H2JLfy7h62DzkUVg,,人均-,
木火铁锅炖鱼村(察哈尔大街店),https://www.dianping.com/shop/l3Y4CWyDc0sTTSQO,,人均-,
保健品,https://www.dianping.com/shop/l7sWZMWCmet9NGtT,,人均-,
辉腾梁李记牛肉,https://www.dianping.com/shop/l948Ty7mOMg6Tfe9,2条评价,人均-,牛肉
小明啤酒饮料批发部,https://www.dianping.com/shop/EXQW1zWwGebFC77C,,人均-,
随缘居(察哈尔大街店),https://www.dianping.com/shop/EyawvtVtPhwGZclp,,人均-,
面面粥全,https://www.dianping.com/shop/l88ilamu5ehkxijF,1条评价,人均-,蔬菜面 家常饼 小葱拌豆腐
平安酒家(察哈尔大街店),https://www.dianping.com/shop/laHJkKzh3B9frxoH,,人均-,鱼香肉丝 过油肉土豆片 羊肉炒粉
西域烧烤(察汗哈达路店),https://www.dianping.com/shop/kaO88YG0xBi6DEed,1条评价,人均-,骨肉相连 鸡软骨 醋溜白菜
勒勒车度假村,https://www.dianping.com/shop/k4qQT0ftmnhYvMbr,1条评价,人均-,手把肉 炒羊杂 烤羊排
食为天农家乐,https://www.dianping.com/shop/l5UgYENiYLdv2Nv1,1条评价,人均-,羊棒骨 猪大骨 羊蝎子
莜面酿皮店,https://www.dianping.com/shop/k8jfWbRr5dlCdKGx,,人均-,手工酿皮 莜面窝窝 凉粉
邬丑窝阔台汗宴厅,https://www.dianping.com/shop/H3YgEu8XcHIrwFZA,8条评价,人均-,蒙古茶 酸奶 小咸菜
阿古达木牧户,https://www.dianping.com/shop/la7BSEMw2NTi8hqM,,人均-,
西佳面食,https://www.dianping.com/shop/k385MfPcebZBSIJB,,人均-,干炸里脊 番茄炒鸡蛋 干炸鲜菇
黑肉烩菜,https://www.dianping.com/shop/k8UHa2nvUiWDFfNt,,人均-,木耳西兰花 鱼香肉丝 西红柿炒鸡蛋
淑琴餐馆,https://www.dianping.com/shop/k5ma9OPCKlzPeElZ,,人均-,
永富牛肉直销店,https://www.dianping.com/shop/k9h1xo4ab8tARsaG,,人均-,
交通饭店(光明路店),https://www.dianping.com/shop/H1jIbZssDevroymE,,人均-,
玻璃饺子馆,https://www.dianping.com/shop/HazPc27TWeF9L9Sv,,人均-,孜然羊肉 鱼香肉丝 杂粮包小炒肉
张金涛熏鸡(察右中旗直销店),https://www.dianping.com/shop/G7zaaKMSiOm8F9gt,,人均-,鸡爪 猪蹄 大豆
一品缘烤吧,https://www.dianping.com/shop/k4iLTW9AsJ8INsxY,,人均-,纯羊肉串 菜卷 锡纸金针菇
大众饭店(光明路店),https://www.dianping.com/shop/k1bab4OGvYXi4kq6,,人均-,
王爷府蒙餐,https://www.dianping.com/shop/H3FSqUo3CP8t3ZyI,2条评价,人均-,
池杰肉食水产蔬菜,https://www.dianping.com/shop/isAalPhu49qdKBBW,,人均-,
王飞四季鲜果,https://www.dianping.com/shop/l1WkbORHWVyWXZ3T,,人均-,
米香米线,https://www.dianping.com/shop/jz6t3iyh3lRrNeow,,人均-,
