西古部落沧源店,https://www.dianping.com/shop/l2IFDQfspPqYa34E,1o条评价,人均-,无骨乌鸡爪 三文鱼 酸笋土鸡
溢香烧烤店,https://www.dianping.com/shop/k6FXBamz8kSaHPv0,13条评价,人均-,酸菜脑花 烤鱼 酸辣鱿鱼
茶花饭店,https://www.dianping.com/shop/k7t7bpMsfZ1xKiMj,6条评价,人均￥33,杂菜汤 烤肉
芒法傣园饭庄,https://www.dianping.com/shop/k8KXYKQ9x7UWykDT,2o条评价,人均￥38,酸笋牛肉 傣味柠檬鱼 特色酸肉
源临小吃,https://www.dianping.com/shop/k3RtOkHYUEtdwY2y,1条评价,人均-,米线
芭蕉叶山庄,https://www.dianping.com/shop/k5trRHPajk3TcUxG,3条评价,人均-,肉丝炒韭菜花 特色酸牛肉 蒸南瓜
沧源仙客春光餐饮店,https://www.dianping.com/shop/G1ZrqZ8dtwf8nHIc,5条评价,人均-,木瓜鸡 青菜汤 柠檬鱼
佤膳系列食品厂,https://www.dianping.com/shop/k1pTpEGSY8dUl0e7,1条评价,人均-,
祥源大饭店,https://www.dianping.com/shop/l1KfiU67RtbeMw59,,人均-,干锅排骨 鸡蛋炒番茄 清蒸鱼
东北饺子馆,https://www.dianping.com/shop/EbRRppR0kCZosFTu,1条评价,人均-,
青树弯山庄,https://www.dianping.com/shop/l8MWDRfkr7vuqNVc,4条评价,人均-,小炒牛肉 水上漂 干巴
沧源农贸市场,https://www.dianping.com/shop/l1LkI0JQwho6hAeK,8条评价,人均-,
尹氏鸡肉米线,https://www.dianping.com/shop/l74JWYJCELQvgBpb,,人均-,凉米线 碗豆粉 凉米干
优尚,https://www.dianping.com/shop/H6aTyabWss1ePCmk,,人均-,酸辣粉 米干 牛肉面
佤山村山庄,https://www.dianping.com/shop/G2E6QnlTvIDn5n6Y,,人均-,
沧源彝家牛汤锅(广允路店),https://www.dianping.com/shop/G34x2vWjWJKzrtGv,,人均-,
派乐汉堡(广允路店),https://www.dianping.com/shop/G6owXFnxQoDPlLRt,,人均-,蜂蜜芥末酱 锅巴土豆 风味热狗
景谷回族饭店,https://www.dianping.com/shop/l8Ge7k1NtdpX63BM,2条评价,人均-,凉拌野菜 胡豆汤 炸牛肠
恒源火锅,https://www.dianping.com/shop/H5CCUFIyQjlqsxeC,,人均-,
夕夕粥铺,https://www.dianping.com/shop/l7VvgrpeZXVvsS5r,,人均-,砂锅米线 皮蛋瘦肉粥 宽面
凌轩小吃店,https://www.dianping.com/shop/FcX6U17kFytq81t0,,人均-,
下一站(沧源勐董镇煜恒小区店),https://www.dianping.com/shop/k4olDH84DMnkKrej,1条评价,人均-,
椿柠手打柠檬茶·咖啡(沧源店),https://www.dianping.com/shop/G9JMM5nutC7k0VBW,,人均-,
傣族西施米干,https://www.dianping.com/shop/l7DVxOC8OlJgRp4h,2条评价,人均-,
老地方饭店,https://www.dianping.com/shop/kaWko9jgLNGyqe1S,1条评价,人均-,
沧源姚氏澄江生态石锅鱼(沧源分店),https://www.dianping.com/shop/laoMB1v65xE5tuFW,2条评价,人均-,
巴饶克园林美食城,https://www.dianping.com/shop/G5WVXCXbl2IU92yg,,人均-,
印记生活,https://www.dianping.com/shop/H4l1QZSOciwgyJZ4,,人均-,
韩式寿司,https://www.dianping.com/shop/jYh1Tr1Ohvtr7UJC,,人均-,
叶嘎小吃店,https://www.dianping.com/shop/FALBlHCSwyloEBcB,,人均-,
源鑫饭店(广允路),https://www.dianping.com/shop/H93CeA0M0MbMEzx6,,人均-,
小趴菜烧烤店,https://www.dianping.com/shop/GahkStymSFoRNptd,,人均-,烤牛毛肚 烤脆肠 烤墨鱼仔
旌香源冒菜(来希路店),https://www.dianping.com/shop/k1rjQOFhSvn2XKXm,1条评价,人均-,冒菜
渝勇烤鱼(沧源店),https://www.dianping.com/shop/H7yfxihcZu48JKi8,2条评价,人均-,干锅肥肠 鲤鱼 草鱼
嘉美德饼屋,https://www.dianping.com/shop/G9LjpLjvqkIuZjD3,1条评价,人均-,
牛杂火锅(财富新城店),https://www.dianping.com/shop/jPwGjXTCS7ieknuP,1条评价,人均-,牛杂拼盘 清汤牛肉锅底
饵块时光,https://www.dianping.com/shop/l6X5wKyWhubVw78t,,人均-,杂酱米线 小笼包 老挝冰咖啡
他她茶,https://www.dianping.com/shop/l6LL6TuxEFChP69V,,人均-,他她奶茶 奶茶三兄弟 黑糖脏脏茶
金佤国际酒店-餐厅,https://www.dianping.com/shop/k6FiPBOkU9oE5gel,,人均-,
老仓醋米线(广场路店),https://www.dianping.com/shop/laxppk8RVqD8WV0i,1条评价,人均-,牛肉米线 烤鱼
四川香辣牛肉面(广允路店),https://www.dianping.com/shop/G2g0j0BTddnYFhi8,,人均-,
林芝小吃,https://www.dianping.com/shop/G62mT0oWGk7sQQhf,,人均-,
红英小吃店,https://www.dianping.com/shop/l1cxgcnwxdhF50aC,,人均-,
重庆小饭店,https://www.dianping.com/shop/G4EQ1yOhMaRMiblS,2条评价,人均-,
鑫超烧烤,https://www.dianping.com/shop/k4qEtk3nYRdGCsGb,1条评价,人均-,烤猪耳朵 烤鸡翅 蛋炒河粉
晓三饭店,https://www.dianping.com/shop/Hady1CibnEsy4TCW,,人均-,火腿木瓜鸡 杂菜
沧源县合源渔庄,https://www.dianping.com/shop/k4oPIEfXFZeHYlvG,,人均-,
富源酸菜猪脚火锅(沧源店),https://www.dianping.com/shop/l247uz262277F6bi,,人均-,
华莱士·全鸡汉堡(临沧沧源店),https://www.dianping.com/shop/k6HHyzZDzApfz2hl,,人均-,蜜汁手扒鸡 黑椒鸡块 牛气冲天堡
新鲜果园,https://www.dianping.com/shop/F7Nc4BcGhgkCctDU,,人均-,
沧源糯良佤家饭店,https://www.dianping.com/shop/k9G9CsZbxyEdGVLx,,人均-,
老成都饭店,https://www.dianping.com/shop/H60TZsyLw7w5bd6U,,人均-,
玉赛阁休闲吧,https://www.dianping.com/shop/G448MytkzbI5lgEn,,人均-,
蜜雪冰城(沧源店),https://www.dianping.com/shop/laMbnMPIB0ZcR4gS,,人均-,
品味小吃佤味,https://www.dianping.com/shop/H3y4zDS7tbMVL92D,,人均-,
下一站(沧源勐省镇政府店),https://www.dianping.com/shop/k2oEunYN35RABPgE,1条评价,人均-,鸡米花 香辣鸡腿堡 抹茶小草莓
食家庄(勐岩段),https://www.dianping.com/shop/HagZoAoplQx2emSj,,人均-,
陈记竹荪山药火锅鸡,https://www.dianping.com/shop/l86ca74TRr9vmf0l,,人均-,
必享客(沧源店),https://www.dianping.com/shop/k70UZZ7FBQavGSLE,,人均-,劲爆鸡米花 全腿全翅
玉溪石锅鱼,https://www.dianping.com/shop/k8IoDiujkkEmTDTa,,人均-,
