政民家韩国料理,https://www.dianping.com/shop/G6dHUV31GznG7hd7,25条评价,人均￥93,炸酱面 牛肉饭 烤五花肉
老沧州火锅鸡(黄河西路店),https://www.dianping.com/shop/l4NFiWzPdYjVWaJg,27条评价,人均￥34,火锅鸡 烧饼 排骨
肯德基(沧州高铁店),https://www.dianping.com/shop/iz23Ld8EHDmoii3t,62条评价,人均￥36,香辣鸡腿堡 雪顶咖啡 原味圣代
走进大院驴架子八大碗,https://www.dianping.com/shop/H8WNgqjqGAaiWn9y,2条评价,人均-,梅菜扣肉 口水鸡 红烧肉
李先生牛肉面(沧州西站候车室餐厅店),https://www.dianping.com/shop/G8ejNsAGqlRrApZj,67条评价,人均￥26,李先生牛肉面 咖喱鸡肉饭 桂花红糖冰粉
天硕食府,https://www.dianping.com/shop/G1HXWWVgCVx3lLvP,5条评价,人均-,辣炒杏鲍菇 沂蒙山炒鸡 虾酱风干肉
王进海鲜基地,https://www.dianping.com/shop/G8EU1QskimcRpc0C,2条评价,人均-,
六合烧烤,https://www.dianping.com/shop/H8hj5QRZs99xySgC,1条评价,人均-,烤小鱼 烤鸡爪
五林居,https://www.dianping.com/shop/l8RPyyUU3bMo9Fvs,1条评价,人均-,烤羊排 涮肉
小高全羊馆,https://www.dianping.com/shop/k3VeO3XEs8bgvLGq,7条评价,人均-,烤全羊 胡萝卜清炖羊排 卤羊蹄
niiice café(汉庭沧州西站酒店),https://www.dianping.com/shop/k42myqdKGZYawds8,1条评价,人均-,
沧兴商务酒店-西餐厅,https://www.dianping.com/shop/k8Z5hneXAJP6M8Zz,35条评价,人均-,意大利面 水果披萨 蒜香面包
李家食府,https://www.dianping.com/shop/H5HOzEvtAUUm042i,2条评价,人均-,扣肉蒸蛋 蒸带鱼 水蒸蛋
享咔咖啡,https://www.dianping.com/shop/l14PEMiNxTrMEPt7,13条评价,人均-,鱼香肉丝饭 酸豆角肉末饭 咖啡
恩赐烧烤,https://www.dianping.com/shop/jQ8d5uplYtvOnFtb,,人均-,望京小腰 锅贴 豆角
（沧州服务区）餐厅,https://www.dianping.com/shop/laOME6e23QUM6gDy,6条评价,人均-,麻酱面 自制凉菜 鱿鱼卷
佰香源壹锅出,https://www.dianping.com/shop/G5KnX8l9lbJpyLae,1条评价,人均-,酸辣土豆丝 红烧狮子头 老妈蹄花
桂隆斋回民饭店,https://www.dianping.com/shop/l5t3PCqZWw2WlUbn,8条评价,人均-,腐竹烧肉 布袋羊肉 杂粮口口香
鑫利源全驴宴砂锅居,https://www.dianping.com/shop/G7bzcrKnVXccRJ4J,2条评价,人均-,肉火烧 油炸花生米 驴肉
老味道(黄河西路店),https://www.dianping.com/shop/k19aDMK1uDpYFtjS,2条评价,人均-,海鲜水汆蛋 蒜香炸鸡 蕨根酸辣粉
安徽正宗板面,https://www.dianping.com/shop/Ha5eUGv7ChkGJ86D,,人均-,
贝丽多(亚龙湾店),https://www.dianping.com/shop/l3Q3xUQ6BMemGXXK,2条评价,人均-,
温州海鲜楼,https://www.dianping.com/shop/H7sZE9mDnibd8YLl,3条评价,人均-,
壹品香饺子馆 固始鹅块,https://www.dianping.com/shop/l9c9s829TR5PyEJo,1条评价,人均-,
一品砂锅(兴业路店),https://www.dianping.com/shop/kaOEaUaLmpH4rKpP,1条评价,人均-,
南苑饭店(南苑鸭子店),https://www.dianping.com/shop/k1KjM27a6Dodl9dO,2条评价,人均-,
中国兰州牛肉拉面,https://www.dianping.com/shop/H99kaTMC9KTVivUo,1条评价,人均-,
老石磨豆腐脑(高铁店),https://www.dianping.com/shop/k20sYjgeAK5j8TMG,1条评价,人均-,
超越火锅鸡鸡煲,https://www.dianping.com/shop/H8k9Rf47bMHiuo0R,1条评价,人均-,
东升饭店(石港路店),https://www.dianping.com/shop/Fzl214E8AxvNjgFr,,人均-,
顾思特炸鸡·汉堡(亚龙湾店),https://www.dianping.com/shop/E5DpwuD9R93ttE93,,人均-,仙草奶茶 椰果奶茶 香辣鸡爪
绍江饭店,https://www.dianping.com/shop/H1hy2F9yxjtgzYq0,1条评价,人均-,松仁玉米 绍江清真八大碗
湖北宜昌土菜馆(鄂宜老家菜馆),https://www.dianping.com/shop/k1cXf4oXpEQa9HDY,1条评价,人均-,土豆炖牛腩 烧鹅 老妈蹄花
盐山大众砂锅,https://www.dianping.com/shop/G7kWOf9qGhvoVO15,,人均-,大饼 砂锅猪肚 豆腐丸子砂锅
中式营养餐厅,https://www.dianping.com/shop/G9DVNpBaDN1oDAG9,12条评价,人均￥21,驴肉火烧 酸辣牛肉粉 小米粥
振洪饭店,https://www.dianping.com/shop/G5SKtVRg0847dBqN,1条评价,人均-,
吉庆饭店(三厂路店),https://www.dianping.com/shop/l3RMwZDrnL4uaopr,4条评价,人均-,手工包子 凉菜拼盘 长寿面
旺旺火锅城,https://www.dianping.com/shop/H17iDIKDQEuIgCpp,,人均￥79,
和欣大饭堂,https://www.dianping.com/shop/H6WQ3RoAImbyzkdd,1条评价,人均-,
金顺园美食城,https://www.dianping.com/shop/k1p336fpF1xinu16,1条评价,人均-,牛肉 炸鱼 粉丝
Cowo创业咖啡,https://www.dianping.com/shop/H24OcV7m7b76vwkE,9条评价,人均￥48,拿铁 奶油蘑菇培根意面 大葱烧豆腐
喜嫂子火锅,https://www.dianping.com/shop/H4sIIjOaJKU0upJn,,人均-,
达乐园生鲜超市曹庄子店,https://www.dianping.com/shop/H5gksdt8g3toiOrs,,人均-,
老北京绿豆饼(兴济店),https://www.dianping.com/shop/G3FmW9icJO6eH8yY,,人均-,清真烤肠 肉松寿司 鸡皮串
仓房饭店,https://www.dianping.com/shop/G8nrTEnfobt0lMNC,1条评价,人均-,烩菜 鱼香肉丝 酱猪蹄
增宏饭店,https://www.dianping.com/shop/FPnxgx6qTOA2A9SO,,人均-,
一家人火锅,https://www.dianping.com/shop/l5n4UR7i6PmW6R6u,1条评价,人均-,
天木居饭店,https://www.dianping.com/shop/ifVS56udmCl41q1W,,人均-,
王辉烧烤,https://www.dianping.com/shop/i8R9sBiY4oi20EoL,,人均-,
南杨砂锅,https://www.dianping.com/shop/G6jcWtCLOj9xE5vh,,人均-,
满福饭店,https://www.dianping.com/shop/H6HASbQT270auTcp,5条评价,人均-,
方悦炖鱼舫,https://www.dianping.com/shop/k9F9NLlIAa0tRGOB,,人均-,
穆斯林饭店,https://www.dianping.com/shop/H4y7ZJT2O4aGkpVb,,人均-,
一品香火锅,https://www.dianping.com/shop/l1r1B8BPXOgeho9i,,人均-,
全羊汤,https://www.dianping.com/shop/k6BXlhHMjjRKYZJE,,人均-,
正宗安徽牛肉板面,https://www.dianping.com/shop/l76miThoP3quFooL,1条评价,人均￥13,
小四川饭店(三修路店),https://www.dianping.com/shop/k26EjgRG9KxivFC4,,人均-,
老于熟食,https://www.dianping.com/shop/l2EQxVLC9m3C8zBW,,人均-,
大锅炖活鱼,https://www.dianping.com/shop/H4uNnWllHR5UGPqp,1条评价,人均-,西芹炒肉丝 青菜鸡蛋汤
东关王连岐狗肉馆,https://www.dianping.com/shop/G52Dx42x6sNQ5jMM,2条评价,人均-,
