老昃私房菜,https://www.dianping.com/shop/G8hXBBXX98PranN3,4o1条评价,人均￥58,博山菜 博山炸肉 爆炒腰花
博山饭店(中心路店),https://www.dianping.com/shop/l4e7V5GeSXLhSwdd,3条评价,人均-,鱼锅泡饼 汤炒肉片 炸春卷
新融记,https://www.dianping.com/shop/kaGQkDdxjZT1DsCi,36条评价,人均￥65,姜丝炸鸡 奶香芋头 炸腰条
鸿雁食府,https://www.dianping.com/shop/G8Nqp50oQQvS7MLM,1o21条评价,人均￥45,炸鸡腿肉 海鲜疙瘩汤 碳烤海蛎
泰鑫园食府,https://www.dianping.com/shop/l5jWjbCyTJCYKvSp,11条评价,人均-,泰鑫园肉油饼 爆炒腰花 博山硬炸肉
西寨煎饼~猪头肉,https://www.dianping.com/shop/G1KCY2dbdLhwvl35,15条评价,人均￥19,小米煎饼 博山猪头肉 猪血汤
翰林食府(博山1店),https://www.dianping.com/shop/H6qXswQJ2eCYW7oE,8o条评价,人均￥131,炸肉拼盘 豆腐箱子 爆炒腰花
四四席博山老菜馆,https://www.dianping.com/shop/H9SZ0dOyAHIZ3OUW,1o5条评价,人均￥75,博山炸肉 爆炒腰花 博山豆腐箱
瑞丰祥烤肉,https://www.dianping.com/shop/G8zaUsRMdKT9TvrS,16o2条评价,人均￥67,手切五花肉 至尊肥牛 金针菇
熙临居(神头店),https://www.dianping.com/shop/k1hJ60u3SHGaxGpf,112条评价,人均￥67,博山炸肉 芝麻炸小鸡 奶香芋儿
新鑫餐馆,https://www.dianping.com/shop/G8FOjz0RZA0lmCha,82条评价,人均￥74,鱼肚参汤 博山炸肉 爆炒腰花
老颜神美食街,https://www.dianping.com/shop/FRR1puYxvEZ0BObL,23条评价,人均￥55,炸酥肉 酥锅 豆腐箱
聚乐村(特信商城店),https://www.dianping.com/shop/H9GcgCreYU3kfy2b,22条评价,人均￥16,灌汤包 鸡丝馄饨 糖醋里脊
餓,https://www.dianping.com/shop/k2zr04xtNN2ozRZI,37条评价,人均￥6o,炸鸡 肥牛卷 部队锅
老宋肉烧饼(博山店),https://www.dianping.com/shop/G520X7rYen1WbCsn,11条评价,人均￥17,五花肉烧饼 馄饨 酸咸菜
半天妖烤鱼(博山易达店),https://www.dianping.com/shop/H1xZaN5hHruHXLY8,1541条评价,人均￥57,门店同款五常大米 青花椒烤鱼 大叉烤肉
江南人家(白虎山路店),https://www.dianping.com/shop/G8FWnIckqeBYkfi4,114条评价,人均￥44,炒肉片 炸肉 风味茄子
万德福牛肉坊,https://www.dianping.com/shop/k8YdnnuAAdrbNdXL,21条评价,人均￥33,牛肉包子 牛排 炸牛心
闯山东铁锅炖(天隆购物广场店),https://www.dianping.com/shop/EMAPJKvOqiadFAle,136条评价,人均￥48,东北干豆角 棒子面饼 东北粉
峪香居·水上餐厅,https://www.dianping.com/shop/l19Z1n6LxuR3FSSh,5条评价,人均-,干煸鸡 炸小鸡 糖醋鲤鱼
豆花姐·烂豆花火锅(金晶路西冶街店),https://www.dianping.com/shop/H2wt2uY8dUGIoMr4,28o条评价,人均￥58,滑蛋嫩牛肉 秘制豆花 沙葱羊肉
桉树披萨(博山店),https://www.dianping.com/shop/H6d7GCRrchlWqrOW,45条评价,人均-,金沙蛋黄芋泥披萨 黄金薯角培根披萨 黑金鸡块
熙临居,https://www.dianping.com/shop/k5wQzlb9ogoMOykE,3条评价,人均-,豆腐箱 硬炸肉 炸河虾
孙家猪头肉,https://www.dianping.com/shop/G4x6Kt7712iQlXvt,13条评价,人均￥14,猪血汤 炝皮肚 虎皮辣椒
鑫源餐馆,https://www.dianping.com/shop/H55Uu8xxpTzn7zoF,164条评价,人均￥31,博山炸春卷 酸辣汤 博山炸肉
金牌酥一锅,https://www.dianping.com/shop/H4ACTA602Gkk517Z,5条评价,人均-,铁锅炒鱼 天津地锅鸡 什锦老木炭火锅
西园私房菜,https://www.dianping.com/shop/l7UD14uReNBforig,6条评价,人均-,纸皮煎包 香酥排骨 清蒸鲈鱼
品味老博山,https://www.dianping.com/shop/G8CfsV3JcwCXFIiB,1o2条评价,人均￥88,豆腐箱 糖醋鲤鱼 春卷
渔鲜生·石锅鱼(羊栏河店),https://www.dianping.com/shop/H7cquyRsFCHevcmG,3条评价,人均-,白菜 肥牛卷卷 石锅鱼单人餐
众品食府,https://www.dianping.com/shop/l9EoQCCwhaf6c5PB,17条评价,人均￥6o,水煎包 布袋豆腐 博山炸肉
老街坊劈柴院(新博路店),https://www.dianping.com/shop/G7yq3Nqq3Tcje3Sv,26条评价,人均-,劈柴炒公鸡 红枣开花馒头 雪花啤酒
清梅居食府店,https://www.dianping.com/shop/l8R0zqIyvP9CHy9s,92条评价,人均￥51,牛肉干礼盒 芝麻牛肉 大拌菜
香好吃莲私房菜,https://www.dianping.com/shop/H5eDXCVtGO7TPHol,45条评价,人均￥55,水煎包 花椒排骨 炸春卷
爱礼帝斯蛋糕店,https://www.dianping.com/shop/l51FjaPnNrjosYsw,2976条评价,人均￥29,奶茶 水果蛋糕 黑森林蛋糕
太阳旋转餐厅,https://www.dianping.com/shop/H2kYn4J1VNS5F0Lv,745条评价,人均￥121,三文鱼 羊肉串 烤鸡翅
郑老师的店,https://www.dianping.com/shop/l9KH6JRIbAJRxYX0,17条评价,人均-,拿铁 蜜桃冻冻撞奶 美式
福口居(博山店),https://www.dianping.com/shop/k1LKporUUF475gOy,5377条评价,人均￥75,雪花肥牛 嫩羊肉 龙利鱼
宫品斋,https://www.dianping.com/shop/l74P1zP1OoxrAPmH,17条评价,人均-,水晶煎包 金丝海鲜球 百草鸭
江南人家(青龙山店),https://www.dianping.com/shop/G9nriJzoWoYZ0jns,66条评价,人均￥58,糖醋鲤鱼 鱼肚参汤 炒腰花
凤凰园烧烤大排档,https://www.dianping.com/shop/l184t3mvONC489OO,12条评价,人均￥57,小饼 羊肉串 板筋
东来阁酒楼(白虎山店),https://www.dianping.com/shop/l90UibHVYQoaAzt1,1o79条评价,人均￥43,博山硬炸肉 酱烧笔管鱼 两吃春卷
博山香如故小串烧烤,https://www.dianping.com/shop/G8xEGnh1Cc2bMkJt,6条评价,人均-,小串吊干 小串五花 小串精肉
韩牛爱烤肉店(博山店),https://www.dianping.com/shop/H7HYv0Vj4OiRpIcG,165条评价,人均￥14o,冷面 小菜 大酱汤
四川酒家(峨眉山店),https://www.dianping.com/shop/k2yKTayY66PE06pU,1条评价,人均-,干炸里脊 鱼香腰花 干煸肉丝
流水咖啡,https://www.dianping.com/shop/H4XFqPXHzEfMHxfF,5条评价,人均-,阿芙佳朵拿铁
土财主(平安路店),https://www.dianping.com/shop/G6GfoLE6JMvM2qmK,26条评价,人均￥55,鱼香肉丝 川味回锅肉 松仁玉米
Momoko蜜桃家烘焙(白虎山店),https://www.dianping.com/shop/G7HuubKxtgiL5SGy,38条评价,人均￥3o,酸奶排包 拿铁 芋泥麻薯
東門韩国料理·烤肉(淄博店),https://www.dianping.com/shop/H1NvNujD0eMsQt4z,42条评价,人均￥69,东门吾桑格 五花肉 辣鸡爪
泥炉烤肉,https://www.dianping.com/shop/k4U3uC2ZyRH4dhq9,768条评价,人均￥7o,秘制翅中 手工奶茶 麻辣猪肉
饴山斋私房菜,https://www.dianping.com/shop/l34elDCf25DaBU2e,4条评价,人均-,炫富肘子
炊牛烧烤,https://www.dianping.com/shop/l55VZZu3RTOBbj9X,18条评价,人均-,烤韭菜 辣炒钉螺 烤牛肉
5927烧烤牛排火锅自助餐厅,https://www.dianping.com/shop/H8xzC53CH7pnKu2g,44条评价,人均-,炭烤鱿鱼 粉丝生蚝 炭烤翅中
孝乡雅苑,https://www.dianping.com/shop/k42R0DtHE8RQmrdU,35条评价,人均￥1o4,佛跳墙 四席 木瓜雪蛤
聚乐村,https://www.dianping.com/shop/k1XkslRKvy0CT2SX,52条评价,人均￥11o,豆腐箱 爆炒腰花 鱼肚参汤
金火烤肉,https://www.dianping.com/shop/G7xKpsTgmlkSjZi8,38条评价,人均￥63,五花肉 金火烤香辣五花 豆腐卷
彤德捞轻火锅(博山店),https://www.dianping.com/shop/k9DgbdhrcNsdvzXw,116条评价,人均-,壹米雪花羊肉 手打香菜羊肉丸子 入秋的第一顿火锅大餐
泥巴小院市井火锅,https://www.dianping.com/shop/j82F48aNWZv9b6iN,2o4条评价,人均￥88,小院鲜牛肉 小院手工虾滑 手切鲜牛肉
銘記湘菜馆,https://www.dianping.com/shop/jpZ3QZMhPEMHuEWP,3条评价,人均-,酸辣藕尖 剁椒鱼头 香芋排骨
火塘故事(博山店),https://www.dianping.com/shop/k11BG0sXwzc7ncb4,181条评价,人均￥45,金牌茄子 肯德基油条 粉丝扇贝
清梅居涮坊(中心路店),https://www.dianping.com/shop/H1jFrvJdbjKaZcJ9,1372条评价,人均￥58,美国肥牛 一流麻汁酱 羊肉水饺
